BlockId,Label
bgl_0,Normal
bgl_1,Normal
bgl_2,Normal
bgl_3,Normal
bgl_4,Normal
bgl_5,Normal
bgl_6,Normal
bgl_7,Normal
bgl_8,Normal
bgl_9,Normal
bgl_10,Normal
bgl_11,Normal
bgl_12,Normal
bgl_13,Normal
bgl_14,Normal
bgl_15,Normal
bgl_16,Normal
bgl_17,Normal
bgl_18,Normal
bgl_19,Normal
bgl_20,Normal
bgl_21,Normal
bgl_22,Normal
bgl_23,Normal
bgl_24,Normal
bgl_25,Normal
bgl_26,Normal
bgl_27,Normal
bgl_28,Normal
bgl_29,Normal
bgl_30,Normal
bgl_31,Normal
bgl_32,Normal
bgl_33,Normal
bgl_34,Normal
bgl_35,Normal
bgl_36,Normal
bgl_37,Normal
bgl_38,Normal
bgl_39,Normal
bgl_40,Normal
bgl_41,Normal
bgl_42,Normal
bgl_43,Normal
bgl_44,Normal
bgl_45,Normal
bgl_46,Normal
bgl_47,Normal
bgl_48,Normal
bgl_49,Normal
bgl_50,Normal
bgl_51,Normal
bgl_52,Normal
bgl_53,Normal
bgl_54,Normal
bgl_55,Normal
bgl_56,Normal
bgl_57,Normal
bgl_58,Normal
bgl_59,Normal
bgl_60,Normal
bgl_61,Normal
bgl_62,Normal
bgl_63,Normal
bgl_64,Normal
bgl_65,Normal
bgl_66,Normal
bgl_67,Normal
bgl_68,Normal
bgl_69,Normal
bgl_70,Normal
bgl_71,Normal
bgl_72,Normal
bgl_73,Normal
bgl_74,Normal
bgl_75,Normal
bgl_76,Normal
bgl_77,Normal
bgl_78,Normal
bgl_79,Normal
bgl_80,Normal
bgl_81,Normal
bgl_82,Normal
bgl_83,Normal
bgl_84,Normal
bgl_85,Normal
bgl_86,Normal
bgl_87,Normal
bgl_88,Normal
bgl_89,Normal
bgl_90,Normal
bgl_91,Normal
bgl_92,Normal
bgl_93,Normal
bgl_94,Normal
bgl_95,Normal
bgl_96,Normal
bgl_97,Normal
bgl_98,Normal
bgl_99,Normal
bgl_100,Normal
bgl_101,Normal
bgl_102,Normal
bgl_103,Normal
bgl_104,Normal
bgl_105,Normal
bgl_106,Normal
bgl_107,Normal
bgl_108,Normal
bgl_109,Normal
bgl_110,Normal
bgl_111,Normal
bgl_112,Normal
bgl_113,Normal
bgl_114,Normal
bgl_115,Normal
bgl_116,Normal
bgl_117,Normal
bgl_118,Normal
bgl_119,Normal
bgl_120,Normal
bgl_121,Normal
bgl_122,Normal
bgl_123,Normal
bgl_124,Normal
bgl_125,Normal
bgl_126,Normal
bgl_127,Normal
bgl_128,Normal
bgl_129,Normal
bgl_130,Normal
bgl_131,Normal
bgl_132,Normal
bgl_133,Normal
bgl_134,Normal
bgl_135,Normal
bgl_136,Normal
bgl_137,Normal
bgl_138,Normal
bgl_139,Normal
bgl_140,Normal
bgl_141,Normal
bgl_142,Normal
bgl_143,Normal
bgl_144,Normal
bgl_145,Normal
bgl_146,Normal
bgl_147,Anomaly
bgl_148,Anomaly
bgl_149,Anomaly
bgl_150,Anomaly
bgl_151,Anomaly
bgl_152,Anomaly
bgl_153,Anomaly
bgl_154,Anomaly
bgl_155,Anomaly
bgl_156,Anomaly
bgl_157,Anomaly
bgl_158,Anomaly
bgl_159,Anomaly
bgl_160,Anomaly
bgl_161,Anomaly
bgl_162,Anomaly
bgl_163,Anomaly
bgl_164,Anomaly
bgl_165,Anomaly
bgl_166,Anomaly
bgl_167,Anomaly
bgl_168,Normal
bgl_169,Normal
bgl_170,Normal
bgl_171,Normal
bgl_172,Normal
bgl_173,Normal
bgl_174,Normal
bgl_175,Normal
bgl_176,Normal
bgl_177,Anomaly
bgl_178,Anomaly
bgl_179,Normal
bgl_180,Anomaly
bgl_181,Anomaly
bgl_182,Anomaly
bgl_183,Anomaly
bgl_184,Normal
bgl_185,Anomaly
bgl_186,Anomaly
bgl_187,Anomaly
bgl_188,Anomaly
bgl_189,Normal
bgl_190,Anomaly
bgl_191,Anomaly
bgl_192,Anomaly
bgl_193,Anomaly
bgl_194,Anomaly
bgl_195,Anomaly
bgl_196,Anomaly
bgl_197,Normal
bgl_198,Anomaly
bgl_199,Anomaly
bgl_200,Anomaly
bgl_201,Anomaly
bgl_202,Anomaly
bgl_203,Anomaly
bgl_204,Anomaly
bgl_205,Anomaly
bgl_206,Anomaly
bgl_207,Anomaly
bgl_208,Anomaly
bgl_209,Anomaly
bgl_210,Anomaly
bgl_211,Anomaly
bgl_212,Anomaly
bgl_213,Anomaly
bgl_214,Normal
bgl_215,Anomaly
bgl_216,Normal
bgl_217,Anomaly
bgl_218,Anomaly
bgl_219,Normal
bgl_220,Normal
bgl_221,Anomaly
bgl_222,Anomaly
bgl_223,Anomaly
bgl_224,Anomaly
bgl_225,Anomaly
bgl_226,Anomaly
bgl_227,Normal
bgl_228,Anomaly
bgl_229,Anomaly
bgl_230,Anomaly
bgl_231,Normal
bgl_232,Anomaly
bgl_233,Normal
bgl_234,Anomaly
bgl_235,Anomaly
bgl_236,Anomaly
bgl_237,Anomaly
bgl_238,Anomaly
bgl_239,Anomaly
bgl_240,Anomaly
bgl_241,Anomaly
bgl_242,Anomaly
bgl_243,Anomaly
bgl_244,Anomaly
bgl_245,Anomaly
bgl_246,Normal
bgl_247,Normal
bgl_248,Anomaly
bgl_249,Normal
bgl_250,Anomaly
bgl_251,Anomaly
bgl_252,Anomaly
bgl_253,Normal
bgl_254,Normal
bgl_255,Anomaly
bgl_256,Anomaly
bgl_257,Anomaly
bgl_258,Normal
bgl_259,Normal
bgl_260,Normal
bgl_261,Normal
bgl_262,Anomaly
bgl_263,Anomaly
bgl_264,Anomaly
bgl_265,Normal
bgl_266,Anomaly
bgl_267,Anomaly
bgl_268,Anomaly
bgl_269,Anomaly
bgl_270,Anomaly
bgl_271,Anomaly
bgl_272,Anomaly
bgl_273,Normal
bgl_274,Anomaly
bgl_275,Anomaly
bgl_276,Anomaly
bgl_277,Anomaly
bgl_278,Anomaly
bgl_279,Normal
bgl_280,Anomaly
bgl_281,Anomaly
bgl_282,Anomaly
bgl_283,Anomaly
bgl_284,Normal
bgl_285,Anomaly
bgl_286,Anomaly
bgl_287,Anomaly
bgl_288,Anomaly
bgl_289,Anomaly
bgl_290,Anomaly
bgl_291,Anomaly
bgl_292,Anomaly
bgl_293,Anomaly
bgl_294,Anomaly
bgl_295,Anomaly
bgl_296,Normal
bgl_297,Anomaly
bgl_298,Anomaly
bgl_299,Normal
bgl_300,Normal
bgl_301,Anomaly
bgl_302,Anomaly
bgl_303,Anomaly
bgl_304,Normal
bgl_305,Anomaly
bgl_306,Anomaly
bgl_307,Anomaly
bgl_308,Anomaly
bgl_309,Normal
bgl_310,Anomaly
bgl_311,Normal
bgl_312,Anomaly
bgl_313,Anomaly
bgl_314,Normal
bgl_315,Anomaly
bgl_316,Anomaly
bgl_317,Anomaly
bgl_318,Anomaly
bgl_319,Anomaly
bgl_320,Anomaly
bgl_321,Normal
bgl_322,Anomaly
bgl_323,Normal
bgl_324,Normal
bgl_325,Anomaly
bgl_326,Anomaly
bgl_327,Normal
bgl_328,Anomaly
bgl_329,Anomaly
bgl_330,Anomaly
bgl_331,Normal
bgl_332,Anomaly
bgl_333,Normal
bgl_334,Anomaly
bgl_335,Anomaly
bgl_336,Anomaly
bgl_337,Anomaly
bgl_338,Anomaly
bgl_339,Anomaly
bgl_340,Anomaly
bgl_341,Anomaly
bgl_342,Normal
bgl_343,Anomaly
bgl_344,Anomaly
bgl_345,Normal
bgl_346,Normal
bgl_347,Normal
bgl_348,Normal
bgl_349,Anomaly
bgl_350,Normal
bgl_351,Anomaly
bgl_352,Normal
bgl_353,Normal
bgl_354,Anomaly
bgl_355,Normal
bgl_356,Normal
bgl_357,Normal
bgl_358,Normal
bgl_359,Normal
bgl_360,Normal
bgl_361,Normal
bgl_362,Normal
bgl_363,Normal
bgl_364,Normal
bgl_365,Normal
bgl_366,Normal
bgl_367,Normal
bgl_368,Normal
bgl_369,Normal
bgl_370,Normal
bgl_371,Normal
bgl_372,Normal
bgl_373,Normal
bgl_374,Normal
bgl_375,Normal
bgl_376,Normal
bgl_377,Normal
bgl_378,Normal
bgl_379,Normal
bgl_380,Normal
bgl_381,Normal
bgl_382,Normal
bgl_383,Normal
bgl_384,Normal
bgl_385,Normal
bgl_386,Normal
bgl_387,Normal
bgl_388,Normal
bgl_389,Normal
bgl_390,Normal
bgl_391,Normal
bgl_392,Normal
bgl_393,Normal
bgl_394,Normal
bgl_395,Normal
bgl_396,Normal
bgl_397,Normal
bgl_398,Normal
bgl_399,Normal
bgl_400,Normal
bgl_401,Normal
bgl_402,Normal
bgl_403,Normal
bgl_404,Normal
bgl_405,Normal
bgl_406,Normal
bgl_407,Normal
bgl_408,Normal
bgl_409,Normal
bgl_410,Normal
bgl_411,Normal
bgl_412,Normal
bgl_413,Normal
bgl_414,Normal
bgl_415,Normal
bgl_416,Normal
bgl_417,Normal
bgl_418,Normal
bgl_419,Normal
bgl_420,Normal
bgl_421,Normal
bgl_422,Normal
bgl_423,Normal
bgl_424,Normal
bgl_425,Normal
bgl_426,Normal
bgl_427,Normal
bgl_428,Normal
bgl_429,Normal
bgl_430,Normal
bgl_431,Normal
bgl_432,Normal
bgl_433,Normal
bgl_434,Normal
bgl_435,Normal
bgl_436,Normal
bgl_437,Normal
bgl_438,Normal
bgl_439,Normal
bgl_440,Normal
bgl_441,Normal
bgl_442,Normal
bgl_443,Normal
bgl_444,Normal
bgl_445,Normal
bgl_446,Normal
bgl_447,Normal
bgl_448,Normal
bgl_449,Normal
bgl_450,Normal
bgl_451,Normal
bgl_452,Normal
bgl_453,Normal
bgl_454,Normal
bgl_455,Normal
bgl_456,Normal
bgl_457,Normal
bgl_458,Normal
bgl_459,Normal
bgl_460,Normal
bgl_461,Normal
bgl_462,Normal
bgl_463,Normal
bgl_464,Normal
bgl_465,Normal
bgl_466,Normal
bgl_467,Normal
bgl_468,Normal
bgl_469,Normal
bgl_470,Normal
bgl_471,Normal
bgl_472,Normal
bgl_473,Normal
bgl_474,Normal
bgl_475,Normal
bgl_476,Normal
bgl_477,Normal
bgl_478,Normal
bgl_479,Normal
bgl_480,Normal
bgl_481,Normal
bgl_482,Normal
bgl_483,Normal
bgl_484,Normal
bgl_485,Normal
bgl_486,Normal
bgl_487,Normal
bgl_488,Normal
bgl_489,Normal
bgl_490,Normal
bgl_491,Normal
bgl_492,Normal
bgl_493,Normal
bgl_494,Normal
bgl_495,Normal
bgl_496,Normal
bgl_497,Normal
bgl_498,Normal
bgl_499,Normal
bgl_500,Normal
bgl_501,Normal
bgl_502,Normal
bgl_503,Normal
bgl_504,Normal
bgl_505,Normal
bgl_506,Normal
bgl_507,Normal
bgl_508,Normal
bgl_509,Normal
bgl_510,Normal
bgl_511,Normal
bgl_512,Normal
bgl_513,Normal
bgl_514,Normal
bgl_515,Normal
bgl_516,Normal
bgl_517,Normal
bgl_518,Normal
bgl_519,Normal
bgl_520,Normal
bgl_521,Normal
bgl_522,Normal
bgl_523,Normal
bgl_524,Normal
bgl_525,Normal
bgl_526,Normal
bgl_527,Normal
bgl_528,Normal
bgl_529,Normal
bgl_530,Normal
bgl_531,Normal
bgl_532,Normal
bgl_533,Normal
bgl_534,Normal
bgl_535,Normal
bgl_536,Normal
bgl_537,Normal
bgl_538,Normal
bgl_539,Normal
bgl_540,Normal
bgl_541,Normal
bgl_542,Normal
bgl_543,Normal
bgl_544,Normal
bgl_545,Normal
bgl_546,Normal
bgl_547,Normal
bgl_548,Normal
bgl_549,Normal
bgl_550,Normal
bgl_551,Normal
bgl_552,Normal
bgl_553,Normal
bgl_554,Normal
bgl_555,Normal
bgl_556,Normal
bgl_557,Normal
bgl_558,Normal
bgl_559,Normal
bgl_560,Normal
bgl_561,Normal
bgl_562,Normal
bgl_563,Normal
bgl_564,Normal
bgl_565,Normal
bgl_566,Normal
bgl_567,Normal
bgl_568,Normal
bgl_569,Anomaly
bgl_570,Anomaly
bgl_571,Normal
bgl_572,Normal
bgl_573,Normal
bgl_574,Normal
bgl_575,Normal
bgl_576,Normal
bgl_577,Normal
bgl_578,Normal
bgl_579,Normal
bgl_580,Normal
bgl_581,Normal
bgl_582,Normal
bgl_583,Normal
bgl_584,Normal
bgl_585,Normal
bgl_586,Normal
bgl_587,Normal
bgl_588,Normal
bgl_589,Normal
bgl_590,Normal
bgl_591,Normal
bgl_592,Normal
bgl_593,Normal
bgl_594,Normal
bgl_595,Normal
bgl_596,Normal
bgl_597,Normal
bgl_598,Normal
bgl_599,Normal
bgl_600,Normal
bgl_601,Normal
bgl_602,Normal
bgl_603,Normal
bgl_604,Normal
bgl_605,Normal
bgl_606,Normal
bgl_607,Normal
bgl_608,Normal
bgl_609,Normal
bgl_610,Normal
bgl_611,Normal
bgl_612,Normal
bgl_613,Normal
bgl_614,Normal
bgl_615,Normal
bgl_616,Normal
bgl_617,Normal
bgl_618,Normal
bgl_619,Normal
bgl_620,Normal
bgl_621,Normal
bgl_622,Normal
bgl_623,Normal
bgl_624,Normal
bgl_625,Normal
bgl_626,Normal
bgl_627,Anomaly
bgl_628,Anomaly
bgl_629,Anomaly
bgl_630,Normal
bgl_631,Anomaly
bgl_632,Anomaly
bgl_633,Anomaly
bgl_634,Normal
bgl_635,Normal
bgl_636,Normal
bgl_637,Anomaly
bgl_638,Anomaly
bgl_639,Normal
bgl_640,Normal
bgl_641,Anomaly
bgl_642,Normal
bgl_643,Normal
bgl_644,Normal
bgl_645,Normal
bgl_646,Normal
bgl_647,Normal
bgl_648,Normal
bgl_649,Normal
bgl_650,Normal
bgl_651,Normal
bgl_652,Normal
bgl_653,Normal
bgl_654,Anomaly
bgl_655,Anomaly
bgl_656,Normal
bgl_657,Anomaly
bgl_658,Anomaly
bgl_659,Normal
bgl_660,Anomaly
bgl_661,Anomaly
bgl_662,Anomaly
bgl_663,Anomaly
bgl_664,Anomaly
bgl_665,Normal
bgl_666,Anomaly
bgl_667,Anomaly
bgl_668,Anomaly
bgl_669,Anomaly
bgl_670,Anomaly
bgl_671,Normal
bgl_672,Normal
bgl_673,Anomaly
bgl_674,Anomaly
bgl_675,Normal
bgl_676,Normal
bgl_677,Anomaly
bgl_678,Anomaly
bgl_679,Normal
bgl_680,Anomaly
bgl_681,Anomaly
bgl_682,Anomaly
bgl_683,Anomaly
bgl_684,Normal
bgl_685,Normal
bgl_686,Anomaly
bgl_687,Normal
bgl_688,Normal
bgl_689,Anomaly
bgl_690,Anomaly
bgl_691,Anomaly
bgl_692,Normal
bgl_693,Normal
bgl_694,Anomaly
bgl_695,Normal
bgl_696,Anomaly
bgl_697,Anomaly
bgl_698,Anomaly
bgl_699,Anomaly
bgl_700,Anomaly
bgl_701,Anomaly
bgl_702,Anomaly
bgl_703,Anomaly
bgl_704,Anomaly
bgl_705,Normal
bgl_706,Anomaly
bgl_707,Normal
bgl_708,Anomaly
bgl_709,Anomaly
bgl_710,Anomaly
bgl_711,Anomaly
bgl_712,Anomaly
bgl_713,Anomaly
bgl_714,Anomaly
bgl_715,Anomaly
bgl_716,Anomaly
bgl_717,Normal
bgl_718,Anomaly
bgl_719,Anomaly
bgl_720,Anomaly
bgl_721,Anomaly
bgl_722,Normal
bgl_723,Anomaly
bgl_724,Normal
bgl_725,Anomaly
bgl_726,Anomaly
bgl_727,Anomaly
bgl_728,Normal
bgl_729,Anomaly
bgl_730,Anomaly
bgl_731,Anomaly
bgl_732,Normal
bgl_733,Normal
bgl_734,Normal
bgl_735,Normal
bgl_736,Normal
bgl_737,Normal
bgl_738,Normal
bgl_739,Normal
bgl_740,Normal
bgl_741,Normal
bgl_742,Normal
bgl_743,Normal
bgl_744,Normal
bgl_745,Normal
bgl_746,Normal
bgl_747,Normal
bgl_748,Normal
bgl_749,Normal
bgl_750,Normal
bgl_751,Normal
bgl_752,Anomaly
bgl_753,Anomaly
bgl_754,Anomaly
bgl_755,Anomaly
bgl_756,Normal
bgl_757,Normal
bgl_758,Normal
bgl_759,Anomaly
bgl_760,Anomaly
bgl_761,Normal
bgl_762,Anomaly
bgl_763,Normal
bgl_764,Anomaly
bgl_765,Anomaly
bgl_766,Anomaly
bgl_767,Normal
bgl_768,Normal
bgl_769,Normal
bgl_770,Normal
bgl_771,Normal
bgl_772,Anomaly
bgl_773,Anomaly
bgl_774,Normal
bgl_775,Anomaly
bgl_776,Anomaly
bgl_777,Anomaly
bgl_778,Anomaly
bgl_779,Anomaly
bgl_780,Anomaly
bgl_781,Anomaly
bgl_782,Anomaly
bgl_783,Normal
bgl_784,Anomaly
bgl_785,Anomaly
bgl_786,Anomaly
bgl_787,Normal
bgl_788,Anomaly
bgl_789,Anomaly
bgl_790,Normal
bgl_791,Anomaly
bgl_792,Normal
bgl_793,Anomaly
bgl_794,Normal
bgl_795,Anomaly
bgl_796,Normal
bgl_797,Normal
bgl_798,Anomaly
bgl_799,Anomaly
bgl_800,Normal
bgl_801,Normal
bgl_802,Anomaly
bgl_803,Anomaly
bgl_804,Normal
bgl_805,Normal
bgl_806,Normal
bgl_807,Anomaly
bgl_808,Anomaly
bgl_809,Anomaly
bgl_810,Anomaly
bgl_811,Anomaly
bgl_812,Normal
bgl_813,Anomaly
bgl_814,Anomaly
bgl_815,Anomaly
bgl_816,Anomaly
bgl_817,Anomaly
bgl_818,Anomaly
bgl_819,Anomaly
bgl_820,Normal
bgl_821,Anomaly
bgl_822,Normal
bgl_823,Anomaly
bgl_824,Normal
bgl_825,Normal
bgl_826,Normal
bgl_827,Normal
bgl_828,Normal
bgl_829,Normal
bgl_830,Normal
bgl_831,Normal
bgl_832,Anomaly
bgl_833,Anomaly
bgl_834,Anomaly
bgl_835,Normal
bgl_836,Normal
bgl_837,Normal
bgl_838,Normal
bgl_839,Normal
bgl_840,Normal
bgl_841,Normal
bgl_842,Normal
bgl_843,Normal
bgl_844,Normal
bgl_845,Normal
bgl_846,Normal
bgl_847,Normal
bgl_848,Normal
bgl_849,Normal
bgl_850,Normal
bgl_851,Normal
bgl_852,Normal
bgl_853,Normal
bgl_854,Normal
bgl_855,Normal
bgl_856,Normal
bgl_857,Normal
bgl_858,Normal
bgl_859,Normal
bgl_860,Normal
bgl_861,Normal
bgl_862,Normal
bgl_863,Normal
bgl_864,Normal
bgl_865,Normal
bgl_866,Normal
bgl_867,Normal
bgl_868,Normal
bgl_869,Normal
bgl_870,Normal
bgl_871,Normal
bgl_872,Normal
bgl_873,Normal
bgl_874,Normal
bgl_875,Normal
bgl_876,Normal
bgl_877,Normal
bgl_878,Normal
bgl_879,Normal
bgl_880,Normal
bgl_881,Normal
bgl_882,Normal
bgl_883,Normal
bgl_884,Normal
bgl_885,Normal
bgl_886,Normal
bgl_887,Normal
bgl_888,Normal
bgl_889,Normal
bgl_890,Normal
bgl_891,Normal
bgl_892,Normal
bgl_893,Normal
bgl_894,Normal
bgl_895,Normal
bgl_896,Normal
bgl_897,Normal
bgl_898,Normal
bgl_899,Normal
bgl_900,Normal
bgl_901,Normal
bgl_902,Normal
bgl_903,Normal
bgl_904,Normal
bgl_905,Normal
bgl_906,Normal
bgl_907,Normal
bgl_908,Normal
bgl_909,Normal
bgl_910,Normal
bgl_911,Normal
bgl_912,Normal
bgl_913,Normal
bgl_914,Normal
bgl_915,Normal
bgl_916,Normal
bgl_917,Normal
bgl_918,Normal
bgl_919,Normal
bgl_920,Normal
bgl_921,Normal
bgl_922,Normal
bgl_923,Normal
bgl_924,Normal
bgl_925,Normal
bgl_926,Normal
bgl_927,Normal
bgl_928,Normal
bgl_929,Normal
bgl_930,Normal
bgl_931,Normal
bgl_932,Normal
bgl_933,Normal
bgl_934,Normal
bgl_935,Normal
bgl_936,Normal
bgl_937,Normal
bgl_938,Normal
bgl_939,Normal
bgl_940,Normal
bgl_941,Normal
bgl_942,Normal
bgl_943,Normal
bgl_944,Normal
bgl_945,Normal
bgl_946,Normal
bgl_947,Normal
bgl_948,Normal
bgl_949,Normal
bgl_950,Normal
bgl_951,Normal
bgl_952,Normal
bgl_953,Normal
bgl_954,Normal
bgl_955,Normal
bgl_956,Normal
bgl_957,Normal
bgl_958,Normal
bgl_959,Normal
bgl_960,Normal
bgl_961,Normal
bgl_962,Normal
bgl_963,Normal
bgl_964,Normal
bgl_965,Normal
bgl_966,Normal
bgl_967,Normal
bgl_968,Normal
bgl_969,Normal
bgl_970,Normal
bgl_971,Normal
bgl_972,Normal
bgl_973,Normal
bgl_974,Normal
bgl_975,Normal
bgl_976,Normal
bgl_977,Normal
bgl_978,Normal
bgl_979,Normal
bgl_980,Normal
bgl_981,Normal
bgl_982,Normal
bgl_983,Normal
bgl_984,Normal
bgl_985,Normal
bgl_986,Normal
bgl_987,Normal
bgl_988,Normal
bgl_989,Normal
bgl_990,Normal
bgl_991,Normal
bgl_992,Normal
bgl_993,Normal
bgl_994,Normal
bgl_995,Normal
bgl_996,Normal
bgl_997,Normal
bgl_998,Normal
bgl_999,Normal
bgl_1000,Normal
bgl_1001,Normal
bgl_1002,Normal
bgl_1003,Normal
bgl_1004,Normal
bgl_1005,Normal
bgl_1006,Normal
bgl_1007,Normal
bgl_1008,Normal
bgl_1009,Normal
bgl_1010,Normal
bgl_1011,Normal
bgl_1012,Normal
bgl_1013,Normal
bgl_1014,Normal
bgl_1015,Normal
bgl_1016,Normal
bgl_1017,Normal
bgl_1018,Normal
bgl_1019,Normal
bgl_1020,Normal
bgl_1021,Normal
bgl_1022,Normal
bgl_1023,Normal
bgl_1024,Normal
bgl_1025,Normal
bgl_1026,Normal
bgl_1027,Normal
bgl_1028,Normal
bgl_1029,Normal
bgl_1030,Normal
bgl_1031,Normal
bgl_1032,Normal
bgl_1033,Normal
bgl_1034,Normal
bgl_1035,Normal
bgl_1036,Normal
bgl_1037,Normal
bgl_1038,Normal
bgl_1039,Normal
bgl_1040,Normal
bgl_1041,Normal
bgl_1042,Normal
bgl_1043,Normal
bgl_1044,Normal
bgl_1045,Normal
bgl_1046,Normal
bgl_1047,Normal
bgl_1048,Normal
bgl_1049,Normal
bgl_1050,Normal
bgl_1051,Normal
bgl_1052,Normal
bgl_1053,Normal
bgl_1054,Normal
bgl_1055,Normal
bgl_1056,Normal
bgl_1057,Normal
bgl_1058,Normal
bgl_1059,Normal
bgl_1060,Normal
bgl_1061,Normal
bgl_1062,Normal
bgl_1063,Normal
bgl_1064,Normal
bgl_1065,Normal
bgl_1066,Normal
bgl_1067,Normal
bgl_1068,Normal
bgl_1069,Normal
bgl_1070,Normal
bgl_1071,Normal
bgl_1072,Normal
bgl_1073,Normal
bgl_1074,Normal
bgl_1075,Normal
bgl_1076,Normal
bgl_1077,Normal
bgl_1078,Normal
bgl_1079,Normal
bgl_1080,Normal
bgl_1081,Normal
bgl_1082,Normal
bgl_1083,Normal
bgl_1084,Normal
bgl_1085,Normal
bgl_1086,Normal
bgl_1087,Normal
bgl_1088,Normal
bgl_1089,Normal
bgl_1090,Normal
bgl_1091,Normal
bgl_1092,Normal
bgl_1093,Normal
bgl_1094,Normal
bgl_1095,Normal
bgl_1096,Normal
bgl_1097,Normal
bgl_1098,Normal
bgl_1099,Normal
bgl_1100,Normal
bgl_1101,Normal
bgl_1102,Normal
bgl_1103,Normal
bgl_1104,Normal
bgl_1105,Normal
bgl_1106,Normal
bgl_1107,Normal
bgl_1108,Normal
bgl_1109,Normal
bgl_1110,Normal
bgl_1111,Normal
bgl_1112,Normal
bgl_1113,Normal
bgl_1114,Normal
bgl_1115,Normal
bgl_1116,Normal
bgl_1117,Normal
bgl_1118,Normal
bgl_1119,Normal
bgl_1120,Normal
bgl_1121,Normal
bgl_1122,Normal
bgl_1123,Normal
bgl_1124,Normal
bgl_1125,Normal
bgl_1126,Normal
bgl_1127,Normal
bgl_1128,Normal
bgl_1129,Normal
bgl_1130,Normal
bgl_1131,Normal
bgl_1132,Normal
bgl_1133,Normal
bgl_1134,Normal
bgl_1135,Normal
bgl_1136,Normal
bgl_1137,Normal
bgl_1138,Normal
bgl_1139,Normal
bgl_1140,Normal
bgl_1141,Normal
bgl_1142,Normal
bgl_1143,Normal
bgl_1144,Normal
bgl_1145,Normal
bgl_1146,Normal
bgl_1147,Normal
bgl_1148,Normal
bgl_1149,Normal
bgl_1150,Normal
bgl_1151,Normal
bgl_1152,Normal
bgl_1153,Normal
bgl_1154,Normal
bgl_1155,Normal
bgl_1156,Normal
bgl_1157,Normal
bgl_1158,Normal
bgl_1159,Normal
bgl_1160,Normal
bgl_1161,Normal
bgl_1162,Normal
bgl_1163,Normal
bgl_1164,Normal
bgl_1165,Normal
bgl_1166,Normal
bgl_1167,Normal
bgl_1168,Normal
bgl_1169,Normal
bgl_1170,Normal
bgl_1171,Normal
bgl_1172,Normal
bgl_1173,Normal
bgl_1174,Normal
bgl_1175,Normal
bgl_1176,Normal
bgl_1177,Normal
bgl_1178,Normal
bgl_1179,Normal
bgl_1180,Normal
bgl_1181,Normal
bgl_1182,Normal
bgl_1183,Normal
bgl_1184,Normal
bgl_1185,Normal
bgl_1186,Normal
bgl_1187,Normal
bgl_1188,Normal
bgl_1189,Normal
bgl_1190,Normal
bgl_1191,Normal
bgl_1192,Normal
bgl_1193,Normal
bgl_1194,Normal
bgl_1195,Normal
bgl_1196,Normal
bgl_1197,Normal
bgl_1198,Normal
bgl_1199,Normal
bgl_1200,Normal
bgl_1201,Normal
bgl_1202,Normal
bgl_1203,Normal
bgl_1204,Normal
bgl_1205,Normal
bgl_1206,Normal
bgl_1207,Normal
bgl_1208,Normal
bgl_1209,Normal
bgl_1210,Normal
bgl_1211,Normal
bgl_1212,Normal
bgl_1213,Normal
bgl_1214,Normal
bgl_1215,Normal
bgl_1216,Normal
bgl_1217,Normal
bgl_1218,Normal
bgl_1219,Normal
bgl_1220,Normal
bgl_1221,Normal
bgl_1222,Normal
bgl_1223,Normal
bgl_1224,Normal
bgl_1225,Normal
bgl_1226,Normal
bgl_1227,Normal
bgl_1228,Normal
bgl_1229,Normal
bgl_1230,Normal
bgl_1231,Normal
bgl_1232,Anomaly
bgl_1233,Normal
bgl_1234,Normal
bgl_1235,Normal
bgl_1236,Normal
bgl_1237,Normal
bgl_1238,Normal
bgl_1239,Normal
bgl_1240,Normal
bgl_1241,Normal
bgl_1242,Normal
bgl_1243,Normal
bgl_1244,Normal
bgl_1245,Normal
bgl_1246,Normal
bgl_1247,Normal
bgl_1248,Normal
bgl_1249,Normal
bgl_1250,Normal
bgl_1251,Normal
bgl_1252,Normal
bgl_1253,Normal
bgl_1254,Normal
bgl_1255,Normal
bgl_1256,Normal
bgl_1257,Normal
bgl_1258,Normal
bgl_1259,Normal
bgl_1260,Normal
bgl_1261,Normal
bgl_1262,Normal
bgl_1263,Normal
bgl_1264,Normal
bgl_1265,Normal
bgl_1266,Normal
bgl_1267,Normal
bgl_1268,Normal
bgl_1269,Normal
bgl_1270,Normal
bgl_1271,Normal
bgl_1272,Normal
bgl_1273,Normal
bgl_1274,Normal
bgl_1275,Normal
bgl_1276,Normal
bgl_1277,Normal
bgl_1278,Normal
bgl_1279,Normal
bgl_1280,Normal
bgl_1281,Normal
bgl_1282,Normal
bgl_1283,Normal
bgl_1284,Normal
bgl_1285,Normal
bgl_1286,Normal
bgl_1287,Normal
bgl_1288,Normal
bgl_1289,Normal
bgl_1290,Normal
bgl_1291,Normal
bgl_1292,Normal
bgl_1293,Normal
bgl_1294,Normal
bgl_1295,Normal
bgl_1296,Normal
bgl_1297,Normal
bgl_1298,Normal
bgl_1299,Normal
bgl_1300,Normal
bgl_1301,Normal
bgl_1302,Normal
bgl_1303,Normal
bgl_1304,Normal
bgl_1305,Normal
bgl_1306,Normal
bgl_1307,Normal
bgl_1308,Normal
bgl_1309,Normal
bgl_1310,Normal
bgl_1311,Normal
bgl_1312,Normal
bgl_1313,Normal
bgl_1314,Normal
bgl_1315,Normal
bgl_1316,Normal
bgl_1317,Normal
bgl_1318,Normal
bgl_1319,Normal
bgl_1320,Normal
bgl_1321,Normal
bgl_1322,Normal
bgl_1323,Normal
bgl_1324,Normal
bgl_1325,Normal
bgl_1326,Normal
bgl_1327,Normal
bgl_1328,Normal
bgl_1329,Normal
bgl_1330,Normal
bgl_1331,Normal
bgl_1332,Normal
bgl_1333,Normal
bgl_1334,Normal
bgl_1335,Normal
bgl_1336,Normal
bgl_1337,Normal
bgl_1338,Normal
bgl_1339,Normal
bgl_1340,Normal
bgl_1341,Normal
bgl_1342,Normal
bgl_1343,Normal
bgl_1344,Normal
bgl_1345,Normal
bgl_1346,Normal
bgl_1347,Normal
bgl_1348,Normal
bgl_1349,Normal
bgl_1350,Normal
bgl_1351,Normal
bgl_1352,Normal
bgl_1353,Normal
bgl_1354,Normal
bgl_1355,Normal
bgl_1356,Normal
bgl_1357,Normal
bgl_1358,Normal
bgl_1359,Normal
bgl_1360,Normal
bgl_1361,Normal
bgl_1362,Normal
bgl_1363,Normal
bgl_1364,Normal
bgl_1365,Normal
bgl_1366,Normal
bgl_1367,Normal
bgl_1368,Normal
bgl_1369,Normal
bgl_1370,Normal
bgl_1371,Normal
bgl_1372,Normal
bgl_1373,Normal
bgl_1374,Normal
bgl_1375,Normal
bgl_1376,Normal
bgl_1377,Normal
bgl_1378,Normal
bgl_1379,Normal
bgl_1380,Normal
bgl_1381,Normal
bgl_1382,Normal
bgl_1383,Normal
bgl_1384,Normal
bgl_1385,Normal
bgl_1386,Normal
bgl_1387,Normal
bgl_1388,Normal
bgl_1389,Normal
bgl_1390,Normal
bgl_1391,Normal
bgl_1392,Normal
bgl_1393,Normal
bgl_1394,Normal
bgl_1395,Normal
bgl_1396,Normal
bgl_1397,Normal
bgl_1398,Normal
bgl_1399,Normal
bgl_1400,Normal
bgl_1401,Normal
bgl_1402,Normal
bgl_1403,Normal
bgl_1404,Normal
bgl_1405,Normal
bgl_1406,Normal
bgl_1407,Normal
bgl_1408,Normal
bgl_1409,Normal
bgl_1410,Normal
bgl_1411,Normal
bgl_1412,Normal
bgl_1413,Normal
bgl_1414,Normal
bgl_1415,Normal
bgl_1416,Normal
bgl_1417,Normal
bgl_1418,Normal
bgl_1419,Normal
bgl_1420,Normal
bgl_1421,Normal
bgl_1422,Normal
bgl_1423,Normal
bgl_1424,Normal
bgl_1425,Normal
bgl_1426,Normal
bgl_1427,Normal
bgl_1428,Normal
bgl_1429,Normal
bgl_1430,Normal
bgl_1431,Normal
bgl_1432,Normal
bgl_1433,Normal
bgl_1434,Normal
bgl_1435,Normal
bgl_1436,Normal
bgl_1437,Normal
bgl_1438,Normal
bgl_1439,Normal
bgl_1440,Normal
bgl_1441,Normal
bgl_1442,Normal
bgl_1443,Normal
bgl_1444,Normal
bgl_1445,Normal
bgl_1446,Normal
bgl_1447,Normal
bgl_1448,Normal
bgl_1449,Normal
bgl_1450,Normal
bgl_1451,Normal
bgl_1452,Normal
bgl_1453,Normal
bgl_1454,Normal
bgl_1455,Normal
bgl_1456,Normal
bgl_1457,Normal
bgl_1458,Normal
bgl_1459,Normal
bgl_1460,Normal
bgl_1461,Normal
bgl_1462,Normal
bgl_1463,Normal
bgl_1464,Normal
bgl_1465,Normal
bgl_1466,Normal
bgl_1467,Normal
bgl_1468,Normal
bgl_1469,Normal
bgl_1470,Normal
bgl_1471,Anomaly
bgl_1472,Normal
bgl_1473,Normal
bgl_1474,Normal
bgl_1475,Normal
bgl_1476,Normal
bgl_1477,Normal
bgl_1478,Normal
bgl_1479,Normal
bgl_1480,Normal
bgl_1481,Normal
bgl_1482,Normal
bgl_1483,Normal
bgl_1484,Normal
bgl_1485,Normal
bgl_1486,Normal
bgl_1487,Normal
bgl_1488,Normal
bgl_1489,Normal
bgl_1490,Normal
bgl_1491,Normal
bgl_1492,Normal
bgl_1493,Normal
bgl_1494,Normal
bgl_1495,Normal
bgl_1496,Normal
bgl_1497,Normal
bgl_1498,Normal
bgl_1499,Normal
bgl_1500,Normal
bgl_1501,Normal
bgl_1502,Normal
bgl_1503,Normal
bgl_1504,Normal
bgl_1505,Normal
bgl_1506,Normal
bgl_1507,Normal
bgl_1508,Normal
bgl_1509,Normal
bgl_1510,Normal
bgl_1511,Normal
bgl_1512,Normal
bgl_1513,Normal
bgl_1514,Normal
bgl_1515,Normal
bgl_1516,Normal
bgl_1517,Normal
bgl_1518,Normal
bgl_1519,Normal
bgl_1520,Normal
bgl_1521,Normal
bgl_1522,Normal
bgl_1523,Normal
bgl_1524,Normal
bgl_1525,Normal
bgl_1526,Normal
bgl_1527,Normal
bgl_1528,Normal
bgl_1529,Normal
bgl_1530,Normal
bgl_1531,Normal
bgl_1532,Normal
bgl_1533,Normal
bgl_1534,Normal
bgl_1535,Normal
bgl_1536,Normal
bgl_1537,Normal
bgl_1538,Normal
bgl_1539,Normal
bgl_1540,Normal
bgl_1541,Normal
bgl_1542,Normal
bgl_1543,Normal
bgl_1544,Normal
bgl_1545,Normal
bgl_1546,Normal
bgl_1547,Normal
bgl_1548,Normal
bgl_1549,Normal
bgl_1550,Normal
bgl_1551,Normal
bgl_1552,Normal
bgl_1553,Normal
bgl_1554,Normal
bgl_1555,Normal
bgl_1556,Normal
bgl_1557,Normal
bgl_1558,Normal
bgl_1559,Normal
bgl_1560,Normal
bgl_1561,Normal
bgl_1562,Normal
bgl_1563,Normal
bgl_1564,Normal
bgl_1565,Normal
bgl_1566,Normal
bgl_1567,Normal
bgl_1568,Normal
bgl_1569,Normal
bgl_1570,Normal
bgl_1571,Normal
bgl_1572,Normal
bgl_1573,Normal
bgl_1574,Normal
bgl_1575,Normal
bgl_1576,Normal
bgl_1577,Normal
bgl_1578,Normal
bgl_1579,Normal
bgl_1580,Normal
bgl_1581,Normal
bgl_1582,Normal
bgl_1583,Normal
bgl_1584,Anomaly
bgl_1585,Normal
bgl_1586,Normal
bgl_1587,Normal
bgl_1588,Normal
bgl_1589,Normal
bgl_1590,Normal
bgl_1591,Normal
bgl_1592,Normal
bgl_1593,Normal
bgl_1594,Normal
bgl_1595,Normal
bgl_1596,Normal
bgl_1597,Normal
bgl_1598,Normal
bgl_1599,Normal
bgl_1600,Normal
bgl_1601,Normal
bgl_1602,Normal
bgl_1603,Normal
bgl_1604,Normal
bgl_1605,Normal
bgl_1606,Normal
bgl_1607,Normal
bgl_1608,Normal
bgl_1609,Normal
bgl_1610,Normal
bgl_1611,Normal
bgl_1612,Normal
bgl_1613,Normal
bgl_1614,Normal
bgl_1615,Normal
bgl_1616,Normal
bgl_1617,Normal
bgl_1618,Normal
bgl_1619,Normal
bgl_1620,Normal
bgl_1621,Normal
bgl_1622,Normal
bgl_1623,Normal
bgl_1624,Normal
bgl_1625,Normal
bgl_1626,Normal
bgl_1627,Normal
bgl_1628,Normal
bgl_1629,Normal
bgl_1630,Normal
bgl_1631,Normal
bgl_1632,Normal
bgl_1633,Normal
bgl_1634,Normal
bgl_1635,Normal
bgl_1636,Normal
bgl_1637,Normal
bgl_1638,Normal
bgl_1639,Normal
bgl_1640,Normal
bgl_1641,Normal
bgl_1642,Normal
bgl_1643,Normal
bgl_1644,Normal
bgl_1645,Normal
bgl_1646,Normal
bgl_1647,Normal
bgl_1648,Normal
bgl_1649,Normal
bgl_1650,Normal
bgl_1651,Normal
bgl_1652,Normal
bgl_1653,Normal
bgl_1654,Normal
bgl_1655,Normal
bgl_1656,Normal
bgl_1657,Normal
bgl_1658,Normal
bgl_1659,Normal
bgl_1660,Normal
bgl_1661,Normal
bgl_1662,Normal
bgl_1663,Normal
bgl_1664,Normal
bgl_1665,Normal
bgl_1666,Normal
bgl_1667,Normal
bgl_1668,Normal
bgl_1669,Normal
bgl_1670,Normal
bgl_1671,Normal
bgl_1672,Normal
bgl_1673,Normal
bgl_1674,Normal
bgl_1675,Normal
bgl_1676,Normal
bgl_1677,Normal
bgl_1678,Normal
bgl_1679,Normal
bgl_1680,Normal
bgl_1681,Normal
bgl_1682,Normal
bgl_1683,Normal
bgl_1684,Normal
bgl_1685,Normal
bgl_1686,Normal
bgl_1687,Normal
bgl_1688,Normal
bgl_1689,Normal
bgl_1690,Normal
bgl_1691,Normal
bgl_1692,Normal
bgl_1693,Normal
bgl_1694,Normal
bgl_1695,Normal
bgl_1696,Normal
bgl_1697,Normal
bgl_1698,Normal
bgl_1699,Normal
bgl_1700,Normal
bgl_1701,Normal
bgl_1702,Normal
bgl_1703,Normal
bgl_1704,Normal
bgl_1705,Normal
bgl_1706,Normal
bgl_1707,Normal
bgl_1708,Normal
bgl_1709,Normal
bgl_1710,Normal
bgl_1711,Normal
bgl_1712,Normal
bgl_1713,Normal
bgl_1714,Normal
bgl_1715,Normal
bgl_1716,Normal
bgl_1717,Normal
bgl_1718,Normal
bgl_1719,Normal
bgl_1720,Normal
bgl_1721,Normal
bgl_1722,Normal
bgl_1723,Normal
bgl_1724,Normal
bgl_1725,Normal
bgl_1726,Normal
bgl_1727,Normal
bgl_1728,Normal
bgl_1729,Normal
bgl_1730,Normal
bgl_1731,Normal
bgl_1732,Normal
bgl_1733,Normal
bgl_1734,Normal
bgl_1735,Normal
bgl_1736,Normal
bgl_1737,Normal
bgl_1738,Normal
bgl_1739,Normal
bgl_1740,Normal
bgl_1741,Normal
bgl_1742,Normal
bgl_1743,Normal
bgl_1744,Normal
bgl_1745,Normal
bgl_1746,Normal
bgl_1747,Normal
bgl_1748,Normal
bgl_1749,Normal
bgl_1750,Normal
bgl_1751,Normal
bgl_1752,Normal
bgl_1753,Normal
bgl_1754,Normal
bgl_1755,Normal
bgl_1756,Normal
bgl_1757,Normal
bgl_1758,Normal
bgl_1759,Anomaly
bgl_1760,Normal
bgl_1761,Normal
bgl_1762,Normal
bgl_1763,Normal
bgl_1764,Normal
bgl_1765,Normal
bgl_1766,Normal
bgl_1767,Normal
bgl_1768,Normal
bgl_1769,Normal
bgl_1770,Normal
bgl_1771,Normal
bgl_1772,Normal
bgl_1773,Normal
bgl_1774,Normal
bgl_1775,Normal
bgl_1776,Normal
bgl_1777,Normal
bgl_1778,Normal
bgl_1779,Normal
bgl_1780,Normal
bgl_1781,Normal
bgl_1782,Normal
bgl_1783,Normal
bgl_1784,Normal
bgl_1785,Normal
bgl_1786,Normal
bgl_1787,Normal
bgl_1788,Normal
bgl_1789,Normal
bgl_1790,Normal
bgl_1791,Normal
bgl_1792,Normal
bgl_1793,Normal
bgl_1794,Normal
bgl_1795,Normal
bgl_1796,Normal
bgl_1797,Normal
bgl_1798,Normal
bgl_1799,Normal
bgl_1800,Normal
bgl_1801,Normal
bgl_1802,Normal
bgl_1803,Normal
bgl_1804,Normal
bgl_1805,Normal
bgl_1806,Normal
bgl_1807,Normal
bgl_1808,Normal
bgl_1809,Normal
bgl_1810,Normal
bgl_1811,Normal
bgl_1812,Normal
bgl_1813,Normal
bgl_1814,Normal
bgl_1815,Normal
bgl_1816,Normal
bgl_1817,Normal
bgl_1818,Normal
bgl_1819,Normal
bgl_1820,Normal
bgl_1821,Normal
bgl_1822,Normal
bgl_1823,Normal
bgl_1824,Normal
bgl_1825,Normal
bgl_1826,Normal
bgl_1827,Normal
bgl_1828,Normal
bgl_1829,Normal
bgl_1830,Normal
bgl_1831,Normal
bgl_1832,Normal
bgl_1833,Normal
bgl_1834,Normal
bgl_1835,Normal
bgl_1836,Normal
bgl_1837,Normal
bgl_1838,Normal
bgl_1839,Normal
bgl_1840,Normal
bgl_1841,Normal
bgl_1842,Normal
bgl_1843,Normal
bgl_1844,Normal
bgl_1845,Normal
bgl_1846,Normal
bgl_1847,Normal
bgl_1848,Normal
bgl_1849,Normal
bgl_1850,Normal
bgl_1851,Normal
bgl_1852,Normal
bgl_1853,Normal
bgl_1854,Normal
bgl_1855,Normal
bgl_1856,Normal
bgl_1857,Normal
bgl_1858,Normal
bgl_1859,Normal
bgl_1860,Normal
bgl_1861,Normal
bgl_1862,Normal
bgl_1863,Normal
bgl_1864,Normal
bgl_1865,Normal
bgl_1866,Normal
bgl_1867,Normal
bgl_1868,Normal
bgl_1869,Normal
bgl_1870,Normal
bgl_1871,Normal
bgl_1872,Normal
bgl_1873,Normal
bgl_1874,Normal
bgl_1875,Normal
bgl_1876,Normal
bgl_1877,Normal
bgl_1878,Normal
bgl_1879,Normal
bgl_1880,Normal
bgl_1881,Normal
bgl_1882,Normal
bgl_1883,Normal
bgl_1884,Normal
bgl_1885,Normal
bgl_1886,Normal
bgl_1887,Normal
bgl_1888,Normal
bgl_1889,Normal
bgl_1890,Normal
bgl_1891,Normal
bgl_1892,Normal
bgl_1893,Normal
bgl_1894,Normal
bgl_1895,Normal
bgl_1896,Normal
bgl_1897,Normal
bgl_1898,Normal
bgl_1899,Normal
bgl_1900,Normal
bgl_1901,Normal
bgl_1902,Anomaly
bgl_1903,Anomaly
bgl_1904,Anomaly
bgl_1905,Normal
bgl_1906,Normal
bgl_1907,Normal
bgl_1908,Normal
bgl_1909,Normal
bgl_1910,Normal
bgl_1911,Normal
bgl_1912,Normal
bgl_1913,Normal
bgl_1914,Normal
bgl_1915,Normal
bgl_1916,Normal
bgl_1917,Normal
bgl_1918,Normal
bgl_1919,Normal
bgl_1920,Normal
bgl_1921,Normal
bgl_1922,Normal
bgl_1923,Normal
bgl_1924,Normal
bgl_1925,Normal
bgl_1926,Normal
bgl_1927,Normal
bgl_1928,Anomaly
bgl_1929,Normal
bgl_1930,Normal
bgl_1931,Normal
bgl_1932,Normal
bgl_1933,Normal
bgl_1934,Normal
bgl_1935,Normal
bgl_1936,Anomaly
bgl_1937,Normal
bgl_1938,Normal
bgl_1939,Normal
bgl_1940,Normal
bgl_1941,Anomaly
bgl_1942,Anomaly
bgl_1943,Anomaly
bgl_1944,Normal
bgl_1945,Normal
bgl_1946,Normal
bgl_1947,Normal
bgl_1948,Normal
bgl_1949,Normal
bgl_1950,Normal
bgl_1951,Normal
bgl_1952,Normal
bgl_1953,Normal
bgl_1954,Normal
bgl_1955,Normal
bgl_1956,Normal
bgl_1957,Normal
bgl_1958,Normal
bgl_1959,Normal
bgl_1960,Normal
bgl_1961,Normal
bgl_1962,Normal
bgl_1963,Normal
bgl_1964,Normal
bgl_1965,Normal
bgl_1966,Normal
bgl_1967,Normal
bgl_1968,Normal
bgl_1969,Normal
bgl_1970,Normal
bgl_1971,Normal
bgl_1972,Normal
bgl_1973,Normal
bgl_1974,Normal
bgl_1975,Normal
bgl_1976,Normal
bgl_1977,Normal
bgl_1978,Normal
bgl_1979,Normal
bgl_1980,Normal
bgl_1981,Normal
bgl_1982,Normal
bgl_1983,Normal
bgl_1984,Normal
bgl_1985,Normal
bgl_1986,Normal
bgl_1987,Normal
bgl_1988,Normal
bgl_1989,Normal
bgl_1990,Normal
bgl_1991,Normal
bgl_1992,Normal
bgl_1993,Normal
bgl_1994,Normal
bgl_1995,Normal
bgl_1996,Normal
bgl_1997,Normal
bgl_1998,Normal
bgl_1999,Normal
bgl_2000,Normal
bgl_2001,Normal
bgl_2002,Normal
bgl_2003,Normal
bgl_2004,Normal
bgl_2005,Normal
bgl_2006,Normal
bgl_2007,Normal
bgl_2008,Normal
bgl_2009,Normal
bgl_2010,Normal
bgl_2011,Normal
bgl_2012,Normal
bgl_2013,Normal
bgl_2014,Normal
bgl_2015,Normal
bgl_2016,Normal
bgl_2017,Normal
bgl_2018,Normal
bgl_2019,Normal
bgl_2020,Normal
bgl_2021,Normal
bgl_2022,Normal
bgl_2023,Normal
bgl_2024,Normal
bgl_2025,Normal
bgl_2026,Normal
bgl_2027,Normal
bgl_2028,Normal
bgl_2029,Normal
bgl_2030,Normal
bgl_2031,Normal
bgl_2032,Normal
bgl_2033,Normal
bgl_2034,Normal
bgl_2035,Normal
bgl_2036,Normal
bgl_2037,Normal
bgl_2038,Normal
bgl_2039,Normal
bgl_2040,Normal
bgl_2041,Normal
bgl_2042,Normal
bgl_2043,Normal
bgl_2044,Normal
bgl_2045,Normal
bgl_2046,Normal
bgl_2047,Normal
bgl_2048,Normal
bgl_2049,Normal
bgl_2050,Normal
bgl_2051,Normal
bgl_2052,Normal
bgl_2053,Normal
bgl_2054,Normal
bgl_2055,Normal
bgl_2056,Normal
bgl_2057,Normal
bgl_2058,Normal
bgl_2059,Normal
bgl_2060,Normal
bgl_2061,Normal
bgl_2062,Normal
bgl_2063,Normal
bgl_2064,Normal
bgl_2065,Normal
bgl_2066,Normal
bgl_2067,Normal
bgl_2068,Normal
bgl_2069,Normal
bgl_2070,Normal
bgl_2071,Normal
bgl_2072,Normal
bgl_2073,Normal
bgl_2074,Normal
bgl_2075,Normal
bgl_2076,Normal
bgl_2077,Normal
bgl_2078,Normal
bgl_2079,Normal
bgl_2080,Normal
bgl_2081,Normal
bgl_2082,Normal
bgl_2083,Normal
bgl_2084,Normal
bgl_2085,Normal
bgl_2086,Normal
bgl_2087,Normal
bgl_2088,Normal
bgl_2089,Normal
bgl_2090,Anomaly
bgl_2091,Anomaly
bgl_2092,Normal
bgl_2093,Normal
bgl_2094,Normal
bgl_2095,Normal
bgl_2096,Normal
bgl_2097,Normal
bgl_2098,Normal
bgl_2099,Normal
bgl_2100,Normal
bgl_2101,Normal
bgl_2102,Normal
bgl_2103,Normal
bgl_2104,Normal
bgl_2105,Normal
bgl_2106,Normal
bgl_2107,Normal
bgl_2108,Normal
bgl_2109,Normal
bgl_2110,Normal
bgl_2111,Normal
bgl_2112,Normal
bgl_2113,Normal
bgl_2114,Normal
bgl_2115,Normal
bgl_2116,Normal
bgl_2117,Normal
bgl_2118,Normal
bgl_2119,Normal
bgl_2120,Normal
bgl_2121,Normal
bgl_2122,Normal
bgl_2123,Normal
bgl_2124,Normal
bgl_2125,Normal
bgl_2126,Normal
bgl_2127,Normal
bgl_2128,Normal
bgl_2129,Normal
bgl_2130,Normal
bgl_2131,Normal
bgl_2132,Normal
bgl_2133,Normal
bgl_2134,Normal
bgl_2135,Normal
bgl_2136,Normal
bgl_2137,Normal
bgl_2138,Normal
bgl_2139,Anomaly
bgl_2140,Normal
bgl_2141,Normal
bgl_2142,Normal
bgl_2143,Normal
bgl_2144,Normal
bgl_2145,Normal
bgl_2146,Normal
bgl_2147,Normal
bgl_2148,Normal
bgl_2149,Normal
bgl_2150,Normal
bgl_2151,Normal
bgl_2152,Normal
bgl_2153,Normal
bgl_2154,Normal
bgl_2155,Normal
bgl_2156,Normal
bgl_2157,Normal
bgl_2158,Normal
bgl_2159,Normal
bgl_2160,Normal
bgl_2161,Normal
bgl_2162,Normal
bgl_2163,Normal
bgl_2164,Normal
bgl_2165,Normal
bgl_2166,Normal
bgl_2167,Normal
bgl_2168,Normal
bgl_2169,Normal
bgl_2170,Normal
bgl_2171,Normal
bgl_2172,Normal
bgl_2173,Normal
bgl_2174,Normal
bgl_2175,Normal
bgl_2176,Normal
bgl_2177,Normal
bgl_2178,Normal
bgl_2179,Normal
bgl_2180,Normal
bgl_2181,Normal
bgl_2182,Normal
bgl_2183,Normal
bgl_2184,Normal
bgl_2185,Normal
bgl_2186,Normal
bgl_2187,Normal
bgl_2188,Normal
bgl_2189,Normal
bgl_2190,Normal
bgl_2191,Normal
bgl_2192,Normal
bgl_2193,Normal
bgl_2194,Normal
bgl_2195,Normal
bgl_2196,Normal
bgl_2197,Normal
bgl_2198,Normal
bgl_2199,Normal
bgl_2200,Normal
bgl_2201,Normal
bgl_2202,Normal
bgl_2203,Normal
bgl_2204,Normal
bgl_2205,Normal
bgl_2206,Normal
bgl_2207,Normal
bgl_2208,Normal
bgl_2209,Normal
bgl_2210,Normal
bgl_2211,Anomaly
bgl_2212,Anomaly
bgl_2213,Normal
bgl_2214,Normal
bgl_2215,Normal
bgl_2216,Normal
bgl_2217,Normal
bgl_2218,Normal
bgl_2219,Normal
bgl_2220,Normal
bgl_2221,Normal
bgl_2222,Normal
bgl_2223,Normal
bgl_2224,Normal
bgl_2225,Normal
bgl_2226,Normal
bgl_2227,Anomaly
bgl_2228,Anomaly
bgl_2229,Anomaly
bgl_2230,Anomaly
bgl_2231,Anomaly
bgl_2232,Anomaly
bgl_2233,Anomaly
bgl_2234,Anomaly
bgl_2235,Anomaly
bgl_2236,Anomaly
bgl_2237,Anomaly
bgl_2238,Anomaly
bgl_2239,Anomaly
bgl_2240,Anomaly
bgl_2241,Anomaly
bgl_2242,Anomaly
bgl_2243,Anomaly
bgl_2244,Anomaly
bgl_2245,Anomaly
bgl_2246,Anomaly
bgl_2247,Anomaly
bgl_2248,Anomaly
bgl_2249,Anomaly
bgl_2250,Anomaly
bgl_2251,Anomaly
bgl_2252,Anomaly
bgl_2253,Anomaly
bgl_2254,Anomaly
bgl_2255,Anomaly
bgl_2256,Anomaly
bgl_2257,Anomaly
bgl_2258,Anomaly
bgl_2259,Anomaly
bgl_2260,Anomaly
bgl_2261,Anomaly
bgl_2262,Anomaly
bgl_2263,Anomaly
bgl_2264,Anomaly
bgl_2265,Anomaly
bgl_2266,Anomaly
bgl_2267,Anomaly
bgl_2268,Anomaly
bgl_2269,Anomaly
bgl_2270,Anomaly
bgl_2271,Anomaly
bgl_2272,Anomaly
bgl_2273,Anomaly
bgl_2274,Anomaly
bgl_2275,Anomaly
bgl_2276,Anomaly
bgl_2277,Anomaly
bgl_2278,Anomaly
bgl_2279,Anomaly
bgl_2280,Anomaly
bgl_2281,Anomaly
bgl_2282,Anomaly
bgl_2283,Anomaly
bgl_2284,Anomaly
bgl_2285,Anomaly
bgl_2286,Anomaly
bgl_2287,Anomaly
bgl_2288,Anomaly
bgl_2289,Anomaly
bgl_2290,Anomaly
bgl_2291,Anomaly
bgl_2292,Anomaly
bgl_2293,Anomaly
bgl_2294,Anomaly
bgl_2295,Anomaly
bgl_2296,Anomaly
bgl_2297,Anomaly
bgl_2298,Anomaly
bgl_2299,Anomaly
bgl_2300,Anomaly
bgl_2301,Anomaly
bgl_2302,Anomaly
bgl_2303,Anomaly
bgl_2304,Anomaly
bgl_2305,Anomaly
bgl_2306,Anomaly
bgl_2307,Anomaly
bgl_2308,Anomaly
bgl_2309,Anomaly
bgl_2310,Anomaly
bgl_2311,Anomaly
bgl_2312,Anomaly
bgl_2313,Anomaly
bgl_2314,Anomaly
bgl_2315,Anomaly
bgl_2316,Anomaly
bgl_2317,Anomaly
bgl_2318,Anomaly
bgl_2319,Anomaly
bgl_2320,Anomaly
bgl_2321,Anomaly
bgl_2322,Anomaly
bgl_2323,Anomaly
bgl_2324,Anomaly
bgl_2325,Anomaly
bgl_2326,Anomaly
bgl_2327,Anomaly
bgl_2328,Anomaly
bgl_2329,Anomaly
bgl_2330,Anomaly
bgl_2331,Anomaly
bgl_2332,Anomaly
bgl_2333,Anomaly
bgl_2334,Anomaly
bgl_2335,Anomaly
bgl_2336,Anomaly
bgl_2337,Anomaly
bgl_2338,Anomaly
bgl_2339,Anomaly
bgl_2340,Anomaly
bgl_2341,Anomaly
bgl_2342,Anomaly
bgl_2343,Anomaly
bgl_2344,Anomaly
bgl_2345,Anomaly
bgl_2346,Anomaly
bgl_2347,Anomaly
bgl_2348,Anomaly
bgl_2349,Anomaly
bgl_2350,Anomaly
bgl_2351,Anomaly
bgl_2352,Anomaly
bgl_2353,Anomaly
bgl_2354,Anomaly
bgl_2355,Anomaly
bgl_2356,Anomaly
bgl_2357,Anomaly
bgl_2358,Anomaly
bgl_2359,Anomaly
bgl_2360,Anomaly
bgl_2361,Anomaly
bgl_2362,Anomaly
bgl_2363,Anomaly
bgl_2364,Anomaly
bgl_2365,Anomaly
bgl_2366,Anomaly
bgl_2367,Anomaly
bgl_2368,Anomaly
bgl_2369,Anomaly
bgl_2370,Anomaly
bgl_2371,Anomaly
bgl_2372,Anomaly
bgl_2373,Anomaly
bgl_2374,Anomaly
bgl_2375,Anomaly
bgl_2376,Anomaly
bgl_2377,Anomaly
bgl_2378,Anomaly
bgl_2379,Anomaly
bgl_2380,Anomaly
bgl_2381,Anomaly
bgl_2382,Anomaly
bgl_2383,Anomaly
bgl_2384,Anomaly
bgl_2385,Anomaly
bgl_2386,Anomaly
bgl_2387,Anomaly
bgl_2388,Anomaly
bgl_2389,Anomaly
bgl_2390,Anomaly
bgl_2391,Anomaly
bgl_2392,Anomaly
bgl_2393,Anomaly
bgl_2394,Anomaly
bgl_2395,Anomaly
bgl_2396,Anomaly
bgl_2397,Anomaly
bgl_2398,Anomaly
bgl_2399,Anomaly
bgl_2400,Anomaly
bgl_2401,Anomaly
bgl_2402,Anomaly
bgl_2403,Anomaly
bgl_2404,Anomaly
bgl_2405,Anomaly
bgl_2406,Anomaly
bgl_2407,Anomaly
bgl_2408,Anomaly
bgl_2409,Anomaly
bgl_2410,Anomaly
bgl_2411,Anomaly
bgl_2412,Anomaly
bgl_2413,Anomaly
bgl_2414,Anomaly
bgl_2415,Anomaly
bgl_2416,Anomaly
bgl_2417,Anomaly
bgl_2418,Anomaly
bgl_2419,Anomaly
bgl_2420,Anomaly
bgl_2421,Anomaly
bgl_2422,Anomaly
bgl_2423,Anomaly
bgl_2424,Anomaly
bgl_2425,Anomaly
bgl_2426,Anomaly
bgl_2427,Anomaly
bgl_2428,Anomaly
bgl_2429,Anomaly
bgl_2430,Anomaly
bgl_2431,Anomaly
bgl_2432,Anomaly
bgl_2433,Anomaly
bgl_2434,Anomaly
bgl_2435,Anomaly
bgl_2436,Anomaly
bgl_2437,Anomaly
bgl_2438,Anomaly
bgl_2439,Anomaly
bgl_2440,Anomaly
bgl_2441,Anomaly
bgl_2442,Anomaly
bgl_2443,Anomaly
bgl_2444,Anomaly
bgl_2445,Anomaly
bgl_2446,Anomaly
bgl_2447,Anomaly
bgl_2448,Anomaly
bgl_2449,Anomaly
bgl_2450,Anomaly
bgl_2451,Anomaly
bgl_2452,Anomaly
bgl_2453,Anomaly
bgl_2454,Anomaly
bgl_2455,Anomaly
bgl_2456,Anomaly
bgl_2457,Anomaly
bgl_2458,Anomaly
bgl_2459,Anomaly
bgl_2460,Anomaly
bgl_2461,Anomaly
bgl_2462,Anomaly
bgl_2463,Anomaly
bgl_2464,Anomaly
bgl_2465,Anomaly
bgl_2466,Anomaly
bgl_2467,Anomaly
bgl_2468,Anomaly
bgl_2469,Anomaly
bgl_2470,Anomaly
bgl_2471,Anomaly
bgl_2472,Anomaly
bgl_2473,Anomaly
bgl_2474,Anomaly
bgl_2475,Anomaly
bgl_2476,Anomaly
bgl_2477,Anomaly
bgl_2478,Anomaly
bgl_2479,Anomaly
bgl_2480,Anomaly
bgl_2481,Anomaly
bgl_2482,Anomaly
bgl_2483,Anomaly
bgl_2484,Anomaly
bgl_2485,Anomaly
bgl_2486,Anomaly
bgl_2487,Anomaly
bgl_2488,Anomaly
bgl_2489,Anomaly
bgl_2490,Anomaly
bgl_2491,Anomaly
bgl_2492,Anomaly
bgl_2493,Anomaly
bgl_2494,Anomaly
bgl_2495,Anomaly
bgl_2496,Anomaly
bgl_2497,Anomaly
bgl_2498,Anomaly
bgl_2499,Anomaly
bgl_2500,Anomaly
bgl_2501,Anomaly
bgl_2502,Anomaly
bgl_2503,Anomaly
bgl_2504,Anomaly
bgl_2505,Anomaly
bgl_2506,Anomaly
bgl_2507,Anomaly
bgl_2508,Anomaly
bgl_2509,Anomaly
bgl_2510,Anomaly
bgl_2511,Anomaly
bgl_2512,Anomaly
bgl_2513,Anomaly
bgl_2514,Anomaly
bgl_2515,Anomaly
bgl_2516,Anomaly
bgl_2517,Anomaly
bgl_2518,Anomaly
bgl_2519,Anomaly
bgl_2520,Anomaly
bgl_2521,Anomaly
bgl_2522,Anomaly
bgl_2523,Anomaly
bgl_2524,Anomaly
bgl_2525,Anomaly
bgl_2526,Anomaly
bgl_2527,Anomaly
bgl_2528,Anomaly
bgl_2529,Anomaly
bgl_2530,Anomaly
bgl_2531,Anomaly
bgl_2532,Anomaly
bgl_2533,Anomaly
bgl_2534,Anomaly
bgl_2535,Anomaly
bgl_2536,Anomaly
bgl_2537,Anomaly
bgl_2538,Anomaly
bgl_2539,Anomaly
bgl_2540,Anomaly
bgl_2541,Anomaly
bgl_2542,Anomaly
bgl_2543,Anomaly
bgl_2544,Anomaly
bgl_2545,Anomaly
bgl_2546,Anomaly
bgl_2547,Anomaly
bgl_2548,Anomaly
bgl_2549,Anomaly
bgl_2550,Anomaly
bgl_2551,Anomaly
bgl_2552,Anomaly
bgl_2553,Anomaly
bgl_2554,Anomaly
bgl_2555,Anomaly
bgl_2556,Anomaly
bgl_2557,Anomaly
bgl_2558,Anomaly
bgl_2559,Anomaly
bgl_2560,Anomaly
bgl_2561,Anomaly
bgl_2562,Anomaly
bgl_2563,Anomaly
bgl_2564,Anomaly
bgl_2565,Anomaly
bgl_2566,Anomaly
bgl_2567,Anomaly
bgl_2568,Anomaly
bgl_2569,Anomaly
bgl_2570,Anomaly
bgl_2571,Anomaly
bgl_2572,Anomaly
bgl_2573,Anomaly
bgl_2574,Anomaly
bgl_2575,Anomaly
bgl_2576,Anomaly
bgl_2577,Anomaly
bgl_2578,Anomaly
bgl_2579,Anomaly
bgl_2580,Anomaly
bgl_2581,Anomaly
bgl_2582,Anomaly
bgl_2583,Anomaly
bgl_2584,Anomaly
bgl_2585,Anomaly
bgl_2586,Anomaly
bgl_2587,Anomaly
bgl_2588,Anomaly
bgl_2589,Anomaly
bgl_2590,Anomaly
bgl_2591,Anomaly
bgl_2592,Anomaly
bgl_2593,Anomaly
bgl_2594,Anomaly
bgl_2595,Anomaly
bgl_2596,Anomaly
bgl_2597,Anomaly
bgl_2598,Anomaly
bgl_2599,Anomaly
bgl_2600,Anomaly
bgl_2601,Anomaly
bgl_2602,Anomaly
bgl_2603,Anomaly
bgl_2604,Anomaly
bgl_2605,Anomaly
bgl_2606,Anomaly
bgl_2607,Anomaly
bgl_2608,Anomaly
bgl_2609,Anomaly
bgl_2610,Anomaly
bgl_2611,Anomaly
bgl_2612,Anomaly
bgl_2613,Anomaly
bgl_2614,Anomaly
bgl_2615,Anomaly
bgl_2616,Anomaly
bgl_2617,Anomaly
bgl_2618,Anomaly
bgl_2619,Anomaly
bgl_2620,Anomaly
bgl_2621,Anomaly
bgl_2622,Anomaly
bgl_2623,Anomaly
bgl_2624,Anomaly
bgl_2625,Anomaly
bgl_2626,Anomaly
bgl_2627,Anomaly
bgl_2628,Anomaly
bgl_2629,Anomaly
bgl_2630,Anomaly
bgl_2631,Anomaly
bgl_2632,Anomaly
bgl_2633,Anomaly
bgl_2634,Anomaly
bgl_2635,Anomaly
bgl_2636,Anomaly
bgl_2637,Anomaly
bgl_2638,Anomaly
bgl_2639,Anomaly
bgl_2640,Anomaly
bgl_2641,Anomaly
bgl_2642,Anomaly
bgl_2643,Anomaly
bgl_2644,Anomaly
bgl_2645,Anomaly
bgl_2646,Anomaly
bgl_2647,Anomaly
bgl_2648,Anomaly
bgl_2649,Anomaly
bgl_2650,Anomaly
bgl_2651,Anomaly
bgl_2652,Anomaly
bgl_2653,Anomaly
bgl_2654,Anomaly
bgl_2655,Anomaly
bgl_2656,Anomaly
bgl_2657,Anomaly
bgl_2658,Anomaly
bgl_2659,Anomaly
bgl_2660,Anomaly
bgl_2661,Anomaly
bgl_2662,Anomaly
bgl_2663,Anomaly
bgl_2664,Anomaly
bgl_2665,Anomaly
bgl_2666,Anomaly
bgl_2667,Anomaly
bgl_2668,Anomaly
bgl_2669,Anomaly
bgl_2670,Anomaly
bgl_2671,Anomaly
bgl_2672,Anomaly
bgl_2673,Anomaly
bgl_2674,Anomaly
bgl_2675,Anomaly
bgl_2676,Anomaly
bgl_2677,Anomaly
bgl_2678,Anomaly
bgl_2679,Anomaly
bgl_2680,Anomaly
bgl_2681,Anomaly
bgl_2682,Anomaly
bgl_2683,Anomaly
bgl_2684,Anomaly
bgl_2685,Anomaly
bgl_2686,Anomaly
bgl_2687,Anomaly
bgl_2688,Anomaly
bgl_2689,Anomaly
bgl_2690,Anomaly
bgl_2691,Anomaly
bgl_2692,Anomaly
bgl_2693,Anomaly
bgl_2694,Anomaly
bgl_2695,Anomaly
bgl_2696,Anomaly
bgl_2697,Anomaly
bgl_2698,Anomaly
bgl_2699,Anomaly
bgl_2700,Anomaly
bgl_2701,Anomaly
bgl_2702,Anomaly
bgl_2703,Anomaly
bgl_2704,Anomaly
bgl_2705,Anomaly
bgl_2706,Anomaly
bgl_2707,Anomaly
bgl_2708,Anomaly
bgl_2709,Anomaly
bgl_2710,Anomaly
bgl_2711,Anomaly
bgl_2712,Anomaly
bgl_2713,Anomaly
bgl_2714,Anomaly
bgl_2715,Anomaly
bgl_2716,Anomaly
bgl_2717,Anomaly
bgl_2718,Anomaly
bgl_2719,Anomaly
bgl_2720,Anomaly
bgl_2721,Anomaly
bgl_2722,Anomaly
bgl_2723,Anomaly
bgl_2724,Anomaly
bgl_2725,Anomaly
bgl_2726,Anomaly
bgl_2727,Anomaly
bgl_2728,Anomaly
bgl_2729,Anomaly
bgl_2730,Anomaly
bgl_2731,Anomaly
bgl_2732,Anomaly
bgl_2733,Anomaly
bgl_2734,Anomaly
bgl_2735,Anomaly
bgl_2736,Anomaly
bgl_2737,Anomaly
bgl_2738,Anomaly
bgl_2739,Anomaly
bgl_2740,Anomaly
bgl_2741,Anomaly
bgl_2742,Anomaly
bgl_2743,Anomaly
bgl_2744,Anomaly
bgl_2745,Anomaly
bgl_2746,Anomaly
bgl_2747,Anomaly
bgl_2748,Anomaly
bgl_2749,Anomaly
bgl_2750,Anomaly
bgl_2751,Anomaly
bgl_2752,Anomaly
bgl_2753,Anomaly
bgl_2754,Anomaly
bgl_2755,Anomaly
bgl_2756,Anomaly
bgl_2757,Anomaly
bgl_2758,Anomaly
bgl_2759,Anomaly
bgl_2760,Anomaly
bgl_2761,Anomaly
bgl_2762,Anomaly
bgl_2763,Anomaly
bgl_2764,Anomaly
bgl_2765,Anomaly
bgl_2766,Anomaly
bgl_2767,Anomaly
bgl_2768,Anomaly
bgl_2769,Anomaly
bgl_2770,Anomaly
bgl_2771,Anomaly
bgl_2772,Anomaly
bgl_2773,Anomaly
bgl_2774,Anomaly
bgl_2775,Anomaly
bgl_2776,Anomaly
bgl_2777,Anomaly
bgl_2778,Anomaly
bgl_2779,Anomaly
bgl_2780,Anomaly
bgl_2781,Anomaly
bgl_2782,Anomaly
bgl_2783,Anomaly
bgl_2784,Anomaly
bgl_2785,Anomaly
bgl_2786,Anomaly
bgl_2787,Anomaly
bgl_2788,Anomaly
bgl_2789,Anomaly
bgl_2790,Anomaly
bgl_2791,Anomaly
bgl_2792,Anomaly
bgl_2793,Anomaly
bgl_2794,Anomaly
bgl_2795,Anomaly
bgl_2796,Anomaly
bgl_2797,Anomaly
bgl_2798,Anomaly
bgl_2799,Anomaly
bgl_2800,Anomaly
bgl_2801,Anomaly
bgl_2802,Anomaly
bgl_2803,Anomaly
bgl_2804,Anomaly
bgl_2805,Anomaly
bgl_2806,Anomaly
bgl_2807,Anomaly
bgl_2808,Anomaly
bgl_2809,Anomaly
bgl_2810,Anomaly
bgl_2811,Anomaly
bgl_2812,Anomaly
bgl_2813,Anomaly
bgl_2814,Anomaly
bgl_2815,Anomaly
bgl_2816,Anomaly
bgl_2817,Anomaly
bgl_2818,Anomaly
bgl_2819,Anomaly
bgl_2820,Anomaly
bgl_2821,Anomaly
bgl_2822,Anomaly
bgl_2823,Anomaly
bgl_2824,Anomaly
bgl_2825,Anomaly
bgl_2826,Anomaly
bgl_2827,Anomaly
bgl_2828,Anomaly
bgl_2829,Anomaly
bgl_2830,Anomaly
bgl_2831,Anomaly
bgl_2832,Anomaly
bgl_2833,Anomaly
bgl_2834,Anomaly
bgl_2835,Anomaly
bgl_2836,Anomaly
bgl_2837,Anomaly
bgl_2838,Anomaly
bgl_2839,Anomaly
bgl_2840,Anomaly
bgl_2841,Anomaly
bgl_2842,Anomaly
bgl_2843,Anomaly
bgl_2844,Anomaly
bgl_2845,Anomaly
bgl_2846,Anomaly
bgl_2847,Anomaly
bgl_2848,Anomaly
bgl_2849,Anomaly
bgl_2850,Anomaly
bgl_2851,Anomaly
bgl_2852,Anomaly
bgl_2853,Anomaly
bgl_2854,Anomaly
bgl_2855,Anomaly
bgl_2856,Anomaly
bgl_2857,Anomaly
bgl_2858,Anomaly
bgl_2859,Anomaly
bgl_2860,Anomaly
bgl_2861,Anomaly
bgl_2862,Anomaly
bgl_2863,Anomaly
bgl_2864,Anomaly
bgl_2865,Anomaly
bgl_2866,Anomaly
bgl_2867,Anomaly
bgl_2868,Anomaly
bgl_2869,Anomaly
bgl_2870,Anomaly
bgl_2871,Anomaly
bgl_2872,Anomaly
bgl_2873,Anomaly
bgl_2874,Anomaly
bgl_2875,Anomaly
bgl_2876,Anomaly
bgl_2877,Anomaly
bgl_2878,Anomaly
bgl_2879,Anomaly
bgl_2880,Anomaly
bgl_2881,Anomaly
bgl_2882,Anomaly
bgl_2883,Anomaly
bgl_2884,Anomaly
bgl_2885,Anomaly
bgl_2886,Anomaly
bgl_2887,Anomaly
bgl_2888,Anomaly
bgl_2889,Anomaly
bgl_2890,Anomaly
bgl_2891,Anomaly
bgl_2892,Anomaly
bgl_2893,Anomaly
bgl_2894,Anomaly
bgl_2895,Anomaly
bgl_2896,Anomaly
bgl_2897,Anomaly
bgl_2898,Anomaly
bgl_2899,Anomaly
bgl_2900,Anomaly
bgl_2901,Anomaly
bgl_2902,Anomaly
bgl_2903,Anomaly
bgl_2904,Anomaly
bgl_2905,Anomaly
bgl_2906,Anomaly
bgl_2907,Anomaly
bgl_2908,Anomaly
bgl_2909,Anomaly
bgl_2910,Anomaly
bgl_2911,Anomaly
bgl_2912,Anomaly
bgl_2913,Anomaly
bgl_2914,Anomaly
bgl_2915,Anomaly
bgl_2916,Anomaly
bgl_2917,Anomaly
bgl_2918,Anomaly
bgl_2919,Anomaly
bgl_2920,Anomaly
bgl_2921,Anomaly
bgl_2922,Anomaly
bgl_2923,Anomaly
bgl_2924,Anomaly
bgl_2925,Anomaly
bgl_2926,Anomaly
bgl_2927,Anomaly
bgl_2928,Anomaly
bgl_2929,Anomaly
bgl_2930,Anomaly
bgl_2931,Anomaly
bgl_2932,Anomaly
bgl_2933,Anomaly
bgl_2934,Anomaly
bgl_2935,Anomaly
bgl_2936,Anomaly
bgl_2937,Anomaly
bgl_2938,Anomaly
bgl_2939,Anomaly
bgl_2940,Anomaly
bgl_2941,Anomaly
bgl_2942,Anomaly
bgl_2943,Anomaly
bgl_2944,Anomaly
bgl_2945,Anomaly
bgl_2946,Anomaly
bgl_2947,Anomaly
bgl_2948,Anomaly
bgl_2949,Anomaly
bgl_2950,Anomaly
bgl_2951,Anomaly
bgl_2952,Anomaly
bgl_2953,Anomaly
bgl_2954,Anomaly
bgl_2955,Anomaly
bgl_2956,Anomaly
bgl_2957,Anomaly
bgl_2958,Anomaly
bgl_2959,Anomaly
bgl_2960,Anomaly
bgl_2961,Anomaly
bgl_2962,Anomaly
bgl_2963,Anomaly
bgl_2964,Anomaly
bgl_2965,Anomaly
bgl_2966,Anomaly
bgl_2967,Anomaly
bgl_2968,Anomaly
bgl_2969,Anomaly
bgl_2970,Anomaly
bgl_2971,Anomaly
bgl_2972,Anomaly
bgl_2973,Anomaly
bgl_2974,Anomaly
bgl_2975,Anomaly
bgl_2976,Anomaly
bgl_2977,Anomaly
bgl_2978,Anomaly
bgl_2979,Anomaly
bgl_2980,Anomaly
bgl_2981,Anomaly
bgl_2982,Anomaly
bgl_2983,Anomaly
bgl_2984,Anomaly
bgl_2985,Anomaly
bgl_2986,Anomaly
bgl_2987,Anomaly
bgl_2988,Anomaly
bgl_2989,Anomaly
bgl_2990,Anomaly
bgl_2991,Anomaly
bgl_2992,Anomaly
bgl_2993,Anomaly
bgl_2994,Anomaly
bgl_2995,Anomaly
bgl_2996,Anomaly
bgl_2997,Anomaly
bgl_2998,Anomaly
bgl_2999,Anomaly
bgl_3000,Anomaly
bgl_3001,Anomaly
bgl_3002,Anomaly
bgl_3003,Anomaly
bgl_3004,Anomaly
bgl_3005,Anomaly
bgl_3006,Anomaly
bgl_3007,Anomaly
bgl_3008,Anomaly
bgl_3009,Anomaly
bgl_3010,Anomaly
bgl_3011,Anomaly
bgl_3012,Anomaly
bgl_3013,Anomaly
bgl_3014,Anomaly
bgl_3015,Anomaly
bgl_3016,Anomaly
bgl_3017,Anomaly
bgl_3018,Anomaly
bgl_3019,Anomaly
bgl_3020,Anomaly
bgl_3021,Anomaly
bgl_3022,Anomaly
bgl_3023,Anomaly
bgl_3024,Anomaly
bgl_3025,Anomaly
bgl_3026,Anomaly
bgl_3027,Anomaly
bgl_3028,Anomaly
bgl_3029,Anomaly
bgl_3030,Anomaly
bgl_3031,Anomaly
bgl_3032,Anomaly
bgl_3033,Anomaly
bgl_3034,Anomaly
bgl_3035,Anomaly
bgl_3036,Anomaly
bgl_3037,Anomaly
bgl_3038,Anomaly
bgl_3039,Anomaly
bgl_3040,Anomaly
bgl_3041,Anomaly
bgl_3042,Anomaly
bgl_3043,Anomaly
bgl_3044,Anomaly
bgl_3045,Anomaly
bgl_3046,Anomaly
bgl_3047,Anomaly
bgl_3048,Anomaly
bgl_3049,Anomaly
bgl_3050,Anomaly
bgl_3051,Anomaly
bgl_3052,Anomaly
bgl_3053,Anomaly
bgl_3054,Anomaly
bgl_3055,Anomaly
bgl_3056,Anomaly
bgl_3057,Anomaly
bgl_3058,Anomaly
bgl_3059,Anomaly
bgl_3060,Anomaly
bgl_3061,Anomaly
bgl_3062,Anomaly
bgl_3063,Anomaly
bgl_3064,Anomaly
bgl_3065,Anomaly
bgl_3066,Anomaly
bgl_3067,Anomaly
bgl_3068,Anomaly
bgl_3069,Anomaly
bgl_3070,Anomaly
bgl_3071,Anomaly
bgl_3072,Anomaly
bgl_3073,Anomaly
bgl_3074,Anomaly
bgl_3075,Anomaly
bgl_3076,Anomaly
bgl_3077,Anomaly
bgl_3078,Anomaly
bgl_3079,Anomaly
bgl_3080,Anomaly
bgl_3081,Anomaly
bgl_3082,Anomaly
bgl_3083,Anomaly
bgl_3084,Anomaly
bgl_3085,Anomaly
bgl_3086,Anomaly
bgl_3087,Anomaly
bgl_3088,Anomaly
bgl_3089,Anomaly
bgl_3090,Anomaly
bgl_3091,Anomaly
bgl_3092,Anomaly
bgl_3093,Anomaly
bgl_3094,Anomaly
bgl_3095,Anomaly
bgl_3096,Anomaly
bgl_3097,Anomaly
bgl_3098,Anomaly
bgl_3099,Anomaly
bgl_3100,Anomaly
bgl_3101,Anomaly
bgl_3102,Anomaly
bgl_3103,Anomaly
bgl_3104,Anomaly
bgl_3105,Anomaly
bgl_3106,Anomaly
bgl_3107,Anomaly
bgl_3108,Anomaly
bgl_3109,Anomaly
bgl_3110,Anomaly
bgl_3111,Anomaly
bgl_3112,Anomaly
bgl_3113,Anomaly
bgl_3114,Anomaly
bgl_3115,Anomaly
bgl_3116,Anomaly
bgl_3117,Anomaly
bgl_3118,Anomaly
bgl_3119,Anomaly
bgl_3120,Anomaly
bgl_3121,Anomaly
bgl_3122,Anomaly
bgl_3123,Anomaly
bgl_3124,Anomaly
bgl_3125,Anomaly
bgl_3126,Anomaly
bgl_3127,Anomaly
bgl_3128,Anomaly
bgl_3129,Anomaly
bgl_3130,Anomaly
bgl_3131,Anomaly
bgl_3132,Anomaly
bgl_3133,Anomaly
bgl_3134,Anomaly
bgl_3135,Anomaly
bgl_3136,Anomaly
bgl_3137,Anomaly
bgl_3138,Anomaly
bgl_3139,Anomaly
bgl_3140,Anomaly
bgl_3141,Anomaly
bgl_3142,Anomaly
bgl_3143,Anomaly
bgl_3144,Anomaly
bgl_3145,Anomaly
bgl_3146,Anomaly
bgl_3147,Anomaly
bgl_3148,Anomaly
bgl_3149,Anomaly
bgl_3150,Anomaly
bgl_3151,Anomaly
bgl_3152,Anomaly
bgl_3153,Anomaly
bgl_3154,Anomaly
bgl_3155,Anomaly
bgl_3156,Anomaly
bgl_3157,Anomaly
bgl_3158,Anomaly
bgl_3159,Anomaly
bgl_3160,Anomaly
bgl_3161,Anomaly
bgl_3162,Anomaly
bgl_3163,Anomaly
bgl_3164,Anomaly
bgl_3165,Anomaly
bgl_3166,Anomaly
bgl_3167,Anomaly
bgl_3168,Anomaly
bgl_3169,Anomaly
bgl_3170,Anomaly
bgl_3171,Anomaly
bgl_3172,Anomaly
bgl_3173,Anomaly
bgl_3174,Anomaly
bgl_3175,Anomaly
bgl_3176,Anomaly
bgl_3177,Anomaly
bgl_3178,Anomaly
bgl_3179,Anomaly
bgl_3180,Anomaly
bgl_3181,Anomaly
bgl_3182,Anomaly
bgl_3183,Anomaly
bgl_3184,Anomaly
bgl_3185,Anomaly
bgl_3186,Anomaly
bgl_3187,Anomaly
bgl_3188,Anomaly
bgl_3189,Anomaly
bgl_3190,Anomaly
bgl_3191,Anomaly
bgl_3192,Anomaly
bgl_3193,Anomaly
bgl_3194,Anomaly
bgl_3195,Anomaly
bgl_3196,Anomaly
bgl_3197,Anomaly
bgl_3198,Anomaly
bgl_3199,Anomaly
bgl_3200,Anomaly
bgl_3201,Anomaly
bgl_3202,Anomaly
bgl_3203,Anomaly
bgl_3204,Anomaly
bgl_3205,Anomaly
bgl_3206,Anomaly
bgl_3207,Anomaly
bgl_3208,Anomaly
bgl_3209,Anomaly
bgl_3210,Anomaly
bgl_3211,Anomaly
bgl_3212,Anomaly
bgl_3213,Anomaly
bgl_3214,Anomaly
bgl_3215,Anomaly
bgl_3216,Anomaly
bgl_3217,Anomaly
bgl_3218,Anomaly
bgl_3219,Anomaly
bgl_3220,Anomaly
bgl_3221,Anomaly
bgl_3222,Anomaly
bgl_3223,Anomaly
bgl_3224,Anomaly
bgl_3225,Anomaly
bgl_3226,Anomaly
bgl_3227,Anomaly
bgl_3228,Anomaly
bgl_3229,Anomaly
bgl_3230,Anomaly
bgl_3231,Anomaly
bgl_3232,Anomaly
bgl_3233,Anomaly
bgl_3234,Anomaly
bgl_3235,Anomaly
bgl_3236,Anomaly
bgl_3237,Anomaly
bgl_3238,Anomaly
bgl_3239,Anomaly
bgl_3240,Anomaly
bgl_3241,Anomaly
bgl_3242,Anomaly
bgl_3243,Anomaly
bgl_3244,Anomaly
bgl_3245,Anomaly
bgl_3246,Anomaly
bgl_3247,Anomaly
bgl_3248,Anomaly
bgl_3249,Anomaly
bgl_3250,Anomaly
bgl_3251,Anomaly
bgl_3252,Anomaly
bgl_3253,Anomaly
bgl_3254,Anomaly
bgl_3255,Anomaly
bgl_3256,Anomaly
bgl_3257,Anomaly
bgl_3258,Anomaly
bgl_3259,Anomaly
bgl_3260,Anomaly
bgl_3261,Anomaly
bgl_3262,Anomaly
bgl_3263,Anomaly
bgl_3264,Anomaly
bgl_3265,Anomaly
bgl_3266,Anomaly
bgl_3267,Anomaly
bgl_3268,Anomaly
bgl_3269,Anomaly
bgl_3270,Anomaly
bgl_3271,Anomaly
bgl_3272,Anomaly
bgl_3273,Anomaly
bgl_3274,Anomaly
bgl_3275,Anomaly
bgl_3276,Anomaly
bgl_3277,Anomaly
bgl_3278,Anomaly
bgl_3279,Anomaly
bgl_3280,Anomaly
bgl_3281,Anomaly
bgl_3282,Anomaly
bgl_3283,Anomaly
bgl_3284,Anomaly
bgl_3285,Anomaly
bgl_3286,Anomaly
bgl_3287,Anomaly
bgl_3288,Anomaly
bgl_3289,Anomaly
bgl_3290,Anomaly
bgl_3291,Anomaly
bgl_3292,Anomaly
bgl_3293,Anomaly
bgl_3294,Anomaly
bgl_3295,Anomaly
bgl_3296,Anomaly
bgl_3297,Anomaly
bgl_3298,Anomaly
bgl_3299,Anomaly
bgl_3300,Anomaly
bgl_3301,Anomaly
bgl_3302,Anomaly
bgl_3303,Anomaly
bgl_3304,Anomaly
bgl_3305,Anomaly
bgl_3306,Anomaly
bgl_3307,Anomaly
bgl_3308,Anomaly
bgl_3309,Anomaly
bgl_3310,Anomaly
bgl_3311,Anomaly
bgl_3312,Anomaly
bgl_3313,Anomaly
bgl_3314,Anomaly
bgl_3315,Anomaly
bgl_3316,Anomaly
bgl_3317,Anomaly
bgl_3318,Anomaly
bgl_3319,Anomaly
bgl_3320,Anomaly
bgl_3321,Anomaly
bgl_3322,Anomaly
bgl_3323,Anomaly
bgl_3324,Anomaly
bgl_3325,Anomaly
bgl_3326,Anomaly
bgl_3327,Anomaly
bgl_3328,Anomaly
bgl_3329,Anomaly
bgl_3330,Anomaly
bgl_3331,Anomaly
bgl_3332,Anomaly
bgl_3333,Anomaly
bgl_3334,Anomaly
bgl_3335,Anomaly
bgl_3336,Anomaly
bgl_3337,Anomaly
bgl_3338,Anomaly
bgl_3339,Anomaly
bgl_3340,Anomaly
bgl_3341,Anomaly
bgl_3342,Anomaly
bgl_3343,Anomaly
bgl_3344,Anomaly
bgl_3345,Anomaly
bgl_3346,Anomaly
bgl_3347,Anomaly
bgl_3348,Anomaly
bgl_3349,Anomaly
bgl_3350,Anomaly
bgl_3351,Anomaly
bgl_3352,Anomaly
bgl_3353,Anomaly
bgl_3354,Anomaly
bgl_3355,Anomaly
bgl_3356,Anomaly
bgl_3357,Anomaly
bgl_3358,Anomaly
bgl_3359,Anomaly
bgl_3360,Anomaly
bgl_3361,Anomaly
bgl_3362,Anomaly
bgl_3363,Anomaly
bgl_3364,Anomaly
bgl_3365,Anomaly
bgl_3366,Anomaly
bgl_3367,Anomaly
bgl_3368,Anomaly
bgl_3369,Anomaly
bgl_3370,Anomaly
bgl_3371,Anomaly
bgl_3372,Anomaly
bgl_3373,Anomaly
bgl_3374,Anomaly
bgl_3375,Anomaly
bgl_3376,Anomaly
bgl_3377,Anomaly
bgl_3378,Anomaly
bgl_3379,Anomaly
bgl_3380,Anomaly
bgl_3381,Anomaly
bgl_3382,Anomaly
bgl_3383,Anomaly
bgl_3384,Anomaly
bgl_3385,Anomaly
bgl_3386,Anomaly
bgl_3387,Anomaly
bgl_3388,Anomaly
bgl_3389,Anomaly
bgl_3390,Anomaly
bgl_3391,Anomaly
bgl_3392,Anomaly
bgl_3393,Anomaly
bgl_3394,Anomaly
bgl_3395,Anomaly
bgl_3396,Anomaly
bgl_3397,Anomaly
bgl_3398,Anomaly
bgl_3399,Anomaly
bgl_3400,Anomaly
bgl_3401,Anomaly
bgl_3402,Anomaly
bgl_3403,Anomaly
bgl_3404,Anomaly
bgl_3405,Anomaly
bgl_3406,Anomaly
bgl_3407,Anomaly
bgl_3408,Anomaly
bgl_3409,Anomaly
bgl_3410,Anomaly
bgl_3411,Anomaly
bgl_3412,Anomaly
bgl_3413,Anomaly
bgl_3414,Anomaly
bgl_3415,Anomaly
bgl_3416,Anomaly
bgl_3417,Anomaly
bgl_3418,Anomaly
bgl_3419,Anomaly
bgl_3420,Anomaly
bgl_3421,Anomaly
bgl_3422,Anomaly
bgl_3423,Anomaly
bgl_3424,Anomaly
bgl_3425,Anomaly
bgl_3426,Anomaly
bgl_3427,Anomaly
bgl_3428,Anomaly
bgl_3429,Anomaly
bgl_3430,Anomaly
bgl_3431,Anomaly
bgl_3432,Anomaly
bgl_3433,Anomaly
bgl_3434,Anomaly
bgl_3435,Anomaly
bgl_3436,Anomaly
bgl_3437,Anomaly
bgl_3438,Anomaly
bgl_3439,Anomaly
bgl_3440,Anomaly
bgl_3441,Anomaly
bgl_3442,Anomaly
bgl_3443,Anomaly
bgl_3444,Anomaly
bgl_3445,Anomaly
bgl_3446,Anomaly
bgl_3447,Anomaly
bgl_3448,Anomaly
bgl_3449,Anomaly
bgl_3450,Anomaly
bgl_3451,Anomaly
bgl_3452,Anomaly
bgl_3453,Anomaly
bgl_3454,Anomaly
bgl_3455,Anomaly
bgl_3456,Anomaly
bgl_3457,Anomaly
bgl_3458,Anomaly
bgl_3459,Anomaly
bgl_3460,Anomaly
bgl_3461,Anomaly
bgl_3462,Anomaly
bgl_3463,Anomaly
bgl_3464,Anomaly
bgl_3465,Anomaly
bgl_3466,Anomaly
bgl_3467,Anomaly
bgl_3468,Anomaly
bgl_3469,Anomaly
bgl_3470,Anomaly
bgl_3471,Anomaly
bgl_3472,Anomaly
bgl_3473,Anomaly
bgl_3474,Anomaly
bgl_3475,Anomaly
bgl_3476,Anomaly
bgl_3477,Anomaly
bgl_3478,Anomaly
bgl_3479,Anomaly
bgl_3480,Anomaly
bgl_3481,Anomaly
bgl_3482,Anomaly
bgl_3483,Anomaly
bgl_3484,Anomaly
bgl_3485,Anomaly
bgl_3486,Anomaly
bgl_3487,Anomaly
bgl_3488,Anomaly
bgl_3489,Anomaly
bgl_3490,Anomaly
bgl_3491,Anomaly
bgl_3492,Anomaly
bgl_3493,Anomaly
bgl_3494,Anomaly
bgl_3495,Anomaly
bgl_3496,Anomaly
bgl_3497,Anomaly
bgl_3498,Anomaly
bgl_3499,Anomaly
bgl_3500,Anomaly
bgl_3501,Anomaly
bgl_3502,Anomaly
bgl_3503,Anomaly
bgl_3504,Anomaly
bgl_3505,Anomaly
bgl_3506,Anomaly
bgl_3507,Anomaly
bgl_3508,Anomaly
bgl_3509,Anomaly
bgl_3510,Anomaly
bgl_3511,Anomaly
bgl_3512,Anomaly
bgl_3513,Anomaly
bgl_3514,Anomaly
bgl_3515,Anomaly
bgl_3516,Anomaly
bgl_3517,Anomaly
bgl_3518,Anomaly
bgl_3519,Anomaly
bgl_3520,Anomaly
bgl_3521,Anomaly
bgl_3522,Anomaly
bgl_3523,Anomaly
bgl_3524,Anomaly
bgl_3525,Anomaly
bgl_3526,Anomaly
bgl_3527,Anomaly
bgl_3528,Anomaly
bgl_3529,Anomaly
bgl_3530,Anomaly
bgl_3531,Anomaly
bgl_3532,Anomaly
bgl_3533,Anomaly
bgl_3534,Anomaly
bgl_3535,Anomaly
bgl_3536,Anomaly
bgl_3537,Anomaly
bgl_3538,Anomaly
bgl_3539,Anomaly
bgl_3540,Anomaly
bgl_3541,Anomaly
bgl_3542,Anomaly
bgl_3543,Anomaly
bgl_3544,Anomaly
bgl_3545,Anomaly
bgl_3546,Anomaly
bgl_3547,Anomaly
bgl_3548,Anomaly
bgl_3549,Anomaly
bgl_3550,Anomaly
bgl_3551,Anomaly
bgl_3552,Anomaly
bgl_3553,Anomaly
bgl_3554,Anomaly
bgl_3555,Anomaly
bgl_3556,Anomaly
bgl_3557,Anomaly
bgl_3558,Anomaly
bgl_3559,Anomaly
bgl_3560,Anomaly
bgl_3561,Anomaly
bgl_3562,Anomaly
bgl_3563,Anomaly
bgl_3564,Anomaly
bgl_3565,Anomaly
bgl_3566,Anomaly
bgl_3567,Anomaly
bgl_3568,Anomaly
bgl_3569,Anomaly
bgl_3570,Anomaly
bgl_3571,Anomaly
bgl_3572,Anomaly
bgl_3573,Anomaly
bgl_3574,Anomaly
bgl_3575,Anomaly
bgl_3576,Anomaly
bgl_3577,Anomaly
bgl_3578,Anomaly
bgl_3579,Anomaly
bgl_3580,Anomaly
bgl_3581,Anomaly
bgl_3582,Anomaly
bgl_3583,Anomaly
bgl_3584,Anomaly
bgl_3585,Anomaly
bgl_3586,Anomaly
bgl_3587,Anomaly
bgl_3588,Anomaly
bgl_3589,Anomaly
bgl_3590,Anomaly
bgl_3591,Anomaly
bgl_3592,Anomaly
bgl_3593,Anomaly
bgl_3594,Anomaly
bgl_3595,Anomaly
bgl_3596,Anomaly
bgl_3597,Anomaly
bgl_3598,Anomaly
bgl_3599,Anomaly
bgl_3600,Anomaly
bgl_3601,Anomaly
bgl_3602,Anomaly
bgl_3603,Anomaly
bgl_3604,Anomaly
bgl_3605,Anomaly
bgl_3606,Anomaly
bgl_3607,Anomaly
bgl_3608,Anomaly
bgl_3609,Anomaly
bgl_3610,Anomaly
bgl_3611,Anomaly
bgl_3612,Anomaly
bgl_3613,Anomaly
bgl_3614,Anomaly
bgl_3615,Anomaly
bgl_3616,Anomaly
bgl_3617,Anomaly
bgl_3618,Anomaly
bgl_3619,Anomaly
bgl_3620,Anomaly
bgl_3621,Anomaly
bgl_3622,Anomaly
bgl_3623,Anomaly
bgl_3624,Anomaly
bgl_3625,Anomaly
bgl_3626,Anomaly
bgl_3627,Anomaly
bgl_3628,Anomaly
bgl_3629,Anomaly
bgl_3630,Anomaly
bgl_3631,Anomaly
bgl_3632,Anomaly
bgl_3633,Anomaly
bgl_3634,Anomaly
bgl_3635,Anomaly
bgl_3636,Anomaly
bgl_3637,Anomaly
bgl_3638,Anomaly
bgl_3639,Anomaly
bgl_3640,Anomaly
bgl_3641,Anomaly
bgl_3642,Anomaly
bgl_3643,Anomaly
bgl_3644,Anomaly
bgl_3645,Anomaly
bgl_3646,Anomaly
bgl_3647,Anomaly
bgl_3648,Anomaly
bgl_3649,Anomaly
bgl_3650,Anomaly
bgl_3651,Anomaly
bgl_3652,Anomaly
bgl_3653,Anomaly
bgl_3654,Anomaly
bgl_3655,Anomaly
bgl_3656,Anomaly
bgl_3657,Anomaly
bgl_3658,Anomaly
bgl_3659,Anomaly
bgl_3660,Anomaly
bgl_3661,Anomaly
bgl_3662,Anomaly
bgl_3663,Anomaly
bgl_3664,Anomaly
bgl_3665,Anomaly
bgl_3666,Anomaly
bgl_3667,Anomaly
bgl_3668,Anomaly
bgl_3669,Anomaly
bgl_3670,Anomaly
bgl_3671,Anomaly
bgl_3672,Anomaly
bgl_3673,Anomaly
bgl_3674,Anomaly
bgl_3675,Anomaly
bgl_3676,Anomaly
bgl_3677,Anomaly
bgl_3678,Anomaly
bgl_3679,Anomaly
bgl_3680,Anomaly
bgl_3681,Anomaly
bgl_3682,Anomaly
bgl_3683,Anomaly
bgl_3684,Anomaly
bgl_3685,Anomaly
bgl_3686,Anomaly
bgl_3687,Anomaly
bgl_3688,Anomaly
bgl_3689,Anomaly
bgl_3690,Anomaly
bgl_3691,Anomaly
bgl_3692,Anomaly
bgl_3693,Anomaly
bgl_3694,Anomaly
bgl_3695,Anomaly
bgl_3696,Anomaly
bgl_3697,Anomaly
bgl_3698,Anomaly
bgl_3699,Anomaly
bgl_3700,Anomaly
bgl_3701,Anomaly
bgl_3702,Anomaly
bgl_3703,Anomaly
bgl_3704,Anomaly
bgl_3705,Anomaly
bgl_3706,Anomaly
bgl_3707,Anomaly
bgl_3708,Anomaly
bgl_3709,Anomaly
bgl_3710,Anomaly
bgl_3711,Anomaly
bgl_3712,Anomaly
bgl_3713,Anomaly
bgl_3714,Anomaly
bgl_3715,Anomaly
bgl_3716,Anomaly
bgl_3717,Anomaly
bgl_3718,Anomaly
bgl_3719,Anomaly
bgl_3720,Anomaly
bgl_3721,Anomaly
bgl_3722,Anomaly
bgl_3723,Anomaly
bgl_3724,Anomaly
bgl_3725,Anomaly
bgl_3726,Anomaly
bgl_3727,Anomaly
bgl_3728,Anomaly
bgl_3729,Anomaly
bgl_3730,Anomaly
bgl_3731,Anomaly
bgl_3732,Anomaly
bgl_3733,Anomaly
bgl_3734,Anomaly
bgl_3735,Anomaly
bgl_3736,Anomaly
bgl_3737,Anomaly
bgl_3738,Anomaly
bgl_3739,Anomaly
bgl_3740,Anomaly
bgl_3741,Anomaly
bgl_3742,Anomaly
bgl_3743,Anomaly
bgl_3744,Anomaly
bgl_3745,Anomaly
bgl_3746,Anomaly
bgl_3747,Anomaly
bgl_3748,Anomaly
bgl_3749,Anomaly
bgl_3750,Anomaly
bgl_3751,Anomaly
bgl_3752,Anomaly
bgl_3753,Anomaly
bgl_3754,Normal
bgl_3755,Normal
bgl_3756,Normal
bgl_3757,Normal
bgl_3758,Normal
bgl_3759,Normal
bgl_3760,Normal
bgl_3761,Normal
bgl_3762,Normal
bgl_3763,Normal
bgl_3764,Normal
bgl_3765,Normal
bgl_3766,Normal
bgl_3767,Normal
bgl_3768,Normal
bgl_3769,Normal
bgl_3770,Normal
bgl_3771,Normal
bgl_3772,Normal
bgl_3773,Normal
bgl_3774,Normal
bgl_3775,Normal
bgl_3776,Normal
bgl_3777,Normal
bgl_3778,Normal
bgl_3779,Normal
bgl_3780,Normal
bgl_3781,Normal
bgl_3782,Normal
bgl_3783,Normal
bgl_3784,Normal
bgl_3785,Normal
bgl_3786,Normal
bgl_3787,Anomaly
bgl_3788,Anomaly
bgl_3789,Normal
bgl_3790,Anomaly
bgl_3791,Normal
bgl_3792,Normal
bgl_3793,Normal
bgl_3794,Normal
bgl_3795,Normal
bgl_3796,Normal
bgl_3797,Normal
bgl_3798,Normal
bgl_3799,Normal
bgl_3800,Normal
bgl_3801,Normal
bgl_3802,Normal
bgl_3803,Normal
bgl_3804,Normal
bgl_3805,Normal
bgl_3806,Normal
bgl_3807,Normal
bgl_3808,Anomaly
bgl_3809,Anomaly
bgl_3810,Anomaly
bgl_3811,Anomaly
bgl_3812,Anomaly
bgl_3813,Anomaly
bgl_3814,Anomaly
bgl_3815,Anomaly
bgl_3816,Anomaly
bgl_3817,Anomaly
bgl_3818,Anomaly
bgl_3819,Normal
bgl_3820,Normal
bgl_3821,Normal
bgl_3822,Normal
bgl_3823,Normal
bgl_3824,Normal
bgl_3825,Normal
bgl_3826,Normal
bgl_3827,Normal
bgl_3828,Normal
bgl_3829,Anomaly
bgl_3830,Anomaly
bgl_3831,Anomaly
bgl_3832,Anomaly
bgl_3833,Anomaly
bgl_3834,Anomaly
bgl_3835,Anomaly
bgl_3836,Anomaly
bgl_3837,Anomaly
bgl_3838,Anomaly
bgl_3839,Anomaly
bgl_3840,Anomaly
bgl_3841,Anomaly
bgl_3842,Anomaly
bgl_3843,Anomaly
bgl_3844,Anomaly
bgl_3845,Anomaly
bgl_3846,Anomaly
bgl_3847,Anomaly
bgl_3848,Anomaly
bgl_3849,Anomaly
bgl_3850,Anomaly
bgl_3851,Anomaly
bgl_3852,Anomaly
bgl_3853,Anomaly
bgl_3854,Anomaly
bgl_3855,Anomaly
bgl_3856,Anomaly
bgl_3857,Anomaly
bgl_3858,Anomaly
bgl_3859,Anomaly
bgl_3860,Anomaly
bgl_3861,Anomaly
bgl_3862,Anomaly
bgl_3863,Anomaly
bgl_3864,Anomaly
bgl_3865,Anomaly
bgl_3866,Anomaly
bgl_3867,Anomaly
bgl_3868,Anomaly
bgl_3869,Anomaly
bgl_3870,Anomaly
bgl_3871,Anomaly
bgl_3872,Anomaly
bgl_3873,Anomaly
bgl_3874,Anomaly
bgl_3875,Anomaly
bgl_3876,Anomaly
bgl_3877,Anomaly
bgl_3878,Anomaly
bgl_3879,Anomaly
bgl_3880,Anomaly
bgl_3881,Anomaly
bgl_3882,Anomaly
bgl_3883,Anomaly
bgl_3884,Anomaly
bgl_3885,Anomaly
bgl_3886,Anomaly
bgl_3887,Anomaly
bgl_3888,Anomaly
bgl_3889,Anomaly
bgl_3890,Anomaly
bgl_3891,Anomaly
bgl_3892,Anomaly
bgl_3893,Anomaly
bgl_3894,Anomaly
bgl_3895,Anomaly
bgl_3896,Anomaly
bgl_3897,Anomaly
bgl_3898,Anomaly
bgl_3899,Anomaly
bgl_3900,Anomaly
bgl_3901,Anomaly
bgl_3902,Anomaly
bgl_3903,Anomaly
bgl_3904,Anomaly
bgl_3905,Anomaly
bgl_3906,Anomaly
bgl_3907,Anomaly
bgl_3908,Anomaly
bgl_3909,Anomaly
bgl_3910,Anomaly
bgl_3911,Anomaly
bgl_3912,Anomaly
bgl_3913,Anomaly
bgl_3914,Anomaly
bgl_3915,Anomaly
bgl_3916,Anomaly
bgl_3917,Anomaly
bgl_3918,Anomaly
bgl_3919,Anomaly
bgl_3920,Anomaly
bgl_3921,Anomaly
bgl_3922,Anomaly
bgl_3923,Anomaly
bgl_3924,Anomaly
bgl_3925,Anomaly
bgl_3926,Anomaly
bgl_3927,Anomaly
bgl_3928,Anomaly
bgl_3929,Anomaly
bgl_3930,Anomaly
bgl_3931,Anomaly
bgl_3932,Anomaly
bgl_3933,Anomaly
bgl_3934,Anomaly
bgl_3935,Anomaly
bgl_3936,Anomaly
bgl_3937,Anomaly
bgl_3938,Anomaly
bgl_3939,Anomaly
bgl_3940,Anomaly
bgl_3941,Anomaly
bgl_3942,Anomaly
bgl_3943,Anomaly
bgl_3944,Anomaly
bgl_3945,Anomaly
bgl_3946,Anomaly
bgl_3947,Anomaly
bgl_3948,Anomaly
bgl_3949,Anomaly
bgl_3950,Anomaly
bgl_3951,Anomaly
bgl_3952,Anomaly
bgl_3953,Anomaly
bgl_3954,Anomaly
bgl_3955,Anomaly
bgl_3956,Anomaly
bgl_3957,Anomaly
bgl_3958,Anomaly
bgl_3959,Anomaly
bgl_3960,Anomaly
bgl_3961,Anomaly
bgl_3962,Anomaly
bgl_3963,Anomaly
bgl_3964,Anomaly
bgl_3965,Anomaly
bgl_3966,Anomaly
bgl_3967,Anomaly
bgl_3968,Anomaly
bgl_3969,Anomaly
bgl_3970,Anomaly
bgl_3971,Anomaly
bgl_3972,Anomaly
bgl_3973,Anomaly
bgl_3974,Anomaly
bgl_3975,Anomaly
bgl_3976,Anomaly
bgl_3977,Anomaly
bgl_3978,Anomaly
bgl_3979,Anomaly
bgl_3980,Anomaly
bgl_3981,Anomaly
bgl_3982,Anomaly
bgl_3983,Anomaly
bgl_3984,Anomaly
bgl_3985,Anomaly
bgl_3986,Anomaly
bgl_3987,Anomaly
bgl_3988,Anomaly
bgl_3989,Anomaly
bgl_3990,Anomaly
bgl_3991,Anomaly
bgl_3992,Anomaly
bgl_3993,Anomaly
bgl_3994,Normal
bgl_3995,Normal
bgl_3996,Normal
bgl_3997,Normal
bgl_3998,Normal
bgl_3999,Normal
bgl_4000,Normal
bgl_4001,Normal
bgl_4002,Normal
bgl_4003,Normal
bgl_4004,Normal
bgl_4005,Normal
bgl_4006,Normal
bgl_4007,Normal
bgl_4008,Normal
bgl_4009,Normal
bgl_4010,Normal
bgl_4011,Normal
bgl_4012,Normal
bgl_4013,Normal
bgl_4014,Normal
bgl_4015,Normal
bgl_4016,Normal
bgl_4017,Normal
bgl_4018,Normal
bgl_4019,Normal
bgl_4020,Normal
bgl_4021,Normal
bgl_4022,Normal
bgl_4023,Normal
bgl_4024,Normal
bgl_4025,Normal
bgl_4026,Normal
bgl_4027,Normal
bgl_4028,Normal
bgl_4029,Normal
bgl_4030,Normal
bgl_4031,Normal
bgl_4032,Normal
bgl_4033,Normal
bgl_4034,Normal
bgl_4035,Normal
bgl_4036,Normal
bgl_4037,Normal
bgl_4038,Normal
bgl_4039,Normal
bgl_4040,Normal
bgl_4041,Normal
bgl_4042,Normal
bgl_4043,Normal
bgl_4044,Normal
bgl_4045,Normal
bgl_4046,Normal
bgl_4047,Normal
bgl_4048,Normal
bgl_4049,Normal
bgl_4050,Normal
bgl_4051,Normal
bgl_4052,Normal
bgl_4053,Normal
bgl_4054,Normal
bgl_4055,Normal
bgl_4056,Normal
bgl_4057,Normal
bgl_4058,Normal
bgl_4059,Normal
bgl_4060,Normal
bgl_4061,Normal
bgl_4062,Normal
bgl_4063,Normal
bgl_4064,Normal
bgl_4065,Normal
bgl_4066,Normal
bgl_4067,Normal
bgl_4068,Normal
bgl_4069,Normal
bgl_4070,Normal
bgl_4071,Normal
bgl_4072,Normal
bgl_4073,Normal
bgl_4074,Normal
bgl_4075,Normal
bgl_4076,Normal
bgl_4077,Normal
bgl_4078,Normal
bgl_4079,Normal
bgl_4080,Normal
bgl_4081,Normal
bgl_4082,Normal
bgl_4083,Normal
bgl_4084,Normal
bgl_4085,Normal
bgl_4086,Normal
bgl_4087,Normal
bgl_4088,Normal
bgl_4089,Normal
bgl_4090,Normal
bgl_4091,Normal
bgl_4092,Normal
bgl_4093,Normal
bgl_4094,Normal
bgl_4095,Normal
bgl_4096,Normal
bgl_4097,Normal
bgl_4098,Normal
bgl_4099,Normal
bgl_4100,Normal
bgl_4101,Normal
bgl_4102,Normal
bgl_4103,Normal
bgl_4104,Normal
bgl_4105,Normal
bgl_4106,Normal
bgl_4107,Normal
bgl_4108,Normal
bgl_4109,Normal
bgl_4110,Normal
bgl_4111,Normal
bgl_4112,Normal
bgl_4113,Normal
bgl_4114,Normal
bgl_4115,Normal
bgl_4116,Normal
bgl_4117,Normal
bgl_4118,Normal
bgl_4119,Normal
bgl_4120,Normal
bgl_4121,Normal
bgl_4122,Normal
bgl_4123,Normal
bgl_4124,Normal
bgl_4125,Normal
bgl_4126,Normal
bgl_4127,Normal
bgl_4128,Normal
bgl_4129,Normal
bgl_4130,Normal
bgl_4131,Normal
bgl_4132,Normal
bgl_4133,Normal
bgl_4134,Normal
bgl_4135,Normal
bgl_4136,Normal
bgl_4137,Normal
bgl_4138,Normal
bgl_4139,Normal
bgl_4140,Normal
bgl_4141,Normal
bgl_4142,Normal
bgl_4143,Normal
bgl_4144,Normal
bgl_4145,Normal
bgl_4146,Normal
bgl_4147,Normal
bgl_4148,Normal
bgl_4149,Normal
bgl_4150,Normal
bgl_4151,Normal
bgl_4152,Normal
bgl_4153,Normal
bgl_4154,Normal
bgl_4155,Normal
bgl_4156,Normal
bgl_4157,Normal
bgl_4158,Normal
bgl_4159,Normal
bgl_4160,Normal
bgl_4161,Normal
bgl_4162,Normal
bgl_4163,Normal
bgl_4164,Normal
bgl_4165,Normal
bgl_4166,Normal
bgl_4167,Normal
bgl_4168,Normal
bgl_4169,Normal
bgl_4170,Normal
bgl_4171,Normal
bgl_4172,Normal
bgl_4173,Normal
bgl_4174,Normal
bgl_4175,Normal
bgl_4176,Normal
bgl_4177,Normal
bgl_4178,Normal
bgl_4179,Normal
bgl_4180,Normal
bgl_4181,Normal
bgl_4182,Normal
bgl_4183,Normal
bgl_4184,Normal
bgl_4185,Normal
bgl_4186,Normal
bgl_4187,Normal
bgl_4188,Normal
bgl_4189,Normal
bgl_4190,Normal
bgl_4191,Normal
bgl_4192,Normal
bgl_4193,Normal
bgl_4194,Normal
bgl_4195,Normal
bgl_4196,Normal
bgl_4197,Normal
bgl_4198,Normal
bgl_4199,Normal
bgl_4200,Normal
bgl_4201,Normal
bgl_4202,Normal
bgl_4203,Normal
bgl_4204,Normal
bgl_4205,Normal
bgl_4206,Normal
bgl_4207,Normal
bgl_4208,Normal
bgl_4209,Normal
bgl_4210,Normal
bgl_4211,Normal
bgl_4212,Normal
bgl_4213,Normal
bgl_4214,Normal
bgl_4215,Normal
bgl_4216,Normal
bgl_4217,Normal
bgl_4218,Normal
bgl_4219,Normal
bgl_4220,Normal
bgl_4221,Normal
bgl_4222,Normal
bgl_4223,Normal
bgl_4224,Normal
bgl_4225,Normal
bgl_4226,Normal
bgl_4227,Normal
bgl_4228,Normal
bgl_4229,Normal
bgl_4230,Normal
bgl_4231,Normal
bgl_4232,Normal
bgl_4233,Normal
bgl_4234,Normal
bgl_4235,Normal
bgl_4236,Normal
bgl_4237,Normal
bgl_4238,Normal
bgl_4239,Normal
bgl_4240,Normal
bgl_4241,Normal
bgl_4242,Normal
bgl_4243,Normal
bgl_4244,Normal
bgl_4245,Normal
bgl_4246,Normal
bgl_4247,Normal
bgl_4248,Normal
bgl_4249,Normal
bgl_4250,Normal
bgl_4251,Normal
bgl_4252,Normal
bgl_4253,Normal
bgl_4254,Normal
bgl_4255,Normal
bgl_4256,Normal
bgl_4257,Normal
bgl_4258,Normal
bgl_4259,Normal
bgl_4260,Normal
bgl_4261,Normal
bgl_4262,Normal
bgl_4263,Normal
bgl_4264,Normal
bgl_4265,Normal
bgl_4266,Normal
bgl_4267,Normal
bgl_4268,Normal
bgl_4269,Normal
bgl_4270,Normal
bgl_4271,Normal
bgl_4272,Normal
bgl_4273,Normal
bgl_4274,Normal
bgl_4275,Normal
bgl_4276,Normal
bgl_4277,Normal
bgl_4278,Normal
bgl_4279,Normal
bgl_4280,Normal
bgl_4281,Normal
bgl_4282,Normal
bgl_4283,Normal
bgl_4284,Anomaly
bgl_4285,Anomaly
bgl_4286,Anomaly
bgl_4287,Anomaly
bgl_4288,Anomaly
bgl_4289,Anomaly
bgl_4290,Anomaly
bgl_4291,Anomaly
bgl_4292,Anomaly
bgl_4293,Anomaly
bgl_4294,Anomaly
bgl_4295,Anomaly
bgl_4296,Anomaly
bgl_4297,Anomaly
bgl_4298,Anomaly
bgl_4299,Anomaly
bgl_4300,Anomaly
bgl_4301,Anomaly
bgl_4302,Anomaly
bgl_4303,Anomaly
bgl_4304,Anomaly
bgl_4305,Anomaly
bgl_4306,Anomaly
bgl_4307,Anomaly
bgl_4308,Anomaly
bgl_4309,Anomaly
bgl_4310,Anomaly
bgl_4311,Anomaly
bgl_4312,Anomaly
bgl_4313,Anomaly
bgl_4314,Anomaly
bgl_4315,Anomaly
bgl_4316,Anomaly
bgl_4317,Anomaly
bgl_4318,Anomaly
bgl_4319,Anomaly
bgl_4320,Anomaly
bgl_4321,Anomaly
bgl_4322,Anomaly
bgl_4323,Anomaly
bgl_4324,Anomaly
bgl_4325,Anomaly
bgl_4326,Anomaly
bgl_4327,Anomaly
bgl_4328,Anomaly
bgl_4329,Anomaly
bgl_4330,Anomaly
bgl_4331,Anomaly
bgl_4332,Anomaly
bgl_4333,Anomaly
bgl_4334,Anomaly
bgl_4335,Anomaly
bgl_4336,Anomaly
bgl_4337,Anomaly
bgl_4338,Anomaly
bgl_4339,Anomaly
bgl_4340,Anomaly
bgl_4341,Anomaly
bgl_4342,Anomaly
bgl_4343,Anomaly
bgl_4344,Anomaly
bgl_4345,Anomaly
bgl_4346,Anomaly
bgl_4347,Anomaly
bgl_4348,Anomaly
bgl_4349,Anomaly
bgl_4350,Anomaly
bgl_4351,Anomaly
bgl_4352,Anomaly
bgl_4353,Anomaly
bgl_4354,Anomaly
bgl_4355,Anomaly
bgl_4356,Anomaly
bgl_4357,Anomaly
bgl_4358,Anomaly
bgl_4359,Anomaly
bgl_4360,Anomaly
bgl_4361,Anomaly
bgl_4362,Anomaly
bgl_4363,Anomaly
bgl_4364,Anomaly
bgl_4365,Anomaly
bgl_4366,Anomaly
bgl_4367,Anomaly
bgl_4368,Anomaly
bgl_4369,Anomaly
bgl_4370,Anomaly
bgl_4371,Anomaly
bgl_4372,Anomaly
bgl_4373,Anomaly
bgl_4374,Anomaly
bgl_4375,Anomaly
bgl_4376,Anomaly
bgl_4377,Anomaly
bgl_4378,Anomaly
bgl_4379,Anomaly
bgl_4380,Anomaly
bgl_4381,Anomaly
bgl_4382,Anomaly
bgl_4383,Anomaly
bgl_4384,Anomaly
bgl_4385,Anomaly
bgl_4386,Anomaly
bgl_4387,Anomaly
bgl_4388,Anomaly
bgl_4389,Anomaly
bgl_4390,Anomaly
bgl_4391,Anomaly
bgl_4392,Anomaly
bgl_4393,Anomaly
bgl_4394,Anomaly
bgl_4395,Anomaly
bgl_4396,Anomaly
bgl_4397,Anomaly
bgl_4398,Anomaly
bgl_4399,Anomaly
bgl_4400,Anomaly
bgl_4401,Anomaly
bgl_4402,Anomaly
bgl_4403,Anomaly
bgl_4404,Anomaly
bgl_4405,Anomaly
bgl_4406,Anomaly
bgl_4407,Anomaly
bgl_4408,Anomaly
bgl_4409,Anomaly
bgl_4410,Anomaly
bgl_4411,Anomaly
bgl_4412,Anomaly
bgl_4413,Anomaly
bgl_4414,Anomaly
bgl_4415,Anomaly
bgl_4416,Anomaly
bgl_4417,Anomaly
bgl_4418,Anomaly
bgl_4419,Anomaly
bgl_4420,Anomaly
bgl_4421,Anomaly
bgl_4422,Anomaly
bgl_4423,Anomaly
bgl_4424,Anomaly
bgl_4425,Anomaly
bgl_4426,Anomaly
bgl_4427,Anomaly
bgl_4428,Anomaly
bgl_4429,Anomaly
bgl_4430,Anomaly
bgl_4431,Anomaly
bgl_4432,Anomaly
bgl_4433,Anomaly
bgl_4434,Anomaly
bgl_4435,Anomaly
bgl_4436,Anomaly
bgl_4437,Anomaly
bgl_4438,Anomaly
bgl_4439,Anomaly
bgl_4440,Anomaly
bgl_4441,Anomaly
bgl_4442,Anomaly
bgl_4443,Anomaly
bgl_4444,Anomaly
bgl_4445,Anomaly
bgl_4446,Anomaly
bgl_4447,Anomaly
bgl_4448,Anomaly
bgl_4449,Normal
bgl_4450,Normal
bgl_4451,Normal
bgl_4452,Normal
bgl_4453,Normal
bgl_4454,Normal
bgl_4455,Normal
bgl_4456,Normal
bgl_4457,Normal
bgl_4458,Normal
bgl_4459,Normal
bgl_4460,Normal
bgl_4461,Normal
bgl_4462,Normal
bgl_4463,Normal
bgl_4464,Normal
bgl_4465,Normal
bgl_4466,Normal
bgl_4467,Normal
bgl_4468,Normal
bgl_4469,Normal
bgl_4470,Normal
bgl_4471,Normal
bgl_4472,Normal
bgl_4473,Normal
bgl_4474,Normal
bgl_4475,Normal
bgl_4476,Normal
bgl_4477,Normal
bgl_4478,Normal
bgl_4479,Normal
bgl_4480,Normal
bgl_4481,Normal
bgl_4482,Normal
bgl_4483,Normal
bgl_4484,Normal
bgl_4485,Normal
bgl_4486,Normal
bgl_4487,Normal
bgl_4488,Normal
bgl_4489,Normal
bgl_4490,Normal
bgl_4491,Normal
bgl_4492,Normal
bgl_4493,Normal
bgl_4494,Normal
bgl_4495,Normal
bgl_4496,Normal
bgl_4497,Normal
bgl_4498,Normal
bgl_4499,Normal
bgl_4500,Normal
bgl_4501,Normal
bgl_4502,Normal
bgl_4503,Normal
bgl_4504,Normal
bgl_4505,Normal
bgl_4506,Normal
bgl_4507,Normal
bgl_4508,Normal
bgl_4509,Normal
bgl_4510,Normal
bgl_4511,Normal
bgl_4512,Normal
bgl_4513,Normal
bgl_4514,Normal
bgl_4515,Normal
bgl_4516,Normal
bgl_4517,Normal
bgl_4518,Normal
bgl_4519,Normal
bgl_4520,Normal
bgl_4521,Normal
bgl_4522,Normal
bgl_4523,Normal
bgl_4524,Normal
bgl_4525,Normal
bgl_4526,Normal
bgl_4527,Normal
bgl_4528,Normal
bgl_4529,Normal
bgl_4530,Normal
bgl_4531,Normal
bgl_4532,Normal
bgl_4533,Normal
bgl_4534,Normal
bgl_4535,Normal
bgl_4536,Normal
bgl_4537,Normal
bgl_4538,Normal
bgl_4539,Normal
bgl_4540,Normal
bgl_4541,Normal
bgl_4542,Normal
bgl_4543,Normal
bgl_4544,Normal
bgl_4545,Normal
bgl_4546,Normal
bgl_4547,Normal
bgl_4548,Normal
bgl_4549,Normal
bgl_4550,Normal
bgl_4551,Normal
bgl_4552,Normal
bgl_4553,Normal
bgl_4554,Normal
bgl_4555,Normal
bgl_4556,Normal
bgl_4557,Normal
bgl_4558,Normal
bgl_4559,Normal
bgl_4560,Normal
bgl_4561,Normal
bgl_4562,Normal
bgl_4563,Normal
bgl_4564,Normal
bgl_4565,Normal
bgl_4566,Normal
bgl_4567,Normal
bgl_4568,Normal
bgl_4569,Normal
bgl_4570,Normal
bgl_4571,Normal
bgl_4572,Normal
bgl_4573,Normal
bgl_4574,Normal
bgl_4575,Normal
bgl_4576,Normal
bgl_4577,Normal
bgl_4578,Normal
bgl_4579,Normal
bgl_4580,Normal
bgl_4581,Normal
bgl_4582,Normal
bgl_4583,Normal
bgl_4584,Normal
bgl_4585,Normal
bgl_4586,Normal
bgl_4587,Normal
bgl_4588,Normal
bgl_4589,Normal
bgl_4590,Normal
bgl_4591,Normal
bgl_4592,Normal
bgl_4593,Normal
bgl_4594,Normal
bgl_4595,Normal
bgl_4596,Normal
bgl_4597,Normal
bgl_4598,Normal
bgl_4599,Normal
bgl_4600,Normal
bgl_4601,Normal
bgl_4602,Normal
bgl_4603,Normal
bgl_4604,Normal
bgl_4605,Normal
bgl_4606,Normal
bgl_4607,Normal
bgl_4608,Normal
bgl_4609,Normal
bgl_4610,Normal
bgl_4611,Normal
bgl_4612,Anomaly
bgl_4613,Anomaly
bgl_4614,Anomaly
bgl_4615,Anomaly
bgl_4616,Anomaly
bgl_4617,Anomaly
bgl_4618,Anomaly
bgl_4619,Anomaly
bgl_4620,Anomaly
bgl_4621,Anomaly
bgl_4622,Anomaly
bgl_4623,Anomaly
bgl_4624,Anomaly
bgl_4625,Anomaly
bgl_4626,Anomaly
bgl_4627,Anomaly
bgl_4628,Anomaly
bgl_4629,Anomaly
bgl_4630,Anomaly
bgl_4631,Anomaly
bgl_4632,Anomaly
bgl_4633,Anomaly
bgl_4634,Anomaly
bgl_4635,Anomaly
bgl_4636,Anomaly
bgl_4637,Anomaly
bgl_4638,Anomaly
bgl_4639,Anomaly
bgl_4640,Anomaly
bgl_4641,Anomaly
bgl_4642,Anomaly
bgl_4643,Anomaly
bgl_4644,Anomaly
bgl_4645,Anomaly
bgl_4646,Anomaly
bgl_4647,Anomaly
bgl_4648,Anomaly
bgl_4649,Anomaly
bgl_4650,Anomaly
bgl_4651,Anomaly
bgl_4652,Anomaly
bgl_4653,Anomaly
bgl_4654,Normal
bgl_4655,Normal
bgl_4656,Normal
bgl_4657,Normal
bgl_4658,Normal
bgl_4659,Normal
bgl_4660,Normal
bgl_4661,Normal
bgl_4662,Normal
bgl_4663,Normal
bgl_4664,Normal
bgl_4665,Normal
bgl_4666,Normal
bgl_4667,Normal
bgl_4668,Normal
bgl_4669,Normal
bgl_4670,Normal
bgl_4671,Normal
bgl_4672,Normal
bgl_4673,Normal
bgl_4674,Normal
bgl_4675,Normal
bgl_4676,Normal
bgl_4677,Normal
bgl_4678,Normal
bgl_4679,Normal
bgl_4680,Normal
bgl_4681,Normal
bgl_4682,Normal
bgl_4683,Normal
bgl_4684,Normal
bgl_4685,Normal
bgl_4686,Normal
bgl_4687,Normal
bgl_4688,Normal
bgl_4689,Normal
bgl_4690,Normal
bgl_4691,Normal
bgl_4692,Normal
bgl_4693,Normal
bgl_4694,Normal
bgl_4695,Normal
bgl_4696,Normal
bgl_4697,Normal
bgl_4698,Normal
bgl_4699,Normal
bgl_4700,Normal
bgl_4701,Normal
bgl_4702,Normal
bgl_4703,Normal
bgl_4704,Normal
bgl_4705,Normal
bgl_4706,Normal
bgl_4707,Normal
bgl_4708,Normal
bgl_4709,Normal
bgl_4710,Normal
bgl_4711,Normal
bgl_4712,Normal
bgl_4713,Normal
bgl_4714,Normal
bgl_4715,Normal
bgl_4716,Normal
bgl_4717,Normal
bgl_4718,Normal
bgl_4719,Normal
bgl_4720,Normal
bgl_4721,Normal
bgl_4722,Normal
bgl_4723,Normal
bgl_4724,Normal
bgl_4725,Normal
bgl_4726,Normal
bgl_4727,Normal
bgl_4728,Normal
bgl_4729,Normal
bgl_4730,Normal
bgl_4731,Normal
bgl_4732,Normal
bgl_4733,Normal
bgl_4734,Normal
bgl_4735,Normal
bgl_4736,Normal
bgl_4737,Normal
bgl_4738,Normal
bgl_4739,Normal
bgl_4740,Normal
bgl_4741,Normal
bgl_4742,Normal
bgl_4743,Normal
bgl_4744,Normal
bgl_4745,Normal
bgl_4746,Normal
bgl_4747,Normal
bgl_4748,Normal
bgl_4749,Normal
bgl_4750,Normal
bgl_4751,Normal
bgl_4752,Normal
bgl_4753,Normal
bgl_4754,Normal
bgl_4755,Normal
bgl_4756,Normal
bgl_4757,Normal
bgl_4758,Normal
bgl_4759,Normal
bgl_4760,Normal
bgl_4761,Normal
bgl_4762,Normal
bgl_4763,Normal
bgl_4764,Normal
bgl_4765,Normal
bgl_4766,Normal
bgl_4767,Normal
bgl_4768,Normal
bgl_4769,Normal
bgl_4770,Normal
bgl_4771,Normal
bgl_4772,Normal
bgl_4773,Normal
bgl_4774,Normal
bgl_4775,Normal
bgl_4776,Normal
bgl_4777,Normal
bgl_4778,Normal
bgl_4779,Normal
bgl_4780,Normal
bgl_4781,Normal
bgl_4782,Normal
bgl_4783,Normal
bgl_4784,Normal
bgl_4785,Normal
bgl_4786,Normal
bgl_4787,Normal
bgl_4788,Normal
bgl_4789,Normal
bgl_4790,Normal
bgl_4791,Normal
bgl_4792,Normal
bgl_4793,Normal
bgl_4794,Normal
bgl_4795,Normal
bgl_4796,Normal
bgl_4797,Normal
bgl_4798,Normal
bgl_4799,Normal
bgl_4800,Normal
bgl_4801,Normal
bgl_4802,Normal
bgl_4803,Normal
bgl_4804,Normal
bgl_4805,Normal
bgl_4806,Normal
bgl_4807,Normal
bgl_4808,Normal
bgl_4809,Normal
bgl_4810,Normal
bgl_4811,Normal
bgl_4812,Normal
bgl_4813,Normal
bgl_4814,Normal
bgl_4815,Normal
bgl_4816,Normal
bgl_4817,Normal
bgl_4818,Normal
bgl_4819,Normal
bgl_4820,Normal
bgl_4821,Normal
bgl_4822,Normal
bgl_4823,Normal
bgl_4824,Normal
bgl_4825,Normal
bgl_4826,Normal
bgl_4827,Normal
bgl_4828,Normal
bgl_4829,Normal
bgl_4830,Normal
bgl_4831,Normal
bgl_4832,Normal
bgl_4833,Normal
bgl_4834,Normal
bgl_4835,Normal
bgl_4836,Normal
bgl_4837,Normal
bgl_4838,Normal
bgl_4839,Normal
bgl_4840,Normal
bgl_4841,Normal
bgl_4842,Normal
bgl_4843,Normal
bgl_4844,Normal
bgl_4845,Normal
bgl_4846,Normal
bgl_4847,Normal
bgl_4848,Normal
bgl_4849,Normal
bgl_4850,Normal
bgl_4851,Normal
bgl_4852,Normal
bgl_4853,Normal
bgl_4854,Normal
bgl_4855,Normal
bgl_4856,Normal
bgl_4857,Normal
bgl_4858,Anomaly
bgl_4859,Anomaly
bgl_4860,Anomaly
bgl_4861,Anomaly
bgl_4862,Anomaly
bgl_4863,Anomaly
bgl_4864,Anomaly
bgl_4865,Anomaly
bgl_4866,Anomaly
bgl_4867,Anomaly
bgl_4868,Anomaly
bgl_4869,Anomaly
bgl_4870,Anomaly
bgl_4871,Anomaly
bgl_4872,Anomaly
bgl_4873,Anomaly
bgl_4874,Anomaly
bgl_4875,Anomaly
bgl_4876,Anomaly
bgl_4877,Anomaly
bgl_4878,Anomaly
bgl_4879,Anomaly
bgl_4880,Anomaly
bgl_4881,Anomaly
bgl_4882,Anomaly
bgl_4883,Anomaly
bgl_4884,Anomaly
bgl_4885,Anomaly
bgl_4886,Anomaly
bgl_4887,Anomaly
bgl_4888,Anomaly
bgl_4889,Anomaly
bgl_4890,Anomaly
bgl_4891,Anomaly
bgl_4892,Anomaly
bgl_4893,Anomaly
bgl_4894,Anomaly
bgl_4895,Anomaly
bgl_4896,Anomaly
bgl_4897,Anomaly
bgl_4898,Anomaly
bgl_4899,Anomaly
bgl_4900,Anomaly
bgl_4901,Anomaly
bgl_4902,Anomaly
bgl_4903,Anomaly
bgl_4904,Anomaly
bgl_4905,Anomaly
bgl_4906,Anomaly
bgl_4907,Anomaly
bgl_4908,Anomaly
bgl_4909,Anomaly
bgl_4910,Anomaly
bgl_4911,Anomaly
bgl_4912,Anomaly
bgl_4913,Anomaly
bgl_4914,Anomaly
bgl_4915,Anomaly
bgl_4916,Anomaly
bgl_4917,Anomaly
bgl_4918,Anomaly
bgl_4919,Anomaly
bgl_4920,Anomaly
bgl_4921,Anomaly
bgl_4922,Anomaly
bgl_4923,Anomaly
bgl_4924,Anomaly
bgl_4925,Anomaly
bgl_4926,Anomaly
bgl_4927,Anomaly
bgl_4928,Anomaly
bgl_4929,Anomaly
bgl_4930,Anomaly
bgl_4931,Anomaly
bgl_4932,Anomaly
bgl_4933,Anomaly
bgl_4934,Anomaly
bgl_4935,Anomaly
bgl_4936,Anomaly
bgl_4937,Anomaly
bgl_4938,Anomaly
bgl_4939,Anomaly
bgl_4940,Anomaly
bgl_4941,Anomaly
bgl_4942,Anomaly
bgl_4943,Anomaly
bgl_4944,Anomaly
bgl_4945,Anomaly
bgl_4946,Anomaly
bgl_4947,Anomaly
bgl_4948,Anomaly
bgl_4949,Anomaly
bgl_4950,Anomaly
bgl_4951,Anomaly
bgl_4952,Anomaly
bgl_4953,Anomaly
bgl_4954,Anomaly
bgl_4955,Anomaly
bgl_4956,Anomaly
bgl_4957,Anomaly
bgl_4958,Anomaly
bgl_4959,Anomaly
bgl_4960,Anomaly
bgl_4961,Anomaly
bgl_4962,Anomaly
bgl_4963,Anomaly
bgl_4964,Anomaly
bgl_4965,Anomaly
bgl_4966,Anomaly
bgl_4967,Anomaly
bgl_4968,Anomaly
bgl_4969,Anomaly
bgl_4970,Anomaly
bgl_4971,Anomaly
bgl_4972,Anomaly
bgl_4973,Anomaly
bgl_4974,Anomaly
bgl_4975,Anomaly
bgl_4976,Anomaly
bgl_4977,Anomaly
bgl_4978,Anomaly
bgl_4979,Anomaly
bgl_4980,Anomaly
bgl_4981,Anomaly
bgl_4982,Anomaly
bgl_4983,Anomaly
bgl_4984,Anomaly
bgl_4985,Anomaly
bgl_4986,Anomaly
bgl_4987,Anomaly
bgl_4988,Anomaly
bgl_4989,Anomaly
bgl_4990,Anomaly
bgl_4991,Anomaly
bgl_4992,Anomaly
bgl_4993,Anomaly
bgl_4994,Anomaly
bgl_4995,Anomaly
bgl_4996,Anomaly
bgl_4997,Anomaly
bgl_4998,Anomaly
bgl_4999,Anomaly
bgl_5000,Anomaly
bgl_5001,Anomaly
bgl_5002,Anomaly
bgl_5003,Anomaly
bgl_5004,Anomaly
bgl_5005,Anomaly
bgl_5006,Anomaly
bgl_5007,Anomaly
bgl_5008,Anomaly
bgl_5009,Anomaly
bgl_5010,Anomaly
bgl_5011,Anomaly
bgl_5012,Anomaly
bgl_5013,Anomaly
bgl_5014,Anomaly
bgl_5015,Anomaly
bgl_5016,Anomaly
bgl_5017,Anomaly
bgl_5018,Anomaly
bgl_5019,Anomaly
bgl_5020,Anomaly
bgl_5021,Anomaly
bgl_5022,Anomaly
bgl_5023,Anomaly
bgl_5024,Anomaly
bgl_5025,Anomaly
bgl_5026,Anomaly
bgl_5027,Anomaly
bgl_5028,Anomaly
bgl_5029,Anomaly
bgl_5030,Anomaly
bgl_5031,Anomaly
bgl_5032,Anomaly
bgl_5033,Anomaly
bgl_5034,Anomaly
bgl_5035,Anomaly
bgl_5036,Anomaly
bgl_5037,Anomaly
bgl_5038,Anomaly
bgl_5039,Anomaly
bgl_5040,Anomaly
bgl_5041,Anomaly
bgl_5042,Anomaly
bgl_5043,Anomaly
bgl_5044,Anomaly
bgl_5045,Anomaly
bgl_5046,Anomaly
bgl_5047,Anomaly
bgl_5048,Anomaly
bgl_5049,Anomaly
bgl_5050,Anomaly
bgl_5051,Anomaly
bgl_5052,Anomaly
bgl_5053,Anomaly
bgl_5054,Anomaly
bgl_5055,Anomaly
bgl_5056,Anomaly
bgl_5057,Anomaly
bgl_5058,Anomaly
bgl_5059,Anomaly
bgl_5060,Anomaly
bgl_5061,Anomaly
bgl_5062,Anomaly
bgl_5063,Anomaly
bgl_5064,Anomaly
bgl_5065,Anomaly
bgl_5066,Anomaly
bgl_5067,Anomaly
bgl_5068,Anomaly
bgl_5069,Anomaly
bgl_5070,Anomaly
bgl_5071,Anomaly
bgl_5072,Anomaly
bgl_5073,Anomaly
bgl_5074,Anomaly
bgl_5075,Anomaly
bgl_5076,Anomaly
bgl_5077,Anomaly
bgl_5078,Anomaly
bgl_5079,Anomaly
bgl_5080,Anomaly
bgl_5081,Anomaly
bgl_5082,Anomaly
bgl_5083,Anomaly
bgl_5084,Anomaly
bgl_5085,Anomaly
bgl_5086,Anomaly
bgl_5087,Anomaly
bgl_5088,Anomaly
bgl_5089,Anomaly
bgl_5090,Anomaly
bgl_5091,Anomaly
bgl_5092,Anomaly
bgl_5093,Anomaly
bgl_5094,Anomaly
bgl_5095,Anomaly
bgl_5096,Anomaly
bgl_5097,Anomaly
bgl_5098,Anomaly
bgl_5099,Anomaly
bgl_5100,Anomaly
bgl_5101,Anomaly
bgl_5102,Anomaly
bgl_5103,Anomaly
bgl_5104,Anomaly
bgl_5105,Anomaly
bgl_5106,Anomaly
bgl_5107,Anomaly
bgl_5108,Anomaly
bgl_5109,Anomaly
bgl_5110,Anomaly
bgl_5111,Anomaly
bgl_5112,Anomaly
bgl_5113,Anomaly
bgl_5114,Anomaly
bgl_5115,Anomaly
bgl_5116,Anomaly
bgl_5117,Anomaly
bgl_5118,Anomaly
bgl_5119,Anomaly
bgl_5120,Anomaly
bgl_5121,Anomaly
bgl_5122,Anomaly
bgl_5123,Anomaly
bgl_5124,Anomaly
bgl_5125,Anomaly
bgl_5126,Anomaly
bgl_5127,Anomaly
bgl_5128,Anomaly
bgl_5129,Anomaly
bgl_5130,Anomaly
bgl_5131,Anomaly
bgl_5132,Anomaly
bgl_5133,Anomaly
bgl_5134,Anomaly
bgl_5135,Anomaly
bgl_5136,Anomaly
bgl_5137,Anomaly
bgl_5138,Anomaly
bgl_5139,Anomaly
bgl_5140,Anomaly
bgl_5141,Anomaly
bgl_5142,Anomaly
bgl_5143,Normal
bgl_5144,Normal
bgl_5145,Normal
bgl_5146,Normal
bgl_5147,Normal
bgl_5148,Normal
bgl_5149,Normal
bgl_5150,Normal
bgl_5151,Normal
bgl_5152,Normal
bgl_5153,Normal
bgl_5154,Normal
bgl_5155,Normal
bgl_5156,Normal
bgl_5157,Normal
bgl_5158,Normal
bgl_5159,Normal
bgl_5160,Normal
bgl_5161,Normal
bgl_5162,Normal
bgl_5163,Normal
bgl_5164,Normal
bgl_5165,Normal
bgl_5166,Normal
bgl_5167,Normal
bgl_5168,Normal
bgl_5169,Normal
bgl_5170,Normal
bgl_5171,Normal
bgl_5172,Normal
bgl_5173,Normal
bgl_5174,Normal
bgl_5175,Normal
bgl_5176,Normal
bgl_5177,Normal
bgl_5178,Normal
bgl_5179,Normal
bgl_5180,Normal
bgl_5181,Normal
bgl_5182,Normal
bgl_5183,Normal
bgl_5184,Normal
bgl_5185,Normal
bgl_5186,Normal
bgl_5187,Normal
bgl_5188,Normal
bgl_5189,Normal
bgl_5190,Normal
bgl_5191,Normal
bgl_5192,Normal
bgl_5193,Normal
bgl_5194,Normal
bgl_5195,Normal
bgl_5196,Normal
bgl_5197,Normal
bgl_5198,Normal
bgl_5199,Normal
bgl_5200,Normal
bgl_5201,Normal
bgl_5202,Normal
bgl_5203,Normal
bgl_5204,Normal
bgl_5205,Normal
bgl_5206,Normal
bgl_5207,Normal
bgl_5208,Normal
bgl_5209,Normal
bgl_5210,Normal
bgl_5211,Normal
bgl_5212,Normal
bgl_5213,Normal
bgl_5214,Normal
bgl_5215,Normal
bgl_5216,Normal
bgl_5217,Normal
bgl_5218,Normal
bgl_5219,Normal
bgl_5220,Normal
bgl_5221,Normal
bgl_5222,Normal
bgl_5223,Normal
bgl_5224,Normal
bgl_5225,Normal
bgl_5226,Anomaly
bgl_5227,Anomaly
bgl_5228,Anomaly
bgl_5229,Anomaly
bgl_5230,Anomaly
bgl_5231,Anomaly
bgl_5232,Anomaly
bgl_5233,Anomaly
bgl_5234,Anomaly
bgl_5235,Anomaly
bgl_5236,Anomaly
bgl_5237,Anomaly
bgl_5238,Anomaly
bgl_5239,Anomaly
bgl_5240,Anomaly
bgl_5241,Anomaly
bgl_5242,Anomaly
bgl_5243,Anomaly
bgl_5244,Anomaly
bgl_5245,Anomaly
bgl_5246,Anomaly
bgl_5247,Anomaly
bgl_5248,Anomaly
bgl_5249,Anomaly
bgl_5250,Anomaly
bgl_5251,Anomaly
bgl_5252,Anomaly
bgl_5253,Anomaly
bgl_5254,Anomaly
bgl_5255,Anomaly
bgl_5256,Anomaly
bgl_5257,Anomaly
bgl_5258,Anomaly
bgl_5259,Anomaly
bgl_5260,Anomaly
bgl_5261,Anomaly
bgl_5262,Anomaly
bgl_5263,Anomaly
bgl_5264,Anomaly
bgl_5265,Anomaly
bgl_5266,Anomaly
bgl_5267,Anomaly
bgl_5268,Anomaly
bgl_5269,Anomaly
bgl_5270,Anomaly
bgl_5271,Anomaly
bgl_5272,Anomaly
bgl_5273,Anomaly
bgl_5274,Anomaly
bgl_5275,Anomaly
bgl_5276,Anomaly
bgl_5277,Anomaly
bgl_5278,Anomaly
bgl_5279,Anomaly
bgl_5280,Anomaly
bgl_5281,Anomaly
bgl_5282,Anomaly
bgl_5283,Anomaly
bgl_5284,Anomaly
bgl_5285,Anomaly
bgl_5286,Anomaly
bgl_5287,Anomaly
bgl_5288,Anomaly
bgl_5289,Anomaly
bgl_5290,Anomaly
bgl_5291,Anomaly
bgl_5292,Anomaly
bgl_5293,Anomaly
bgl_5294,Anomaly
bgl_5295,Anomaly
bgl_5296,Anomaly
bgl_5297,Anomaly
bgl_5298,Anomaly
bgl_5299,Anomaly
bgl_5300,Anomaly
bgl_5301,Anomaly
bgl_5302,Anomaly
bgl_5303,Anomaly
bgl_5304,Anomaly
bgl_5305,Anomaly
bgl_5306,Anomaly
bgl_5307,Anomaly
bgl_5308,Anomaly
bgl_5309,Anomaly
bgl_5310,Anomaly
bgl_5311,Normal
bgl_5312,Normal
bgl_5313,Normal
bgl_5314,Normal
bgl_5315,Normal
bgl_5316,Normal
bgl_5317,Normal
bgl_5318,Normal
bgl_5319,Normal
bgl_5320,Normal
bgl_5321,Normal
bgl_5322,Normal
bgl_5323,Normal
bgl_5324,Normal
bgl_5325,Normal
bgl_5326,Normal
bgl_5327,Normal
bgl_5328,Normal
bgl_5329,Normal
bgl_5330,Normal
bgl_5331,Normal
bgl_5332,Normal
bgl_5333,Normal
bgl_5334,Normal
bgl_5335,Normal
bgl_5336,Normal
bgl_5337,Normal
bgl_5338,Normal
bgl_5339,Normal
bgl_5340,Normal
bgl_5341,Normal
bgl_5342,Normal
bgl_5343,Normal
bgl_5344,Normal
bgl_5345,Normal
bgl_5346,Normal
bgl_5347,Normal
bgl_5348,Normal
bgl_5349,Normal
bgl_5350,Normal
bgl_5351,Normal
bgl_5352,Normal
bgl_5353,Normal
bgl_5354,Normal
bgl_5355,Normal
bgl_5356,Normal
bgl_5357,Normal
bgl_5358,Normal
bgl_5359,Normal
bgl_5360,Normal
bgl_5361,Normal
bgl_5362,Normal
bgl_5363,Normal
bgl_5364,Normal
bgl_5365,Normal
bgl_5366,Normal
bgl_5367,Normal
bgl_5368,Normal
bgl_5369,Normal
bgl_5370,Normal
bgl_5371,Normal
bgl_5372,Normal
bgl_5373,Normal
bgl_5374,Normal
bgl_5375,Normal
bgl_5376,Normal
bgl_5377,Normal
bgl_5378,Normal
bgl_5379,Normal
bgl_5380,Normal
bgl_5381,Normal
bgl_5382,Normal
bgl_5383,Normal
bgl_5384,Normal
bgl_5385,Normal
bgl_5386,Normal
bgl_5387,Normal
bgl_5388,Normal
bgl_5389,Normal
bgl_5390,Normal
bgl_5391,Normal
bgl_5392,Normal
bgl_5393,Normal
bgl_5394,Normal
bgl_5395,Normal
bgl_5396,Normal
bgl_5397,Normal
bgl_5398,Normal
bgl_5399,Normal
bgl_5400,Normal
bgl_5401,Normal
bgl_5402,Normal
bgl_5403,Normal
bgl_5404,Normal
bgl_5405,Normal
bgl_5406,Normal
bgl_5407,Normal
bgl_5408,Normal
bgl_5409,Normal
bgl_5410,Normal
bgl_5411,Normal
bgl_5412,Normal
bgl_5413,Normal
bgl_5414,Normal
bgl_5415,Normal
bgl_5416,Normal
bgl_5417,Normal
bgl_5418,Normal
bgl_5419,Normal
bgl_5420,Normal
bgl_5421,Normal
bgl_5422,Normal
bgl_5423,Normal
bgl_5424,Normal
bgl_5425,Normal
bgl_5426,Normal
bgl_5427,Normal
bgl_5428,Normal
bgl_5429,Normal
bgl_5430,Normal
bgl_5431,Normal
bgl_5432,Normal
bgl_5433,Normal
bgl_5434,Normal
bgl_5435,Normal
bgl_5436,Normal
bgl_5437,Normal
bgl_5438,Normal
bgl_5439,Normal
bgl_5440,Normal
bgl_5441,Normal
bgl_5442,Normal
bgl_5443,Normal
bgl_5444,Normal
bgl_5445,Normal
bgl_5446,Normal
bgl_5447,Normal
bgl_5448,Normal
bgl_5449,Normal
bgl_5450,Normal
bgl_5451,Normal
bgl_5452,Normal
bgl_5453,Normal
bgl_5454,Normal
bgl_5455,Normal
bgl_5456,Normal
bgl_5457,Normal
bgl_5458,Normal
bgl_5459,Normal
bgl_5460,Normal
bgl_5461,Normal
bgl_5462,Normal
bgl_5463,Normal
bgl_5464,Normal
bgl_5465,Normal
bgl_5466,Normal
bgl_5467,Normal
bgl_5468,Normal
bgl_5469,Normal
bgl_5470,Normal
bgl_5471,Normal
bgl_5472,Normal
bgl_5473,Normal
bgl_5474,Normal
bgl_5475,Normal
bgl_5476,Normal
bgl_5477,Normal
bgl_5478,Normal
bgl_5479,Normal
bgl_5480,Normal
bgl_5481,Normal
bgl_5482,Normal
bgl_5483,Normal
bgl_5484,Normal
bgl_5485,Normal
bgl_5486,Normal
bgl_5487,Normal
bgl_5488,Normal
bgl_5489,Normal
bgl_5490,Normal
bgl_5491,Normal
bgl_5492,Normal
bgl_5493,Normal
bgl_5494,Normal
bgl_5495,Normal
bgl_5496,Normal
bgl_5497,Normal
bgl_5498,Normal
bgl_5499,Normal
bgl_5500,Normal
bgl_5501,Normal
bgl_5502,Normal
bgl_5503,Normal
bgl_5504,Normal
bgl_5505,Normal
bgl_5506,Normal
bgl_5507,Normal
bgl_5508,Normal
bgl_5509,Normal
bgl_5510,Normal
bgl_5511,Normal
bgl_5512,Normal
bgl_5513,Normal
bgl_5514,Normal
bgl_5515,Normal
bgl_5516,Normal
bgl_5517,Normal
bgl_5518,Normal
bgl_5519,Normal
bgl_5520,Normal
bgl_5521,Normal
bgl_5522,Normal
bgl_5523,Normal
bgl_5524,Normal
bgl_5525,Normal
bgl_5526,Normal
bgl_5527,Normal
bgl_5528,Normal
bgl_5529,Normal
bgl_5530,Normal
bgl_5531,Normal
bgl_5532,Normal
bgl_5533,Normal
bgl_5534,Normal
bgl_5535,Normal
bgl_5536,Normal
bgl_5537,Normal
bgl_5538,Normal
bgl_5539,Normal
bgl_5540,Normal
bgl_5541,Normal
bgl_5542,Normal
bgl_5543,Normal
bgl_5544,Normal
bgl_5545,Normal
bgl_5546,Normal
bgl_5547,Normal
bgl_5548,Normal
bgl_5549,Normal
bgl_5550,Normal
bgl_5551,Normal
bgl_5552,Normal
bgl_5553,Normal
bgl_5554,Normal
bgl_5555,Normal
bgl_5556,Normal
bgl_5557,Normal
bgl_5558,Normal
bgl_5559,Normal
bgl_5560,Normal
bgl_5561,Normal
bgl_5562,Normal
bgl_5563,Normal
bgl_5564,Normal
bgl_5565,Normal
bgl_5566,Normal
bgl_5567,Normal
bgl_5568,Normal
bgl_5569,Normal
bgl_5570,Normal
bgl_5571,Normal
bgl_5572,Normal
bgl_5573,Normal
bgl_5574,Normal
bgl_5575,Normal
bgl_5576,Normal
bgl_5577,Normal
bgl_5578,Normal
bgl_5579,Normal
bgl_5580,Normal
bgl_5581,Normal
bgl_5582,Normal
bgl_5583,Normal
bgl_5584,Normal
bgl_5585,Normal
bgl_5586,Normal
bgl_5587,Normal
bgl_5588,Normal
bgl_5589,Normal
bgl_5590,Normal
bgl_5591,Normal
bgl_5592,Normal
bgl_5593,Normal
bgl_5594,Normal
bgl_5595,Normal
bgl_5596,Normal
bgl_5597,Normal
bgl_5598,Normal
bgl_5599,Normal
bgl_5600,Normal
bgl_5601,Normal
bgl_5602,Normal
bgl_5603,Normal
bgl_5604,Normal
bgl_5605,Normal
bgl_5606,Normal
bgl_5607,Normal
bgl_5608,Normal
bgl_5609,Normal
bgl_5610,Normal
bgl_5611,Normal
bgl_5612,Normal
bgl_5613,Normal
bgl_5614,Normal
bgl_5615,Normal
bgl_5616,Normal
bgl_5617,Normal
bgl_5618,Normal
bgl_5619,Normal
bgl_5620,Normal
bgl_5621,Normal
bgl_5622,Normal
bgl_5623,Normal
bgl_5624,Normal
bgl_5625,Normal
bgl_5626,Normal
bgl_5627,Normal
bgl_5628,Normal
bgl_5629,Normal
bgl_5630,Normal
bgl_5631,Normal
bgl_5632,Normal
bgl_5633,Normal
bgl_5634,Normal
bgl_5635,Normal
bgl_5636,Normal
bgl_5637,Normal
bgl_5638,Normal
bgl_5639,Normal
bgl_5640,Normal
bgl_5641,Normal
bgl_5642,Normal
bgl_5643,Normal
bgl_5644,Normal
bgl_5645,Normal
bgl_5646,Normal
bgl_5647,Normal
bgl_5648,Normal
bgl_5649,Normal
bgl_5650,Normal
bgl_5651,Normal
bgl_5652,Normal
bgl_5653,Normal
bgl_5654,Normal
bgl_5655,Normal
bgl_5656,Normal
bgl_5657,Normal
bgl_5658,Normal
bgl_5659,Normal
bgl_5660,Normal
bgl_5661,Normal
bgl_5662,Normal
bgl_5663,Normal
bgl_5664,Normal
bgl_5665,Normal
bgl_5666,Normal
bgl_5667,Normal
bgl_5668,Normal
bgl_5669,Normal
bgl_5670,Normal
bgl_5671,Normal
bgl_5672,Normal
bgl_5673,Normal
bgl_5674,Normal
bgl_5675,Normal
bgl_5676,Normal
bgl_5677,Normal
bgl_5678,Normal
bgl_5679,Normal
bgl_5680,Normal
bgl_5681,Normal
bgl_5682,Normal
bgl_5683,Normal
bgl_5684,Normal
bgl_5685,Normal
bgl_5686,Normal
bgl_5687,Normal
bgl_5688,Normal
bgl_5689,Normal
bgl_5690,Normal
bgl_5691,Normal
bgl_5692,Normal
bgl_5693,Normal
bgl_5694,Normal
bgl_5695,Normal
bgl_5696,Normal
bgl_5697,Normal
bgl_5698,Normal
bgl_5699,Normal
bgl_5700,Normal
bgl_5701,Normal
bgl_5702,Normal
bgl_5703,Normal
bgl_5704,Normal
bgl_5705,Normal
bgl_5706,Normal
bgl_5707,Normal
bgl_5708,Normal
bgl_5709,Normal
bgl_5710,Normal
bgl_5711,Normal
bgl_5712,Normal
bgl_5713,Normal
bgl_5714,Normal
bgl_5715,Normal
bgl_5716,Normal
bgl_5717,Normal
bgl_5718,Normal
bgl_5719,Normal
bgl_5720,Normal
bgl_5721,Normal
bgl_5722,Normal
bgl_5723,Normal
bgl_5724,Normal
bgl_5725,Normal
bgl_5726,Normal
bgl_5727,Normal
bgl_5728,Normal
bgl_5729,Normal
bgl_5730,Normal
bgl_5731,Normal
bgl_5732,Normal
bgl_5733,Normal
bgl_5734,Normal
bgl_5735,Normal
bgl_5736,Normal
bgl_5737,Normal
bgl_5738,Normal
bgl_5739,Normal
bgl_5740,Normal
bgl_5741,Normal
bgl_5742,Normal
bgl_5743,Normal
bgl_5744,Normal
bgl_5745,Normal
bgl_5746,Normal
bgl_5747,Normal
bgl_5748,Normal
bgl_5749,Normal
bgl_5750,Normal
bgl_5751,Normal
bgl_5752,Normal
bgl_5753,Normal
bgl_5754,Normal
bgl_5755,Normal
bgl_5756,Normal
bgl_5757,Normal
bgl_5758,Normal
bgl_5759,Normal
bgl_5760,Normal
bgl_5761,Normal
bgl_5762,Normal
bgl_5763,Normal
bgl_5764,Normal
bgl_5765,Normal
bgl_5766,Normal
bgl_5767,Normal
bgl_5768,Normal
bgl_5769,Normal
bgl_5770,Normal
bgl_5771,Normal
bgl_5772,Normal
bgl_5773,Normal
bgl_5774,Normal
bgl_5775,Normal
bgl_5776,Normal
bgl_5777,Normal
bgl_5778,Normal
bgl_5779,Normal
bgl_5780,Normal
bgl_5781,Normal
bgl_5782,Normal
bgl_5783,Normal
bgl_5784,Normal
bgl_5785,Normal
bgl_5786,Normal
bgl_5787,Normal
bgl_5788,Normal
bgl_5789,Normal
bgl_5790,Normal
bgl_5791,Normal
bgl_5792,Normal
bgl_5793,Normal
bgl_5794,Normal
bgl_5795,Normal
bgl_5796,Normal
bgl_5797,Normal
bgl_5798,Normal
bgl_5799,Normal
bgl_5800,Normal
bgl_5801,Normal
bgl_5802,Normal
bgl_5803,Normal
bgl_5804,Normal
bgl_5805,Normal
bgl_5806,Normal
bgl_5807,Normal
bgl_5808,Normal
bgl_5809,Normal
bgl_5810,Normal
bgl_5811,Normal
bgl_5812,Normal
bgl_5813,Normal
bgl_5814,Normal
bgl_5815,Normal
bgl_5816,Normal
bgl_5817,Normal
bgl_5818,Normal
bgl_5819,Normal
bgl_5820,Normal
bgl_5821,Normal
bgl_5822,Normal
bgl_5823,Normal
bgl_5824,Normal
bgl_5825,Normal
bgl_5826,Normal
bgl_5827,Normal
bgl_5828,Normal
bgl_5829,Normal
bgl_5830,Normal
bgl_5831,Normal
bgl_5832,Normal
bgl_5833,Normal
bgl_5834,Normal
bgl_5835,Normal
bgl_5836,Normal
bgl_5837,Normal
bgl_5838,Normal
bgl_5839,Normal
bgl_5840,Normal
bgl_5841,Normal
bgl_5842,Normal
bgl_5843,Normal
bgl_5844,Normal
bgl_5845,Normal
bgl_5846,Normal
bgl_5847,Normal
bgl_5848,Normal
bgl_5849,Normal
bgl_5850,Normal
bgl_5851,Normal
bgl_5852,Normal
bgl_5853,Normal
bgl_5854,Normal
bgl_5855,Normal
bgl_5856,Normal
bgl_5857,Normal
bgl_5858,Normal
bgl_5859,Normal
bgl_5860,Normal
bgl_5861,Normal
bgl_5862,Normal
bgl_5863,Normal
bgl_5864,Normal
bgl_5865,Normal
bgl_5866,Normal
bgl_5867,Normal
bgl_5868,Normal
bgl_5869,Normal
bgl_5870,Normal
bgl_5871,Normal
bgl_5872,Normal
bgl_5873,Normal
bgl_5874,Normal
bgl_5875,Normal
bgl_5876,Normal
bgl_5877,Normal
bgl_5878,Normal
bgl_5879,Normal
bgl_5880,Normal
bgl_5881,Normal
bgl_5882,Normal
bgl_5883,Normal
bgl_5884,Normal
bgl_5885,Normal
bgl_5886,Normal
bgl_5887,Normal
bgl_5888,Normal
bgl_5889,Normal
bgl_5890,Normal
bgl_5891,Normal
bgl_5892,Normal
bgl_5893,Normal
bgl_5894,Normal
bgl_5895,Normal
bgl_5896,Normal
bgl_5897,Normal
bgl_5898,Normal
bgl_5899,Normal
bgl_5900,Normal
bgl_5901,Normal
bgl_5902,Normal
bgl_5903,Normal
bgl_5904,Normal
bgl_5905,Normal
bgl_5906,Normal
bgl_5907,Normal
bgl_5908,Normal
bgl_5909,Normal
bgl_5910,Normal
bgl_5911,Normal
bgl_5912,Normal
bgl_5913,Normal
bgl_5914,Normal
bgl_5915,Normal
bgl_5916,Normal
bgl_5917,Normal
bgl_5918,Normal
bgl_5919,Normal
bgl_5920,Normal
bgl_5921,Normal
bgl_5922,Normal
bgl_5923,Normal
bgl_5924,Normal
bgl_5925,Normal
bgl_5926,Normal
bgl_5927,Normal
bgl_5928,Normal
bgl_5929,Normal
bgl_5930,Normal
bgl_5931,Normal
bgl_5932,Normal
bgl_5933,Normal
bgl_5934,Normal
bgl_5935,Normal
bgl_5936,Normal
bgl_5937,Normal
bgl_5938,Normal
bgl_5939,Normal
bgl_5940,Normal
bgl_5941,Normal
bgl_5942,Normal
bgl_5943,Normal
bgl_5944,Normal
bgl_5945,Normal
bgl_5946,Normal
bgl_5947,Normal
bgl_5948,Normal
bgl_5949,Normal
bgl_5950,Normal
bgl_5951,Normal
bgl_5952,Normal
bgl_5953,Normal
bgl_5954,Normal
bgl_5955,Normal
bgl_5956,Normal
bgl_5957,Normal
bgl_5958,Normal
bgl_5959,Normal
bgl_5960,Normal
bgl_5961,Normal
bgl_5962,Normal
bgl_5963,Normal
bgl_5964,Normal
bgl_5965,Normal
bgl_5966,Normal
bgl_5967,Normal
bgl_5968,Normal
bgl_5969,Normal
bgl_5970,Normal
bgl_5971,Normal
bgl_5972,Normal
bgl_5973,Normal
bgl_5974,Normal
bgl_5975,Normal
bgl_5976,Normal
bgl_5977,Normal
bgl_5978,Normal
bgl_5979,Normal
bgl_5980,Normal
bgl_5981,Normal
bgl_5982,Normal
bgl_5983,Normal
bgl_5984,Normal
bgl_5985,Normal
bgl_5986,Normal
bgl_5987,Normal
bgl_5988,Normal
bgl_5989,Normal
bgl_5990,Normal
bgl_5991,Normal
bgl_5992,Normal
bgl_5993,Normal
bgl_5994,Normal
bgl_5995,Normal
bgl_5996,Normal
bgl_5997,Normal
bgl_5998,Normal
bgl_5999,Normal
bgl_6000,Normal
bgl_6001,Normal
bgl_6002,Normal
bgl_6003,Normal
bgl_6004,Normal
bgl_6005,Normal
bgl_6006,Normal
bgl_6007,Normal
bgl_6008,Normal
bgl_6009,Normal
bgl_6010,Normal
bgl_6011,Normal
bgl_6012,Normal
bgl_6013,Normal
bgl_6014,Normal
bgl_6015,Normal
bgl_6016,Normal
bgl_6017,Normal
bgl_6018,Normal
bgl_6019,Normal
bgl_6020,Normal
bgl_6021,Normal
bgl_6022,Normal
bgl_6023,Normal
bgl_6024,Normal
bgl_6025,Normal
bgl_6026,Normal
bgl_6027,Normal
bgl_6028,Normal
bgl_6029,Normal
bgl_6030,Normal
bgl_6031,Normal
bgl_6032,Normal
bgl_6033,Normal
bgl_6034,Normal
bgl_6035,Normal
bgl_6036,Normal
bgl_6037,Normal
bgl_6038,Normal
bgl_6039,Normal
bgl_6040,Normal
bgl_6041,Normal
bgl_6042,Normal
bgl_6043,Normal
bgl_6044,Normal
bgl_6045,Normal
bgl_6046,Normal
bgl_6047,Normal
bgl_6048,Normal
bgl_6049,Normal
bgl_6050,Normal
bgl_6051,Normal
bgl_6052,Normal
bgl_6053,Normal
bgl_6054,Normal
bgl_6055,Normal
bgl_6056,Normal
bgl_6057,Normal
bgl_6058,Normal
bgl_6059,Normal
bgl_6060,Normal
bgl_6061,Normal
bgl_6062,Normal
bgl_6063,Normal
bgl_6064,Normal
bgl_6065,Normal
bgl_6066,Normal
bgl_6067,Normal
bgl_6068,Normal
bgl_6069,Normal
bgl_6070,Normal
bgl_6071,Normal
bgl_6072,Normal
bgl_6073,Normal
bgl_6074,Normal
bgl_6075,Normal
bgl_6076,Normal
bgl_6077,Normal
bgl_6078,Normal
bgl_6079,Normal
bgl_6080,Normal
bgl_6081,Normal
bgl_6082,Normal
bgl_6083,Normal
bgl_6084,Normal
bgl_6085,Normal
bgl_6086,Normal
bgl_6087,Normal
bgl_6088,Normal
bgl_6089,Normal
bgl_6090,Normal
bgl_6091,Normal
bgl_6092,Normal
bgl_6093,Normal
bgl_6094,Normal
bgl_6095,Normal
bgl_6096,Normal
bgl_6097,Normal
bgl_6098,Normal
bgl_6099,Normal
bgl_6100,Normal
bgl_6101,Normal
bgl_6102,Normal
bgl_6103,Normal
bgl_6104,Normal
bgl_6105,Normal
bgl_6106,Normal
bgl_6107,Normal
bgl_6108,Normal
bgl_6109,Normal
bgl_6110,Normal
bgl_6111,Normal
bgl_6112,Normal
bgl_6113,Normal
bgl_6114,Normal
bgl_6115,Normal
bgl_6116,Normal
bgl_6117,Normal
bgl_6118,Normal
bgl_6119,Normal
bgl_6120,Normal
bgl_6121,Normal
bgl_6122,Normal
bgl_6123,Normal
bgl_6124,Normal
bgl_6125,Normal
bgl_6126,Normal
bgl_6127,Normal
bgl_6128,Normal
bgl_6129,Normal
bgl_6130,Normal
bgl_6131,Normal
bgl_6132,Normal
bgl_6133,Normal
bgl_6134,Normal
bgl_6135,Normal
bgl_6136,Normal
bgl_6137,Normal
bgl_6138,Normal
bgl_6139,Normal
bgl_6140,Normal
bgl_6141,Normal
bgl_6142,Normal
bgl_6143,Normal
bgl_6144,Normal
bgl_6145,Normal
bgl_6146,Normal
bgl_6147,Normal
bgl_6148,Normal
bgl_6149,Normal
bgl_6150,Normal
bgl_6151,Normal
bgl_6152,Normal
bgl_6153,Normal
bgl_6154,Normal
bgl_6155,Normal
bgl_6156,Normal
bgl_6157,Normal
bgl_6158,Normal
bgl_6159,Normal
bgl_6160,Normal
bgl_6161,Normal
bgl_6162,Normal
bgl_6163,Normal
bgl_6164,Normal
bgl_6165,Normal
bgl_6166,Normal
bgl_6167,Normal
bgl_6168,Normal
bgl_6169,Normal
bgl_6170,Normal
bgl_6171,Normal
bgl_6172,Normal
bgl_6173,Normal
bgl_6174,Normal
bgl_6175,Normal
bgl_6176,Normal
bgl_6177,Normal
bgl_6178,Normal
bgl_6179,Normal
bgl_6180,Normal
bgl_6181,Normal
bgl_6182,Normal
bgl_6183,Normal
bgl_6184,Normal
bgl_6185,Normal
bgl_6186,Normal
bgl_6187,Normal
bgl_6188,Normal
bgl_6189,Normal
bgl_6190,Normal
bgl_6191,Normal
bgl_6192,Normal
bgl_6193,Normal
bgl_6194,Normal
bgl_6195,Normal
bgl_6196,Normal
bgl_6197,Normal
bgl_6198,Normal
bgl_6199,Normal
bgl_6200,Normal
bgl_6201,Normal
bgl_6202,Normal
bgl_6203,Normal
bgl_6204,Normal
bgl_6205,Normal
bgl_6206,Normal
bgl_6207,Normal
bgl_6208,Normal
bgl_6209,Normal
bgl_6210,Normal
bgl_6211,Normal
bgl_6212,Normal
bgl_6213,Normal
bgl_6214,Normal
bgl_6215,Normal
bgl_6216,Normal
bgl_6217,Normal
bgl_6218,Normal
bgl_6219,Normal
bgl_6220,Normal
bgl_6221,Normal
bgl_6222,Normal
bgl_6223,Normal
bgl_6224,Normal
bgl_6225,Normal
bgl_6226,Normal
bgl_6227,Normal
bgl_6228,Normal
bgl_6229,Normal
bgl_6230,Normal
bgl_6231,Normal
bgl_6232,Normal
bgl_6233,Normal
bgl_6234,Normal
bgl_6235,Normal
bgl_6236,Normal
bgl_6237,Normal
bgl_6238,Normal
bgl_6239,Normal
bgl_6240,Normal
bgl_6241,Normal
bgl_6242,Normal
bgl_6243,Normal
bgl_6244,Normal
bgl_6245,Normal
bgl_6246,Normal
bgl_6247,Normal
bgl_6248,Normal
bgl_6249,Normal
bgl_6250,Normal
bgl_6251,Normal
bgl_6252,Normal
bgl_6253,Normal
bgl_6254,Normal
bgl_6255,Normal
bgl_6256,Normal
bgl_6257,Normal
bgl_6258,Normal
bgl_6259,Normal
bgl_6260,Normal
bgl_6261,Normal
bgl_6262,Normal
bgl_6263,Normal
bgl_6264,Normal
bgl_6265,Normal
bgl_6266,Normal
bgl_6267,Normal
bgl_6268,Normal
bgl_6269,Normal
bgl_6270,Normal
bgl_6271,Normal
bgl_6272,Normal
bgl_6273,Normal
bgl_6274,Normal
bgl_6275,Normal
bgl_6276,Normal
bgl_6277,Normal
bgl_6278,Normal
bgl_6279,Normal
bgl_6280,Normal
bgl_6281,Normal
bgl_6282,Normal
bgl_6283,Normal
bgl_6284,Normal
bgl_6285,Normal
bgl_6286,Normal
bgl_6287,Normal
bgl_6288,Normal
bgl_6289,Normal
bgl_6290,Normal
bgl_6291,Normal
bgl_6292,Normal
bgl_6293,Normal
bgl_6294,Normal
bgl_6295,Normal
bgl_6296,Normal
bgl_6297,Normal
bgl_6298,Normal
bgl_6299,Normal
bgl_6300,Normal
bgl_6301,Normal
bgl_6302,Normal
bgl_6303,Normal
bgl_6304,Normal
bgl_6305,Normal
bgl_6306,Normal
bgl_6307,Normal
bgl_6308,Normal
bgl_6309,Normal
bgl_6310,Normal
bgl_6311,Normal
bgl_6312,Normal
bgl_6313,Normal
bgl_6314,Normal
bgl_6315,Normal
bgl_6316,Normal
bgl_6317,Normal
bgl_6318,Normal
bgl_6319,Normal
bgl_6320,Normal
bgl_6321,Normal
bgl_6322,Normal
bgl_6323,Normal
bgl_6324,Normal
bgl_6325,Normal
bgl_6326,Normal
bgl_6327,Normal
bgl_6328,Normal
bgl_6329,Normal
bgl_6330,Normal
bgl_6331,Normal
bgl_6332,Normal
bgl_6333,Normal
bgl_6334,Normal
bgl_6335,Normal
bgl_6336,Normal
bgl_6337,Normal
bgl_6338,Normal
bgl_6339,Normal
bgl_6340,Normal
bgl_6341,Normal
bgl_6342,Normal
bgl_6343,Normal
bgl_6344,Normal
bgl_6345,Normal
bgl_6346,Normal
bgl_6347,Normal
bgl_6348,Normal
bgl_6349,Normal
bgl_6350,Normal
bgl_6351,Normal
bgl_6352,Normal
bgl_6353,Normal
bgl_6354,Normal
bgl_6355,Normal
bgl_6356,Normal
bgl_6357,Normal
bgl_6358,Normal
bgl_6359,Normal
bgl_6360,Normal
bgl_6361,Normal
bgl_6362,Normal
bgl_6363,Normal
bgl_6364,Normal
bgl_6365,Normal
bgl_6366,Normal
bgl_6367,Normal
bgl_6368,Normal
bgl_6369,Normal
bgl_6370,Normal
bgl_6371,Normal
bgl_6372,Normal
bgl_6373,Normal
bgl_6374,Normal
bgl_6375,Normal
bgl_6376,Normal
bgl_6377,Normal
bgl_6378,Normal
bgl_6379,Normal
bgl_6380,Normal
bgl_6381,Normal
bgl_6382,Normal
bgl_6383,Normal
bgl_6384,Normal
bgl_6385,Normal
bgl_6386,Normal
bgl_6387,Normal
bgl_6388,Normal
bgl_6389,Normal
bgl_6390,Normal
bgl_6391,Normal
bgl_6392,Normal
bgl_6393,Normal
bgl_6394,Normal
bgl_6395,Normal
bgl_6396,Normal
bgl_6397,Normal
bgl_6398,Normal
bgl_6399,Normal
bgl_6400,Normal
bgl_6401,Normal
bgl_6402,Normal
bgl_6403,Normal
bgl_6404,Normal
bgl_6405,Normal
bgl_6406,Normal
bgl_6407,Normal
bgl_6408,Normal
bgl_6409,Normal
bgl_6410,Normal
bgl_6411,Normal
bgl_6412,Normal
bgl_6413,Normal
bgl_6414,Normal
bgl_6415,Normal
bgl_6416,Normal
bgl_6417,Normal
bgl_6418,Normal
bgl_6419,Normal
bgl_6420,Normal
bgl_6421,Normal
bgl_6422,Normal
bgl_6423,Normal
bgl_6424,Normal
bgl_6425,Normal
bgl_6426,Normal
bgl_6427,Normal
bgl_6428,Normal
bgl_6429,Normal
bgl_6430,Normal
bgl_6431,Normal
bgl_6432,Normal
bgl_6433,Normal
bgl_6434,Normal
bgl_6435,Normal
bgl_6436,Normal
bgl_6437,Normal
bgl_6438,Normal
bgl_6439,Normal
bgl_6440,Normal
bgl_6441,Normal
bgl_6442,Normal
bgl_6443,Normal
bgl_6444,Normal
bgl_6445,Normal
bgl_6446,Normal
bgl_6447,Normal
bgl_6448,Normal
bgl_6449,Normal
bgl_6450,Normal
bgl_6451,Normal
bgl_6452,Normal
bgl_6453,Normal
bgl_6454,Normal
bgl_6455,Normal
bgl_6456,Normal
bgl_6457,Normal
bgl_6458,Normal
bgl_6459,Normal
bgl_6460,Normal
bgl_6461,Normal
bgl_6462,Normal
bgl_6463,Normal
bgl_6464,Normal
bgl_6465,Normal
bgl_6466,Normal
bgl_6467,Normal
bgl_6468,Normal
bgl_6469,Normal
bgl_6470,Normal
bgl_6471,Normal
bgl_6472,Normal
bgl_6473,Normal
bgl_6474,Normal
bgl_6475,Normal
bgl_6476,Normal
bgl_6477,Normal
bgl_6478,Normal
bgl_6479,Normal
bgl_6480,Normal
bgl_6481,Normal
bgl_6482,Normal
bgl_6483,Normal
bgl_6484,Normal
bgl_6485,Normal
bgl_6486,Normal
bgl_6487,Normal
bgl_6488,Normal
bgl_6489,Normal
bgl_6490,Normal
bgl_6491,Normal
bgl_6492,Normal
bgl_6493,Normal
bgl_6494,Normal
bgl_6495,Normal
bgl_6496,Normal
bgl_6497,Normal
bgl_6498,Normal
bgl_6499,Normal
bgl_6500,Normal
bgl_6501,Normal
bgl_6502,Normal
bgl_6503,Normal
bgl_6504,Normal
bgl_6505,Normal
bgl_6506,Normal
bgl_6507,Normal
bgl_6508,Normal
bgl_6509,Normal
bgl_6510,Normal
bgl_6511,Normal
bgl_6512,Normal
bgl_6513,Normal
bgl_6514,Normal
bgl_6515,Normal
bgl_6516,Normal
bgl_6517,Normal
bgl_6518,Normal
bgl_6519,Normal
bgl_6520,Normal
bgl_6521,Normal
bgl_6522,Normal
bgl_6523,Normal
bgl_6524,Normal
bgl_6525,Normal
bgl_6526,Normal
bgl_6527,Normal
bgl_6528,Normal
bgl_6529,Normal
bgl_6530,Normal
bgl_6531,Normal
bgl_6532,Normal
bgl_6533,Normal
bgl_6534,Normal
bgl_6535,Normal
bgl_6536,Normal
bgl_6537,Normal
bgl_6538,Normal
bgl_6539,Normal
bgl_6540,Normal
bgl_6541,Normal
bgl_6542,Normal
bgl_6543,Normal
bgl_6544,Normal
bgl_6545,Normal
bgl_6546,Normal
bgl_6547,Normal
bgl_6548,Normal
bgl_6549,Normal
bgl_6550,Normal
bgl_6551,Normal
bgl_6552,Normal
bgl_6553,Normal
bgl_6554,Normal
bgl_6555,Normal
bgl_6556,Normal
bgl_6557,Normal
bgl_6558,Normal
bgl_6559,Normal
bgl_6560,Normal
bgl_6561,Normal
bgl_6562,Normal
bgl_6563,Normal
bgl_6564,Normal
bgl_6565,Normal
bgl_6566,Normal
bgl_6567,Normal
bgl_6568,Normal
bgl_6569,Normal
bgl_6570,Normal
bgl_6571,Normal
bgl_6572,Normal
bgl_6573,Normal
bgl_6574,Normal
bgl_6575,Normal
bgl_6576,Normal
bgl_6577,Normal
bgl_6578,Normal
bgl_6579,Normal
bgl_6580,Normal
bgl_6581,Normal
bgl_6582,Normal
bgl_6583,Normal
bgl_6584,Normal
bgl_6585,Normal
bgl_6586,Normal
bgl_6587,Normal
bgl_6588,Normal
bgl_6589,Normal
bgl_6590,Normal
bgl_6591,Normal
bgl_6592,Normal
bgl_6593,Normal
bgl_6594,Normal
bgl_6595,Normal
bgl_6596,Normal
bgl_6597,Normal
bgl_6598,Normal
bgl_6599,Normal
bgl_6600,Normal
bgl_6601,Normal
bgl_6602,Normal
bgl_6603,Normal
bgl_6604,Normal
bgl_6605,Normal
bgl_6606,Normal
bgl_6607,Normal
bgl_6608,Normal
bgl_6609,Normal
bgl_6610,Normal
bgl_6611,Normal
bgl_6612,Normal
bgl_6613,Normal
bgl_6614,Normal
bgl_6615,Normal
bgl_6616,Normal
bgl_6617,Normal
bgl_6618,Normal
bgl_6619,Normal
bgl_6620,Normal
bgl_6621,Normal
bgl_6622,Normal
bgl_6623,Normal
bgl_6624,Normal
bgl_6625,Normal
bgl_6626,Normal
bgl_6627,Normal
bgl_6628,Normal
bgl_6629,Normal
bgl_6630,Normal
bgl_6631,Normal
bgl_6632,Normal
bgl_6633,Normal
bgl_6634,Normal
bgl_6635,Normal
bgl_6636,Normal
bgl_6637,Normal
bgl_6638,Normal
bgl_6639,Normal
bgl_6640,Normal
bgl_6641,Normal
bgl_6642,Normal
bgl_6643,Normal
bgl_6644,Normal
bgl_6645,Normal
bgl_6646,Normal
bgl_6647,Normal
bgl_6648,Normal
bgl_6649,Normal
bgl_6650,Normal
bgl_6651,Normal
bgl_6652,Normal
bgl_6653,Normal
bgl_6654,Normal
bgl_6655,Normal
bgl_6656,Normal
bgl_6657,Normal
bgl_6658,Normal
bgl_6659,Normal
bgl_6660,Normal
bgl_6661,Normal
bgl_6662,Normal
bgl_6663,Normal
bgl_6664,Normal
bgl_6665,Normal
bgl_6666,Normal
bgl_6667,Normal
bgl_6668,Normal
bgl_6669,Normal
bgl_6670,Normal
bgl_6671,Normal
bgl_6672,Normal
bgl_6673,Normal
bgl_6674,Normal
bgl_6675,Normal
bgl_6676,Normal
bgl_6677,Normal
bgl_6678,Normal
bgl_6679,Normal
bgl_6680,Normal
bgl_6681,Normal
bgl_6682,Normal
bgl_6683,Normal
bgl_6684,Normal
bgl_6685,Normal
bgl_6686,Normal
bgl_6687,Normal
bgl_6688,Normal
bgl_6689,Normal
bgl_6690,Normal
bgl_6691,Normal
bgl_6692,Normal
bgl_6693,Normal
bgl_6694,Normal
bgl_6695,Normal
bgl_6696,Normal
bgl_6697,Normal
bgl_6698,Normal
bgl_6699,Normal
bgl_6700,Normal
bgl_6701,Normal
bgl_6702,Normal
bgl_6703,Normal
bgl_6704,Normal
bgl_6705,Normal
bgl_6706,Normal
bgl_6707,Normal
bgl_6708,Normal
bgl_6709,Normal
bgl_6710,Normal
bgl_6711,Normal
bgl_6712,Normal
bgl_6713,Normal
bgl_6714,Normal
bgl_6715,Normal
bgl_6716,Normal
bgl_6717,Normal
bgl_6718,Normal
bgl_6719,Normal
bgl_6720,Normal
bgl_6721,Normal
bgl_6722,Normal
bgl_6723,Normal
bgl_6724,Normal
bgl_6725,Normal
bgl_6726,Normal
bgl_6727,Normal
bgl_6728,Normal
bgl_6729,Normal
bgl_6730,Normal
bgl_6731,Normal
bgl_6732,Normal
bgl_6733,Normal
bgl_6734,Normal
bgl_6735,Normal
bgl_6736,Normal
bgl_6737,Normal
bgl_6738,Normal
bgl_6739,Normal
bgl_6740,Normal
bgl_6741,Normal
bgl_6742,Normal
bgl_6743,Normal
bgl_6744,Normal
bgl_6745,Normal
bgl_6746,Normal
bgl_6747,Normal
bgl_6748,Normal
bgl_6749,Normal
bgl_6750,Normal
bgl_6751,Normal
bgl_6752,Normal
bgl_6753,Normal
bgl_6754,Normal
bgl_6755,Normal
bgl_6756,Normal
bgl_6757,Normal
bgl_6758,Normal
bgl_6759,Normal
bgl_6760,Normal
bgl_6761,Normal
bgl_6762,Normal
bgl_6763,Normal
bgl_6764,Normal
bgl_6765,Normal
bgl_6766,Normal
bgl_6767,Normal
bgl_6768,Normal
bgl_6769,Normal
bgl_6770,Normal
bgl_6771,Normal
bgl_6772,Normal
bgl_6773,Normal
bgl_6774,Normal
bgl_6775,Normal
bgl_6776,Normal
bgl_6777,Normal
bgl_6778,Normal
bgl_6779,Normal
bgl_6780,Normal
bgl_6781,Normal
bgl_6782,Normal
bgl_6783,Normal
bgl_6784,Normal
bgl_6785,Normal
bgl_6786,Normal
bgl_6787,Normal
bgl_6788,Normal
bgl_6789,Normal
bgl_6790,Normal
bgl_6791,Normal
bgl_6792,Normal
bgl_6793,Normal
bgl_6794,Normal
bgl_6795,Normal
bgl_6796,Normal
bgl_6797,Normal
bgl_6798,Normal
bgl_6799,Normal
bgl_6800,Normal
bgl_6801,Normal
bgl_6802,Normal
bgl_6803,Normal
bgl_6804,Normal
bgl_6805,Normal
bgl_6806,Normal
bgl_6807,Normal
bgl_6808,Normal
bgl_6809,Normal
bgl_6810,Normal
bgl_6811,Normal
bgl_6812,Normal
bgl_6813,Normal
bgl_6814,Normal
bgl_6815,Normal
bgl_6816,Normal
bgl_6817,Normal
bgl_6818,Normal
bgl_6819,Normal
bgl_6820,Normal
bgl_6821,Normal
bgl_6822,Normal
bgl_6823,Normal
bgl_6824,Normal
bgl_6825,Normal
bgl_6826,Normal
bgl_6827,Normal
bgl_6828,Normal
bgl_6829,Normal
bgl_6830,Normal
bgl_6831,Normal
bgl_6832,Normal
bgl_6833,Normal
bgl_6834,Normal
bgl_6835,Normal
bgl_6836,Normal
bgl_6837,Normal
bgl_6838,Normal
bgl_6839,Normal
bgl_6840,Normal
bgl_6841,Normal
bgl_6842,Normal
bgl_6843,Normal
bgl_6844,Normal
bgl_6845,Normal
bgl_6846,Normal
bgl_6847,Normal
bgl_6848,Normal
bgl_6849,Normal
bgl_6850,Normal
bgl_6851,Normal
bgl_6852,Normal
bgl_6853,Normal
bgl_6854,Normal
bgl_6855,Normal
bgl_6856,Normal
bgl_6857,Normal
bgl_6858,Normal
bgl_6859,Normal
bgl_6860,Normal
bgl_6861,Normal
bgl_6862,Normal
bgl_6863,Normal
bgl_6864,Normal
bgl_6865,Normal
bgl_6866,Normal
bgl_6867,Normal
bgl_6868,Normal
bgl_6869,Normal
bgl_6870,Normal
bgl_6871,Normal
bgl_6872,Normal
bgl_6873,Normal
bgl_6874,Normal
bgl_6875,Normal
bgl_6876,Normal
bgl_6877,Normal
bgl_6878,Normal
bgl_6879,Normal
bgl_6880,Normal
bgl_6881,Normal
bgl_6882,Normal
bgl_6883,Normal
bgl_6884,Normal
bgl_6885,Normal
bgl_6886,Normal
bgl_6887,Normal
bgl_6888,Normal
bgl_6889,Normal
bgl_6890,Normal
bgl_6891,Normal
bgl_6892,Normal
bgl_6893,Normal
bgl_6894,Normal
bgl_6895,Normal
bgl_6896,Normal
bgl_6897,Normal
bgl_6898,Normal
bgl_6899,Normal
bgl_6900,Normal
bgl_6901,Normal
bgl_6902,Normal
bgl_6903,Normal
bgl_6904,Normal
bgl_6905,Normal
bgl_6906,Normal
bgl_6907,Normal
bgl_6908,Normal
bgl_6909,Normal
bgl_6910,Normal
bgl_6911,Normal
bgl_6912,Normal
bgl_6913,Normal
bgl_6914,Normal
bgl_6915,Normal
bgl_6916,Normal
bgl_6917,Normal
bgl_6918,Normal
bgl_6919,Normal
bgl_6920,Normal
bgl_6921,Normal
bgl_6922,Normal
bgl_6923,Normal
bgl_6924,Normal
bgl_6925,Normal
bgl_6926,Normal
bgl_6927,Normal
bgl_6928,Normal
bgl_6929,Normal
bgl_6930,Normal
bgl_6931,Normal
bgl_6932,Normal
bgl_6933,Normal
bgl_6934,Normal
bgl_6935,Normal
bgl_6936,Normal
bgl_6937,Normal
bgl_6938,Normal
bgl_6939,Normal
bgl_6940,Normal
bgl_6941,Normal
bgl_6942,Normal
bgl_6943,Normal
bgl_6944,Normal
bgl_6945,Normal
bgl_6946,Normal
bgl_6947,Normal
bgl_6948,Normal
bgl_6949,Normal
bgl_6950,Normal
bgl_6951,Normal
bgl_6952,Normal
bgl_6953,Normal
bgl_6954,Normal
bgl_6955,Normal
bgl_6956,Normal
bgl_6957,Normal
bgl_6958,Normal
bgl_6959,Normal
bgl_6960,Normal
bgl_6961,Normal
bgl_6962,Normal
bgl_6963,Normal
bgl_6964,Normal
bgl_6965,Normal
bgl_6966,Normal
bgl_6967,Normal
bgl_6968,Normal
bgl_6969,Normal
bgl_6970,Normal
bgl_6971,Normal
bgl_6972,Normal
bgl_6973,Normal
bgl_6974,Normal
bgl_6975,Normal
bgl_6976,Normal
bgl_6977,Normal
bgl_6978,Normal
bgl_6979,Normal
bgl_6980,Normal
bgl_6981,Normal
bgl_6982,Normal
bgl_6983,Normal
bgl_6984,Normal
bgl_6985,Normal
bgl_6986,Normal
bgl_6987,Normal
bgl_6988,Normal
bgl_6989,Normal
bgl_6990,Normal
bgl_6991,Normal
bgl_6992,Normal
bgl_6993,Normal
bgl_6994,Normal
bgl_6995,Normal
bgl_6996,Normal
bgl_6997,Normal
bgl_6998,Normal
bgl_6999,Normal
bgl_7000,Normal
bgl_7001,Normal
bgl_7002,Normal
bgl_7003,Normal
bgl_7004,Normal
bgl_7005,Normal
bgl_7006,Normal
bgl_7007,Normal
bgl_7008,Normal
bgl_7009,Normal
bgl_7010,Normal
bgl_7011,Normal
bgl_7012,Normal
bgl_7013,Normal
bgl_7014,Normal
bgl_7015,Normal
bgl_7016,Normal
bgl_7017,Normal
bgl_7018,Normal
bgl_7019,Normal
bgl_7020,Normal
bgl_7021,Normal
bgl_7022,Normal
bgl_7023,Normal
bgl_7024,Normal
bgl_7025,Normal
bgl_7026,Normal
bgl_7027,Normal
bgl_7028,Normal
bgl_7029,Normal
bgl_7030,Normal
bgl_7031,Normal
bgl_7032,Normal
bgl_7033,Normal
bgl_7034,Normal
bgl_7035,Normal
bgl_7036,Normal
bgl_7037,Normal
bgl_7038,Normal
bgl_7039,Normal
bgl_7040,Normal
bgl_7041,Normal
bgl_7042,Normal
bgl_7043,Normal
bgl_7044,Normal
bgl_7045,Normal
bgl_7046,Normal
bgl_7047,Normal
bgl_7048,Normal
bgl_7049,Normal
bgl_7050,Normal
bgl_7051,Normal
bgl_7052,Normal
bgl_7053,Normal
bgl_7054,Normal
bgl_7055,Normal
bgl_7056,Normal
bgl_7057,Normal
bgl_7058,Normal
bgl_7059,Normal
bgl_7060,Normal
bgl_7061,Normal
bgl_7062,Normal
bgl_7063,Normal
bgl_7064,Normal
bgl_7065,Normal
bgl_7066,Normal
bgl_7067,Normal
bgl_7068,Normal
bgl_7069,Normal
bgl_7070,Normal
bgl_7071,Normal
bgl_7072,Normal
bgl_7073,Normal
bgl_7074,Normal
bgl_7075,Normal
bgl_7076,Normal
bgl_7077,Normal
bgl_7078,Normal
bgl_7079,Normal
bgl_7080,Normal
bgl_7081,Normal
bgl_7082,Normal
bgl_7083,Normal
bgl_7084,Normal
bgl_7085,Normal
bgl_7086,Normal
bgl_7087,Normal
bgl_7088,Normal
bgl_7089,Normal
bgl_7090,Normal
bgl_7091,Normal
bgl_7092,Normal
bgl_7093,Normal
bgl_7094,Normal
bgl_7095,Normal
bgl_7096,Normal
bgl_7097,Normal
bgl_7098,Normal
bgl_7099,Normal
bgl_7100,Normal
bgl_7101,Normal
bgl_7102,Normal
bgl_7103,Normal
bgl_7104,Normal
bgl_7105,Normal
bgl_7106,Normal
bgl_7107,Normal
bgl_7108,Normal
bgl_7109,Normal
bgl_7110,Normal
bgl_7111,Normal
bgl_7112,Normal
bgl_7113,Normal
bgl_7114,Normal
bgl_7115,Normal
bgl_7116,Normal
bgl_7117,Normal
bgl_7118,Normal
bgl_7119,Normal
bgl_7120,Normal
bgl_7121,Normal
bgl_7122,Normal
bgl_7123,Normal
bgl_7124,Normal
bgl_7125,Normal
bgl_7126,Normal
bgl_7127,Normal
bgl_7128,Normal
bgl_7129,Normal
bgl_7130,Normal
bgl_7131,Normal
bgl_7132,Normal
bgl_7133,Normal
bgl_7134,Normal
bgl_7135,Normal
bgl_7136,Normal
bgl_7137,Normal
bgl_7138,Normal
bgl_7139,Normal
bgl_7140,Normal
bgl_7141,Normal
bgl_7142,Normal
bgl_7143,Normal
bgl_7144,Normal
bgl_7145,Normal
bgl_7146,Normal
bgl_7147,Normal
bgl_7148,Normal
bgl_7149,Normal
bgl_7150,Normal
bgl_7151,Normal
bgl_7152,Normal
bgl_7153,Normal
bgl_7154,Normal
bgl_7155,Normal
bgl_7156,Normal
bgl_7157,Normal
bgl_7158,Normal
bgl_7159,Normal
bgl_7160,Normal
bgl_7161,Normal
bgl_7162,Normal
bgl_7163,Normal
bgl_7164,Normal
bgl_7165,Normal
bgl_7166,Normal
bgl_7167,Normal
bgl_7168,Normal
bgl_7169,Normal
bgl_7170,Normal
bgl_7171,Normal
bgl_7172,Normal
bgl_7173,Normal
bgl_7174,Normal
bgl_7175,Normal
bgl_7176,Normal
bgl_7177,Normal
bgl_7178,Normal
bgl_7179,Normal
bgl_7180,Normal
bgl_7181,Normal
bgl_7182,Normal
bgl_7183,Normal
bgl_7184,Normal
bgl_7185,Normal
bgl_7186,Normal
bgl_7187,Normal
bgl_7188,Normal
bgl_7189,Normal
bgl_7190,Normal
bgl_7191,Normal
bgl_7192,Normal
bgl_7193,Normal
bgl_7194,Normal
bgl_7195,Normal
bgl_7196,Normal
bgl_7197,Normal
bgl_7198,Normal
bgl_7199,Normal
bgl_7200,Normal
bgl_7201,Normal
bgl_7202,Normal
bgl_7203,Normal
bgl_7204,Normal
bgl_7205,Normal
bgl_7206,Normal
bgl_7207,Normal
bgl_7208,Normal
bgl_7209,Normal
bgl_7210,Normal
bgl_7211,Normal
bgl_7212,Normal
bgl_7213,Normal
bgl_7214,Normal
bgl_7215,Normal
bgl_7216,Normal
bgl_7217,Normal
bgl_7218,Normal
bgl_7219,Normal
bgl_7220,Normal
bgl_7221,Normal
bgl_7222,Normal
bgl_7223,Normal
bgl_7224,Normal
bgl_7225,Normal
bgl_7226,Normal
bgl_7227,Normal
bgl_7228,Normal
bgl_7229,Normal
bgl_7230,Normal
bgl_7231,Normal
bgl_7232,Normal
bgl_7233,Normal
bgl_7234,Normal
bgl_7235,Normal
bgl_7236,Normal
bgl_7237,Normal
bgl_7238,Normal
bgl_7239,Normal
bgl_7240,Normal
bgl_7241,Normal
bgl_7242,Normal
bgl_7243,Normal
bgl_7244,Normal
bgl_7245,Normal
bgl_7246,Normal
bgl_7247,Normal
bgl_7248,Normal
bgl_7249,Normal
bgl_7250,Normal
bgl_7251,Normal
bgl_7252,Normal
bgl_7253,Normal
bgl_7254,Normal
bgl_7255,Normal
bgl_7256,Normal
bgl_7257,Normal
bgl_7258,Normal
bgl_7259,Normal
bgl_7260,Normal
bgl_7261,Normal
bgl_7262,Normal
bgl_7263,Normal
bgl_7264,Normal
bgl_7265,Normal
bgl_7266,Normal
bgl_7267,Normal
bgl_7268,Normal
bgl_7269,Normal
bgl_7270,Normal
bgl_7271,Normal
bgl_7272,Normal
bgl_7273,Normal
bgl_7274,Normal
bgl_7275,Normal
bgl_7276,Normal
bgl_7277,Normal
bgl_7278,Normal
bgl_7279,Normal
bgl_7280,Normal
bgl_7281,Normal
bgl_7282,Normal
bgl_7283,Normal
bgl_7284,Normal
bgl_7285,Normal
bgl_7286,Normal
bgl_7287,Normal
bgl_7288,Normal
bgl_7289,Normal
bgl_7290,Normal
bgl_7291,Normal
bgl_7292,Normal
bgl_7293,Normal
bgl_7294,Normal
bgl_7295,Normal
bgl_7296,Normal
bgl_7297,Normal
bgl_7298,Normal
bgl_7299,Normal
bgl_7300,Normal
bgl_7301,Normal
bgl_7302,Normal
bgl_7303,Normal
bgl_7304,Normal
bgl_7305,Normal
bgl_7306,Normal
bgl_7307,Normal
bgl_7308,Normal
bgl_7309,Normal
bgl_7310,Normal
bgl_7311,Normal
bgl_7312,Normal
bgl_7313,Normal
bgl_7314,Normal
bgl_7315,Normal
bgl_7316,Normal
bgl_7317,Normal
bgl_7318,Normal
bgl_7319,Normal
bgl_7320,Normal
bgl_7321,Normal
bgl_7322,Normal
bgl_7323,Normal
bgl_7324,Normal
bgl_7325,Normal
bgl_7326,Normal
bgl_7327,Normal
bgl_7328,Normal
bgl_7329,Normal
bgl_7330,Normal
bgl_7331,Normal
bgl_7332,Normal
bgl_7333,Normal
bgl_7334,Normal
bgl_7335,Normal
bgl_7336,Normal
bgl_7337,Normal
bgl_7338,Normal
bgl_7339,Normal
bgl_7340,Normal
bgl_7341,Normal
bgl_7342,Normal
bgl_7343,Normal
bgl_7344,Normal
bgl_7345,Normal
bgl_7346,Normal
bgl_7347,Normal
bgl_7348,Normal
bgl_7349,Normal
bgl_7350,Normal
bgl_7351,Normal
bgl_7352,Normal
bgl_7353,Normal
bgl_7354,Normal
bgl_7355,Normal
bgl_7356,Normal
bgl_7357,Normal
bgl_7358,Normal
bgl_7359,Normal
bgl_7360,Normal
bgl_7361,Normal
bgl_7362,Normal
bgl_7363,Normal
bgl_7364,Normal
bgl_7365,Normal
bgl_7366,Normal
bgl_7367,Normal
bgl_7368,Normal
bgl_7369,Normal
bgl_7370,Normal
bgl_7371,Anomaly
bgl_7372,Anomaly
bgl_7373,Anomaly
bgl_7374,Anomaly
bgl_7375,Anomaly
bgl_7376,Anomaly
bgl_7377,Anomaly
bgl_7378,Anomaly
bgl_7379,Anomaly
bgl_7380,Anomaly
bgl_7381,Anomaly
bgl_7382,Anomaly
bgl_7383,Anomaly
bgl_7384,Anomaly
bgl_7385,Anomaly
bgl_7386,Anomaly
bgl_7387,Anomaly
bgl_7388,Anomaly
bgl_7389,Anomaly
bgl_7390,Anomaly
bgl_7391,Anomaly
bgl_7392,Anomaly
bgl_7393,Anomaly
bgl_7394,Anomaly
bgl_7395,Anomaly
bgl_7396,Anomaly
bgl_7397,Anomaly
bgl_7398,Anomaly
bgl_7399,Anomaly
bgl_7400,Anomaly
bgl_7401,Anomaly
bgl_7402,Anomaly
bgl_7403,Anomaly
bgl_7404,Anomaly
bgl_7405,Anomaly
bgl_7406,Anomaly
bgl_7407,Anomaly
bgl_7408,Anomaly
bgl_7409,Anomaly
bgl_7410,Anomaly
bgl_7411,Normal
bgl_7412,Normal
bgl_7413,Normal
bgl_7414,Normal
bgl_7415,Normal
bgl_7416,Normal
bgl_7417,Normal
bgl_7418,Normal
bgl_7419,Normal
bgl_7420,Normal
bgl_7421,Normal
bgl_7422,Normal
bgl_7423,Normal
bgl_7424,Normal
bgl_7425,Normal
bgl_7426,Normal
bgl_7427,Normal
bgl_7428,Normal
bgl_7429,Normal
bgl_7430,Normal
bgl_7431,Normal
bgl_7432,Normal
bgl_7433,Normal
bgl_7434,Normal
bgl_7435,Normal
bgl_7436,Normal
bgl_7437,Normal
bgl_7438,Normal
bgl_7439,Normal
bgl_7440,Normal
bgl_7441,Normal
bgl_7442,Normal
bgl_7443,Normal
bgl_7444,Normal
bgl_7445,Normal
bgl_7446,Normal
bgl_7447,Normal
bgl_7448,Normal
bgl_7449,Normal
bgl_7450,Normal
bgl_7451,Normal
bgl_7452,Normal
bgl_7453,Normal
bgl_7454,Normal
bgl_7455,Normal
bgl_7456,Normal
bgl_7457,Normal
bgl_7458,Normal
bgl_7459,Normal
bgl_7460,Normal
bgl_7461,Normal
bgl_7462,Normal
bgl_7463,Normal
bgl_7464,Normal
bgl_7465,Normal
bgl_7466,Normal
bgl_7467,Normal
bgl_7468,Normal
bgl_7469,Normal
bgl_7470,Normal
bgl_7471,Normal
bgl_7472,Normal
bgl_7473,Normal
bgl_7474,Normal
bgl_7475,Normal
bgl_7476,Normal
bgl_7477,Normal
bgl_7478,Normal
bgl_7479,Normal
bgl_7480,Normal
bgl_7481,Normal
bgl_7482,Normal
bgl_7483,Normal
bgl_7484,Normal
bgl_7485,Normal
bgl_7486,Normal
bgl_7487,Normal
bgl_7488,Normal
bgl_7489,Normal
bgl_7490,Normal
bgl_7491,Normal
bgl_7492,Normal
bgl_7493,Normal
bgl_7494,Normal
bgl_7495,Normal
bgl_7496,Normal
bgl_7497,Normal
bgl_7498,Normal
bgl_7499,Normal
bgl_7500,Normal
bgl_7501,Normal
bgl_7502,Normal
bgl_7503,Normal
bgl_7504,Normal
bgl_7505,Normal
bgl_7506,Normal
bgl_7507,Normal
bgl_7508,Normal
bgl_7509,Normal
bgl_7510,Normal
bgl_7511,Normal
bgl_7512,Normal
bgl_7513,Normal
bgl_7514,Normal
bgl_7515,Normal
bgl_7516,Normal
bgl_7517,Normal
bgl_7518,Normal
bgl_7519,Normal
bgl_7520,Normal
bgl_7521,Normal
bgl_7522,Normal
bgl_7523,Normal
bgl_7524,Normal
bgl_7525,Normal
bgl_7526,Normal
bgl_7527,Normal
bgl_7528,Normal
bgl_7529,Normal
bgl_7530,Normal
bgl_7531,Normal
bgl_7532,Normal
bgl_7533,Normal
bgl_7534,Normal
bgl_7535,Normal
bgl_7536,Normal
bgl_7537,Normal
bgl_7538,Normal
bgl_7539,Normal
bgl_7540,Normal
bgl_7541,Normal
bgl_7542,Normal
bgl_7543,Normal
bgl_7544,Normal
bgl_7545,Normal
bgl_7546,Normal
bgl_7547,Normal
bgl_7548,Normal
bgl_7549,Normal
bgl_7550,Normal
bgl_7551,Normal
bgl_7552,Normal
bgl_7553,Normal
bgl_7554,Normal
bgl_7555,Normal
bgl_7556,Normal
bgl_7557,Normal
bgl_7558,Normal
bgl_7559,Normal
bgl_7560,Normal
bgl_7561,Normal
bgl_7562,Normal
bgl_7563,Normal
bgl_7564,Normal
bgl_7565,Normal
bgl_7566,Normal
bgl_7567,Normal
bgl_7568,Normal
bgl_7569,Normal
bgl_7570,Normal
bgl_7571,Normal
bgl_7572,Normal
bgl_7573,Normal
bgl_7574,Normal
bgl_7575,Normal
bgl_7576,Normal
bgl_7577,Normal
bgl_7578,Normal
bgl_7579,Normal
bgl_7580,Normal
bgl_7581,Normal
bgl_7582,Normal
bgl_7583,Normal
bgl_7584,Normal
bgl_7585,Normal
bgl_7586,Normal
bgl_7587,Normal
bgl_7588,Normal
bgl_7589,Normal
bgl_7590,Normal
bgl_7591,Normal
bgl_7592,Normal
bgl_7593,Normal
bgl_7594,Normal
bgl_7595,Normal
bgl_7596,Normal
bgl_7597,Normal
bgl_7598,Normal
bgl_7599,Normal
bgl_7600,Normal
bgl_7601,Normal
bgl_7602,Normal
bgl_7603,Normal
bgl_7604,Normal
bgl_7605,Normal
bgl_7606,Normal
bgl_7607,Normal
bgl_7608,Normal
bgl_7609,Normal
bgl_7610,Normal
bgl_7611,Normal
bgl_7612,Normal
bgl_7613,Normal
bgl_7614,Normal
bgl_7615,Normal
bgl_7616,Normal
bgl_7617,Normal
bgl_7618,Normal
bgl_7619,Normal
bgl_7620,Normal
bgl_7621,Normal
bgl_7622,Normal
bgl_7623,Normal
bgl_7624,Normal
bgl_7625,Normal
bgl_7626,Normal
bgl_7627,Normal
bgl_7628,Normal
bgl_7629,Normal
bgl_7630,Normal
bgl_7631,Normal
bgl_7632,Normal
bgl_7633,Normal
bgl_7634,Normal
bgl_7635,Normal
bgl_7636,Normal
bgl_7637,Normal
bgl_7638,Normal
bgl_7639,Normal
bgl_7640,Normal
bgl_7641,Normal
bgl_7642,Normal
bgl_7643,Normal
bgl_7644,Normal
bgl_7645,Normal
bgl_7646,Normal
bgl_7647,Normal
bgl_7648,Normal
bgl_7649,Normal
bgl_7650,Normal
bgl_7651,Normal
bgl_7652,Normal
bgl_7653,Normal
bgl_7654,Normal
bgl_7655,Normal
bgl_7656,Normal
bgl_7657,Normal
bgl_7658,Normal
bgl_7659,Normal
bgl_7660,Normal
bgl_7661,Normal
bgl_7662,Normal
bgl_7663,Normal
bgl_7664,Normal
bgl_7665,Normal
bgl_7666,Normal
bgl_7667,Normal
bgl_7668,Normal
bgl_7669,Normal
bgl_7670,Normal
bgl_7671,Normal
bgl_7672,Normal
bgl_7673,Normal
bgl_7674,Normal
bgl_7675,Normal
bgl_7676,Normal
bgl_7677,Normal
bgl_7678,Normal
bgl_7679,Normal
bgl_7680,Normal
bgl_7681,Normal
bgl_7682,Normal
bgl_7683,Normal
bgl_7684,Normal
bgl_7685,Normal
bgl_7686,Normal
bgl_7687,Normal
bgl_7688,Normal
bgl_7689,Normal
bgl_7690,Normal
bgl_7691,Normal
bgl_7692,Normal
bgl_7693,Normal
bgl_7694,Normal
bgl_7695,Normal
bgl_7696,Normal
bgl_7697,Normal
bgl_7698,Normal
bgl_7699,Normal
bgl_7700,Normal
bgl_7701,Normal
bgl_7702,Normal
bgl_7703,Normal
bgl_7704,Normal
bgl_7705,Normal
bgl_7706,Normal
bgl_7707,Normal
bgl_7708,Normal
bgl_7709,Normal
bgl_7710,Normal
bgl_7711,Normal
bgl_7712,Normal
bgl_7713,Normal
bgl_7714,Normal
bgl_7715,Normal
bgl_7716,Normal
bgl_7717,Normal
bgl_7718,Normal
bgl_7719,Normal
bgl_7720,Normal
bgl_7721,Normal
bgl_7722,Normal
bgl_7723,Normal
bgl_7724,Normal
bgl_7725,Normal
bgl_7726,Normal
bgl_7727,Normal
bgl_7728,Normal
bgl_7729,Normal
bgl_7730,Normal
bgl_7731,Normal
bgl_7732,Normal
bgl_7733,Normal
bgl_7734,Normal
bgl_7735,Normal
bgl_7736,Normal
bgl_7737,Normal
bgl_7738,Normal
bgl_7739,Normal
bgl_7740,Normal
bgl_7741,Normal
bgl_7742,Normal
bgl_7743,Normal
bgl_7744,Normal
bgl_7745,Normal
bgl_7746,Normal
bgl_7747,Normal
bgl_7748,Normal
bgl_7749,Normal
bgl_7750,Normal
bgl_7751,Normal
bgl_7752,Normal
bgl_7753,Normal
bgl_7754,Normal
bgl_7755,Normal
bgl_7756,Normal
bgl_7757,Normal
bgl_7758,Normal
bgl_7759,Normal
bgl_7760,Normal
bgl_7761,Normal
bgl_7762,Normal
bgl_7763,Normal
bgl_7764,Normal
bgl_7765,Normal
bgl_7766,Normal
bgl_7767,Normal
bgl_7768,Normal
bgl_7769,Normal
bgl_7770,Normal
bgl_7771,Normal
bgl_7772,Normal
bgl_7773,Normal
bgl_7774,Normal
bgl_7775,Normal
bgl_7776,Normal
bgl_7777,Normal
bgl_7778,Normal
bgl_7779,Normal
bgl_7780,Normal
bgl_7781,Normal
bgl_7782,Normal
bgl_7783,Normal
bgl_7784,Normal
bgl_7785,Normal
bgl_7786,Normal
bgl_7787,Normal
bgl_7788,Normal
bgl_7789,Normal
bgl_7790,Normal
bgl_7791,Normal
bgl_7792,Normal
bgl_7793,Normal
bgl_7794,Normal
bgl_7795,Normal
bgl_7796,Normal
bgl_7797,Normal
bgl_7798,Normal
bgl_7799,Normal
bgl_7800,Normal
bgl_7801,Normal
bgl_7802,Normal
bgl_7803,Normal
bgl_7804,Normal
bgl_7805,Normal
bgl_7806,Normal
bgl_7807,Normal
bgl_7808,Normal
bgl_7809,Normal
bgl_7810,Normal
bgl_7811,Normal
bgl_7812,Normal
bgl_7813,Normal
bgl_7814,Normal
bgl_7815,Normal
bgl_7816,Normal
bgl_7817,Normal
bgl_7818,Normal
bgl_7819,Normal
bgl_7820,Normal
bgl_7821,Normal
bgl_7822,Normal
bgl_7823,Normal
bgl_7824,Normal
bgl_7825,Normal
bgl_7826,Normal
bgl_7827,Normal
bgl_7828,Normal
bgl_7829,Normal
bgl_7830,Normal
bgl_7831,Normal
bgl_7832,Normal
bgl_7833,Normal
bgl_7834,Normal
bgl_7835,Normal
bgl_7836,Normal
bgl_7837,Normal
bgl_7838,Normal
bgl_7839,Normal
bgl_7840,Normal
bgl_7841,Normal
bgl_7842,Normal
bgl_7843,Normal
bgl_7844,Normal
bgl_7845,Normal
bgl_7846,Normal
bgl_7847,Normal
bgl_7848,Anomaly
bgl_7849,Anomaly
bgl_7850,Normal
bgl_7851,Normal
bgl_7852,Normal
bgl_7853,Normal
bgl_7854,Normal
bgl_7855,Normal
bgl_7856,Normal
bgl_7857,Normal
bgl_7858,Normal
bgl_7859,Normal
bgl_7860,Normal
bgl_7861,Normal
bgl_7862,Normal
bgl_7863,Normal
bgl_7864,Normal
bgl_7865,Normal
bgl_7866,Normal
bgl_7867,Normal
bgl_7868,Normal
bgl_7869,Normal
bgl_7870,Normal
bgl_7871,Normal
bgl_7872,Normal
bgl_7873,Normal
bgl_7874,Normal
bgl_7875,Normal
bgl_7876,Normal
bgl_7877,Normal
bgl_7878,Normal
bgl_7879,Normal
bgl_7880,Normal
bgl_7881,Normal
bgl_7882,Normal
bgl_7883,Normal
bgl_7884,Normal
bgl_7885,Normal
bgl_7886,Normal
bgl_7887,Normal
bgl_7888,Normal
bgl_7889,Normal
bgl_7890,Normal
bgl_7891,Normal
bgl_7892,Normal
bgl_7893,Normal
bgl_7894,Normal
bgl_7895,Normal
bgl_7896,Normal
bgl_7897,Normal
bgl_7898,Normal
bgl_7899,Normal
bgl_7900,Normal
bgl_7901,Normal
bgl_7902,Normal
bgl_7903,Normal
bgl_7904,Normal
bgl_7905,Normal
bgl_7906,Normal
bgl_7907,Normal
bgl_7908,Normal
bgl_7909,Normal
bgl_7910,Normal
bgl_7911,Normal
bgl_7912,Normal
bgl_7913,Normal
bgl_7914,Normal
bgl_7915,Normal
bgl_7916,Normal
bgl_7917,Normal
bgl_7918,Normal
bgl_7919,Normal
bgl_7920,Normal
bgl_7921,Normal
bgl_7922,Normal
bgl_7923,Normal
bgl_7924,Normal
bgl_7925,Normal
bgl_7926,Normal
bgl_7927,Normal
bgl_7928,Normal
bgl_7929,Normal
bgl_7930,Normal
bgl_7931,Normal
bgl_7932,Normal
bgl_7933,Normal
bgl_7934,Normal
bgl_7935,Normal
bgl_7936,Normal
bgl_7937,Normal
bgl_7938,Normal
bgl_7939,Normal
bgl_7940,Normal
bgl_7941,Normal
bgl_7942,Normal
bgl_7943,Normal
bgl_7944,Normal
bgl_7945,Normal
bgl_7946,Normal
bgl_7947,Normal
bgl_7948,Normal
bgl_7949,Normal
bgl_7950,Normal
bgl_7951,Normal
bgl_7952,Normal
bgl_7953,Normal
bgl_7954,Normal
bgl_7955,Normal
bgl_7956,Normal
bgl_7957,Normal
bgl_7958,Normal
bgl_7959,Normal
bgl_7960,Normal
bgl_7961,Normal
bgl_7962,Normal
bgl_7963,Normal
bgl_7964,Normal
bgl_7965,Normal
bgl_7966,Normal
bgl_7967,Normal
bgl_7968,Normal
bgl_7969,Normal
bgl_7970,Normal
bgl_7971,Normal
bgl_7972,Normal
bgl_7973,Normal
bgl_7974,Normal
bgl_7975,Normal
bgl_7976,Normal
bgl_7977,Normal
bgl_7978,Normal
bgl_7979,Normal
bgl_7980,Normal
bgl_7981,Normal
bgl_7982,Normal
bgl_7983,Normal
bgl_7984,Normal
bgl_7985,Normal
bgl_7986,Normal
bgl_7987,Normal
bgl_7988,Normal
bgl_7989,Normal
bgl_7990,Normal
bgl_7991,Normal
bgl_7992,Normal
bgl_7993,Normal
bgl_7994,Normal
bgl_7995,Normal
bgl_7996,Normal
bgl_7997,Normal
bgl_7998,Normal
bgl_7999,Normal
bgl_8000,Normal
bgl_8001,Normal
bgl_8002,Normal
bgl_8003,Normal
bgl_8004,Normal
bgl_8005,Normal
bgl_8006,Normal
bgl_8007,Normal
bgl_8008,Normal
bgl_8009,Normal
bgl_8010,Normal
bgl_8011,Normal
bgl_8012,Normal
bgl_8013,Normal
bgl_8014,Normal
bgl_8015,Normal
bgl_8016,Normal
bgl_8017,Normal
bgl_8018,Normal
bgl_8019,Normal
bgl_8020,Normal
bgl_8021,Normal
bgl_8022,Normal
bgl_8023,Normal
bgl_8024,Normal
bgl_8025,Normal
bgl_8026,Normal
bgl_8027,Normal
bgl_8028,Normal
bgl_8029,Normal
bgl_8030,Normal
bgl_8031,Normal
bgl_8032,Normal
bgl_8033,Normal
bgl_8034,Normal
bgl_8035,Normal
bgl_8036,Normal
bgl_8037,Normal
bgl_8038,Normal
bgl_8039,Normal
bgl_8040,Normal
bgl_8041,Normal
bgl_8042,Normal
bgl_8043,Normal
bgl_8044,Normal
bgl_8045,Normal
bgl_8046,Normal
bgl_8047,Normal
bgl_8048,Normal
bgl_8049,Normal
bgl_8050,Normal
bgl_8051,Normal
bgl_8052,Normal
bgl_8053,Normal
bgl_8054,Normal
bgl_8055,Normal
bgl_8056,Normal
bgl_8057,Normal
bgl_8058,Normal
bgl_8059,Normal
bgl_8060,Normal
bgl_8061,Normal
bgl_8062,Normal
bgl_8063,Normal
bgl_8064,Normal
bgl_8065,Normal
bgl_8066,Normal
bgl_8067,Normal
bgl_8068,Normal
bgl_8069,Normal
bgl_8070,Normal
bgl_8071,Normal
bgl_8072,Normal
bgl_8073,Normal
bgl_8074,Normal
bgl_8075,Normal
bgl_8076,Normal
bgl_8077,Normal
bgl_8078,Normal
bgl_8079,Normal
bgl_8080,Normal
bgl_8081,Normal
bgl_8082,Normal
bgl_8083,Normal
bgl_8084,Normal
bgl_8085,Normal
bgl_8086,Normal
bgl_8087,Normal
bgl_8088,Normal
bgl_8089,Normal
bgl_8090,Normal
bgl_8091,Normal
bgl_8092,Normal
bgl_8093,Normal
bgl_8094,Normal
bgl_8095,Normal
bgl_8096,Normal
bgl_8097,Normal
bgl_8098,Normal
bgl_8099,Normal
bgl_8100,Normal
bgl_8101,Normal
bgl_8102,Normal
bgl_8103,Normal
bgl_8104,Normal
bgl_8105,Normal
bgl_8106,Normal
bgl_8107,Normal
bgl_8108,Normal
bgl_8109,Normal
bgl_8110,Normal
bgl_8111,Normal
bgl_8112,Normal
bgl_8113,Normal
bgl_8114,Normal
bgl_8115,Normal
bgl_8116,Anomaly
bgl_8117,Anomaly
bgl_8118,Anomaly
bgl_8119,Anomaly
bgl_8120,Anomaly
bgl_8121,Anomaly
bgl_8122,Normal
bgl_8123,Normal
bgl_8124,Normal
bgl_8125,Normal
bgl_8126,Normal
bgl_8127,Normal
bgl_8128,Normal
bgl_8129,Normal
bgl_8130,Normal
bgl_8131,Normal
bgl_8132,Normal
bgl_8133,Normal
bgl_8134,Normal
bgl_8135,Normal
bgl_8136,Normal
bgl_8137,Normal
bgl_8138,Normal
bgl_8139,Normal
bgl_8140,Normal
bgl_8141,Normal
bgl_8142,Normal
bgl_8143,Normal
bgl_8144,Normal
bgl_8145,Normal
bgl_8146,Normal
bgl_8147,Normal
bgl_8148,Normal
bgl_8149,Normal
bgl_8150,Normal
bgl_8151,Normal
bgl_8152,Normal
bgl_8153,Normal
bgl_8154,Normal
bgl_8155,Normal
bgl_8156,Normal
bgl_8157,Normal
bgl_8158,Normal
bgl_8159,Normal
bgl_8160,Normal
bgl_8161,Normal
bgl_8162,Normal
bgl_8163,Normal
bgl_8164,Normal
bgl_8165,Normal
bgl_8166,Normal
bgl_8167,Normal
bgl_8168,Normal
bgl_8169,Normal
bgl_8170,Normal
bgl_8171,Normal
bgl_8172,Normal
bgl_8173,Normal
bgl_8174,Normal
bgl_8175,Normal
bgl_8176,Normal
bgl_8177,Normal
bgl_8178,Normal
bgl_8179,Normal
bgl_8180,Normal
bgl_8181,Normal
bgl_8182,Normal
bgl_8183,Normal
bgl_8184,Normal
bgl_8185,Normal
bgl_8186,Normal
bgl_8187,Normal
bgl_8188,Normal
bgl_8189,Normal
bgl_8190,Normal
bgl_8191,Normal
bgl_8192,Normal
bgl_8193,Normal
bgl_8194,Normal
bgl_8195,Normal
bgl_8196,Normal
bgl_8197,Normal
bgl_8198,Normal
bgl_8199,Normal
bgl_8200,Normal
bgl_8201,Normal
bgl_8202,Normal
bgl_8203,Normal
bgl_8204,Normal
bgl_8205,Normal
bgl_8206,Normal
bgl_8207,Normal
bgl_8208,Normal
bgl_8209,Normal
bgl_8210,Normal
bgl_8211,Normal
bgl_8212,Normal
bgl_8213,Normal
bgl_8214,Normal
bgl_8215,Normal
bgl_8216,Normal
bgl_8217,Normal
bgl_8218,Normal
bgl_8219,Normal
bgl_8220,Normal
bgl_8221,Normal
bgl_8222,Normal
bgl_8223,Normal
bgl_8224,Normal
bgl_8225,Normal
bgl_8226,Normal
bgl_8227,Normal
bgl_8228,Normal
bgl_8229,Normal
bgl_8230,Normal
bgl_8231,Normal
bgl_8232,Normal
bgl_8233,Normal
bgl_8234,Normal
bgl_8235,Normal
bgl_8236,Normal
bgl_8237,Normal
bgl_8238,Normal
bgl_8239,Normal
bgl_8240,Normal
bgl_8241,Normal
bgl_8242,Normal
bgl_8243,Normal
bgl_8244,Normal
bgl_8245,Normal
bgl_8246,Normal
bgl_8247,Normal
bgl_8248,Normal
bgl_8249,Normal
bgl_8250,Normal
bgl_8251,Normal
bgl_8252,Normal
bgl_8253,Normal
bgl_8254,Normal
bgl_8255,Normal
bgl_8256,Normal
bgl_8257,Normal
bgl_8258,Normal
bgl_8259,Normal
bgl_8260,Anomaly
bgl_8261,Anomaly
bgl_8262,Anomaly
bgl_8263,Anomaly
bgl_8264,Anomaly
bgl_8265,Anomaly
bgl_8266,Anomaly
bgl_8267,Anomaly
bgl_8268,Anomaly
bgl_8269,Anomaly
bgl_8270,Anomaly
bgl_8271,Anomaly
bgl_8272,Anomaly
bgl_8273,Anomaly
bgl_8274,Anomaly
bgl_8275,Anomaly
bgl_8276,Anomaly
bgl_8277,Anomaly
bgl_8278,Anomaly
bgl_8279,Anomaly
bgl_8280,Anomaly
bgl_8281,Anomaly
bgl_8282,Normal
bgl_8283,Normal
bgl_8284,Normal
bgl_8285,Normal
bgl_8286,Normal
bgl_8287,Normal
bgl_8288,Normal
bgl_8289,Normal
bgl_8290,Normal
bgl_8291,Normal
bgl_8292,Normal
bgl_8293,Normal
bgl_8294,Normal
bgl_8295,Normal
bgl_8296,Normal
bgl_8297,Normal
bgl_8298,Normal
bgl_8299,Normal
bgl_8300,Normal
bgl_8301,Normal
bgl_8302,Normal
bgl_8303,Normal
bgl_8304,Normal
bgl_8305,Normal
bgl_8306,Normal
bgl_8307,Normal
bgl_8308,Normal
bgl_8309,Normal
bgl_8310,Normal
bgl_8311,Normal
bgl_8312,Normal
bgl_8313,Normal
bgl_8314,Normal
bgl_8315,Normal
bgl_8316,Normal
bgl_8317,Normal
bgl_8318,Normal
bgl_8319,Normal
bgl_8320,Normal
bgl_8321,Normal
bgl_8322,Normal
bgl_8323,Normal
bgl_8324,Normal
bgl_8325,Normal
bgl_8326,Normal
bgl_8327,Normal
bgl_8328,Normal
bgl_8329,Normal
bgl_8330,Normal
bgl_8331,Normal
bgl_8332,Normal
bgl_8333,Normal
bgl_8334,Normal
bgl_8335,Normal
bgl_8336,Normal
bgl_8337,Normal
bgl_8338,Normal
bgl_8339,Normal
bgl_8340,Normal
bgl_8341,Normal
bgl_8342,Normal
bgl_8343,Normal
bgl_8344,Normal
bgl_8345,Normal
bgl_8346,Normal
bgl_8347,Normal
bgl_8348,Normal
bgl_8349,Normal
bgl_8350,Normal
bgl_8351,Normal
bgl_8352,Normal
bgl_8353,Normal
bgl_8354,Normal
bgl_8355,Normal
bgl_8356,Normal
bgl_8357,Normal
bgl_8358,Normal
bgl_8359,Normal
bgl_8360,Normal
bgl_8361,Normal
bgl_8362,Normal
bgl_8363,Normal
bgl_8364,Normal
bgl_8365,Normal
bgl_8366,Anomaly
bgl_8367,Anomaly
bgl_8368,Anomaly
bgl_8369,Normal
bgl_8370,Normal
bgl_8371,Anomaly
bgl_8372,Normal
bgl_8373,Normal
bgl_8374,Normal
bgl_8375,Normal
bgl_8376,Normal
bgl_8377,Normal
bgl_8378,Normal
bgl_8379,Normal
bgl_8380,Normal
bgl_8381,Normal
bgl_8382,Normal
bgl_8383,Normal
bgl_8384,Normal
bgl_8385,Normal
bgl_8386,Normal
bgl_8387,Normal
bgl_8388,Normal
bgl_8389,Normal
bgl_8390,Normal
bgl_8391,Normal
bgl_8392,Normal
bgl_8393,Normal
bgl_8394,Normal
bgl_8395,Normal
bgl_8396,Normal
bgl_8397,Normal
bgl_8398,Normal
bgl_8399,Normal
bgl_8400,Normal
bgl_8401,Normal
bgl_8402,Normal
bgl_8403,Normal
bgl_8404,Normal
bgl_8405,Normal
bgl_8406,Normal
bgl_8407,Anomaly
bgl_8408,Normal
bgl_8409,Anomaly
bgl_8410,Anomaly
bgl_8411,Normal
bgl_8412,Normal
bgl_8413,Normal
bgl_8414,Normal
bgl_8415,Normal
bgl_8416,Normal
bgl_8417,Normal
bgl_8418,Normal
bgl_8419,Normal
bgl_8420,Normal
bgl_8421,Normal
bgl_8422,Normal
bgl_8423,Normal
bgl_8424,Normal
bgl_8425,Normal
bgl_8426,Normal
bgl_8427,Normal
bgl_8428,Normal
bgl_8429,Normal
bgl_8430,Normal
bgl_8431,Normal
bgl_8432,Normal
bgl_8433,Normal
bgl_8434,Normal
bgl_8435,Normal
bgl_8436,Normal
bgl_8437,Normal
bgl_8438,Normal
bgl_8439,Normal
bgl_8440,Normal
bgl_8441,Normal
bgl_8442,Normal
bgl_8443,Normal
bgl_8444,Normal
bgl_8445,Normal
bgl_8446,Normal
bgl_8447,Normal
bgl_8448,Normal
bgl_8449,Normal
bgl_8450,Normal
bgl_8451,Normal
bgl_8452,Normal
bgl_8453,Normal
bgl_8454,Normal
bgl_8455,Normal
bgl_8456,Normal
bgl_8457,Normal
bgl_8458,Normal
bgl_8459,Normal
bgl_8460,Normal
bgl_8461,Normal
bgl_8462,Normal
bgl_8463,Anomaly
bgl_8464,Normal
bgl_8465,Normal
bgl_8466,Normal
bgl_8467,Normal
bgl_8468,Normal
bgl_8469,Normal
bgl_8470,Normal
bgl_8471,Normal
bgl_8472,Normal
bgl_8473,Normal
bgl_8474,Normal
bgl_8475,Normal
bgl_8476,Normal
bgl_8477,Normal
bgl_8478,Normal
bgl_8479,Normal
bgl_8480,Normal
bgl_8481,Normal
bgl_8482,Normal
bgl_8483,Normal
bgl_8484,Normal
bgl_8485,Normal
bgl_8486,Normal
bgl_8487,Normal
bgl_8488,Normal
bgl_8489,Normal
bgl_8490,Normal
bgl_8491,Normal
bgl_8492,Normal
bgl_8493,Normal
bgl_8494,Normal
bgl_8495,Anomaly
bgl_8496,Anomaly
bgl_8497,Normal
bgl_8498,Anomaly
bgl_8499,Anomaly
bgl_8500,Anomaly
bgl_8501,Anomaly
bgl_8502,Anomaly
bgl_8503,Anomaly
bgl_8504,Anomaly
bgl_8505,Anomaly
bgl_8506,Anomaly
bgl_8507,Normal
bgl_8508,Normal
bgl_8509,Normal
bgl_8510,Normal
bgl_8511,Normal
bgl_8512,Normal
bgl_8513,Normal
bgl_8514,Normal
bgl_8515,Normal
bgl_8516,Normal
bgl_8517,Normal
bgl_8518,Normal
bgl_8519,Normal
bgl_8520,Normal
bgl_8521,Normal
bgl_8522,Normal
bgl_8523,Normal
bgl_8524,Normal
bgl_8525,Normal
bgl_8526,Normal
bgl_8527,Normal
bgl_8528,Normal
bgl_8529,Normal
bgl_8530,Normal
bgl_8531,Normal
bgl_8532,Normal
bgl_8533,Normal
bgl_8534,Normal
bgl_8535,Normal
bgl_8536,Normal
bgl_8537,Normal
bgl_8538,Normal
bgl_8539,Normal
bgl_8540,Normal
bgl_8541,Normal
bgl_8542,Normal
bgl_8543,Normal
bgl_8544,Normal
bgl_8545,Normal
bgl_8546,Normal
bgl_8547,Normal
bgl_8548,Normal
bgl_8549,Normal
bgl_8550,Normal
bgl_8551,Normal
bgl_8552,Normal
bgl_8553,Normal
bgl_8554,Normal
bgl_8555,Normal
bgl_8556,Normal
bgl_8557,Normal
bgl_8558,Normal
bgl_8559,Normal
bgl_8560,Normal
bgl_8561,Normal
bgl_8562,Normal
bgl_8563,Normal
bgl_8564,Normal
bgl_8565,Normal
bgl_8566,Normal
bgl_8567,Normal
bgl_8568,Normal
bgl_8569,Normal
bgl_8570,Normal
bgl_8571,Normal
bgl_8572,Normal
bgl_8573,Normal
bgl_8574,Normal
bgl_8575,Normal
bgl_8576,Normal
bgl_8577,Normal
bgl_8578,Normal
bgl_8579,Normal
bgl_8580,Normal
bgl_8581,Normal
bgl_8582,Normal
bgl_8583,Normal
bgl_8584,Normal
bgl_8585,Normal
bgl_8586,Normal
bgl_8587,Normal
bgl_8588,Normal
bgl_8589,Normal
bgl_8590,Normal
bgl_8591,Normal
bgl_8592,Normal
bgl_8593,Normal
bgl_8594,Normal
bgl_8595,Normal
bgl_8596,Normal
bgl_8597,Normal
bgl_8598,Normal
bgl_8599,Normal
bgl_8600,Normal
bgl_8601,Normal
bgl_8602,Normal
bgl_8603,Normal
bgl_8604,Normal
bgl_8605,Normal
bgl_8606,Normal
bgl_8607,Normal
bgl_8608,Normal
bgl_8609,Normal
bgl_8610,Normal
bgl_8611,Normal
bgl_8612,Normal
bgl_8613,Normal
bgl_8614,Normal
bgl_8615,Normal
bgl_8616,Normal
bgl_8617,Normal
bgl_8618,Normal
bgl_8619,Normal
bgl_8620,Normal
bgl_8621,Normal
bgl_8622,Normal
bgl_8623,Normal
bgl_8624,Normal
bgl_8625,Normal
bgl_8626,Normal
bgl_8627,Normal
bgl_8628,Normal
bgl_8629,Normal
bgl_8630,Normal
bgl_8631,Normal
bgl_8632,Normal
bgl_8633,Normal
bgl_8634,Normal
bgl_8635,Normal
bgl_8636,Normal
bgl_8637,Normal
bgl_8638,Normal
bgl_8639,Normal
bgl_8640,Normal
bgl_8641,Normal
bgl_8642,Normal
bgl_8643,Normal
bgl_8644,Normal
bgl_8645,Normal
bgl_8646,Normal
bgl_8647,Normal
bgl_8648,Normal
bgl_8649,Normal
bgl_8650,Normal
bgl_8651,Normal
bgl_8652,Normal
bgl_8653,Normal
bgl_8654,Normal
bgl_8655,Normal
bgl_8656,Normal
bgl_8657,Normal
bgl_8658,Normal
bgl_8659,Normal
bgl_8660,Normal
bgl_8661,Normal
bgl_8662,Normal
bgl_8663,Normal
bgl_8664,Normal
bgl_8665,Normal
bgl_8666,Normal
bgl_8667,Normal
bgl_8668,Normal
bgl_8669,Normal
bgl_8670,Normal
bgl_8671,Normal
bgl_8672,Normal
bgl_8673,Normal
bgl_8674,Normal
bgl_8675,Normal
bgl_8676,Normal
bgl_8677,Normal
bgl_8678,Normal
bgl_8679,Normal
bgl_8680,Normal
bgl_8681,Normal
bgl_8682,Normal
bgl_8683,Normal
bgl_8684,Normal
bgl_8685,Normal
bgl_8686,Normal
bgl_8687,Normal
bgl_8688,Normal
bgl_8689,Normal
bgl_8690,Normal
bgl_8691,Normal
bgl_8692,Normal
bgl_8693,Normal
bgl_8694,Normal
bgl_8695,Normal
bgl_8696,Normal
bgl_8697,Normal
bgl_8698,Normal
bgl_8699,Normal
bgl_8700,Normal
bgl_8701,Normal
bgl_8702,Normal
bgl_8703,Normal
bgl_8704,Normal
bgl_8705,Anomaly
bgl_8706,Anomaly
bgl_8707,Normal
bgl_8708,Normal
bgl_8709,Anomaly
bgl_8710,Anomaly
bgl_8711,Anomaly
bgl_8712,Anomaly
bgl_8713,Normal
bgl_8714,Normal
bgl_8715,Normal
bgl_8716,Normal
bgl_8717,Normal
bgl_8718,Normal
bgl_8719,Normal
bgl_8720,Normal
bgl_8721,Normal
bgl_8722,Normal
bgl_8723,Normal
bgl_8724,Normal
bgl_8725,Normal
bgl_8726,Normal
bgl_8727,Normal
bgl_8728,Normal
bgl_8729,Normal
bgl_8730,Normal
bgl_8731,Normal
bgl_8732,Normal
bgl_8733,Normal
bgl_8734,Normal
bgl_8735,Anomaly
bgl_8736,Anomaly
bgl_8737,Normal
bgl_8738,Normal
bgl_8739,Normal
bgl_8740,Normal
bgl_8741,Normal
bgl_8742,Normal
bgl_8743,Normal
bgl_8744,Normal
bgl_8745,Normal
bgl_8746,Normal
bgl_8747,Normal
bgl_8748,Normal
bgl_8749,Normal
bgl_8750,Normal
bgl_8751,Normal
bgl_8752,Normal
bgl_8753,Normal
bgl_8754,Normal
bgl_8755,Normal
bgl_8756,Normal
bgl_8757,Normal
bgl_8758,Normal
bgl_8759,Normal
bgl_8760,Normal
bgl_8761,Normal
bgl_8762,Normal
bgl_8763,Normal
bgl_8764,Normal
bgl_8765,Normal
bgl_8766,Normal
bgl_8767,Normal
bgl_8768,Normal
bgl_8769,Normal
bgl_8770,Normal
bgl_8771,Normal
bgl_8772,Normal
bgl_8773,Normal
bgl_8774,Normal
bgl_8775,Normal
bgl_8776,Normal
bgl_8777,Normal
bgl_8778,Normal
bgl_8779,Normal
bgl_8780,Normal
bgl_8781,Normal
bgl_8782,Normal
bgl_8783,Normal
bgl_8784,Normal
bgl_8785,Normal
bgl_8786,Normal
bgl_8787,Normal
bgl_8788,Normal
bgl_8789,Normal
bgl_8790,Normal
bgl_8791,Normal
bgl_8792,Normal
bgl_8793,Normal
bgl_8794,Normal
bgl_8795,Normal
bgl_8796,Normal
bgl_8797,Normal
bgl_8798,Normal
bgl_8799,Normal
bgl_8800,Normal
bgl_8801,Normal
bgl_8802,Normal
bgl_8803,Normal
bgl_8804,Normal
bgl_8805,Normal
bgl_8806,Normal
bgl_8807,Normal
bgl_8808,Normal
bgl_8809,Normal
bgl_8810,Normal
bgl_8811,Normal
bgl_8812,Normal
bgl_8813,Normal
bgl_8814,Normal
bgl_8815,Normal
bgl_8816,Normal
bgl_8817,Normal
bgl_8818,Normal
bgl_8819,Normal
bgl_8820,Normal
bgl_8821,Normal
bgl_8822,Normal
bgl_8823,Normal
bgl_8824,Normal
bgl_8825,Normal
bgl_8826,Normal
bgl_8827,Normal
bgl_8828,Normal
bgl_8829,Normal
bgl_8830,Normal
bgl_8831,Normal
bgl_8832,Normal
bgl_8833,Normal
bgl_8834,Normal
bgl_8835,Normal
bgl_8836,Normal
bgl_8837,Normal
bgl_8838,Normal
bgl_8839,Normal
bgl_8840,Normal
bgl_8841,Normal
bgl_8842,Normal
bgl_8843,Normal
bgl_8844,Normal
bgl_8845,Normal
bgl_8846,Normal
bgl_8847,Normal
bgl_8848,Normal
bgl_8849,Normal
bgl_8850,Normal
bgl_8851,Normal
bgl_8852,Normal
bgl_8853,Normal
bgl_8854,Normal
bgl_8855,Normal
bgl_8856,Normal
bgl_8857,Normal
bgl_8858,Normal
bgl_8859,Normal
bgl_8860,Normal
bgl_8861,Normal
bgl_8862,Normal
bgl_8863,Normal
bgl_8864,Normal
bgl_8865,Normal
bgl_8866,Anomaly
bgl_8867,Anomaly
bgl_8868,Anomaly
bgl_8869,Normal
bgl_8870,Normal
bgl_8871,Normal
bgl_8872,Normal
bgl_8873,Normal
bgl_8874,Normal
bgl_8875,Normal
bgl_8876,Normal
bgl_8877,Normal
bgl_8878,Normal
bgl_8879,Normal
bgl_8880,Normal
bgl_8881,Normal
bgl_8882,Normal
bgl_8883,Normal
bgl_8884,Normal
bgl_8885,Normal
bgl_8886,Normal
bgl_8887,Normal
bgl_8888,Normal
bgl_8889,Normal
bgl_8890,Normal
bgl_8891,Normal
bgl_8892,Normal
bgl_8893,Normal
bgl_8894,Normal
bgl_8895,Normal
bgl_8896,Normal
bgl_8897,Normal
bgl_8898,Normal
bgl_8899,Normal
bgl_8900,Normal
bgl_8901,Normal
bgl_8902,Normal
bgl_8903,Normal
bgl_8904,Normal
bgl_8905,Normal
bgl_8906,Normal
bgl_8907,Normal
bgl_8908,Normal
bgl_8909,Normal
bgl_8910,Normal
bgl_8911,Normal
bgl_8912,Normal
bgl_8913,Normal
bgl_8914,Normal
bgl_8915,Normal
bgl_8916,Normal
bgl_8917,Normal
bgl_8918,Normal
bgl_8919,Normal
bgl_8920,Normal
bgl_8921,Normal
bgl_8922,Normal
bgl_8923,Normal
bgl_8924,Normal
bgl_8925,Normal
bgl_8926,Normal
bgl_8927,Normal
bgl_8928,Normal
bgl_8929,Normal
bgl_8930,Normal
bgl_8931,Normal
bgl_8932,Normal
bgl_8933,Normal
bgl_8934,Normal
bgl_8935,Normal
bgl_8936,Normal
bgl_8937,Normal
bgl_8938,Normal
bgl_8939,Normal
bgl_8940,Normal
bgl_8941,Normal
bgl_8942,Normal
bgl_8943,Normal
bgl_8944,Normal
bgl_8945,Normal
bgl_8946,Normal
bgl_8947,Normal
bgl_8948,Normal
bgl_8949,Normal
bgl_8950,Normal
bgl_8951,Normal
bgl_8952,Normal
bgl_8953,Normal
bgl_8954,Normal
bgl_8955,Normal
bgl_8956,Normal
bgl_8957,Normal
bgl_8958,Normal
bgl_8959,Normal
bgl_8960,Normal
bgl_8961,Normal
bgl_8962,Normal
bgl_8963,Normal
bgl_8964,Normal
bgl_8965,Normal
bgl_8966,Normal
bgl_8967,Normal
bgl_8968,Normal
bgl_8969,Normal
bgl_8970,Normal
bgl_8971,Normal
bgl_8972,Normal
bgl_8973,Normal
bgl_8974,Normal
bgl_8975,Normal
bgl_8976,Normal
bgl_8977,Normal
bgl_8978,Normal
bgl_8979,Normal
bgl_8980,Normal
bgl_8981,Normal
bgl_8982,Normal
bgl_8983,Normal
bgl_8984,Normal
bgl_8985,Normal
bgl_8986,Normal
bgl_8987,Normal
bgl_8988,Normal
bgl_8989,Normal
bgl_8990,Normal
bgl_8991,Normal
bgl_8992,Normal
bgl_8993,Normal
bgl_8994,Normal
bgl_8995,Normal
bgl_8996,Normal
bgl_8997,Normal
bgl_8998,Normal
bgl_8999,Normal
bgl_9000,Normal
bgl_9001,Normal
bgl_9002,Normal
bgl_9003,Normal
bgl_9004,Normal
bgl_9005,Normal
bgl_9006,Normal
bgl_9007,Normal
bgl_9008,Normal
bgl_9009,Normal
bgl_9010,Normal
bgl_9011,Normal
bgl_9012,Normal
bgl_9013,Normal
bgl_9014,Normal
bgl_9015,Normal
bgl_9016,Normal
bgl_9017,Normal
bgl_9018,Normal
bgl_9019,Normal
bgl_9020,Normal
bgl_9021,Normal
bgl_9022,Normal
bgl_9023,Normal
bgl_9024,Normal
bgl_9025,Normal
bgl_9026,Normal
bgl_9027,Normal
bgl_9028,Normal
bgl_9029,Normal
bgl_9030,Normal
bgl_9031,Normal
bgl_9032,Normal
bgl_9033,Normal
bgl_9034,Normal
bgl_9035,Normal
bgl_9036,Normal
bgl_9037,Normal
bgl_9038,Normal
bgl_9039,Normal
bgl_9040,Normal
bgl_9041,Normal
bgl_9042,Normal
bgl_9043,Normal
bgl_9044,Normal
bgl_9045,Normal
bgl_9046,Normal
bgl_9047,Normal
bgl_9048,Normal
bgl_9049,Normal
bgl_9050,Normal
bgl_9051,Normal
bgl_9052,Normal
bgl_9053,Normal
bgl_9054,Normal
bgl_9055,Normal
bgl_9056,Normal
bgl_9057,Normal
bgl_9058,Normal
bgl_9059,Normal
bgl_9060,Normal
bgl_9061,Normal
bgl_9062,Normal
bgl_9063,Normal
bgl_9064,Normal
bgl_9065,Normal
bgl_9066,Normal
bgl_9067,Normal
bgl_9068,Normal
bgl_9069,Normal
bgl_9070,Normal
bgl_9071,Normal
bgl_9072,Anomaly
bgl_9073,Normal
bgl_9074,Normal
bgl_9075,Normal
bgl_9076,Normal
bgl_9077,Normal
bgl_9078,Normal
bgl_9079,Normal
bgl_9080,Normal
bgl_9081,Normal
bgl_9082,Normal
bgl_9083,Normal
bgl_9084,Normal
bgl_9085,Normal
bgl_9086,Normal
bgl_9087,Normal
bgl_9088,Normal
bgl_9089,Normal
bgl_9090,Normal
bgl_9091,Normal
bgl_9092,Normal
bgl_9093,Normal
bgl_9094,Normal
bgl_9095,Normal
bgl_9096,Normal
bgl_9097,Normal
bgl_9098,Normal
bgl_9099,Normal
bgl_9100,Normal
bgl_9101,Normal
bgl_9102,Normal
bgl_9103,Normal
bgl_9104,Normal
bgl_9105,Normal
bgl_9106,Normal
bgl_9107,Normal
bgl_9108,Normal
bgl_9109,Normal
bgl_9110,Normal
bgl_9111,Normal
bgl_9112,Normal
bgl_9113,Normal
bgl_9114,Normal
bgl_9115,Normal
bgl_9116,Normal
bgl_9117,Normal
bgl_9118,Normal
bgl_9119,Normal
bgl_9120,Normal
bgl_9121,Normal
bgl_9122,Normal
bgl_9123,Normal
bgl_9124,Normal
bgl_9125,Normal
bgl_9126,Normal
bgl_9127,Normal
bgl_9128,Normal
bgl_9129,Normal
bgl_9130,Normal
bgl_9131,Normal
bgl_9132,Normal
bgl_9133,Normal
bgl_9134,Normal
bgl_9135,Normal
bgl_9136,Normal
bgl_9137,Normal
bgl_9138,Normal
bgl_9139,Normal
bgl_9140,Normal
bgl_9141,Normal
bgl_9142,Normal
bgl_9143,Normal
bgl_9144,Normal
bgl_9145,Normal
bgl_9146,Normal
bgl_9147,Normal
bgl_9148,Normal
bgl_9149,Normal
bgl_9150,Normal
bgl_9151,Normal
bgl_9152,Normal
bgl_9153,Normal
bgl_9154,Normal
bgl_9155,Normal
bgl_9156,Normal
bgl_9157,Normal
bgl_9158,Normal
bgl_9159,Normal
bgl_9160,Normal
bgl_9161,Normal
bgl_9162,Normal
bgl_9163,Normal
bgl_9164,Normal
bgl_9165,Normal
bgl_9166,Normal
bgl_9167,Normal
bgl_9168,Normal
bgl_9169,Normal
bgl_9170,Normal
bgl_9171,Normal
bgl_9172,Normal
bgl_9173,Normal
bgl_9174,Normal
bgl_9175,Normal
bgl_9176,Normal
bgl_9177,Normal
bgl_9178,Normal
bgl_9179,Normal
bgl_9180,Normal
bgl_9181,Normal
bgl_9182,Normal
bgl_9183,Normal
bgl_9184,Normal
bgl_9185,Normal
bgl_9186,Normal
bgl_9187,Anomaly
bgl_9188,Normal
bgl_9189,Normal
bgl_9190,Normal
bgl_9191,Normal
bgl_9192,Normal
bgl_9193,Normal
bgl_9194,Normal
bgl_9195,Normal
bgl_9196,Normal
bgl_9197,Normal
bgl_9198,Normal
bgl_9199,Normal
bgl_9200,Normal
bgl_9201,Normal
bgl_9202,Normal
bgl_9203,Normal
bgl_9204,Normal
bgl_9205,Normal
bgl_9206,Normal
bgl_9207,Normal
bgl_9208,Normal
bgl_9209,Normal
bgl_9210,Normal
bgl_9211,Normal
bgl_9212,Normal
bgl_9213,Normal
bgl_9214,Normal
bgl_9215,Normal
bgl_9216,Normal
bgl_9217,Normal
bgl_9218,Normal
bgl_9219,Normal
bgl_9220,Normal
bgl_9221,Normal
bgl_9222,Normal
bgl_9223,Normal
bgl_9224,Normal
bgl_9225,Normal
bgl_9226,Normal
bgl_9227,Normal
bgl_9228,Normal
bgl_9229,Normal
bgl_9230,Normal
bgl_9231,Normal
bgl_9232,Normal
bgl_9233,Normal
bgl_9234,Normal
bgl_9235,Normal
bgl_9236,Normal
bgl_9237,Normal
bgl_9238,Normal
bgl_9239,Normal
bgl_9240,Normal
bgl_9241,Normal
bgl_9242,Normal
bgl_9243,Normal
bgl_9244,Normal
bgl_9245,Normal
bgl_9246,Normal
bgl_9247,Normal
bgl_9248,Normal
bgl_9249,Normal
bgl_9250,Normal
bgl_9251,Normal
bgl_9252,Normal
bgl_9253,Normal
bgl_9254,Normal
bgl_9255,Normal
bgl_9256,Normal
bgl_9257,Normal
bgl_9258,Normal
bgl_9259,Normal
bgl_9260,Normal
bgl_9261,Normal
bgl_9262,Normal
bgl_9263,Normal
bgl_9264,Normal
bgl_9265,Normal
bgl_9266,Normal
bgl_9267,Normal
bgl_9268,Normal
bgl_9269,Normal
bgl_9270,Normal
bgl_9271,Normal
bgl_9272,Normal
bgl_9273,Normal
bgl_9274,Normal
bgl_9275,Normal
bgl_9276,Normal
bgl_9277,Normal
bgl_9278,Normal
bgl_9279,Normal
bgl_9280,Normal
bgl_9281,Normal
bgl_9282,Normal
bgl_9283,Normal
bgl_9284,Normal
bgl_9285,Normal
bgl_9286,Normal
bgl_9287,Normal
bgl_9288,Normal
bgl_9289,Normal
bgl_9290,Normal
bgl_9291,Normal
bgl_9292,Normal
bgl_9293,Normal
bgl_9294,Normal
bgl_9295,Normal
bgl_9296,Normal
bgl_9297,Normal
bgl_9298,Normal
bgl_9299,Normal
bgl_9300,Normal
bgl_9301,Normal
bgl_9302,Normal
bgl_9303,Normal
bgl_9304,Normal
bgl_9305,Normal
bgl_9306,Normal
bgl_9307,Normal
bgl_9308,Normal
bgl_9309,Normal
bgl_9310,Normal
bgl_9311,Normal
bgl_9312,Normal
bgl_9313,Normal
bgl_9314,Normal
bgl_9315,Normal
bgl_9316,Normal
bgl_9317,Normal
bgl_9318,Normal
bgl_9319,Normal
bgl_9320,Normal
bgl_9321,Normal
bgl_9322,Normal
bgl_9323,Normal
bgl_9324,Normal
bgl_9325,Normal
bgl_9326,Normal
bgl_9327,Normal
bgl_9328,Normal
bgl_9329,Normal
bgl_9330,Normal
bgl_9331,Normal
bgl_9332,Normal
bgl_9333,Normal
bgl_9334,Normal
bgl_9335,Normal
bgl_9336,Normal
bgl_9337,Normal
bgl_9338,Normal
bgl_9339,Normal
bgl_9340,Normal
bgl_9341,Normal
bgl_9342,Normal
bgl_9343,Normal
bgl_9344,Normal
bgl_9345,Normal
bgl_9346,Normal
bgl_9347,Normal
bgl_9348,Normal
bgl_9349,Normal
bgl_9350,Normal
bgl_9351,Normal
bgl_9352,Normal
bgl_9353,Normal
bgl_9354,Normal
bgl_9355,Normal
bgl_9356,Normal
bgl_9357,Normal
bgl_9358,Normal
bgl_9359,Normal
bgl_9360,Normal
bgl_9361,Normal
bgl_9362,Normal
bgl_9363,Normal
bgl_9364,Normal
bgl_9365,Normal
bgl_9366,Normal
bgl_9367,Normal
bgl_9368,Normal
bgl_9369,Normal
bgl_9370,Normal
bgl_9371,Normal
bgl_9372,Normal
bgl_9373,Normal
bgl_9374,Normal
bgl_9375,Normal
bgl_9376,Normal
bgl_9377,Normal
bgl_9378,Normal
bgl_9379,Normal
bgl_9380,Normal
bgl_9381,Normal
bgl_9382,Normal
bgl_9383,Normal
bgl_9384,Normal
bgl_9385,Normal
bgl_9386,Normal
bgl_9387,Normal
bgl_9388,Normal
bgl_9389,Normal
bgl_9390,Normal
bgl_9391,Normal
bgl_9392,Normal
bgl_9393,Normal
bgl_9394,Normal
bgl_9395,Normal
bgl_9396,Normal
bgl_9397,Normal
bgl_9398,Normal
bgl_9399,Normal
bgl_9400,Normal
bgl_9401,Normal
bgl_9402,Normal
bgl_9403,Normal
bgl_9404,Normal
bgl_9405,Normal
bgl_9406,Normal
bgl_9407,Normal
bgl_9408,Normal
bgl_9409,Normal
bgl_9410,Normal
bgl_9411,Normal
bgl_9412,Normal
bgl_9413,Normal
bgl_9414,Normal
bgl_9415,Normal
bgl_9416,Normal
bgl_9417,Normal
bgl_9418,Normal
bgl_9419,Normal
bgl_9420,Normal
bgl_9421,Normal
bgl_9422,Normal
bgl_9423,Normal
bgl_9424,Normal
bgl_9425,Normal
bgl_9426,Normal
bgl_9427,Normal
bgl_9428,Normal
bgl_9429,Normal
bgl_9430,Normal
bgl_9431,Normal
bgl_9432,Normal
bgl_9433,Normal
bgl_9434,Normal
bgl_9435,Normal
bgl_9436,Normal
bgl_9437,Normal
bgl_9438,Normal
bgl_9439,Normal
bgl_9440,Normal
bgl_9441,Normal
bgl_9442,Normal
bgl_9443,Normal
bgl_9444,Normal
bgl_9445,Normal
bgl_9446,Normal
bgl_9447,Normal
bgl_9448,Normal
bgl_9449,Normal
bgl_9450,Normal
bgl_9451,Normal
bgl_9452,Normal
bgl_9453,Normal
bgl_9454,Normal
bgl_9455,Normal
bgl_9456,Normal
bgl_9457,Normal
bgl_9458,Normal
bgl_9459,Normal
bgl_9460,Normal
bgl_9461,Normal
bgl_9462,Normal
bgl_9463,Normal
bgl_9464,Normal
bgl_9465,Normal
bgl_9466,Normal
bgl_9467,Normal
bgl_9468,Normal
bgl_9469,Normal
bgl_9470,Normal
bgl_9471,Normal
bgl_9472,Normal
bgl_9473,Normal
bgl_9474,Normal
bgl_9475,Normal
bgl_9476,Normal
bgl_9477,Normal
bgl_9478,Normal
bgl_9479,Normal
bgl_9480,Normal
bgl_9481,Normal
bgl_9482,Normal
bgl_9483,Normal
bgl_9484,Normal
bgl_9485,Normal
bgl_9486,Normal
bgl_9487,Normal
bgl_9488,Normal
bgl_9489,Normal
bgl_9490,Normal
bgl_9491,Normal
bgl_9492,Normal
bgl_9493,Normal
bgl_9494,Normal
bgl_9495,Normal
bgl_9496,Normal
bgl_9497,Normal
bgl_9498,Normal
bgl_9499,Normal
bgl_9500,Normal
bgl_9501,Normal
bgl_9502,Normal
bgl_9503,Normal
bgl_9504,Normal
bgl_9505,Normal
bgl_9506,Normal
bgl_9507,Normal
bgl_9508,Normal
bgl_9509,Normal
bgl_9510,Normal
bgl_9511,Normal
bgl_9512,Normal
bgl_9513,Normal
bgl_9514,Normal
bgl_9515,Normal
bgl_9516,Normal
bgl_9517,Normal
bgl_9518,Normal
bgl_9519,Normal
bgl_9520,Normal
bgl_9521,Normal
bgl_9522,Normal
bgl_9523,Normal
bgl_9524,Normal
bgl_9525,Normal
bgl_9526,Normal
bgl_9527,Normal
bgl_9528,Normal
bgl_9529,Normal
bgl_9530,Normal
bgl_9531,Normal
bgl_9532,Normal
bgl_9533,Normal
bgl_9534,Normal
bgl_9535,Normal
bgl_9536,Normal
bgl_9537,Normal
bgl_9538,Normal
bgl_9539,Normal
bgl_9540,Normal
bgl_9541,Normal
bgl_9542,Normal
bgl_9543,Normal
bgl_9544,Normal
bgl_9545,Normal
bgl_9546,Normal
bgl_9547,Normal
bgl_9548,Normal
bgl_9549,Normal
bgl_9550,Normal
bgl_9551,Normal
bgl_9552,Normal
bgl_9553,Normal
bgl_9554,Normal
bgl_9555,Normal
bgl_9556,Normal
bgl_9557,Normal
bgl_9558,Normal
bgl_9559,Normal
bgl_9560,Normal
bgl_9561,Normal
bgl_9562,Normal
bgl_9563,Normal
bgl_9564,Normal
bgl_9565,Normal
bgl_9566,Normal
bgl_9567,Normal
bgl_9568,Normal
bgl_9569,Normal
bgl_9570,Normal
bgl_9571,Normal
bgl_9572,Normal
bgl_9573,Normal
bgl_9574,Normal
bgl_9575,Normal
bgl_9576,Normal
bgl_9577,Normal
bgl_9578,Normal
bgl_9579,Normal
bgl_9580,Normal
bgl_9581,Normal
bgl_9582,Normal
bgl_9583,Normal
bgl_9584,Normal
bgl_9585,Normal
bgl_9586,Normal
bgl_9587,Normal
bgl_9588,Normal
bgl_9589,Normal
bgl_9590,Normal
bgl_9591,Normal
bgl_9592,Normal
bgl_9593,Normal
bgl_9594,Normal
bgl_9595,Normal
bgl_9596,Normal
bgl_9597,Normal
bgl_9598,Normal
bgl_9599,Normal
bgl_9600,Normal
bgl_9601,Normal
bgl_9602,Normal
bgl_9603,Normal
bgl_9604,Normal
bgl_9605,Normal
bgl_9606,Normal
bgl_9607,Normal
bgl_9608,Normal
bgl_9609,Normal
bgl_9610,Normal
bgl_9611,Normal
bgl_9612,Normal
bgl_9613,Normal
bgl_9614,Normal
bgl_9615,Normal
bgl_9616,Normal
bgl_9617,Normal
bgl_9618,Normal
bgl_9619,Normal
bgl_9620,Normal
bgl_9621,Normal
bgl_9622,Normal
bgl_9623,Normal
bgl_9624,Normal
bgl_9625,Normal
bgl_9626,Normal
bgl_9627,Normal
bgl_9628,Normal
bgl_9629,Normal
bgl_9630,Normal
bgl_9631,Normal
bgl_9632,Normal
bgl_9633,Normal
bgl_9634,Normal
bgl_9635,Normal
bgl_9636,Normal
bgl_9637,Normal
bgl_9638,Normal
bgl_9639,Normal
bgl_9640,Normal
bgl_9641,Normal
bgl_9642,Normal
bgl_9643,Normal
bgl_9644,Normal
bgl_9645,Normal
bgl_9646,Normal
bgl_9647,Normal
bgl_9648,Normal
bgl_9649,Normal
bgl_9650,Normal
bgl_9651,Normal
bgl_9652,Normal
bgl_9653,Normal
bgl_9654,Normal
bgl_9655,Normal
bgl_9656,Normal
bgl_9657,Normal
bgl_9658,Normal
bgl_9659,Normal
bgl_9660,Normal
bgl_9661,Normal
bgl_9662,Normal
bgl_9663,Normal
bgl_9664,Normal
bgl_9665,Normal
bgl_9666,Normal
bgl_9667,Normal
bgl_9668,Normal
bgl_9669,Normal
bgl_9670,Normal
bgl_9671,Normal
bgl_9672,Normal
bgl_9673,Normal
bgl_9674,Normal
bgl_9675,Normal
bgl_9676,Normal
bgl_9677,Normal
bgl_9678,Normal
bgl_9679,Normal
bgl_9680,Normal
bgl_9681,Normal
bgl_9682,Normal
bgl_9683,Normal
bgl_9684,Normal
bgl_9685,Normal
bgl_9686,Normal
bgl_9687,Normal
bgl_9688,Normal
bgl_9689,Normal
bgl_9690,Normal
bgl_9691,Normal
bgl_9692,Normal
bgl_9693,Normal
bgl_9694,Normal
bgl_9695,Normal
bgl_9696,Normal
bgl_9697,Normal
bgl_9698,Normal
bgl_9699,Normal
bgl_9700,Normal
bgl_9701,Normal
bgl_9702,Normal
bgl_9703,Normal
bgl_9704,Normal
bgl_9705,Normal
bgl_9706,Normal
bgl_9707,Normal
bgl_9708,Normal
bgl_9709,Normal
bgl_9710,Normal
bgl_9711,Normal
bgl_9712,Normal
bgl_9713,Normal
bgl_9714,Normal
bgl_9715,Normal
bgl_9716,Normal
bgl_9717,Normal
bgl_9718,Normal
bgl_9719,Normal
bgl_9720,Normal
bgl_9721,Normal
bgl_9722,Normal
bgl_9723,Normal
bgl_9724,Normal
bgl_9725,Normal
bgl_9726,Normal
bgl_9727,Normal
bgl_9728,Normal
bgl_9729,Normal
bgl_9730,Normal
bgl_9731,Normal
bgl_9732,Normal
bgl_9733,Normal
bgl_9734,Normal
bgl_9735,Normal
bgl_9736,Normal
bgl_9737,Normal
bgl_9738,Normal
bgl_9739,Normal
bgl_9740,Normal
bgl_9741,Normal
bgl_9742,Normal
bgl_9743,Normal
bgl_9744,Normal
bgl_9745,Normal
bgl_9746,Normal
bgl_9747,Normal
bgl_9748,Normal
bgl_9749,Normal
bgl_9750,Normal
bgl_9751,Normal
bgl_9752,Normal
bgl_9753,Normal
bgl_9754,Normal
bgl_9755,Normal
bgl_9756,Normal
bgl_9757,Normal
bgl_9758,Normal
bgl_9759,Normal
bgl_9760,Normal
bgl_9761,Normal
bgl_9762,Normal
bgl_9763,Normal
bgl_9764,Normal
bgl_9765,Normal
bgl_9766,Normal
bgl_9767,Normal
bgl_9768,Normal
bgl_9769,Normal
bgl_9770,Normal
bgl_9771,Normal
bgl_9772,Normal
bgl_9773,Normal
bgl_9774,Normal
bgl_9775,Normal
bgl_9776,Normal
bgl_9777,Normal
bgl_9778,Normal
bgl_9779,Normal
bgl_9780,Normal
bgl_9781,Normal
bgl_9782,Normal
bgl_9783,Normal
bgl_9784,Normal
bgl_9785,Normal
bgl_9786,Normal
bgl_9787,Normal
bgl_9788,Normal
bgl_9789,Normal
bgl_9790,Normal
bgl_9791,Normal
bgl_9792,Normal
bgl_9793,Normal
bgl_9794,Normal
bgl_9795,Normal
bgl_9796,Normal
bgl_9797,Normal
bgl_9798,Normal
bgl_9799,Normal
bgl_9800,Normal
bgl_9801,Normal
bgl_9802,Normal
bgl_9803,Normal
bgl_9804,Normal
bgl_9805,Normal
bgl_9806,Normal
bgl_9807,Normal
bgl_9808,Normal
bgl_9809,Normal
bgl_9810,Normal
bgl_9811,Normal
bgl_9812,Normal
bgl_9813,Normal
bgl_9814,Normal
bgl_9815,Normal
bgl_9816,Normal
bgl_9817,Normal
bgl_9818,Normal
bgl_9819,Normal
bgl_9820,Normal
bgl_9821,Normal
bgl_9822,Normal
bgl_9823,Normal
bgl_9824,Normal
bgl_9825,Normal
bgl_9826,Normal
bgl_9827,Normal
bgl_9828,Normal
bgl_9829,Normal
bgl_9830,Normal
bgl_9831,Normal
bgl_9832,Normal
bgl_9833,Normal
bgl_9834,Normal
bgl_9835,Normal
bgl_9836,Normal
bgl_9837,Normal
bgl_9838,Normal
bgl_9839,Normal
bgl_9840,Normal
bgl_9841,Normal
bgl_9842,Normal
bgl_9843,Normal
bgl_9844,Normal
bgl_9845,Normal
bgl_9846,Normal
bgl_9847,Normal
bgl_9848,Normal
bgl_9849,Normal
bgl_9850,Normal
bgl_9851,Normal
bgl_9852,Normal
bgl_9853,Normal
bgl_9854,Normal
bgl_9855,Normal
bgl_9856,Normal
bgl_9857,Normal
bgl_9858,Normal
bgl_9859,Normal
bgl_9860,Normal
bgl_9861,Normal
bgl_9862,Normal
bgl_9863,Normal
bgl_9864,Normal
bgl_9865,Normal
bgl_9866,Normal
bgl_9867,Normal
bgl_9868,Normal
bgl_9869,Normal
bgl_9870,Normal
bgl_9871,Normal
bgl_9872,Normal
bgl_9873,Normal
bgl_9874,Normal
bgl_9875,Normal
bgl_9876,Normal
bgl_9877,Normal
bgl_9878,Normal
bgl_9879,Normal
bgl_9880,Normal
bgl_9881,Normal
bgl_9882,Normal
bgl_9883,Normal
bgl_9884,Normal
bgl_9885,Normal
bgl_9886,Normal
bgl_9887,Normal
bgl_9888,Normal
bgl_9889,Normal
bgl_9890,Normal
bgl_9891,Normal
bgl_9892,Normal
bgl_9893,Normal
bgl_9894,Normal
bgl_9895,Normal
bgl_9896,Normal
bgl_9897,Normal
bgl_9898,Normal
bgl_9899,Normal
bgl_9900,Normal
bgl_9901,Normal
bgl_9902,Normal
bgl_9903,Normal
bgl_9904,Normal
bgl_9905,Normal
bgl_9906,Normal
bgl_9907,Normal
bgl_9908,Normal
bgl_9909,Normal
bgl_9910,Normal
bgl_9911,Normal
bgl_9912,Normal
bgl_9913,Normal
bgl_9914,Normal
bgl_9915,Normal
bgl_9916,Normal
bgl_9917,Normal
bgl_9918,Normal
bgl_9919,Normal
bgl_9920,Normal
bgl_9921,Normal
bgl_9922,Normal
bgl_9923,Normal
bgl_9924,Normal
bgl_9925,Normal
bgl_9926,Normal
bgl_9927,Normal
bgl_9928,Normal
bgl_9929,Normal
bgl_9930,Normal
bgl_9931,Normal
bgl_9932,Normal
bgl_9933,Normal
bgl_9934,Normal
bgl_9935,Normal
bgl_9936,Normal
bgl_9937,Normal
bgl_9938,Normal
bgl_9939,Normal
bgl_9940,Normal
bgl_9941,Normal
bgl_9942,Normal
bgl_9943,Normal
bgl_9944,Normal
bgl_9945,Normal
bgl_9946,Normal
bgl_9947,Normal
bgl_9948,Normal
bgl_9949,Normal
bgl_9950,Normal
bgl_9951,Normal
bgl_9952,Normal
bgl_9953,Normal
bgl_9954,Normal
bgl_9955,Normal
bgl_9956,Normal
bgl_9957,Normal
bgl_9958,Normal
bgl_9959,Normal
bgl_9960,Normal
bgl_9961,Normal
bgl_9962,Normal
bgl_9963,Normal
bgl_9964,Normal
bgl_9965,Normal
bgl_9966,Normal
bgl_9967,Normal
bgl_9968,Normal
bgl_9969,Normal
bgl_9970,Normal
bgl_9971,Normal
bgl_9972,Normal
bgl_9973,Normal
bgl_9974,Normal
bgl_9975,Normal
bgl_9976,Normal
bgl_9977,Normal
bgl_9978,Normal
bgl_9979,Normal
bgl_9980,Normal
bgl_9981,Normal
bgl_9982,Normal
bgl_9983,Normal
bgl_9984,Normal
bgl_9985,Normal
bgl_9986,Normal
bgl_9987,Normal
bgl_9988,Normal
bgl_9989,Normal
bgl_9990,Normal
bgl_9991,Normal
bgl_9992,Normal
bgl_9993,Normal
bgl_9994,Normal
bgl_9995,Normal
bgl_9996,Normal
bgl_9997,Normal
bgl_9998,Normal
bgl_9999,Normal
bgl_10000,Normal
bgl_10001,Normal
bgl_10002,Normal
bgl_10003,Normal
bgl_10004,Normal
bgl_10005,Normal
bgl_10006,Normal
bgl_10007,Normal
bgl_10008,Normal
bgl_10009,Normal
bgl_10010,Normal
bgl_10011,Normal
bgl_10012,Normal
bgl_10013,Normal
bgl_10014,Normal
bgl_10015,Normal
bgl_10016,Normal
bgl_10017,Normal
bgl_10018,Normal
bgl_10019,Normal
bgl_10020,Normal
bgl_10021,Normal
bgl_10022,Normal
bgl_10023,Normal
bgl_10024,Normal
bgl_10025,Normal
bgl_10026,Normal
bgl_10027,Normal
bgl_10028,Normal
bgl_10029,Normal
bgl_10030,Normal
bgl_10031,Normal
bgl_10032,Normal
bgl_10033,Normal
bgl_10034,Normal
bgl_10035,Normal
bgl_10036,Normal
bgl_10037,Normal
bgl_10038,Normal
bgl_10039,Normal
bgl_10040,Normal
bgl_10041,Normal
bgl_10042,Normal
bgl_10043,Normal
bgl_10044,Normal
bgl_10045,Normal
bgl_10046,Normal
bgl_10047,Normal
bgl_10048,Normal
bgl_10049,Normal
bgl_10050,Normal
bgl_10051,Normal
bgl_10052,Normal
bgl_10053,Normal
bgl_10054,Normal
bgl_10055,Normal
bgl_10056,Normal
bgl_10057,Normal
bgl_10058,Normal
bgl_10059,Normal
bgl_10060,Normal
bgl_10061,Normal
bgl_10062,Normal
bgl_10063,Normal
bgl_10064,Normal
bgl_10065,Normal
bgl_10066,Normal
bgl_10067,Normal
bgl_10068,Normal
bgl_10069,Normal
bgl_10070,Normal
bgl_10071,Normal
bgl_10072,Normal
bgl_10073,Normal
bgl_10074,Normal
bgl_10075,Normal
bgl_10076,Normal
bgl_10077,Normal
bgl_10078,Normal
bgl_10079,Normal
bgl_10080,Normal
bgl_10081,Normal
bgl_10082,Normal
bgl_10083,Normal
bgl_10084,Normal
bgl_10085,Normal
bgl_10086,Normal
bgl_10087,Normal
bgl_10088,Normal
bgl_10089,Normal
bgl_10090,Normal
bgl_10091,Normal
bgl_10092,Normal
bgl_10093,Normal
bgl_10094,Normal
bgl_10095,Normal
bgl_10096,Normal
bgl_10097,Normal
bgl_10098,Normal
bgl_10099,Normal
bgl_10100,Normal
bgl_10101,Normal
bgl_10102,Normal
bgl_10103,Normal
bgl_10104,Normal
bgl_10105,Normal
bgl_10106,Normal
bgl_10107,Normal
bgl_10108,Normal
bgl_10109,Normal
bgl_10110,Normal
bgl_10111,Normal
bgl_10112,Normal
bgl_10113,Normal
bgl_10114,Normal
bgl_10115,Normal
bgl_10116,Normal
bgl_10117,Normal
bgl_10118,Normal
bgl_10119,Normal
bgl_10120,Normal
bgl_10121,Normal
bgl_10122,Normal
bgl_10123,Normal
bgl_10124,Normal
bgl_10125,Normal
bgl_10126,Normal
bgl_10127,Normal
bgl_10128,Normal
bgl_10129,Normal
bgl_10130,Normal
bgl_10131,Normal
bgl_10132,Normal
bgl_10133,Normal
bgl_10134,Normal
bgl_10135,Normal
bgl_10136,Normal
bgl_10137,Normal
bgl_10138,Normal
bgl_10139,Normal
bgl_10140,Normal
bgl_10141,Normal
bgl_10142,Normal
bgl_10143,Normal
bgl_10144,Normal
bgl_10145,Normal
bgl_10146,Normal
bgl_10147,Normal
bgl_10148,Normal
bgl_10149,Normal
bgl_10150,Normal
bgl_10151,Normal
bgl_10152,Normal
bgl_10153,Normal
bgl_10154,Normal
bgl_10155,Normal
bgl_10156,Normal
bgl_10157,Normal
bgl_10158,Normal
bgl_10159,Normal
bgl_10160,Normal
bgl_10161,Normal
bgl_10162,Normal
bgl_10163,Normal
bgl_10164,Normal
bgl_10165,Normal
bgl_10166,Normal
bgl_10167,Normal
bgl_10168,Normal
bgl_10169,Normal
bgl_10170,Normal
bgl_10171,Normal
bgl_10172,Normal
bgl_10173,Normal
bgl_10174,Normal
bgl_10175,Normal
bgl_10176,Normal
bgl_10177,Normal
bgl_10178,Normal
bgl_10179,Normal
bgl_10180,Normal
bgl_10181,Normal
bgl_10182,Normal
bgl_10183,Normal
bgl_10184,Normal
bgl_10185,Normal
bgl_10186,Normal
bgl_10187,Normal
bgl_10188,Normal
bgl_10189,Normal
bgl_10190,Normal
bgl_10191,Normal
bgl_10192,Normal
bgl_10193,Normal
bgl_10194,Normal
bgl_10195,Normal
bgl_10196,Normal
bgl_10197,Normal
bgl_10198,Normal
bgl_10199,Normal
bgl_10200,Normal
bgl_10201,Normal
bgl_10202,Normal
bgl_10203,Normal
bgl_10204,Normal
bgl_10205,Normal
bgl_10206,Normal
bgl_10207,Normal
bgl_10208,Normal
bgl_10209,Normal
bgl_10210,Normal
bgl_10211,Normal
bgl_10212,Normal
bgl_10213,Normal
bgl_10214,Normal
bgl_10215,Normal
bgl_10216,Normal
bgl_10217,Normal
bgl_10218,Normal
bgl_10219,Normal
bgl_10220,Normal
bgl_10221,Normal
bgl_10222,Normal
bgl_10223,Normal
bgl_10224,Normal
bgl_10225,Normal
bgl_10226,Normal
bgl_10227,Normal
bgl_10228,Normal
bgl_10229,Normal
bgl_10230,Normal
bgl_10231,Normal
bgl_10232,Normal
bgl_10233,Normal
bgl_10234,Normal
bgl_10235,Normal
bgl_10236,Normal
bgl_10237,Normal
bgl_10238,Normal
bgl_10239,Normal
bgl_10240,Normal
bgl_10241,Normal
bgl_10242,Normal
bgl_10243,Normal
bgl_10244,Normal
bgl_10245,Normal
bgl_10246,Normal
bgl_10247,Normal
bgl_10248,Normal
bgl_10249,Normal
bgl_10250,Normal
bgl_10251,Normal
bgl_10252,Normal
bgl_10253,Normal
bgl_10254,Normal
bgl_10255,Normal
bgl_10256,Normal
bgl_10257,Normal
bgl_10258,Normal
bgl_10259,Normal
bgl_10260,Normal
bgl_10261,Normal
bgl_10262,Normal
bgl_10263,Normal
bgl_10264,Normal
bgl_10265,Normal
bgl_10266,Normal
bgl_10267,Normal
bgl_10268,Normal
bgl_10269,Normal
bgl_10270,Normal
bgl_10271,Normal
bgl_10272,Normal
bgl_10273,Normal
bgl_10274,Normal
bgl_10275,Normal
bgl_10276,Normal
bgl_10277,Normal
bgl_10278,Normal
bgl_10279,Normal
bgl_10280,Normal
bgl_10281,Normal
bgl_10282,Normal
bgl_10283,Normal
bgl_10284,Normal
bgl_10285,Normal
bgl_10286,Normal
bgl_10287,Normal
bgl_10288,Normal
bgl_10289,Normal
bgl_10290,Normal
bgl_10291,Normal
bgl_10292,Normal
bgl_10293,Normal
bgl_10294,Normal
bgl_10295,Normal
bgl_10296,Normal
bgl_10297,Normal
bgl_10298,Normal
bgl_10299,Normal
bgl_10300,Normal
bgl_10301,Normal
bgl_10302,Normal
bgl_10303,Normal
bgl_10304,Normal
bgl_10305,Normal
bgl_10306,Normal
bgl_10307,Normal
bgl_10308,Normal
bgl_10309,Normal
bgl_10310,Normal
bgl_10311,Normal
bgl_10312,Normal
bgl_10313,Normal
bgl_10314,Normal
bgl_10315,Normal
bgl_10316,Normal
bgl_10317,Normal
bgl_10318,Normal
bgl_10319,Normal
bgl_10320,Normal
bgl_10321,Normal
bgl_10322,Normal
bgl_10323,Normal
bgl_10324,Normal
bgl_10325,Normal
bgl_10326,Normal
bgl_10327,Normal
bgl_10328,Normal
bgl_10329,Normal
bgl_10330,Normal
bgl_10331,Normal
bgl_10332,Normal
bgl_10333,Normal
bgl_10334,Normal
bgl_10335,Normal
bgl_10336,Normal
bgl_10337,Normal
bgl_10338,Normal
bgl_10339,Normal
bgl_10340,Normal
bgl_10341,Normal
bgl_10342,Normal
bgl_10343,Normal
bgl_10344,Normal
bgl_10345,Normal
bgl_10346,Normal
bgl_10347,Normal
bgl_10348,Normal
bgl_10349,Normal
bgl_10350,Normal
bgl_10351,Normal
bgl_10352,Normal
bgl_10353,Normal
bgl_10354,Normal
bgl_10355,Normal
bgl_10356,Normal
bgl_10357,Normal
bgl_10358,Normal
bgl_10359,Normal
bgl_10360,Normal
bgl_10361,Normal
bgl_10362,Normal
bgl_10363,Normal
bgl_10364,Normal
bgl_10365,Normal
bgl_10366,Normal
bgl_10367,Normal
bgl_10368,Normal
bgl_10369,Normal
bgl_10370,Normal
bgl_10371,Normal
bgl_10372,Normal
bgl_10373,Normal
bgl_10374,Normal
bgl_10375,Normal
bgl_10376,Normal
bgl_10377,Normal
bgl_10378,Normal
bgl_10379,Normal
bgl_10380,Normal
bgl_10381,Normal
bgl_10382,Normal
bgl_10383,Normal
bgl_10384,Normal
bgl_10385,Normal
bgl_10386,Normal
bgl_10387,Normal
bgl_10388,Normal
bgl_10389,Normal
bgl_10390,Normal
bgl_10391,Normal
bgl_10392,Normal
bgl_10393,Normal
bgl_10394,Normal
bgl_10395,Normal
bgl_10396,Normal
bgl_10397,Normal
bgl_10398,Normal
bgl_10399,Normal
bgl_10400,Normal
bgl_10401,Normal
bgl_10402,Normal
bgl_10403,Normal
bgl_10404,Normal
bgl_10405,Normal
bgl_10406,Normal
bgl_10407,Normal
bgl_10408,Normal
bgl_10409,Normal
bgl_10410,Normal
bgl_10411,Normal
bgl_10412,Normal
bgl_10413,Normal
bgl_10414,Normal
bgl_10415,Normal
bgl_10416,Normal
bgl_10417,Normal
bgl_10418,Normal
bgl_10419,Normal
bgl_10420,Normal
bgl_10421,Normal
bgl_10422,Normal
bgl_10423,Normal
bgl_10424,Normal
bgl_10425,Normal
bgl_10426,Normal
bgl_10427,Normal
bgl_10428,Normal
bgl_10429,Normal
bgl_10430,Normal
bgl_10431,Normal
bgl_10432,Normal
bgl_10433,Normal
bgl_10434,Normal
bgl_10435,Normal
bgl_10436,Normal
bgl_10437,Normal
bgl_10438,Normal
bgl_10439,Normal
bgl_10440,Normal
bgl_10441,Normal
bgl_10442,Normal
bgl_10443,Normal
bgl_10444,Normal
bgl_10445,Normal
bgl_10446,Normal
bgl_10447,Normal
bgl_10448,Normal
bgl_10449,Normal
bgl_10450,Normal
bgl_10451,Normal
bgl_10452,Normal
bgl_10453,Normal
bgl_10454,Normal
bgl_10455,Normal
bgl_10456,Normal
bgl_10457,Normal
bgl_10458,Normal
bgl_10459,Normal
bgl_10460,Normal
bgl_10461,Normal
bgl_10462,Normal
bgl_10463,Normal
bgl_10464,Normal
bgl_10465,Normal
bgl_10466,Normal
bgl_10467,Normal
bgl_10468,Normal
bgl_10469,Normal
bgl_10470,Normal
bgl_10471,Normal
bgl_10472,Normal
bgl_10473,Normal
bgl_10474,Normal
bgl_10475,Normal
bgl_10476,Normal
bgl_10477,Normal
bgl_10478,Normal
bgl_10479,Normal
bgl_10480,Normal
bgl_10481,Normal
bgl_10482,Normal
bgl_10483,Normal
bgl_10484,Normal
bgl_10485,Normal
bgl_10486,Normal
bgl_10487,Normal
bgl_10488,Normal
bgl_10489,Normal
bgl_10490,Normal
bgl_10491,Normal
bgl_10492,Normal
bgl_10493,Normal
bgl_10494,Normal
bgl_10495,Normal
bgl_10496,Normal
bgl_10497,Normal
bgl_10498,Normal
bgl_10499,Normal
bgl_10500,Normal
bgl_10501,Normal
bgl_10502,Normal
bgl_10503,Normal
bgl_10504,Normal
bgl_10505,Normal
bgl_10506,Normal
bgl_10507,Normal
bgl_10508,Normal
bgl_10509,Normal
bgl_10510,Normal
bgl_10511,Normal
bgl_10512,Normal
bgl_10513,Normal
bgl_10514,Normal
bgl_10515,Normal
bgl_10516,Normal
bgl_10517,Normal
bgl_10518,Normal
bgl_10519,Normal
bgl_10520,Normal
bgl_10521,Normal
bgl_10522,Normal
bgl_10523,Normal
bgl_10524,Normal
bgl_10525,Normal
bgl_10526,Normal
bgl_10527,Normal
bgl_10528,Normal
bgl_10529,Normal
bgl_10530,Normal
bgl_10531,Normal
bgl_10532,Normal
bgl_10533,Normal
bgl_10534,Normal
bgl_10535,Normal
bgl_10536,Normal
bgl_10537,Normal
bgl_10538,Normal
bgl_10539,Normal
bgl_10540,Normal
bgl_10541,Normal
bgl_10542,Normal
bgl_10543,Normal
bgl_10544,Normal
bgl_10545,Normal
bgl_10546,Normal
bgl_10547,Normal
bgl_10548,Normal
bgl_10549,Normal
bgl_10550,Normal
bgl_10551,Normal
bgl_10552,Normal
bgl_10553,Normal
bgl_10554,Normal
bgl_10555,Normal
bgl_10556,Normal
bgl_10557,Normal
bgl_10558,Normal
bgl_10559,Normal
bgl_10560,Normal
bgl_10561,Normal
bgl_10562,Normal
bgl_10563,Normal
bgl_10564,Normal
bgl_10565,Normal
bgl_10566,Normal
bgl_10567,Normal
bgl_10568,Normal
bgl_10569,Normal
bgl_10570,Normal
bgl_10571,Normal
bgl_10572,Normal
bgl_10573,Normal
bgl_10574,Normal
bgl_10575,Normal
bgl_10576,Normal
bgl_10577,Normal
bgl_10578,Normal
bgl_10579,Normal
bgl_10580,Normal
bgl_10581,Normal
bgl_10582,Normal
bgl_10583,Normal
bgl_10584,Normal
bgl_10585,Normal
bgl_10586,Normal
bgl_10587,Normal
bgl_10588,Normal
bgl_10589,Normal
bgl_10590,Normal
bgl_10591,Normal
bgl_10592,Normal
bgl_10593,Normal
bgl_10594,Normal
bgl_10595,Normal
bgl_10596,Normal
bgl_10597,Normal
bgl_10598,Normal
bgl_10599,Normal
bgl_10600,Normal
bgl_10601,Normal
bgl_10602,Normal
bgl_10603,Normal
bgl_10604,Normal
bgl_10605,Normal
bgl_10606,Normal
bgl_10607,Normal
bgl_10608,Normal
bgl_10609,Normal
bgl_10610,Normal
bgl_10611,Normal
bgl_10612,Normal
bgl_10613,Normal
bgl_10614,Normal
bgl_10615,Normal
bgl_10616,Normal
bgl_10617,Normal
bgl_10618,Normal
bgl_10619,Normal
bgl_10620,Normal
bgl_10621,Normal
bgl_10622,Normal
bgl_10623,Normal
bgl_10624,Normal
bgl_10625,Normal
bgl_10626,Normal
bgl_10627,Normal
bgl_10628,Normal
bgl_10629,Normal
bgl_10630,Normal
bgl_10631,Normal
bgl_10632,Normal
bgl_10633,Normal
bgl_10634,Normal
bgl_10635,Normal
bgl_10636,Normal
bgl_10637,Normal
bgl_10638,Normal
bgl_10639,Normal
bgl_10640,Normal
bgl_10641,Normal
bgl_10642,Normal
bgl_10643,Normal
bgl_10644,Normal
bgl_10645,Normal
bgl_10646,Normal
bgl_10647,Normal
bgl_10648,Normal
bgl_10649,Normal
bgl_10650,Normal
bgl_10651,Normal
bgl_10652,Normal
bgl_10653,Normal
bgl_10654,Normal
bgl_10655,Normal
bgl_10656,Normal
bgl_10657,Normal
bgl_10658,Normal
bgl_10659,Normal
bgl_10660,Normal
bgl_10661,Normal
bgl_10662,Normal
bgl_10663,Normal
bgl_10664,Normal
bgl_10665,Normal
bgl_10666,Normal
bgl_10667,Normal
bgl_10668,Normal
bgl_10669,Normal
bgl_10670,Normal
bgl_10671,Normal
bgl_10672,Normal
bgl_10673,Normal
bgl_10674,Normal
bgl_10675,Normal
bgl_10676,Normal
bgl_10677,Normal
bgl_10678,Normal
bgl_10679,Normal
bgl_10680,Normal
bgl_10681,Normal
bgl_10682,Normal
bgl_10683,Normal
bgl_10684,Normal
bgl_10685,Normal
bgl_10686,Normal
bgl_10687,Normal
bgl_10688,Normal
bgl_10689,Normal
bgl_10690,Normal
bgl_10691,Normal
bgl_10692,Normal
bgl_10693,Normal
bgl_10694,Normal
bgl_10695,Normal
bgl_10696,Normal
bgl_10697,Normal
bgl_10698,Normal
bgl_10699,Normal
bgl_10700,Normal
bgl_10701,Normal
bgl_10702,Normal
bgl_10703,Normal
bgl_10704,Normal
bgl_10705,Normal
bgl_10706,Normal
bgl_10707,Normal
bgl_10708,Normal
bgl_10709,Normal
bgl_10710,Normal
bgl_10711,Normal
bgl_10712,Normal
bgl_10713,Normal
bgl_10714,Normal
bgl_10715,Normal
bgl_10716,Normal
bgl_10717,Normal
bgl_10718,Normal
bgl_10719,Normal
bgl_10720,Normal
bgl_10721,Normal
bgl_10722,Normal
bgl_10723,Normal
bgl_10724,Normal
bgl_10725,Normal
bgl_10726,Normal
bgl_10727,Normal
bgl_10728,Normal
bgl_10729,Normal
bgl_10730,Normal
bgl_10731,Normal
bgl_10732,Normal
bgl_10733,Normal
bgl_10734,Normal
bgl_10735,Normal
bgl_10736,Normal
bgl_10737,Normal
bgl_10738,Normal
bgl_10739,Normal
bgl_10740,Normal
bgl_10741,Normal
bgl_10742,Normal
bgl_10743,Normal
bgl_10744,Normal
bgl_10745,Normal
bgl_10746,Normal
bgl_10747,Normal
bgl_10748,Normal
bgl_10749,Normal
bgl_10750,Normal
bgl_10751,Normal
bgl_10752,Normal
bgl_10753,Normal
bgl_10754,Normal
bgl_10755,Normal
bgl_10756,Normal
bgl_10757,Normal
bgl_10758,Normal
bgl_10759,Normal
bgl_10760,Normal
bgl_10761,Normal
bgl_10762,Normal
bgl_10763,Normal
bgl_10764,Normal
bgl_10765,Normal
bgl_10766,Normal
bgl_10767,Normal
bgl_10768,Normal
bgl_10769,Normal
bgl_10770,Normal
bgl_10771,Normal
bgl_10772,Normal
bgl_10773,Normal
bgl_10774,Normal
bgl_10775,Normal
bgl_10776,Normal
bgl_10777,Normal
bgl_10778,Normal
bgl_10779,Normal
bgl_10780,Normal
bgl_10781,Normal
bgl_10782,Normal
bgl_10783,Normal
bgl_10784,Normal
bgl_10785,Normal
bgl_10786,Normal
bgl_10787,Normal
bgl_10788,Normal
bgl_10789,Normal
bgl_10790,Normal
bgl_10791,Normal
bgl_10792,Normal
bgl_10793,Normal
bgl_10794,Normal
bgl_10795,Normal
bgl_10796,Normal
bgl_10797,Normal
bgl_10798,Normal
bgl_10799,Normal
bgl_10800,Normal
bgl_10801,Normal
bgl_10802,Normal
bgl_10803,Normal
bgl_10804,Normal
bgl_10805,Normal
bgl_10806,Normal
bgl_10807,Normal
bgl_10808,Normal
bgl_10809,Normal
bgl_10810,Normal
bgl_10811,Normal
bgl_10812,Normal
bgl_10813,Normal
bgl_10814,Normal
bgl_10815,Normal
bgl_10816,Normal
bgl_10817,Normal
bgl_10818,Normal
bgl_10819,Normal
bgl_10820,Normal
bgl_10821,Normal
bgl_10822,Normal
bgl_10823,Normal
bgl_10824,Normal
bgl_10825,Normal
bgl_10826,Normal
bgl_10827,Normal
bgl_10828,Normal
bgl_10829,Normal
bgl_10830,Normal
bgl_10831,Normal
bgl_10832,Normal
bgl_10833,Normal
bgl_10834,Normal
bgl_10835,Normal
bgl_10836,Normal
bgl_10837,Normal
bgl_10838,Normal
bgl_10839,Normal
bgl_10840,Normal
bgl_10841,Normal
bgl_10842,Normal
bgl_10843,Normal
bgl_10844,Normal
bgl_10845,Normal
bgl_10846,Normal
bgl_10847,Normal
bgl_10848,Normal
bgl_10849,Normal
bgl_10850,Normal
bgl_10851,Normal
bgl_10852,Normal
bgl_10853,Normal
bgl_10854,Normal
bgl_10855,Normal
bgl_10856,Normal
bgl_10857,Normal
bgl_10858,Normal
bgl_10859,Normal
bgl_10860,Normal
bgl_10861,Normal
bgl_10862,Normal
bgl_10863,Normal
bgl_10864,Normal
bgl_10865,Normal
bgl_10866,Normal
bgl_10867,Normal
bgl_10868,Normal
bgl_10869,Normal
bgl_10870,Normal
bgl_10871,Normal
bgl_10872,Normal
bgl_10873,Normal
bgl_10874,Normal
bgl_10875,Normal
bgl_10876,Normal
bgl_10877,Normal
bgl_10878,Normal
bgl_10879,Normal
bgl_10880,Normal
bgl_10881,Normal
bgl_10882,Normal
bgl_10883,Normal
bgl_10884,Normal
bgl_10885,Normal
bgl_10886,Normal
bgl_10887,Normal
bgl_10888,Normal
bgl_10889,Normal
bgl_10890,Normal
bgl_10891,Normal
bgl_10892,Normal
bgl_10893,Normal
bgl_10894,Normal
bgl_10895,Normal
bgl_10896,Normal
bgl_10897,Normal
bgl_10898,Anomaly
bgl_10899,Normal
bgl_10900,Normal
bgl_10901,Normal
bgl_10902,Normal
bgl_10903,Normal
bgl_10904,Normal
bgl_10905,Normal
bgl_10906,Normal
bgl_10907,Normal
bgl_10908,Normal
bgl_10909,Normal
bgl_10910,Normal
bgl_10911,Normal
bgl_10912,Normal
bgl_10913,Normal
bgl_10914,Normal
bgl_10915,Normal
bgl_10916,Normal
bgl_10917,Normal
bgl_10918,Normal
bgl_10919,Normal
bgl_10920,Normal
bgl_10921,Normal
bgl_10922,Normal
bgl_10923,Normal
bgl_10924,Normal
bgl_10925,Normal
bgl_10926,Normal
bgl_10927,Normal
bgl_10928,Normal
bgl_10929,Normal
bgl_10930,Normal
bgl_10931,Normal
bgl_10932,Normal
bgl_10933,Normal
bgl_10934,Normal
bgl_10935,Normal
bgl_10936,Normal
bgl_10937,Normal
bgl_10938,Normal
bgl_10939,Normal
bgl_10940,Normal
bgl_10941,Normal
bgl_10942,Normal
bgl_10943,Normal
bgl_10944,Normal
bgl_10945,Normal
bgl_10946,Normal
bgl_10947,Normal
bgl_10948,Normal
bgl_10949,Normal
bgl_10950,Normal
bgl_10951,Normal
bgl_10952,Normal
bgl_10953,Normal
bgl_10954,Normal
bgl_10955,Normal
bgl_10956,Normal
bgl_10957,Normal
bgl_10958,Normal
bgl_10959,Normal
bgl_10960,Normal
bgl_10961,Normal
bgl_10962,Normal
bgl_10963,Normal
bgl_10964,Normal
bgl_10965,Normal
bgl_10966,Normal
bgl_10967,Normal
bgl_10968,Normal
bgl_10969,Normal
bgl_10970,Normal
bgl_10971,Normal
bgl_10972,Normal
bgl_10973,Normal
bgl_10974,Normal
bgl_10975,Normal
bgl_10976,Normal
bgl_10977,Normal
bgl_10978,Normal
bgl_10979,Normal
bgl_10980,Normal
bgl_10981,Normal
bgl_10982,Normal
bgl_10983,Normal
bgl_10984,Normal
bgl_10985,Normal
bgl_10986,Normal
bgl_10987,Normal
bgl_10988,Normal
bgl_10989,Normal
bgl_10990,Normal
bgl_10991,Anomaly
bgl_10992,Normal
bgl_10993,Normal
bgl_10994,Normal
bgl_10995,Normal
bgl_10996,Normal
bgl_10997,Normal
bgl_10998,Normal
bgl_10999,Normal
bgl_11000,Normal
bgl_11001,Normal
bgl_11002,Normal
bgl_11003,Normal
bgl_11004,Normal
bgl_11005,Normal
bgl_11006,Normal
bgl_11007,Normal
bgl_11008,Normal
bgl_11009,Normal
bgl_11010,Normal
bgl_11011,Normal
bgl_11012,Normal
bgl_11013,Normal
bgl_11014,Normal
bgl_11015,Normal
bgl_11016,Normal
bgl_11017,Normal
bgl_11018,Normal
bgl_11019,Normal
bgl_11020,Normal
bgl_11021,Normal
bgl_11022,Normal
bgl_11023,Normal
bgl_11024,Normal
bgl_11025,Normal
bgl_11026,Normal
bgl_11027,Normal
bgl_11028,Normal
bgl_11029,Normal
bgl_11030,Normal
bgl_11031,Normal
bgl_11032,Normal
bgl_11033,Normal
bgl_11034,Normal
bgl_11035,Normal
bgl_11036,Normal
bgl_11037,Normal
bgl_11038,Normal
bgl_11039,Normal
bgl_11040,Normal
bgl_11041,Normal
bgl_11042,Normal
bgl_11043,Normal
bgl_11044,Normal
bgl_11045,Normal
bgl_11046,Normal
bgl_11047,Normal
bgl_11048,Anomaly
bgl_11049,Anomaly
bgl_11050,Normal
bgl_11051,Normal
bgl_11052,Normal
bgl_11053,Normal
bgl_11054,Normal
bgl_11055,Normal
bgl_11056,Normal
bgl_11057,Normal
bgl_11058,Anomaly
bgl_11059,Normal
bgl_11060,Anomaly
bgl_11061,Normal
bgl_11062,Normal
bgl_11063,Normal
bgl_11064,Normal
bgl_11065,Normal
bgl_11066,Normal
bgl_11067,Normal
bgl_11068,Normal
bgl_11069,Normal
bgl_11070,Normal
bgl_11071,Normal
bgl_11072,Normal
bgl_11073,Normal
bgl_11074,Normal
bgl_11075,Normal
bgl_11076,Normal
bgl_11077,Normal
bgl_11078,Normal
bgl_11079,Normal
bgl_11080,Normal
bgl_11081,Normal
bgl_11082,Normal
bgl_11083,Anomaly
bgl_11084,Normal
bgl_11085,Normal
bgl_11086,Anomaly
bgl_11087,Normal
bgl_11088,Normal
bgl_11089,Normal
bgl_11090,Normal
bgl_11091,Normal
bgl_11092,Normal
bgl_11093,Normal
bgl_11094,Normal
bgl_11095,Normal
bgl_11096,Normal
bgl_11097,Normal
bgl_11098,Normal
bgl_11099,Normal
bgl_11100,Normal
bgl_11101,Normal
bgl_11102,Normal
bgl_11103,Normal
bgl_11104,Normal
bgl_11105,Normal
bgl_11106,Normal
bgl_11107,Normal
bgl_11108,Normal
bgl_11109,Normal
bgl_11110,Normal
bgl_11111,Normal
bgl_11112,Normal
bgl_11113,Normal
bgl_11114,Normal
bgl_11115,Normal
bgl_11116,Normal
bgl_11117,Normal
bgl_11118,Normal
bgl_11119,Normal
bgl_11120,Normal
bgl_11121,Normal
bgl_11122,Normal
bgl_11123,Normal
bgl_11124,Normal
bgl_11125,Normal
bgl_11126,Normal
bgl_11127,Normal
bgl_11128,Normal
bgl_11129,Normal
bgl_11130,Normal
bgl_11131,Normal
bgl_11132,Normal
bgl_11133,Normal
bgl_11134,Normal
bgl_11135,Normal
bgl_11136,Normal
bgl_11137,Normal
bgl_11138,Normal
bgl_11139,Normal
bgl_11140,Normal
bgl_11141,Normal
bgl_11142,Normal
bgl_11143,Normal
bgl_11144,Normal
bgl_11145,Normal
bgl_11146,Normal
bgl_11147,Normal
bgl_11148,Normal
bgl_11149,Normal
bgl_11150,Normal
bgl_11151,Normal
bgl_11152,Normal
bgl_11153,Normal
bgl_11154,Normal
bgl_11155,Normal
bgl_11156,Normal
bgl_11157,Normal
bgl_11158,Normal
bgl_11159,Normal
bgl_11160,Normal
bgl_11161,Normal
bgl_11162,Normal
bgl_11163,Normal
bgl_11164,Normal
bgl_11165,Normal
bgl_11166,Normal
bgl_11167,Normal
bgl_11168,Normal
bgl_11169,Normal
bgl_11170,Normal
bgl_11171,Normal
bgl_11172,Normal
bgl_11173,Normal
bgl_11174,Normal
bgl_11175,Normal
bgl_11176,Normal
bgl_11177,Normal
bgl_11178,Normal
bgl_11179,Normal
bgl_11180,Normal
bgl_11181,Normal
bgl_11182,Normal
bgl_11183,Normal
bgl_11184,Normal
bgl_11185,Normal
bgl_11186,Normal
bgl_11187,Normal
bgl_11188,Normal
bgl_11189,Normal
bgl_11190,Normal
bgl_11191,Normal
bgl_11192,Normal
bgl_11193,Normal
bgl_11194,Normal
bgl_11195,Normal
bgl_11196,Normal
bgl_11197,Normal
bgl_11198,Normal
bgl_11199,Normal
bgl_11200,Normal
bgl_11201,Normal
bgl_11202,Normal
bgl_11203,Normal
bgl_11204,Normal
bgl_11205,Normal
bgl_11206,Normal
bgl_11207,Normal
bgl_11208,Normal
bgl_11209,Normal
bgl_11210,Normal
bgl_11211,Normal
bgl_11212,Normal
bgl_11213,Normal
bgl_11214,Normal
bgl_11215,Normal
bgl_11216,Normal
bgl_11217,Normal
bgl_11218,Normal
bgl_11219,Normal
bgl_11220,Normal
bgl_11221,Normal
bgl_11222,Normal
bgl_11223,Normal
bgl_11224,Normal
bgl_11225,Normal
bgl_11226,Normal
bgl_11227,Normal
bgl_11228,Normal
bgl_11229,Normal
bgl_11230,Normal
bgl_11231,Normal
bgl_11232,Normal
bgl_11233,Normal
bgl_11234,Normal
bgl_11235,Normal
bgl_11236,Normal
bgl_11237,Normal
bgl_11238,Normal
bgl_11239,Normal
bgl_11240,Normal
bgl_11241,Normal
bgl_11242,Normal
bgl_11243,Normal
bgl_11244,Normal
bgl_11245,Normal
bgl_11246,Normal
bgl_11247,Normal
bgl_11248,Normal
bgl_11249,Normal
bgl_11250,Normal
bgl_11251,Normal
bgl_11252,Normal
bgl_11253,Normal
bgl_11254,Normal
bgl_11255,Normal
bgl_11256,Normal
bgl_11257,Normal
bgl_11258,Normal
bgl_11259,Normal
bgl_11260,Normal
bgl_11261,Normal
bgl_11262,Normal
bgl_11263,Normal
bgl_11264,Normal
bgl_11265,Normal
bgl_11266,Normal
bgl_11267,Normal
bgl_11268,Normal
bgl_11269,Normal
bgl_11270,Normal
bgl_11271,Normal
bgl_11272,Normal
bgl_11273,Normal
bgl_11274,Normal
bgl_11275,Normal
bgl_11276,Normal
bgl_11277,Normal
bgl_11278,Normal
bgl_11279,Normal
bgl_11280,Normal
bgl_11281,Normal
bgl_11282,Normal
bgl_11283,Normal
bgl_11284,Normal
bgl_11285,Normal
bgl_11286,Normal
bgl_11287,Normal
bgl_11288,Normal
bgl_11289,Normal
bgl_11290,Normal
bgl_11291,Normal
bgl_11292,Normal
bgl_11293,Normal
bgl_11294,Normal
bgl_11295,Normal
bgl_11296,Normal
bgl_11297,Normal
bgl_11298,Normal
bgl_11299,Normal
bgl_11300,Normal
bgl_11301,Normal
bgl_11302,Normal
bgl_11303,Normal
bgl_11304,Normal
bgl_11305,Normal
bgl_11306,Normal
bgl_11307,Normal
bgl_11308,Normal
bgl_11309,Normal
bgl_11310,Normal
bgl_11311,Normal
bgl_11312,Normal
bgl_11313,Normal
bgl_11314,Normal
bgl_11315,Normal
bgl_11316,Normal
bgl_11317,Normal
bgl_11318,Normal
bgl_11319,Normal
bgl_11320,Normal
bgl_11321,Normal
bgl_11322,Normal
bgl_11323,Normal
bgl_11324,Normal
bgl_11325,Normal
bgl_11326,Normal
bgl_11327,Normal
bgl_11328,Normal
bgl_11329,Normal
bgl_11330,Normal
bgl_11331,Normal
bgl_11332,Normal
bgl_11333,Normal
bgl_11334,Normal
bgl_11335,Normal
bgl_11336,Normal
bgl_11337,Normal
bgl_11338,Normal
bgl_11339,Normal
bgl_11340,Normal
bgl_11341,Normal
bgl_11342,Normal
bgl_11343,Normal
bgl_11344,Normal
bgl_11345,Normal
bgl_11346,Normal
bgl_11347,Normal
bgl_11348,Normal
bgl_11349,Normal
bgl_11350,Normal
bgl_11351,Normal
bgl_11352,Normal
bgl_11353,Normal
bgl_11354,Normal
bgl_11355,Normal
bgl_11356,Normal
bgl_11357,Normal
bgl_11358,Normal
bgl_11359,Normal
bgl_11360,Normal
bgl_11361,Normal
bgl_11362,Normal
bgl_11363,Normal
bgl_11364,Normal
bgl_11365,Normal
bgl_11366,Normal
bgl_11367,Normal
bgl_11368,Normal
bgl_11369,Normal
bgl_11370,Normal
bgl_11371,Normal
bgl_11372,Normal
bgl_11373,Normal
bgl_11374,Normal
bgl_11375,Normal
bgl_11376,Normal
bgl_11377,Normal
bgl_11378,Normal
bgl_11379,Normal
bgl_11380,Normal
bgl_11381,Normal
bgl_11382,Normal
bgl_11383,Normal
bgl_11384,Normal
bgl_11385,Normal
bgl_11386,Normal
bgl_11387,Normal
bgl_11388,Normal
bgl_11389,Normal
bgl_11390,Normal
bgl_11391,Normal
bgl_11392,Normal
bgl_11393,Normal
bgl_11394,Normal
bgl_11395,Normal
bgl_11396,Normal
bgl_11397,Normal
bgl_11398,Normal
bgl_11399,Normal
bgl_11400,Normal
bgl_11401,Normal
bgl_11402,Normal
bgl_11403,Normal
bgl_11404,Normal
bgl_11405,Normal
bgl_11406,Normal
bgl_11407,Normal
bgl_11408,Normal
bgl_11409,Normal
bgl_11410,Normal
bgl_11411,Normal
bgl_11412,Normal
bgl_11413,Normal
bgl_11414,Normal
bgl_11415,Normal
bgl_11416,Normal
bgl_11417,Normal
bgl_11418,Normal
bgl_11419,Normal
bgl_11420,Normal
bgl_11421,Normal
bgl_11422,Normal
bgl_11423,Normal
bgl_11424,Normal
bgl_11425,Normal
bgl_11426,Normal
bgl_11427,Normal
bgl_11428,Normal
bgl_11429,Normal
bgl_11430,Normal
bgl_11431,Normal
bgl_11432,Normal
bgl_11433,Normal
bgl_11434,Normal
bgl_11435,Normal
bgl_11436,Normal
bgl_11437,Normal
bgl_11438,Normal
bgl_11439,Normal
bgl_11440,Normal
bgl_11441,Normal
bgl_11442,Normal
bgl_11443,Normal
bgl_11444,Normal
bgl_11445,Normal
bgl_11446,Normal
bgl_11447,Normal
bgl_11448,Normal
bgl_11449,Normal
bgl_11450,Normal
bgl_11451,Normal
bgl_11452,Normal
bgl_11453,Normal
bgl_11454,Normal
bgl_11455,Normal
bgl_11456,Normal
bgl_11457,Normal
bgl_11458,Normal
bgl_11459,Normal
bgl_11460,Normal
bgl_11461,Normal
bgl_11462,Normal
bgl_11463,Normal
bgl_11464,Normal
bgl_11465,Normal
bgl_11466,Normal
bgl_11467,Normal
bgl_11468,Normal
bgl_11469,Normal
bgl_11470,Normal
bgl_11471,Normal
bgl_11472,Normal
bgl_11473,Normal
bgl_11474,Normal
bgl_11475,Normal
bgl_11476,Normal
bgl_11477,Normal
bgl_11478,Normal
bgl_11479,Normal
bgl_11480,Normal
bgl_11481,Normal
bgl_11482,Normal
bgl_11483,Normal
bgl_11484,Normal
bgl_11485,Normal
bgl_11486,Normal
bgl_11487,Normal
bgl_11488,Normal
bgl_11489,Normal
bgl_11490,Normal
bgl_11491,Normal
bgl_11492,Normal
bgl_11493,Normal
bgl_11494,Normal
bgl_11495,Normal
bgl_11496,Normal
bgl_11497,Normal
bgl_11498,Normal
bgl_11499,Normal
bgl_11500,Normal
bgl_11501,Normal
bgl_11502,Normal
bgl_11503,Normal
bgl_11504,Normal
bgl_11505,Normal
bgl_11506,Normal
bgl_11507,Normal
bgl_11508,Normal
bgl_11509,Normal
bgl_11510,Normal
bgl_11511,Normal
bgl_11512,Normal
bgl_11513,Normal
bgl_11514,Normal
bgl_11515,Normal
bgl_11516,Normal
bgl_11517,Normal
bgl_11518,Normal
bgl_11519,Normal
bgl_11520,Normal
bgl_11521,Normal
bgl_11522,Normal
bgl_11523,Normal
bgl_11524,Normal
bgl_11525,Normal
bgl_11526,Normal
bgl_11527,Normal
bgl_11528,Normal
bgl_11529,Normal
bgl_11530,Normal
bgl_11531,Normal
bgl_11532,Normal
bgl_11533,Normal
bgl_11534,Normal
bgl_11535,Normal
bgl_11536,Normal
bgl_11537,Normal
bgl_11538,Normal
bgl_11539,Normal
bgl_11540,Normal
bgl_11541,Normal
bgl_11542,Normal
bgl_11543,Normal
bgl_11544,Normal
bgl_11545,Normal
bgl_11546,Normal
bgl_11547,Normal
bgl_11548,Normal
bgl_11549,Normal
bgl_11550,Normal
bgl_11551,Normal
bgl_11552,Normal
bgl_11553,Normal
bgl_11554,Normal
bgl_11555,Normal
bgl_11556,Normal
bgl_11557,Normal
bgl_11558,Normal
bgl_11559,Normal
bgl_11560,Normal
bgl_11561,Normal
bgl_11562,Normal
bgl_11563,Normal
bgl_11564,Normal
bgl_11565,Normal
bgl_11566,Normal
bgl_11567,Normal
bgl_11568,Normal
bgl_11569,Normal
bgl_11570,Normal
bgl_11571,Normal
bgl_11572,Normal
bgl_11573,Normal
bgl_11574,Normal
bgl_11575,Normal
bgl_11576,Normal
bgl_11577,Normal
bgl_11578,Normal
bgl_11579,Normal
bgl_11580,Normal
bgl_11581,Normal
bgl_11582,Normal
bgl_11583,Normal
bgl_11584,Normal
bgl_11585,Normal
bgl_11586,Normal
bgl_11587,Normal
bgl_11588,Normal
bgl_11589,Normal
bgl_11590,Normal
bgl_11591,Normal
bgl_11592,Normal
bgl_11593,Normal
bgl_11594,Normal
bgl_11595,Normal
bgl_11596,Normal
bgl_11597,Normal
bgl_11598,Normal
bgl_11599,Normal
bgl_11600,Normal
bgl_11601,Normal
bgl_11602,Normal
bgl_11603,Normal
bgl_11604,Normal
bgl_11605,Normal
bgl_11606,Normal
bgl_11607,Normal
bgl_11608,Normal
bgl_11609,Normal
bgl_11610,Normal
bgl_11611,Normal
bgl_11612,Normal
bgl_11613,Normal
bgl_11614,Normal
bgl_11615,Normal
bgl_11616,Normal
bgl_11617,Normal
bgl_11618,Normal
bgl_11619,Normal
bgl_11620,Normal
bgl_11621,Normal
bgl_11622,Normal
bgl_11623,Normal
bgl_11624,Normal
bgl_11625,Normal
bgl_11626,Normal
bgl_11627,Normal
bgl_11628,Normal
bgl_11629,Normal
bgl_11630,Normal
bgl_11631,Normal
bgl_11632,Normal
bgl_11633,Normal
bgl_11634,Normal
bgl_11635,Normal
bgl_11636,Normal
bgl_11637,Normal
bgl_11638,Normal
bgl_11639,Normal
bgl_11640,Normal
bgl_11641,Normal
bgl_11642,Normal
bgl_11643,Normal
bgl_11644,Normal
bgl_11645,Normal
bgl_11646,Normal
bgl_11647,Normal
bgl_11648,Normal
bgl_11649,Normal
bgl_11650,Normal
bgl_11651,Normal
bgl_11652,Normal
bgl_11653,Normal
bgl_11654,Normal
bgl_11655,Normal
bgl_11656,Normal
bgl_11657,Normal
bgl_11658,Normal
bgl_11659,Normal
bgl_11660,Normal
bgl_11661,Normal
bgl_11662,Normal
bgl_11663,Normal
bgl_11664,Normal
bgl_11665,Normal
bgl_11666,Normal
bgl_11667,Normal
bgl_11668,Normal
bgl_11669,Normal
bgl_11670,Normal
bgl_11671,Normal
bgl_11672,Normal
bgl_11673,Normal
bgl_11674,Normal
bgl_11675,Normal
bgl_11676,Normal
bgl_11677,Normal
bgl_11678,Normal
bgl_11679,Normal
bgl_11680,Normal
bgl_11681,Normal
bgl_11682,Normal
bgl_11683,Normal
bgl_11684,Normal
bgl_11685,Normal
bgl_11686,Normal
bgl_11687,Normal
bgl_11688,Normal
bgl_11689,Normal
bgl_11690,Normal
bgl_11691,Normal
bgl_11692,Normal
bgl_11693,Normal
bgl_11694,Normal
bgl_11695,Normal
bgl_11696,Normal
bgl_11697,Normal
bgl_11698,Normal
bgl_11699,Normal
bgl_11700,Normal
bgl_11701,Normal
bgl_11702,Normal
bgl_11703,Normal
bgl_11704,Normal
bgl_11705,Normal
bgl_11706,Normal
bgl_11707,Normal
bgl_11708,Normal
bgl_11709,Normal
bgl_11710,Normal
bgl_11711,Normal
bgl_11712,Normal
bgl_11713,Normal
bgl_11714,Normal
bgl_11715,Normal
bgl_11716,Normal
bgl_11717,Normal
bgl_11718,Normal
bgl_11719,Normal
bgl_11720,Normal
bgl_11721,Normal
bgl_11722,Normal
bgl_11723,Normal
bgl_11724,Normal
bgl_11725,Normal
bgl_11726,Normal
bgl_11727,Normal
bgl_11728,Normal
bgl_11729,Normal
bgl_11730,Normal
bgl_11731,Normal
bgl_11732,Normal
bgl_11733,Normal
bgl_11734,Normal
bgl_11735,Normal
bgl_11736,Normal
bgl_11737,Normal
bgl_11738,Normal
bgl_11739,Normal
bgl_11740,Normal
bgl_11741,Normal
bgl_11742,Normal
bgl_11743,Normal
bgl_11744,Normal
bgl_11745,Normal
bgl_11746,Normal
bgl_11747,Normal
bgl_11748,Normal
bgl_11749,Normal
bgl_11750,Normal
bgl_11751,Normal
bgl_11752,Normal
bgl_11753,Normal
bgl_11754,Normal
bgl_11755,Normal
bgl_11756,Normal
bgl_11757,Normal
bgl_11758,Normal
bgl_11759,Normal
bgl_11760,Normal
bgl_11761,Normal
bgl_11762,Normal
bgl_11763,Normal
bgl_11764,Normal
bgl_11765,Normal
bgl_11766,Normal
bgl_11767,Normal
bgl_11768,Normal
bgl_11769,Normal
bgl_11770,Normal
bgl_11771,Normal
bgl_11772,Normal
bgl_11773,Normal
bgl_11774,Normal
bgl_11775,Normal
bgl_11776,Normal
bgl_11777,Normal
bgl_11778,Normal
bgl_11779,Normal
bgl_11780,Normal
bgl_11781,Normal
bgl_11782,Normal
bgl_11783,Normal
bgl_11784,Normal
bgl_11785,Normal
bgl_11786,Normal
bgl_11787,Normal
bgl_11788,Normal
bgl_11789,Normal
bgl_11790,Normal
bgl_11791,Normal
bgl_11792,Normal
bgl_11793,Normal
bgl_11794,Normal
bgl_11795,Normal
bgl_11796,Normal
bgl_11797,Normal
bgl_11798,Normal
bgl_11799,Normal
bgl_11800,Normal
bgl_11801,Normal
bgl_11802,Normal
bgl_11803,Normal
bgl_11804,Normal
bgl_11805,Normal
bgl_11806,Normal
bgl_11807,Normal
bgl_11808,Normal
bgl_11809,Normal
bgl_11810,Normal
bgl_11811,Normal
bgl_11812,Normal
bgl_11813,Normal
bgl_11814,Normal
bgl_11815,Normal
bgl_11816,Normal
bgl_11817,Normal
bgl_11818,Normal
bgl_11819,Normal
bgl_11820,Normal
bgl_11821,Normal
bgl_11822,Normal
bgl_11823,Normal
bgl_11824,Normal
bgl_11825,Normal
bgl_11826,Normal
bgl_11827,Normal
bgl_11828,Normal
bgl_11829,Normal
bgl_11830,Normal
bgl_11831,Normal
bgl_11832,Normal
bgl_11833,Normal
bgl_11834,Normal
bgl_11835,Normal
bgl_11836,Normal
bgl_11837,Normal
bgl_11838,Normal
bgl_11839,Normal
bgl_11840,Normal
bgl_11841,Normal
bgl_11842,Normal
bgl_11843,Normal
bgl_11844,Normal
bgl_11845,Normal
bgl_11846,Normal
bgl_11847,Normal
bgl_11848,Normal
bgl_11849,Normal
bgl_11850,Normal
bgl_11851,Normal
bgl_11852,Normal
bgl_11853,Normal
bgl_11854,Normal
bgl_11855,Normal
bgl_11856,Normal
bgl_11857,Normal
bgl_11858,Normal
bgl_11859,Normal
bgl_11860,Normal
bgl_11861,Normal
bgl_11862,Normal
bgl_11863,Normal
bgl_11864,Normal
bgl_11865,Normal
bgl_11866,Normal
bgl_11867,Normal
bgl_11868,Normal
bgl_11869,Normal
bgl_11870,Normal
bgl_11871,Normal
bgl_11872,Normal
bgl_11873,Normal
bgl_11874,Normal
bgl_11875,Normal
bgl_11876,Normal
bgl_11877,Normal
bgl_11878,Normal
bgl_11879,Normal
bgl_11880,Normal
bgl_11881,Normal
bgl_11882,Normal
bgl_11883,Normal
bgl_11884,Normal
bgl_11885,Normal
bgl_11886,Normal
bgl_11887,Normal
bgl_11888,Normal
bgl_11889,Normal
bgl_11890,Normal
bgl_11891,Normal
bgl_11892,Normal
bgl_11893,Normal
bgl_11894,Normal
bgl_11895,Normal
bgl_11896,Normal
bgl_11897,Normal
bgl_11898,Normal
bgl_11899,Normal
bgl_11900,Normal
bgl_11901,Normal
bgl_11902,Normal
bgl_11903,Normal
bgl_11904,Normal
bgl_11905,Normal
bgl_11906,Normal
bgl_11907,Normal
bgl_11908,Normal
bgl_11909,Normal
bgl_11910,Normal
bgl_11911,Normal
bgl_11912,Normal
bgl_11913,Normal
bgl_11914,Normal
bgl_11915,Normal
bgl_11916,Normal
bgl_11917,Normal
bgl_11918,Normal
bgl_11919,Normal
bgl_11920,Normal
bgl_11921,Normal
bgl_11922,Normal
bgl_11923,Normal
bgl_11924,Normal
bgl_11925,Normal
bgl_11926,Normal
bgl_11927,Normal
bgl_11928,Normal
bgl_11929,Normal
bgl_11930,Normal
bgl_11931,Normal
bgl_11932,Normal
bgl_11933,Normal
bgl_11934,Normal
bgl_11935,Normal
bgl_11936,Normal
bgl_11937,Normal
bgl_11938,Normal
bgl_11939,Normal
bgl_11940,Normal
bgl_11941,Normal
bgl_11942,Normal
bgl_11943,Normal
bgl_11944,Normal
bgl_11945,Normal
bgl_11946,Normal
bgl_11947,Normal
bgl_11948,Normal
bgl_11949,Normal
bgl_11950,Normal
bgl_11951,Normal
bgl_11952,Normal
bgl_11953,Normal
bgl_11954,Normal
bgl_11955,Normal
bgl_11956,Normal
bgl_11957,Normal
bgl_11958,Normal
bgl_11959,Normal
bgl_11960,Normal
bgl_11961,Normal
bgl_11962,Normal
bgl_11963,Normal
bgl_11964,Normal
bgl_11965,Normal
bgl_11966,Normal
bgl_11967,Normal
bgl_11968,Normal
bgl_11969,Normal
bgl_11970,Normal
bgl_11971,Normal
bgl_11972,Normal
bgl_11973,Normal
bgl_11974,Normal
bgl_11975,Normal
bgl_11976,Normal
bgl_11977,Normal
bgl_11978,Normal
bgl_11979,Normal
bgl_11980,Normal
bgl_11981,Normal
bgl_11982,Normal
bgl_11983,Normal
bgl_11984,Normal
bgl_11985,Normal
bgl_11986,Normal
bgl_11987,Normal
bgl_11988,Normal
bgl_11989,Normal
bgl_11990,Normal
bgl_11991,Normal
bgl_11992,Normal
bgl_11993,Normal
bgl_11994,Normal
bgl_11995,Normal
bgl_11996,Normal
bgl_11997,Normal
bgl_11998,Normal
bgl_11999,Normal
bgl_12000,Normal
bgl_12001,Normal
bgl_12002,Normal
bgl_12003,Normal
bgl_12004,Normal
bgl_12005,Normal
bgl_12006,Normal
bgl_12007,Normal
bgl_12008,Normal
bgl_12009,Normal
bgl_12010,Normal
bgl_12011,Normal
bgl_12012,Normal
bgl_12013,Normal
bgl_12014,Normal
bgl_12015,Normal
bgl_12016,Normal
bgl_12017,Normal
bgl_12018,Normal
bgl_12019,Normal
bgl_12020,Normal
bgl_12021,Normal
bgl_12022,Normal
bgl_12023,Normal
bgl_12024,Normal
bgl_12025,Normal
bgl_12026,Normal
bgl_12027,Normal
bgl_12028,Normal
bgl_12029,Normal
bgl_12030,Normal
bgl_12031,Normal
bgl_12032,Normal
bgl_12033,Normal
bgl_12034,Normal
bgl_12035,Normal
bgl_12036,Normal
bgl_12037,Normal
bgl_12038,Normal
bgl_12039,Normal
bgl_12040,Normal
bgl_12041,Normal
bgl_12042,Normal
bgl_12043,Normal
bgl_12044,Normal
bgl_12045,Normal
bgl_12046,Normal
bgl_12047,Normal
bgl_12048,Normal
bgl_12049,Normal
bgl_12050,Normal
bgl_12051,Normal
bgl_12052,Normal
bgl_12053,Normal
bgl_12054,Normal
bgl_12055,Normal
bgl_12056,Normal
bgl_12057,Normal
bgl_12058,Normal
bgl_12059,Normal
bgl_12060,Normal
bgl_12061,Normal
bgl_12062,Normal
bgl_12063,Normal
bgl_12064,Normal
bgl_12065,Normal
bgl_12066,Normal
bgl_12067,Normal
bgl_12068,Normal
bgl_12069,Normal
bgl_12070,Normal
bgl_12071,Normal
bgl_12072,Normal
bgl_12073,Normal
bgl_12074,Normal
bgl_12075,Normal
bgl_12076,Normal
bgl_12077,Normal
bgl_12078,Normal
bgl_12079,Normal
bgl_12080,Normal
bgl_12081,Normal
bgl_12082,Normal
bgl_12083,Normal
bgl_12084,Normal
bgl_12085,Normal
bgl_12086,Normal
bgl_12087,Normal
bgl_12088,Normal
bgl_12089,Normal
bgl_12090,Normal
bgl_12091,Normal
bgl_12092,Normal
bgl_12093,Normal
bgl_12094,Normal
bgl_12095,Normal
bgl_12096,Normal
bgl_12097,Normal
bgl_12098,Normal
bgl_12099,Normal
bgl_12100,Normal
bgl_12101,Normal
bgl_12102,Normal
bgl_12103,Normal
bgl_12104,Normal
bgl_12105,Normal
bgl_12106,Normal
bgl_12107,Normal
bgl_12108,Normal
bgl_12109,Normal
bgl_12110,Normal
bgl_12111,Normal
bgl_12112,Normal
bgl_12113,Normal
bgl_12114,Normal
bgl_12115,Normal
bgl_12116,Normal
bgl_12117,Normal
bgl_12118,Normal
bgl_12119,Normal
bgl_12120,Normal
bgl_12121,Normal
bgl_12122,Normal
bgl_12123,Normal
bgl_12124,Normal
bgl_12125,Normal
bgl_12126,Normal
bgl_12127,Normal
bgl_12128,Normal
bgl_12129,Normal
bgl_12130,Normal
bgl_12131,Normal
bgl_12132,Normal
bgl_12133,Normal
bgl_12134,Normal
bgl_12135,Normal
bgl_12136,Normal
bgl_12137,Normal
bgl_12138,Normal
bgl_12139,Normal
bgl_12140,Normal
bgl_12141,Normal
bgl_12142,Normal
bgl_12143,Normal
bgl_12144,Normal
bgl_12145,Normal
bgl_12146,Normal
bgl_12147,Normal
bgl_12148,Normal
bgl_12149,Normal
bgl_12150,Normal
bgl_12151,Normal
bgl_12152,Normal
bgl_12153,Normal
bgl_12154,Normal
bgl_12155,Normal
bgl_12156,Normal
bgl_12157,Normal
bgl_12158,Normal
bgl_12159,Normal
bgl_12160,Normal
bgl_12161,Normal
bgl_12162,Normal
bgl_12163,Normal
bgl_12164,Normal
bgl_12165,Normal
bgl_12166,Normal
bgl_12167,Normal
bgl_12168,Normal
bgl_12169,Normal
bgl_12170,Normal
bgl_12171,Normal
bgl_12172,Normal
bgl_12173,Normal
bgl_12174,Normal
bgl_12175,Normal
bgl_12176,Normal
bgl_12177,Normal
bgl_12178,Normal
bgl_12179,Normal
bgl_12180,Normal
bgl_12181,Normal
bgl_12182,Normal
bgl_12183,Normal
bgl_12184,Normal
bgl_12185,Normal
bgl_12186,Normal
bgl_12187,Normal
bgl_12188,Normal
bgl_12189,Normal
bgl_12190,Normal
bgl_12191,Normal
bgl_12192,Normal
bgl_12193,Normal
bgl_12194,Normal
bgl_12195,Normal
bgl_12196,Normal
bgl_12197,Normal
bgl_12198,Normal
bgl_12199,Normal
bgl_12200,Normal
bgl_12201,Normal
bgl_12202,Normal
bgl_12203,Normal
bgl_12204,Normal
bgl_12205,Normal
bgl_12206,Normal
bgl_12207,Normal
bgl_12208,Normal
bgl_12209,Normal
bgl_12210,Normal
bgl_12211,Normal
bgl_12212,Normal
bgl_12213,Normal
bgl_12214,Normal
bgl_12215,Normal
bgl_12216,Normal
bgl_12217,Normal
bgl_12218,Normal
bgl_12219,Normal
bgl_12220,Normal
bgl_12221,Normal
bgl_12222,Normal
bgl_12223,Normal
bgl_12224,Normal
bgl_12225,Normal
bgl_12226,Normal
bgl_12227,Normal
bgl_12228,Normal
bgl_12229,Normal
bgl_12230,Normal
bgl_12231,Normal
bgl_12232,Normal
bgl_12233,Normal
bgl_12234,Normal
bgl_12235,Normal
bgl_12236,Normal
bgl_12237,Normal
bgl_12238,Normal
bgl_12239,Normal
bgl_12240,Normal
bgl_12241,Normal
bgl_12242,Normal
bgl_12243,Normal
bgl_12244,Normal
bgl_12245,Normal
bgl_12246,Normal
bgl_12247,Normal
bgl_12248,Normal
bgl_12249,Normal
bgl_12250,Normal
bgl_12251,Normal
bgl_12252,Normal
bgl_12253,Normal
bgl_12254,Normal
bgl_12255,Normal
bgl_12256,Normal
bgl_12257,Normal
bgl_12258,Normal
bgl_12259,Normal
bgl_12260,Normal
bgl_12261,Normal
bgl_12262,Normal
bgl_12263,Normal
bgl_12264,Normal
bgl_12265,Normal
bgl_12266,Normal
bgl_12267,Normal
bgl_12268,Normal
bgl_12269,Normal
bgl_12270,Normal
bgl_12271,Normal
bgl_12272,Normal
bgl_12273,Normal
bgl_12274,Normal
bgl_12275,Normal
bgl_12276,Normal
bgl_12277,Normal
bgl_12278,Normal
bgl_12279,Normal
bgl_12280,Normal
bgl_12281,Normal
bgl_12282,Normal
bgl_12283,Normal
bgl_12284,Normal
bgl_12285,Normal
bgl_12286,Normal
bgl_12287,Normal
bgl_12288,Normal
bgl_12289,Normal
bgl_12290,Normal
bgl_12291,Normal
bgl_12292,Normal
bgl_12293,Normal
bgl_12294,Normal
bgl_12295,Normal
bgl_12296,Normal
bgl_12297,Normal
bgl_12298,Normal
bgl_12299,Normal
bgl_12300,Normal
bgl_12301,Normal
bgl_12302,Normal
bgl_12303,Normal
bgl_12304,Normal
bgl_12305,Normal
bgl_12306,Normal
bgl_12307,Normal
bgl_12308,Normal
bgl_12309,Normal
bgl_12310,Normal
bgl_12311,Normal
bgl_12312,Normal
bgl_12313,Normal
bgl_12314,Normal
bgl_12315,Normal
bgl_12316,Normal
bgl_12317,Normal
bgl_12318,Normal
bgl_12319,Normal
bgl_12320,Normal
bgl_12321,Normal
bgl_12322,Normal
bgl_12323,Normal
bgl_12324,Normal
bgl_12325,Normal
bgl_12326,Normal
bgl_12327,Normal
bgl_12328,Normal
bgl_12329,Normal
bgl_12330,Normal
bgl_12331,Normal
bgl_12332,Normal
bgl_12333,Normal
bgl_12334,Normal
bgl_12335,Anomaly
bgl_12336,Normal
bgl_12337,Normal
bgl_12338,Normal
bgl_12339,Normal
bgl_12340,Normal
bgl_12341,Normal
bgl_12342,Normal
bgl_12343,Normal
bgl_12344,Normal
bgl_12345,Normal
bgl_12346,Normal
bgl_12347,Normal
bgl_12348,Normal
bgl_12349,Normal
bgl_12350,Normal
bgl_12351,Normal
bgl_12352,Normal
bgl_12353,Normal
bgl_12354,Normal
bgl_12355,Normal
bgl_12356,Normal
bgl_12357,Normal
bgl_12358,Normal
bgl_12359,Normal
bgl_12360,Normal
bgl_12361,Normal
bgl_12362,Normal
bgl_12363,Normal
bgl_12364,Normal
bgl_12365,Normal
bgl_12366,Normal
bgl_12367,Normal
bgl_12368,Normal
bgl_12369,Normal
bgl_12370,Normal
bgl_12371,Normal
bgl_12372,Normal
bgl_12373,Normal
bgl_12374,Normal
bgl_12375,Normal
bgl_12376,Normal
bgl_12377,Normal
bgl_12378,Normal
bgl_12379,Normal
bgl_12380,Anomaly
bgl_12381,Anomaly
bgl_12382,Anomaly
bgl_12383,Anomaly
bgl_12384,Anomaly
bgl_12385,Anomaly
bgl_12386,Anomaly
bgl_12387,Anomaly
bgl_12388,Normal
bgl_12389,Normal
bgl_12390,Normal
bgl_12391,Normal
bgl_12392,Normal
bgl_12393,Normal
bgl_12394,Normal
bgl_12395,Normal
bgl_12396,Normal
bgl_12397,Normal
bgl_12398,Normal
bgl_12399,Normal
bgl_12400,Anomaly
bgl_12401,Normal
bgl_12402,Normal
bgl_12403,Normal
bgl_12404,Normal
bgl_12405,Normal
bgl_12406,Normal
bgl_12407,Normal
bgl_12408,Normal
bgl_12409,Normal
bgl_12410,Normal
bgl_12411,Normal
bgl_12412,Normal
bgl_12413,Normal
bgl_12414,Normal
bgl_12415,Normal
bgl_12416,Normal
bgl_12417,Normal
bgl_12418,Anomaly
bgl_12419,Normal
bgl_12420,Normal
bgl_12421,Normal
bgl_12422,Normal
bgl_12423,Normal
bgl_12424,Normal
bgl_12425,Normal
bgl_12426,Normal
bgl_12427,Normal
bgl_12428,Normal
bgl_12429,Normal
bgl_12430,Normal
bgl_12431,Normal
bgl_12432,Normal
bgl_12433,Normal
bgl_12434,Normal
bgl_12435,Normal
bgl_12436,Normal
bgl_12437,Normal
bgl_12438,Normal
bgl_12439,Normal
bgl_12440,Normal
bgl_12441,Normal
bgl_12442,Normal
bgl_12443,Normal
bgl_12444,Normal
bgl_12445,Normal
bgl_12446,Normal
bgl_12447,Normal
bgl_12448,Normal
bgl_12449,Normal
bgl_12450,Normal
bgl_12451,Normal
bgl_12452,Normal
bgl_12453,Normal
bgl_12454,Normal
bgl_12455,Normal
bgl_12456,Normal
bgl_12457,Normal
bgl_12458,Normal
bgl_12459,Anomaly
bgl_12460,Normal
bgl_12461,Normal
bgl_12462,Normal
bgl_12463,Normal
bgl_12464,Normal
bgl_12465,Normal
bgl_12466,Normal
bgl_12467,Normal
bgl_12468,Normal
bgl_12469,Normal
bgl_12470,Normal
bgl_12471,Normal
bgl_12472,Normal
bgl_12473,Normal
bgl_12474,Normal
bgl_12475,Normal
bgl_12476,Normal
bgl_12477,Normal
bgl_12478,Normal
bgl_12479,Normal
bgl_12480,Normal
bgl_12481,Normal
bgl_12482,Normal
bgl_12483,Normal
bgl_12484,Normal
bgl_12485,Normal
bgl_12486,Normal
bgl_12487,Normal
bgl_12488,Normal
bgl_12489,Normal
bgl_12490,Normal
bgl_12491,Normal
bgl_12492,Normal
bgl_12493,Normal
bgl_12494,Normal
bgl_12495,Normal
bgl_12496,Normal
bgl_12497,Normal
bgl_12498,Normal
bgl_12499,Normal
bgl_12500,Normal
bgl_12501,Normal
bgl_12502,Normal
bgl_12503,Normal
bgl_12504,Normal
bgl_12505,Normal
bgl_12506,Normal
bgl_12507,Normal
bgl_12508,Normal
bgl_12509,Normal
bgl_12510,Normal
bgl_12511,Normal
bgl_12512,Normal
bgl_12513,Normal
bgl_12514,Normal
bgl_12515,Normal
bgl_12516,Normal
bgl_12517,Normal
bgl_12518,Normal
bgl_12519,Normal
bgl_12520,Normal
bgl_12521,Normal
bgl_12522,Normal
bgl_12523,Normal
bgl_12524,Normal
bgl_12525,Normal
bgl_12526,Normal
bgl_12527,Normal
bgl_12528,Normal
bgl_12529,Normal
bgl_12530,Normal
bgl_12531,Normal
bgl_12532,Normal
bgl_12533,Normal
bgl_12534,Normal
bgl_12535,Normal
bgl_12536,Normal
bgl_12537,Normal
bgl_12538,Normal
bgl_12539,Normal
bgl_12540,Normal
bgl_12541,Normal
bgl_12542,Normal
bgl_12543,Normal
bgl_12544,Normal
bgl_12545,Normal
bgl_12546,Normal
bgl_12547,Normal
bgl_12548,Normal
bgl_12549,Normal
bgl_12550,Normal
bgl_12551,Normal
bgl_12552,Normal
bgl_12553,Normal
bgl_12554,Normal
bgl_12555,Normal
bgl_12556,Normal
bgl_12557,Normal
bgl_12558,Normal
bgl_12559,Normal
bgl_12560,Normal
bgl_12561,Normal
bgl_12562,Normal
bgl_12563,Normal
bgl_12564,Normal
bgl_12565,Normal
bgl_12566,Normal
bgl_12567,Normal
bgl_12568,Normal
bgl_12569,Normal
bgl_12570,Normal
bgl_12571,Normal
bgl_12572,Normal
bgl_12573,Normal
bgl_12574,Normal
bgl_12575,Normal
bgl_12576,Normal
bgl_12577,Normal
bgl_12578,Normal
bgl_12579,Normal
bgl_12580,Normal
bgl_12581,Normal
bgl_12582,Normal
bgl_12583,Normal
bgl_12584,Normal
bgl_12585,Normal
bgl_12586,Normal
bgl_12587,Normal
bgl_12588,Normal
bgl_12589,Normal
bgl_12590,Normal
bgl_12591,Normal
bgl_12592,Normal
bgl_12593,Normal
bgl_12594,Normal
bgl_12595,Normal
bgl_12596,Normal
bgl_12597,Normal
bgl_12598,Normal
bgl_12599,Normal
bgl_12600,Normal
bgl_12601,Normal
bgl_12602,Normal
bgl_12603,Normal
bgl_12604,Normal
bgl_12605,Normal
bgl_12606,Normal
bgl_12607,Normal
bgl_12608,Normal
bgl_12609,Normal
bgl_12610,Normal
bgl_12611,Normal
bgl_12612,Normal
bgl_12613,Normal
bgl_12614,Normal
bgl_12615,Normal
bgl_12616,Normal
bgl_12617,Normal
bgl_12618,Normal
bgl_12619,Normal
bgl_12620,Normal
bgl_12621,Normal
bgl_12622,Normal
bgl_12623,Normal
bgl_12624,Normal
bgl_12625,Normal
bgl_12626,Normal
bgl_12627,Normal
bgl_12628,Normal
bgl_12629,Normal
bgl_12630,Normal
bgl_12631,Normal
bgl_12632,Normal
bgl_12633,Normal
bgl_12634,Normal
bgl_12635,Normal
bgl_12636,Normal
bgl_12637,Normal
bgl_12638,Normal
bgl_12639,Normal
bgl_12640,Normal
bgl_12641,Normal
bgl_12642,Normal
bgl_12643,Normal
bgl_12644,Normal
bgl_12645,Normal
bgl_12646,Normal
bgl_12647,Normal
bgl_12648,Normal
bgl_12649,Normal
bgl_12650,Normal
bgl_12651,Normal
bgl_12652,Normal
bgl_12653,Normal
bgl_12654,Normal
bgl_12655,Normal
bgl_12656,Normal
bgl_12657,Normal
bgl_12658,Normal
bgl_12659,Normal
bgl_12660,Normal
bgl_12661,Normal
bgl_12662,Normal
bgl_12663,Normal
bgl_12664,Normal
bgl_12665,Normal
bgl_12666,Normal
bgl_12667,Normal
bgl_12668,Normal
bgl_12669,Normal
bgl_12670,Normal
bgl_12671,Normal
bgl_12672,Normal
bgl_12673,Normal
bgl_12674,Normal
bgl_12675,Normal
bgl_12676,Normal
bgl_12677,Normal
bgl_12678,Normal
bgl_12679,Normal
bgl_12680,Normal
bgl_12681,Normal
bgl_12682,Normal
bgl_12683,Normal
bgl_12684,Normal
bgl_12685,Normal
bgl_12686,Normal
bgl_12687,Normal
bgl_12688,Normal
bgl_12689,Normal
bgl_12690,Normal
bgl_12691,Normal
bgl_12692,Normal
bgl_12693,Normal
bgl_12694,Normal
bgl_12695,Normal
bgl_12696,Normal
bgl_12697,Normal
bgl_12698,Normal
bgl_12699,Normal
bgl_12700,Normal
bgl_12701,Normal
bgl_12702,Normal
bgl_12703,Normal
bgl_12704,Normal
bgl_12705,Normal
bgl_12706,Normal
bgl_12707,Normal
bgl_12708,Normal
bgl_12709,Normal
bgl_12710,Normal
bgl_12711,Normal
bgl_12712,Normal
bgl_12713,Normal
bgl_12714,Normal
bgl_12715,Normal
bgl_12716,Normal
bgl_12717,Normal
bgl_12718,Normal
bgl_12719,Normal
bgl_12720,Normal
bgl_12721,Normal
bgl_12722,Normal
bgl_12723,Normal
bgl_12724,Normal
bgl_12725,Normal
bgl_12726,Normal
bgl_12727,Normal
bgl_12728,Normal
bgl_12729,Normal
bgl_12730,Normal
bgl_12731,Normal
bgl_12732,Normal
bgl_12733,Normal
bgl_12734,Normal
bgl_12735,Normal
bgl_12736,Normal
bgl_12737,Normal
bgl_12738,Normal
bgl_12739,Normal
bgl_12740,Normal
bgl_12741,Normal
bgl_12742,Normal
bgl_12743,Normal
bgl_12744,Normal
bgl_12745,Normal
bgl_12746,Normal
bgl_12747,Normal
bgl_12748,Normal
bgl_12749,Normal
bgl_12750,Normal
bgl_12751,Normal
bgl_12752,Normal
bgl_12753,Normal
bgl_12754,Normal
bgl_12755,Normal
bgl_12756,Normal
bgl_12757,Normal
bgl_12758,Normal
bgl_12759,Normal
bgl_12760,Normal
bgl_12761,Normal
bgl_12762,Normal
bgl_12763,Normal
bgl_12764,Normal
bgl_12765,Normal
bgl_12766,Normal
bgl_12767,Normal
bgl_12768,Normal
bgl_12769,Normal
bgl_12770,Normal
bgl_12771,Normal
bgl_12772,Normal
bgl_12773,Normal
bgl_12774,Normal
bgl_12775,Normal
bgl_12776,Normal
bgl_12777,Normal
bgl_12778,Normal
bgl_12779,Normal
bgl_12780,Normal
bgl_12781,Normal
bgl_12782,Normal
bgl_12783,Normal
bgl_12784,Normal
bgl_12785,Normal
bgl_12786,Normal
bgl_12787,Normal
bgl_12788,Normal
bgl_12789,Normal
bgl_12790,Normal
bgl_12791,Normal
bgl_12792,Normal
bgl_12793,Normal
bgl_12794,Normal
bgl_12795,Normal
bgl_12796,Normal
bgl_12797,Normal
bgl_12798,Normal
bgl_12799,Normal
bgl_12800,Normal
bgl_12801,Normal
bgl_12802,Normal
bgl_12803,Normal
bgl_12804,Normal
bgl_12805,Normal
bgl_12806,Normal
bgl_12807,Normal
bgl_12808,Normal
bgl_12809,Normal
bgl_12810,Normal
bgl_12811,Normal
bgl_12812,Normal
bgl_12813,Normal
bgl_12814,Normal
bgl_12815,Normal
bgl_12816,Normal
bgl_12817,Normal
bgl_12818,Normal
bgl_12819,Normal
bgl_12820,Normal
bgl_12821,Normal
bgl_12822,Normal
bgl_12823,Normal
bgl_12824,Normal
bgl_12825,Normal
bgl_12826,Normal
bgl_12827,Normal
bgl_12828,Normal
bgl_12829,Normal
bgl_12830,Normal
bgl_12831,Normal
bgl_12832,Normal
bgl_12833,Normal
bgl_12834,Normal
bgl_12835,Normal
bgl_12836,Normal
bgl_12837,Normal
bgl_12838,Normal
bgl_12839,Normal
bgl_12840,Normal
bgl_12841,Normal
bgl_12842,Normal
bgl_12843,Normal
bgl_12844,Normal
bgl_12845,Normal
bgl_12846,Normal
bgl_12847,Normal
bgl_12848,Normal
bgl_12849,Normal
bgl_12850,Normal
bgl_12851,Normal
bgl_12852,Anomaly
bgl_12853,Normal
bgl_12854,Normal
bgl_12855,Normal
bgl_12856,Normal
bgl_12857,Normal
bgl_12858,Normal
bgl_12859,Normal
bgl_12860,Normal
bgl_12861,Normal
bgl_12862,Normal
bgl_12863,Normal
bgl_12864,Normal
bgl_12865,Normal
bgl_12866,Normal
bgl_12867,Normal
bgl_12868,Normal
bgl_12869,Anomaly
bgl_12870,Normal
bgl_12871,Anomaly
bgl_12872,Normal
bgl_12873,Normal
bgl_12874,Normal
bgl_12875,Normal
bgl_12876,Normal
bgl_12877,Normal
bgl_12878,Normal
bgl_12879,Normal
bgl_12880,Normal
bgl_12881,Normal
bgl_12882,Normal
bgl_12883,Normal
bgl_12884,Normal
bgl_12885,Normal
bgl_12886,Normal
bgl_12887,Normal
bgl_12888,Anomaly
bgl_12889,Normal
bgl_12890,Normal
bgl_12891,Normal
bgl_12892,Normal
bgl_12893,Normal
bgl_12894,Normal
bgl_12895,Normal
bgl_12896,Normal
bgl_12897,Normal
bgl_12898,Normal
bgl_12899,Normal
bgl_12900,Normal
bgl_12901,Normal
bgl_12902,Normal
bgl_12903,Normal
bgl_12904,Normal
bgl_12905,Normal
bgl_12906,Normal
bgl_12907,Normal
bgl_12908,Normal
bgl_12909,Normal
bgl_12910,Normal
bgl_12911,Normal
bgl_12912,Normal
bgl_12913,Anomaly
bgl_12914,Normal
bgl_12915,Normal
bgl_12916,Normal
bgl_12917,Normal
bgl_12918,Normal
bgl_12919,Normal
bgl_12920,Normal
bgl_12921,Normal
bgl_12922,Normal
bgl_12923,Normal
bgl_12924,Normal
bgl_12925,Normal
bgl_12926,Normal
bgl_12927,Normal
bgl_12928,Normal
bgl_12929,Normal
bgl_12930,Normal
bgl_12931,Normal
bgl_12932,Normal
bgl_12933,Normal
bgl_12934,Normal
bgl_12935,Normal
bgl_12936,Normal
bgl_12937,Normal
bgl_12938,Normal
bgl_12939,Normal
bgl_12940,Normal
bgl_12941,Normal
bgl_12942,Normal
bgl_12943,Normal
bgl_12944,Normal
bgl_12945,Normal
bgl_12946,Normal
bgl_12947,Normal
bgl_12948,Normal
bgl_12949,Normal
bgl_12950,Normal
bgl_12951,Normal
bgl_12952,Normal
bgl_12953,Normal
bgl_12954,Normal
bgl_12955,Normal
bgl_12956,Normal
bgl_12957,Normal
bgl_12958,Normal
bgl_12959,Normal
bgl_12960,Normal
bgl_12961,Normal
bgl_12962,Normal
bgl_12963,Normal
bgl_12964,Normal
bgl_12965,Normal
bgl_12966,Normal
bgl_12967,Normal
bgl_12968,Normal
bgl_12969,Normal
bgl_12970,Normal
bgl_12971,Normal
bgl_12972,Normal
bgl_12973,Normal
bgl_12974,Normal
bgl_12975,Normal
bgl_12976,Normal
bgl_12977,Normal
bgl_12978,Normal
bgl_12979,Normal
bgl_12980,Normal
bgl_12981,Normal
bgl_12982,Normal
bgl_12983,Normal
bgl_12984,Normal
bgl_12985,Normal
bgl_12986,Normal
bgl_12987,Normal
bgl_12988,Normal
bgl_12989,Normal
bgl_12990,Normal
bgl_12991,Normal
bgl_12992,Normal
bgl_12993,Normal
bgl_12994,Normal
bgl_12995,Normal
bgl_12996,Normal
bgl_12997,Normal
bgl_12998,Normal
bgl_12999,Normal
bgl_13000,Normal
bgl_13001,Normal
bgl_13002,Normal
bgl_13003,Normal
bgl_13004,Normal
bgl_13005,Normal
bgl_13006,Normal
bgl_13007,Normal
bgl_13008,Normal
bgl_13009,Normal
bgl_13010,Normal
bgl_13011,Normal
bgl_13012,Normal
bgl_13013,Normal
bgl_13014,Normal
bgl_13015,Normal
bgl_13016,Normal
bgl_13017,Normal
bgl_13018,Normal
bgl_13019,Normal
bgl_13020,Normal
bgl_13021,Normal
bgl_13022,Normal
bgl_13023,Normal
bgl_13024,Normal
bgl_13025,Normal
bgl_13026,Normal
bgl_13027,Normal
bgl_13028,Normal
bgl_13029,Normal
bgl_13030,Normal
bgl_13031,Normal
bgl_13032,Normal
bgl_13033,Normal
bgl_13034,Normal
bgl_13035,Normal
bgl_13036,Normal
bgl_13037,Normal
bgl_13038,Normal
bgl_13039,Normal
bgl_13040,Normal
bgl_13041,Normal
bgl_13042,Normal
bgl_13043,Normal
bgl_13044,Normal
bgl_13045,Normal
bgl_13046,Normal
bgl_13047,Normal
bgl_13048,Normal
bgl_13049,Normal
bgl_13050,Normal
bgl_13051,Normal
bgl_13052,Normal
bgl_13053,Normal
bgl_13054,Normal
bgl_13055,Normal
bgl_13056,Normal
bgl_13057,Normal
bgl_13058,Normal
bgl_13059,Normal
bgl_13060,Normal
bgl_13061,Normal
bgl_13062,Normal
bgl_13063,Normal
bgl_13064,Normal
bgl_13065,Normal
bgl_13066,Normal
bgl_13067,Normal
bgl_13068,Normal
bgl_13069,Normal
bgl_13070,Normal
bgl_13071,Normal
bgl_13072,Normal
bgl_13073,Normal
bgl_13074,Normal
bgl_13075,Normal
bgl_13076,Normal
bgl_13077,Normal
bgl_13078,Normal
bgl_13079,Normal
bgl_13080,Anomaly
bgl_13081,Anomaly
bgl_13082,Anomaly
bgl_13083,Anomaly
bgl_13084,Anomaly
bgl_13085,Anomaly
bgl_13086,Anomaly
bgl_13087,Anomaly
bgl_13088,Anomaly
bgl_13089,Anomaly
bgl_13090,Normal
bgl_13091,Normal
bgl_13092,Normal
bgl_13093,Normal
bgl_13094,Normal
bgl_13095,Normal
bgl_13096,Normal
bgl_13097,Normal
bgl_13098,Normal
bgl_13099,Normal
bgl_13100,Normal
bgl_13101,Normal
bgl_13102,Normal
bgl_13103,Normal
bgl_13104,Normal
bgl_13105,Normal
bgl_13106,Normal
bgl_13107,Normal
bgl_13108,Normal
bgl_13109,Normal
bgl_13110,Normal
bgl_13111,Normal
bgl_13112,Normal
bgl_13113,Normal
bgl_13114,Normal
bgl_13115,Normal
bgl_13116,Normal
bgl_13117,Normal
bgl_13118,Normal
bgl_13119,Normal
bgl_13120,Normal
bgl_13121,Normal
bgl_13122,Normal
bgl_13123,Normal
bgl_13124,Normal
bgl_13125,Normal
bgl_13126,Normal
bgl_13127,Normal
bgl_13128,Normal
bgl_13129,Normal
bgl_13130,Normal
bgl_13131,Normal
bgl_13132,Normal
bgl_13133,Normal
bgl_13134,Normal
bgl_13135,Normal
bgl_13136,Normal
bgl_13137,Normal
bgl_13138,Normal
bgl_13139,Normal
bgl_13140,Normal
bgl_13141,Normal
bgl_13142,Normal
bgl_13143,Normal
bgl_13144,Normal
bgl_13145,Normal
bgl_13146,Normal
bgl_13147,Normal
bgl_13148,Normal
bgl_13149,Normal
bgl_13150,Normal
bgl_13151,Normal
bgl_13152,Normal
bgl_13153,Normal
bgl_13154,Normal
bgl_13155,Normal
bgl_13156,Normal
bgl_13157,Normal
bgl_13158,Normal
bgl_13159,Normal
bgl_13160,Normal
bgl_13161,Normal
bgl_13162,Normal
bgl_13163,Normal
bgl_13164,Normal
bgl_13165,Normal
bgl_13166,Normal
bgl_13167,Normal
bgl_13168,Normal
bgl_13169,Normal
bgl_13170,Normal
bgl_13171,Normal
bgl_13172,Normal
bgl_13173,Normal
bgl_13174,Normal
bgl_13175,Normal
bgl_13176,Normal
bgl_13177,Normal
bgl_13178,Normal
bgl_13179,Normal
bgl_13180,Normal
bgl_13181,Normal
bgl_13182,Normal
bgl_13183,Normal
bgl_13184,Normal
bgl_13185,Normal
bgl_13186,Normal
bgl_13187,Normal
bgl_13188,Normal
bgl_13189,Normal
bgl_13190,Normal
bgl_13191,Normal
bgl_13192,Normal
bgl_13193,Normal
bgl_13194,Normal
bgl_13195,Normal
bgl_13196,Normal
bgl_13197,Normal
bgl_13198,Normal
bgl_13199,Normal
bgl_13200,Normal
bgl_13201,Normal
bgl_13202,Normal
bgl_13203,Normal
bgl_13204,Normal
bgl_13205,Normal
bgl_13206,Normal
bgl_13207,Normal
bgl_13208,Normal
bgl_13209,Normal
bgl_13210,Normal
bgl_13211,Normal
bgl_13212,Normal
bgl_13213,Normal
bgl_13214,Normal
bgl_13215,Normal
bgl_13216,Normal
bgl_13217,Normal
bgl_13218,Normal
bgl_13219,Normal
bgl_13220,Normal
bgl_13221,Normal
bgl_13222,Normal
bgl_13223,Normal
bgl_13224,Normal
bgl_13225,Normal
bgl_13226,Normal
bgl_13227,Normal
bgl_13228,Normal
bgl_13229,Normal
bgl_13230,Normal
bgl_13231,Normal
bgl_13232,Normal
bgl_13233,Normal
bgl_13234,Normal
bgl_13235,Normal
bgl_13236,Normal
bgl_13237,Normal
bgl_13238,Normal
bgl_13239,Normal
bgl_13240,Normal
bgl_13241,Normal
bgl_13242,Normal
bgl_13243,Normal
bgl_13244,Normal
bgl_13245,Normal
bgl_13246,Normal
bgl_13247,Normal
bgl_13248,Normal
bgl_13249,Normal
bgl_13250,Normal
bgl_13251,Normal
bgl_13252,Normal
bgl_13253,Normal
bgl_13254,Normal
bgl_13255,Normal
bgl_13256,Normal
bgl_13257,Normal
bgl_13258,Normal
bgl_13259,Normal
bgl_13260,Normal
bgl_13261,Normal
bgl_13262,Normal
bgl_13263,Normal
bgl_13264,Normal
bgl_13265,Normal
bgl_13266,Normal
bgl_13267,Normal
bgl_13268,Normal
bgl_13269,Normal
bgl_13270,Normal
bgl_13271,Normal
bgl_13272,Normal
bgl_13273,Normal
bgl_13274,Normal
bgl_13275,Normal
bgl_13276,Normal
bgl_13277,Normal
bgl_13278,Normal
bgl_13279,Normal
bgl_13280,Normal
bgl_13281,Normal
bgl_13282,Normal
bgl_13283,Normal
bgl_13284,Normal
bgl_13285,Normal
bgl_13286,Normal
bgl_13287,Normal
bgl_13288,Normal
bgl_13289,Normal
bgl_13290,Normal
bgl_13291,Normal
bgl_13292,Normal
bgl_13293,Normal
bgl_13294,Normal
bgl_13295,Normal
bgl_13296,Normal
bgl_13297,Normal
bgl_13298,Normal
bgl_13299,Normal
bgl_13300,Normal
bgl_13301,Normal
bgl_13302,Normal
bgl_13303,Normal
bgl_13304,Normal
bgl_13305,Normal
bgl_13306,Normal
bgl_13307,Normal
bgl_13308,Normal
bgl_13309,Normal
bgl_13310,Normal
bgl_13311,Normal
bgl_13312,Normal
bgl_13313,Normal
bgl_13314,Normal
bgl_13315,Normal
bgl_13316,Normal
bgl_13317,Normal
bgl_13318,Normal
bgl_13319,Normal
bgl_13320,Normal
bgl_13321,Normal
bgl_13322,Normal
bgl_13323,Normal
bgl_13324,Normal
bgl_13325,Normal
bgl_13326,Normal
bgl_13327,Normal
bgl_13328,Normal
bgl_13329,Normal
bgl_13330,Normal
bgl_13331,Normal
bgl_13332,Normal
bgl_13333,Normal
bgl_13334,Normal
bgl_13335,Normal
bgl_13336,Normal
bgl_13337,Normal
bgl_13338,Normal
bgl_13339,Normal
bgl_13340,Normal
bgl_13341,Normal
bgl_13342,Normal
bgl_13343,Normal
bgl_13344,Normal
bgl_13345,Normal
bgl_13346,Normal
bgl_13347,Normal
bgl_13348,Normal
bgl_13349,Normal
bgl_13350,Normal
bgl_13351,Normal
bgl_13352,Normal
bgl_13353,Normal
bgl_13354,Normal
bgl_13355,Normal
bgl_13356,Normal
bgl_13357,Normal
bgl_13358,Normal
bgl_13359,Normal
bgl_13360,Normal
bgl_13361,Normal
bgl_13362,Normal
bgl_13363,Normal
bgl_13364,Normal
bgl_13365,Normal
bgl_13366,Normal
bgl_13367,Normal
bgl_13368,Normal
bgl_13369,Normal
bgl_13370,Normal
bgl_13371,Normal
bgl_13372,Normal
bgl_13373,Normal
bgl_13374,Normal
bgl_13375,Normal
bgl_13376,Normal
bgl_13377,Normal
bgl_13378,Normal
bgl_13379,Normal
bgl_13380,Normal
bgl_13381,Normal
bgl_13382,Normal
bgl_13383,Normal
bgl_13384,Normal
bgl_13385,Normal
bgl_13386,Normal
bgl_13387,Normal
bgl_13388,Normal
bgl_13389,Normal
bgl_13390,Normal
bgl_13391,Normal
bgl_13392,Normal
bgl_13393,Normal
bgl_13394,Normal
bgl_13395,Normal
bgl_13396,Normal
bgl_13397,Normal
bgl_13398,Normal
bgl_13399,Normal
bgl_13400,Normal
bgl_13401,Normal
bgl_13402,Normal
bgl_13403,Normal
bgl_13404,Normal
bgl_13405,Normal
bgl_13406,Normal
bgl_13407,Normal
bgl_13408,Normal
bgl_13409,Normal
bgl_13410,Normal
bgl_13411,Normal
bgl_13412,Normal
bgl_13413,Normal
bgl_13414,Normal
bgl_13415,Normal
bgl_13416,Normal
bgl_13417,Normal
bgl_13418,Normal
bgl_13419,Normal
bgl_13420,Normal
bgl_13421,Normal
bgl_13422,Normal
bgl_13423,Normal
bgl_13424,Normal
bgl_13425,Normal
bgl_13426,Normal
bgl_13427,Normal
bgl_13428,Normal
bgl_13429,Normal
bgl_13430,Normal
bgl_13431,Normal
bgl_13432,Normal
bgl_13433,Normal
bgl_13434,Normal
bgl_13435,Normal
bgl_13436,Normal
bgl_13437,Normal
bgl_13438,Normal
bgl_13439,Normal
bgl_13440,Normal
bgl_13441,Normal
bgl_13442,Normal
bgl_13443,Normal
bgl_13444,Normal
bgl_13445,Normal
bgl_13446,Normal
bgl_13447,Normal
bgl_13448,Normal
bgl_13449,Normal
bgl_13450,Normal
bgl_13451,Normal
bgl_13452,Normal
bgl_13453,Normal
bgl_13454,Normal
bgl_13455,Normal
bgl_13456,Normal
bgl_13457,Normal
bgl_13458,Normal
bgl_13459,Normal
bgl_13460,Normal
bgl_13461,Normal
bgl_13462,Normal
bgl_13463,Normal
bgl_13464,Normal
bgl_13465,Normal
bgl_13466,Normal
bgl_13467,Normal
bgl_13468,Normal
bgl_13469,Normal
bgl_13470,Normal
bgl_13471,Normal
bgl_13472,Normal
bgl_13473,Normal
bgl_13474,Normal
bgl_13475,Normal
bgl_13476,Normal
bgl_13477,Normal
bgl_13478,Normal
bgl_13479,Normal
bgl_13480,Normal
bgl_13481,Normal
bgl_13482,Normal
bgl_13483,Normal
bgl_13484,Normal
bgl_13485,Normal
bgl_13486,Normal
bgl_13487,Normal
bgl_13488,Normal
bgl_13489,Normal
bgl_13490,Normal
bgl_13491,Normal
bgl_13492,Normal
bgl_13493,Normal
bgl_13494,Normal
bgl_13495,Normal
bgl_13496,Normal
bgl_13497,Normal
bgl_13498,Normal
bgl_13499,Normal
bgl_13500,Normal
bgl_13501,Normal
bgl_13502,Normal
bgl_13503,Normal
bgl_13504,Normal
bgl_13505,Normal
bgl_13506,Normal
bgl_13507,Normal
bgl_13508,Normal
bgl_13509,Normal
bgl_13510,Normal
bgl_13511,Normal
bgl_13512,Normal
bgl_13513,Normal
bgl_13514,Normal
bgl_13515,Normal
bgl_13516,Normal
bgl_13517,Normal
bgl_13518,Normal
bgl_13519,Normal
bgl_13520,Normal
bgl_13521,Normal
bgl_13522,Normal
bgl_13523,Normal
bgl_13524,Normal
bgl_13525,Normal
bgl_13526,Normal
bgl_13527,Normal
bgl_13528,Normal
bgl_13529,Normal
bgl_13530,Normal
bgl_13531,Normal
bgl_13532,Normal
bgl_13533,Normal
bgl_13534,Normal
bgl_13535,Normal
bgl_13536,Normal
bgl_13537,Normal
bgl_13538,Normal
bgl_13539,Normal
bgl_13540,Normal
bgl_13541,Normal
bgl_13542,Normal
bgl_13543,Normal
bgl_13544,Normal
bgl_13545,Normal
bgl_13546,Normal
bgl_13547,Normal
bgl_13548,Normal
bgl_13549,Normal
bgl_13550,Normal
bgl_13551,Normal
bgl_13552,Normal
bgl_13553,Normal
bgl_13554,Normal
bgl_13555,Normal
bgl_13556,Normal
bgl_13557,Normal
bgl_13558,Normal
bgl_13559,Normal
bgl_13560,Normal
bgl_13561,Normal
bgl_13562,Normal
bgl_13563,Normal
bgl_13564,Normal
bgl_13565,Normal
bgl_13566,Normal
bgl_13567,Normal
bgl_13568,Normal
bgl_13569,Normal
bgl_13570,Normal
bgl_13571,Normal
bgl_13572,Normal
bgl_13573,Normal
bgl_13574,Normal
bgl_13575,Normal
bgl_13576,Normal
bgl_13577,Normal
bgl_13578,Normal
bgl_13579,Normal
bgl_13580,Normal
bgl_13581,Normal
bgl_13582,Normal
bgl_13583,Normal
bgl_13584,Normal
bgl_13585,Normal
bgl_13586,Normal
bgl_13587,Normal
bgl_13588,Normal
bgl_13589,Normal
bgl_13590,Normal
bgl_13591,Normal
bgl_13592,Normal
bgl_13593,Normal
bgl_13594,Normal
bgl_13595,Normal
bgl_13596,Normal
bgl_13597,Normal
bgl_13598,Normal
bgl_13599,Normal
bgl_13600,Normal
bgl_13601,Normal
bgl_13602,Normal
bgl_13603,Normal
bgl_13604,Normal
bgl_13605,Normal
bgl_13606,Normal
bgl_13607,Normal
bgl_13608,Normal
bgl_13609,Normal
bgl_13610,Normal
bgl_13611,Normal
bgl_13612,Normal
bgl_13613,Normal
bgl_13614,Normal
bgl_13615,Normal
bgl_13616,Normal
bgl_13617,Normal
bgl_13618,Normal
bgl_13619,Normal
bgl_13620,Normal
bgl_13621,Normal
bgl_13622,Normal
bgl_13623,Normal
bgl_13624,Normal
bgl_13625,Normal
bgl_13626,Normal
bgl_13627,Normal
bgl_13628,Normal
bgl_13629,Normal
bgl_13630,Normal
bgl_13631,Normal
bgl_13632,Normal
bgl_13633,Normal
bgl_13634,Normal
bgl_13635,Normal
bgl_13636,Normal
bgl_13637,Normal
bgl_13638,Normal
bgl_13639,Normal
bgl_13640,Normal
bgl_13641,Normal
bgl_13642,Normal
bgl_13643,Normal
bgl_13644,Normal
bgl_13645,Normal
bgl_13646,Normal
bgl_13647,Normal
bgl_13648,Normal
bgl_13649,Normal
bgl_13650,Normal
bgl_13651,Normal
bgl_13652,Normal
bgl_13653,Normal
bgl_13654,Normal
bgl_13655,Normal
bgl_13656,Normal
bgl_13657,Normal
bgl_13658,Normal
bgl_13659,Normal
bgl_13660,Normal
bgl_13661,Normal
bgl_13662,Normal
bgl_13663,Normal
bgl_13664,Normal
bgl_13665,Normal
bgl_13666,Normal
bgl_13667,Normal
bgl_13668,Normal
bgl_13669,Normal
bgl_13670,Normal
bgl_13671,Normal
bgl_13672,Normal
bgl_13673,Normal
bgl_13674,Normal
bgl_13675,Normal
bgl_13676,Normal
bgl_13677,Normal
bgl_13678,Normal
bgl_13679,Normal
bgl_13680,Normal
bgl_13681,Normal
bgl_13682,Normal
bgl_13683,Normal
bgl_13684,Normal
bgl_13685,Normal
bgl_13686,Normal
bgl_13687,Normal
bgl_13688,Normal
bgl_13689,Normal
bgl_13690,Normal
bgl_13691,Normal
bgl_13692,Normal
bgl_13693,Normal
bgl_13694,Normal
bgl_13695,Normal
bgl_13696,Normal
bgl_13697,Normal
bgl_13698,Normal
bgl_13699,Normal
bgl_13700,Normal
bgl_13701,Normal
bgl_13702,Normal
bgl_13703,Normal
bgl_13704,Normal
bgl_13705,Normal
bgl_13706,Normal
bgl_13707,Normal
bgl_13708,Normal
bgl_13709,Normal
bgl_13710,Normal
bgl_13711,Normal
bgl_13712,Normal
bgl_13713,Normal
bgl_13714,Normal
bgl_13715,Normal
bgl_13716,Normal
bgl_13717,Normal
bgl_13718,Normal
bgl_13719,Normal
bgl_13720,Normal
bgl_13721,Normal
bgl_13722,Normal
bgl_13723,Normal
bgl_13724,Normal
bgl_13725,Normal
bgl_13726,Normal
bgl_13727,Normal
bgl_13728,Normal
bgl_13729,Normal
bgl_13730,Normal
bgl_13731,Normal
bgl_13732,Normal
bgl_13733,Normal
bgl_13734,Normal
bgl_13735,Normal
bgl_13736,Normal
bgl_13737,Normal
bgl_13738,Normal
bgl_13739,Normal
bgl_13740,Normal
bgl_13741,Normal
bgl_13742,Normal
bgl_13743,Normal
bgl_13744,Normal
bgl_13745,Normal
bgl_13746,Normal
bgl_13747,Normal
bgl_13748,Normal
bgl_13749,Normal
bgl_13750,Normal
bgl_13751,Normal
bgl_13752,Normal
bgl_13753,Normal
bgl_13754,Normal
bgl_13755,Normal
bgl_13756,Normal
bgl_13757,Normal
bgl_13758,Normal
bgl_13759,Normal
bgl_13760,Normal
bgl_13761,Normal
bgl_13762,Normal
bgl_13763,Normal
bgl_13764,Normal
bgl_13765,Normal
bgl_13766,Normal
bgl_13767,Normal
bgl_13768,Normal
bgl_13769,Normal
bgl_13770,Normal
bgl_13771,Normal
bgl_13772,Normal
bgl_13773,Normal
bgl_13774,Normal
bgl_13775,Normal
bgl_13776,Normal
bgl_13777,Normal
bgl_13778,Normal
bgl_13779,Normal
bgl_13780,Normal
bgl_13781,Normal
bgl_13782,Normal
bgl_13783,Normal
bgl_13784,Normal
bgl_13785,Normal
bgl_13786,Normal
bgl_13787,Normal
bgl_13788,Normal
bgl_13789,Normal
bgl_13790,Normal
bgl_13791,Normal
bgl_13792,Normal
bgl_13793,Normal
bgl_13794,Normal
bgl_13795,Normal
bgl_13796,Normal
bgl_13797,Normal
bgl_13798,Normal
bgl_13799,Normal
bgl_13800,Normal
bgl_13801,Normal
bgl_13802,Normal
bgl_13803,Normal
bgl_13804,Normal
bgl_13805,Normal
bgl_13806,Normal
bgl_13807,Normal
bgl_13808,Normal
bgl_13809,Normal
bgl_13810,Normal
bgl_13811,Normal
bgl_13812,Normal
bgl_13813,Normal
bgl_13814,Normal
bgl_13815,Normal
bgl_13816,Normal
bgl_13817,Normal
bgl_13818,Normal
bgl_13819,Normal
bgl_13820,Normal
bgl_13821,Normal
bgl_13822,Normal
bgl_13823,Normal
bgl_13824,Normal
bgl_13825,Normal
bgl_13826,Normal
bgl_13827,Normal
bgl_13828,Normal
bgl_13829,Normal
bgl_13830,Normal
bgl_13831,Normal
bgl_13832,Normal
bgl_13833,Normal
bgl_13834,Normal
bgl_13835,Normal
bgl_13836,Normal
bgl_13837,Normal
bgl_13838,Normal
bgl_13839,Normal
bgl_13840,Normal
bgl_13841,Normal
bgl_13842,Normal
bgl_13843,Anomaly
bgl_13844,Anomaly
bgl_13845,Normal
bgl_13846,Normal
bgl_13847,Normal
bgl_13848,Normal
bgl_13849,Anomaly
bgl_13850,Normal
bgl_13851,Normal
bgl_13852,Normal
bgl_13853,Normal
bgl_13854,Normal
bgl_13855,Normal
bgl_13856,Normal
bgl_13857,Normal
bgl_13858,Normal
bgl_13859,Normal
bgl_13860,Normal
bgl_13861,Normal
bgl_13862,Normal
bgl_13863,Normal
bgl_13864,Normal
bgl_13865,Normal
bgl_13866,Normal
bgl_13867,Normal
bgl_13868,Normal
bgl_13869,Normal
bgl_13870,Normal
bgl_13871,Normal
bgl_13872,Normal
bgl_13873,Normal
bgl_13874,Normal
bgl_13875,Normal
bgl_13876,Normal
bgl_13877,Normal
bgl_13878,Normal
bgl_13879,Normal
bgl_13880,Normal
bgl_13881,Normal
bgl_13882,Normal
bgl_13883,Normal
bgl_13884,Normal
bgl_13885,Normal
bgl_13886,Normal
bgl_13887,Normal
bgl_13888,Normal
bgl_13889,Normal
bgl_13890,Normal
bgl_13891,Normal
bgl_13892,Normal
bgl_13893,Normal
bgl_13894,Normal
bgl_13895,Normal
bgl_13896,Normal
bgl_13897,Normal
bgl_13898,Normal
bgl_13899,Normal
bgl_13900,Normal
bgl_13901,Normal
bgl_13902,Normal
bgl_13903,Normal
bgl_13904,Normal
bgl_13905,Normal
bgl_13906,Normal
bgl_13907,Normal
bgl_13908,Normal
bgl_13909,Normal
bgl_13910,Normal
bgl_13911,Normal
bgl_13912,Normal
bgl_13913,Normal
bgl_13914,Normal
bgl_13915,Normal
bgl_13916,Normal
bgl_13917,Normal
bgl_13918,Normal
bgl_13919,Normal
bgl_13920,Normal
bgl_13921,Normal
bgl_13922,Normal
bgl_13923,Normal
bgl_13924,Normal
bgl_13925,Normal
bgl_13926,Normal
bgl_13927,Normal
bgl_13928,Normal
bgl_13929,Normal
bgl_13930,Normal
bgl_13931,Normal
bgl_13932,Normal
bgl_13933,Normal
bgl_13934,Normal
bgl_13935,Normal
bgl_13936,Normal
bgl_13937,Normal
bgl_13938,Normal
bgl_13939,Normal
bgl_13940,Normal
bgl_13941,Normal
bgl_13942,Normal
bgl_13943,Normal
bgl_13944,Normal
bgl_13945,Normal
bgl_13946,Normal
bgl_13947,Anomaly
bgl_13948,Normal
bgl_13949,Anomaly
bgl_13950,Anomaly
bgl_13951,Normal
bgl_13952,Normal
bgl_13953,Normal
bgl_13954,Normal
bgl_13955,Normal
bgl_13956,Normal
bgl_13957,Normal
bgl_13958,Normal
bgl_13959,Normal
bgl_13960,Normal
bgl_13961,Normal
bgl_13962,Normal
bgl_13963,Normal
bgl_13964,Normal
bgl_13965,Normal
bgl_13966,Normal
bgl_13967,Normal
bgl_13968,Normal
bgl_13969,Normal
bgl_13970,Normal
bgl_13971,Normal
bgl_13972,Normal
bgl_13973,Normal
bgl_13974,Normal
bgl_13975,Normal
bgl_13976,Normal
bgl_13977,Normal
bgl_13978,Normal
bgl_13979,Normal
bgl_13980,Normal
bgl_13981,Normal
bgl_13982,Normal
bgl_13983,Normal
bgl_13984,Normal
bgl_13985,Normal
bgl_13986,Normal
bgl_13987,Normal
bgl_13988,Normal
bgl_13989,Normal
bgl_13990,Normal
bgl_13991,Normal
bgl_13992,Normal
bgl_13993,Normal
bgl_13994,Normal
bgl_13995,Normal
bgl_13996,Normal
bgl_13997,Normal
bgl_13998,Normal
bgl_13999,Normal
bgl_14000,Normal
bgl_14001,Normal
bgl_14002,Normal
bgl_14003,Normal
bgl_14004,Normal
bgl_14005,Normal
bgl_14006,Normal
bgl_14007,Normal
bgl_14008,Normal
bgl_14009,Normal
bgl_14010,Normal
bgl_14011,Normal
bgl_14012,Normal
bgl_14013,Normal
bgl_14014,Normal
bgl_14015,Normal
bgl_14016,Normal
bgl_14017,Normal
bgl_14018,Normal
bgl_14019,Normal
bgl_14020,Normal
bgl_14021,Normal
bgl_14022,Normal
bgl_14023,Normal
bgl_14024,Normal
bgl_14025,Normal
bgl_14026,Normal
bgl_14027,Normal
bgl_14028,Normal
bgl_14029,Normal
bgl_14030,Normal
bgl_14031,Normal
bgl_14032,Normal
bgl_14033,Normal
bgl_14034,Normal
bgl_14035,Normal
bgl_14036,Normal
bgl_14037,Normal
bgl_14038,Normal
bgl_14039,Normal
bgl_14040,Normal
bgl_14041,Normal
bgl_14042,Normal
bgl_14043,Normal
bgl_14044,Normal
bgl_14045,Normal
bgl_14046,Normal
bgl_14047,Normal
bgl_14048,Normal
bgl_14049,Normal
bgl_14050,Normal
bgl_14051,Normal
bgl_14052,Normal
bgl_14053,Normal
bgl_14054,Normal
bgl_14055,Normal
bgl_14056,Normal
bgl_14057,Normal
bgl_14058,Normal
bgl_14059,Normal
bgl_14060,Normal
bgl_14061,Normal
bgl_14062,Normal
bgl_14063,Normal
bgl_14064,Normal
bgl_14065,Normal
bgl_14066,Normal
bgl_14067,Normal
bgl_14068,Normal
bgl_14069,Normal
bgl_14070,Normal
bgl_14071,Normal
bgl_14072,Normal
bgl_14073,Normal
bgl_14074,Normal
bgl_14075,Normal
bgl_14076,Normal
bgl_14077,Normal
bgl_14078,Normal
bgl_14079,Normal
bgl_14080,Normal
bgl_14081,Normal
bgl_14082,Normal
bgl_14083,Normal
bgl_14084,Normal
bgl_14085,Normal
bgl_14086,Normal
bgl_14087,Normal
bgl_14088,Normal
bgl_14089,Normal
bgl_14090,Normal
bgl_14091,Normal
bgl_14092,Normal
bgl_14093,Normal
bgl_14094,Normal
bgl_14095,Normal
bgl_14096,Normal
bgl_14097,Normal
bgl_14098,Normal
bgl_14099,Normal
bgl_14100,Normal
bgl_14101,Normal
bgl_14102,Normal
bgl_14103,Normal
bgl_14104,Normal
bgl_14105,Normal
bgl_14106,Normal
bgl_14107,Normal
bgl_14108,Normal
bgl_14109,Normal
bgl_14110,Normal
bgl_14111,Normal
bgl_14112,Normal
bgl_14113,Normal
bgl_14114,Normal
bgl_14115,Normal
bgl_14116,Normal
bgl_14117,Normal
bgl_14118,Normal
bgl_14119,Normal
bgl_14120,Normal
bgl_14121,Normal
bgl_14122,Normal
bgl_14123,Normal
bgl_14124,Normal
bgl_14125,Normal
bgl_14126,Normal
bgl_14127,Normal
bgl_14128,Normal
bgl_14129,Normal
bgl_14130,Normal
bgl_14131,Normal
bgl_14132,Normal
bgl_14133,Normal
bgl_14134,Normal
bgl_14135,Normal
bgl_14136,Normal
bgl_14137,Normal
bgl_14138,Normal
bgl_14139,Normal
bgl_14140,Normal
bgl_14141,Normal
bgl_14142,Normal
bgl_14143,Normal
bgl_14144,Normal
bgl_14145,Normal
bgl_14146,Normal
bgl_14147,Normal
bgl_14148,Normal
bgl_14149,Normal
bgl_14150,Normal
bgl_14151,Normal
bgl_14152,Normal
bgl_14153,Normal
bgl_14154,Normal
bgl_14155,Normal
bgl_14156,Normal
bgl_14157,Normal
bgl_14158,Normal
bgl_14159,Normal
bgl_14160,Normal
bgl_14161,Normal
bgl_14162,Normal
bgl_14163,Normal
bgl_14164,Normal
bgl_14165,Normal
bgl_14166,Normal
bgl_14167,Normal
bgl_14168,Normal
bgl_14169,Normal
bgl_14170,Normal
bgl_14171,Normal
bgl_14172,Normal
bgl_14173,Normal
bgl_14174,Normal
bgl_14175,Normal
bgl_14176,Normal
bgl_14177,Normal
bgl_14178,Normal
bgl_14179,Normal
bgl_14180,Normal
bgl_14181,Normal
bgl_14182,Normal
bgl_14183,Normal
bgl_14184,Normal
bgl_14185,Normal
bgl_14186,Normal
bgl_14187,Normal
bgl_14188,Normal
bgl_14189,Normal
bgl_14190,Normal
bgl_14191,Normal
bgl_14192,Normal
bgl_14193,Normal
bgl_14194,Normal
bgl_14195,Normal
bgl_14196,Normal
bgl_14197,Normal
bgl_14198,Normal
bgl_14199,Normal
bgl_14200,Normal
bgl_14201,Normal
bgl_14202,Normal
bgl_14203,Normal
bgl_14204,Normal
bgl_14205,Normal
bgl_14206,Normal
bgl_14207,Normal
bgl_14208,Normal
bgl_14209,Normal
bgl_14210,Normal
bgl_14211,Normal
bgl_14212,Normal
bgl_14213,Normal
bgl_14214,Normal
bgl_14215,Normal
bgl_14216,Normal
bgl_14217,Normal
bgl_14218,Normal
bgl_14219,Normal
bgl_14220,Normal
bgl_14221,Normal
bgl_14222,Normal
bgl_14223,Normal
bgl_14224,Normal
bgl_14225,Normal
bgl_14226,Normal
bgl_14227,Normal
bgl_14228,Normal
bgl_14229,Normal
bgl_14230,Normal
bgl_14231,Normal
bgl_14232,Normal
bgl_14233,Normal
bgl_14234,Normal
bgl_14235,Normal
bgl_14236,Normal
bgl_14237,Normal
bgl_14238,Normal
bgl_14239,Normal
bgl_14240,Normal
bgl_14241,Normal
bgl_14242,Normal
bgl_14243,Normal
bgl_14244,Normal
bgl_14245,Normal
bgl_14246,Normal
bgl_14247,Normal
bgl_14248,Normal
bgl_14249,Normal
bgl_14250,Normal
bgl_14251,Normal
bgl_14252,Normal
bgl_14253,Normal
bgl_14254,Normal
bgl_14255,Normal
bgl_14256,Normal
bgl_14257,Normal
bgl_14258,Normal
bgl_14259,Normal
bgl_14260,Normal
bgl_14261,Normal
bgl_14262,Normal
bgl_14263,Normal
bgl_14264,Normal
bgl_14265,Normal
bgl_14266,Normal
bgl_14267,Normal
bgl_14268,Normal
bgl_14269,Normal
bgl_14270,Normal
bgl_14271,Normal
bgl_14272,Normal
bgl_14273,Normal
bgl_14274,Normal
bgl_14275,Normal
bgl_14276,Normal
bgl_14277,Normal
bgl_14278,Normal
bgl_14279,Normal
bgl_14280,Normal
bgl_14281,Normal
bgl_14282,Normal
bgl_14283,Normal
bgl_14284,Normal
bgl_14285,Normal
bgl_14286,Normal
bgl_14287,Normal
bgl_14288,Normal
bgl_14289,Normal
bgl_14290,Normal
bgl_14291,Normal
bgl_14292,Normal
bgl_14293,Normal
bgl_14294,Normal
bgl_14295,Normal
bgl_14296,Normal
bgl_14297,Normal
bgl_14298,Normal
bgl_14299,Normal
bgl_14300,Normal
bgl_14301,Normal
bgl_14302,Normal
bgl_14303,Normal
bgl_14304,Normal
bgl_14305,Normal
bgl_14306,Normal
bgl_14307,Normal
bgl_14308,Normal
bgl_14309,Normal
bgl_14310,Normal
bgl_14311,Normal
bgl_14312,Normal
bgl_14313,Normal
bgl_14314,Normal
bgl_14315,Normal
bgl_14316,Normal
bgl_14317,Normal
bgl_14318,Normal
bgl_14319,Normal
bgl_14320,Normal
bgl_14321,Normal
bgl_14322,Normal
bgl_14323,Normal
bgl_14324,Normal
bgl_14325,Normal
bgl_14326,Normal
bgl_14327,Normal
bgl_14328,Normal
bgl_14329,Normal
bgl_14330,Normal
bgl_14331,Normal
bgl_14332,Normal
bgl_14333,Normal
bgl_14334,Normal
bgl_14335,Normal
bgl_14336,Normal
bgl_14337,Normal
bgl_14338,Normal
bgl_14339,Normal
bgl_14340,Normal
bgl_14341,Normal
bgl_14342,Normal
bgl_14343,Normal
bgl_14344,Normal
bgl_14345,Normal
bgl_14346,Normal
bgl_14347,Normal
bgl_14348,Normal
bgl_14349,Normal
bgl_14350,Normal
bgl_14351,Normal
bgl_14352,Normal
bgl_14353,Normal
bgl_14354,Normal
bgl_14355,Normal
bgl_14356,Normal
bgl_14357,Normal
bgl_14358,Normal
bgl_14359,Normal
bgl_14360,Normal
bgl_14361,Normal
bgl_14362,Normal
bgl_14363,Normal
bgl_14364,Normal
bgl_14365,Normal
bgl_14366,Normal
bgl_14367,Normal
bgl_14368,Normal
bgl_14369,Normal
bgl_14370,Normal
bgl_14371,Normal
bgl_14372,Normal
bgl_14373,Normal
bgl_14374,Normal
bgl_14375,Normal
bgl_14376,Normal
bgl_14377,Normal
bgl_14378,Normal
bgl_14379,Normal
bgl_14380,Normal
bgl_14381,Normal
bgl_14382,Normal
bgl_14383,Normal
bgl_14384,Normal
bgl_14385,Normal
bgl_14386,Normal
bgl_14387,Normal
bgl_14388,Normal
bgl_14389,Normal
bgl_14390,Normal
bgl_14391,Normal
bgl_14392,Normal
bgl_14393,Normal
bgl_14394,Normal
bgl_14395,Normal
bgl_14396,Normal
bgl_14397,Normal
bgl_14398,Normal
bgl_14399,Normal
bgl_14400,Normal
bgl_14401,Normal
bgl_14402,Normal
bgl_14403,Normal
bgl_14404,Normal
bgl_14405,Normal
bgl_14406,Normal
bgl_14407,Normal
bgl_14408,Normal
bgl_14409,Normal
bgl_14410,Normal
bgl_14411,Normal
bgl_14412,Normal
bgl_14413,Normal
bgl_14414,Normal
bgl_14415,Normal
bgl_14416,Normal
bgl_14417,Normal
bgl_14418,Normal
bgl_14419,Normal
bgl_14420,Normal
bgl_14421,Normal
bgl_14422,Normal
bgl_14423,Normal
bgl_14424,Normal
bgl_14425,Normal
bgl_14426,Normal
bgl_14427,Normal
bgl_14428,Normal
bgl_14429,Normal
bgl_14430,Normal
bgl_14431,Normal
bgl_14432,Normal
bgl_14433,Normal
bgl_14434,Normal
bgl_14435,Normal
bgl_14436,Normal
bgl_14437,Normal
bgl_14438,Normal
bgl_14439,Normal
bgl_14440,Normal
bgl_14441,Normal
bgl_14442,Normal
bgl_14443,Normal
bgl_14444,Normal
bgl_14445,Normal
bgl_14446,Normal
bgl_14447,Normal
bgl_14448,Normal
bgl_14449,Normal
bgl_14450,Normal
bgl_14451,Normal
bgl_14452,Normal
bgl_14453,Normal
bgl_14454,Normal
bgl_14455,Normal
bgl_14456,Normal
bgl_14457,Normal
bgl_14458,Normal
bgl_14459,Normal
bgl_14460,Normal
bgl_14461,Normal
bgl_14462,Normal
bgl_14463,Normal
bgl_14464,Normal
bgl_14465,Normal
bgl_14466,Normal
bgl_14467,Normal
bgl_14468,Normal
bgl_14469,Normal
bgl_14470,Normal
bgl_14471,Normal
bgl_14472,Normal
bgl_14473,Normal
bgl_14474,Normal
bgl_14475,Normal
bgl_14476,Normal
bgl_14477,Normal
bgl_14478,Normal
bgl_14479,Normal
bgl_14480,Normal
bgl_14481,Normal
bgl_14482,Normal
bgl_14483,Normal
bgl_14484,Normal
bgl_14485,Normal
bgl_14486,Normal
bgl_14487,Normal
bgl_14488,Normal
bgl_14489,Normal
bgl_14490,Normal
bgl_14491,Normal
bgl_14492,Normal
bgl_14493,Normal
bgl_14494,Normal
bgl_14495,Normal
bgl_14496,Normal
bgl_14497,Normal
bgl_14498,Normal
bgl_14499,Normal
bgl_14500,Normal
bgl_14501,Normal
bgl_14502,Normal
bgl_14503,Normal
bgl_14504,Normal
bgl_14505,Normal
bgl_14506,Normal
bgl_14507,Normal
bgl_14508,Normal
bgl_14509,Normal
bgl_14510,Normal
bgl_14511,Normal
bgl_14512,Normal
bgl_14513,Normal
bgl_14514,Normal
bgl_14515,Normal
bgl_14516,Normal
bgl_14517,Normal
bgl_14518,Normal
bgl_14519,Normal
bgl_14520,Normal
bgl_14521,Normal
bgl_14522,Normal
bgl_14523,Normal
bgl_14524,Normal
bgl_14525,Normal
bgl_14526,Normal
bgl_14527,Normal
bgl_14528,Normal
bgl_14529,Normal
bgl_14530,Normal
bgl_14531,Normal
bgl_14532,Normal
bgl_14533,Normal
bgl_14534,Normal
bgl_14535,Normal
bgl_14536,Normal
bgl_14537,Normal
bgl_14538,Normal
bgl_14539,Normal
bgl_14540,Normal
bgl_14541,Normal
bgl_14542,Normal
bgl_14543,Normal
bgl_14544,Normal
bgl_14545,Normal
bgl_14546,Normal
bgl_14547,Normal
bgl_14548,Normal
bgl_14549,Normal
bgl_14550,Normal
bgl_14551,Normal
bgl_14552,Normal
bgl_14553,Normal
bgl_14554,Normal
bgl_14555,Normal
bgl_14556,Normal
bgl_14557,Normal
bgl_14558,Normal
bgl_14559,Normal
bgl_14560,Normal
bgl_14561,Normal
bgl_14562,Normal
bgl_14563,Normal
bgl_14564,Normal
bgl_14565,Normal
bgl_14566,Normal
bgl_14567,Normal
bgl_14568,Normal
bgl_14569,Normal
bgl_14570,Normal
bgl_14571,Normal
bgl_14572,Normal
bgl_14573,Normal
bgl_14574,Normal
bgl_14575,Normal
bgl_14576,Normal
bgl_14577,Normal
bgl_14578,Normal
bgl_14579,Normal
bgl_14580,Normal
bgl_14581,Normal
bgl_14582,Normal
bgl_14583,Normal
bgl_14584,Normal
bgl_14585,Normal
bgl_14586,Normal
bgl_14587,Normal
bgl_14588,Normal
bgl_14589,Normal
bgl_14590,Normal
bgl_14591,Normal
bgl_14592,Normal
bgl_14593,Normal
bgl_14594,Normal
bgl_14595,Normal
bgl_14596,Normal
bgl_14597,Normal
bgl_14598,Normal
bgl_14599,Normal
bgl_14600,Normal
bgl_14601,Normal
bgl_14602,Normal
bgl_14603,Normal
bgl_14604,Normal
bgl_14605,Normal
bgl_14606,Normal
bgl_14607,Normal
bgl_14608,Normal
bgl_14609,Normal
bgl_14610,Normal
bgl_14611,Normal
bgl_14612,Normal
bgl_14613,Normal
bgl_14614,Normal
bgl_14615,Normal
bgl_14616,Normal
bgl_14617,Normal
bgl_14618,Normal
bgl_14619,Normal
bgl_14620,Normal
bgl_14621,Normal
bgl_14622,Normal
bgl_14623,Normal
bgl_14624,Normal
bgl_14625,Normal
bgl_14626,Normal
bgl_14627,Normal
bgl_14628,Normal
bgl_14629,Normal
bgl_14630,Normal
bgl_14631,Normal
bgl_14632,Normal
bgl_14633,Normal
bgl_14634,Normal
bgl_14635,Normal
bgl_14636,Normal
bgl_14637,Normal
bgl_14638,Normal
bgl_14639,Normal
bgl_14640,Normal
bgl_14641,Normal
bgl_14642,Normal
bgl_14643,Normal
bgl_14644,Normal
bgl_14645,Normal
bgl_14646,Normal
bgl_14647,Normal
bgl_14648,Normal
bgl_14649,Normal
bgl_14650,Normal
bgl_14651,Normal
bgl_14652,Normal
bgl_14653,Normal
bgl_14654,Normal
bgl_14655,Normal
bgl_14656,Normal
bgl_14657,Normal
bgl_14658,Normal
bgl_14659,Normal
bgl_14660,Normal
bgl_14661,Normal
bgl_14662,Normal
bgl_14663,Normal
bgl_14664,Normal
bgl_14665,Normal
bgl_14666,Normal
bgl_14667,Normal
bgl_14668,Normal
bgl_14669,Normal
bgl_14670,Normal
bgl_14671,Normal
bgl_14672,Normal
bgl_14673,Normal
bgl_14674,Normal
bgl_14675,Normal
bgl_14676,Normal
bgl_14677,Normal
bgl_14678,Normal
bgl_14679,Normal
bgl_14680,Normal
bgl_14681,Normal
bgl_14682,Normal
bgl_14683,Normal
bgl_14684,Normal
bgl_14685,Normal
bgl_14686,Normal
bgl_14687,Normal
bgl_14688,Normal
bgl_14689,Normal
bgl_14690,Normal
bgl_14691,Normal
bgl_14692,Normal
bgl_14693,Normal
bgl_14694,Normal
bgl_14695,Normal
bgl_14696,Normal
bgl_14697,Normal
bgl_14698,Normal
bgl_14699,Normal
bgl_14700,Normal
bgl_14701,Normal
bgl_14702,Normal
bgl_14703,Normal
bgl_14704,Normal
bgl_14705,Normal
bgl_14706,Normal
bgl_14707,Normal
bgl_14708,Normal
bgl_14709,Normal
bgl_14710,Normal
bgl_14711,Normal
bgl_14712,Normal
bgl_14713,Normal
bgl_14714,Normal
bgl_14715,Normal
bgl_14716,Normal
bgl_14717,Normal
bgl_14718,Normal
bgl_14719,Normal
bgl_14720,Normal
bgl_14721,Normal
bgl_14722,Normal
bgl_14723,Normal
bgl_14724,Normal
bgl_14725,Normal
bgl_14726,Normal
bgl_14727,Normal
bgl_14728,Normal
bgl_14729,Normal
bgl_14730,Normal
bgl_14731,Normal
bgl_14732,Normal
bgl_14733,Normal
bgl_14734,Normal
bgl_14735,Normal
bgl_14736,Normal
bgl_14737,Normal
bgl_14738,Normal
bgl_14739,Normal
bgl_14740,Normal
bgl_14741,Normal
bgl_14742,Normal
bgl_14743,Normal
bgl_14744,Normal
bgl_14745,Normal
bgl_14746,Normal
bgl_14747,Normal
bgl_14748,Normal
bgl_14749,Normal
bgl_14750,Normal
bgl_14751,Normal
bgl_14752,Normal
bgl_14753,Normal
bgl_14754,Normal
bgl_14755,Normal
bgl_14756,Normal
bgl_14757,Normal
bgl_14758,Normal
bgl_14759,Normal
bgl_14760,Normal
bgl_14761,Normal
bgl_14762,Normal
bgl_14763,Normal
bgl_14764,Normal
bgl_14765,Normal
bgl_14766,Normal
bgl_14767,Normal
bgl_14768,Normal
bgl_14769,Normal
bgl_14770,Normal
bgl_14771,Normal
bgl_14772,Normal
bgl_14773,Normal
bgl_14774,Normal
bgl_14775,Normal
bgl_14776,Normal
bgl_14777,Normal
bgl_14778,Normal
bgl_14779,Normal
bgl_14780,Normal
bgl_14781,Normal
bgl_14782,Normal
bgl_14783,Normal
bgl_14784,Normal
bgl_14785,Normal
bgl_14786,Normal
bgl_14787,Normal
bgl_14788,Normal
bgl_14789,Normal
bgl_14790,Normal
bgl_14791,Normal
bgl_14792,Normal
bgl_14793,Normal
bgl_14794,Normal
bgl_14795,Normal
bgl_14796,Normal
bgl_14797,Normal
bgl_14798,Normal
bgl_14799,Normal
bgl_14800,Normal
bgl_14801,Normal
bgl_14802,Normal
bgl_14803,Normal
bgl_14804,Normal
bgl_14805,Normal
bgl_14806,Normal
bgl_14807,Normal
bgl_14808,Normal
bgl_14809,Normal
bgl_14810,Normal
bgl_14811,Normal
bgl_14812,Normal
bgl_14813,Normal
bgl_14814,Normal
bgl_14815,Normal
bgl_14816,Normal
bgl_14817,Normal
bgl_14818,Normal
bgl_14819,Normal
bgl_14820,Normal
bgl_14821,Normal
bgl_14822,Normal
bgl_14823,Normal
bgl_14824,Normal
bgl_14825,Normal
bgl_14826,Normal
bgl_14827,Normal
bgl_14828,Normal
bgl_14829,Normal
bgl_14830,Normal
bgl_14831,Normal
bgl_14832,Normal
bgl_14833,Normal
bgl_14834,Normal
bgl_14835,Normal
bgl_14836,Normal
bgl_14837,Normal
bgl_14838,Normal
bgl_14839,Normal
bgl_14840,Normal
bgl_14841,Normal
bgl_14842,Normal
bgl_14843,Normal
bgl_14844,Normal
bgl_14845,Normal
bgl_14846,Normal
bgl_14847,Normal
bgl_14848,Normal
bgl_14849,Normal
bgl_14850,Normal
bgl_14851,Normal
bgl_14852,Normal
bgl_14853,Normal
bgl_14854,Normal
bgl_14855,Normal
bgl_14856,Normal
bgl_14857,Normal
bgl_14858,Normal
bgl_14859,Normal
bgl_14860,Normal
bgl_14861,Normal
bgl_14862,Normal
bgl_14863,Normal
bgl_14864,Normal
bgl_14865,Normal
bgl_14866,Normal
bgl_14867,Normal
bgl_14868,Normal
bgl_14869,Normal
bgl_14870,Normal
bgl_14871,Normal
bgl_14872,Normal
bgl_14873,Normal
bgl_14874,Normal
bgl_14875,Normal
bgl_14876,Normal
bgl_14877,Normal
bgl_14878,Normal
bgl_14879,Normal
bgl_14880,Normal
bgl_14881,Normal
bgl_14882,Normal
bgl_14883,Normal
bgl_14884,Normal
bgl_14885,Normal
bgl_14886,Normal
bgl_14887,Normal
bgl_14888,Normal
bgl_14889,Normal
bgl_14890,Normal
bgl_14891,Normal
bgl_14892,Normal
bgl_14893,Normal
bgl_14894,Normal
bgl_14895,Normal
bgl_14896,Normal
bgl_14897,Normal
bgl_14898,Normal
bgl_14899,Normal
bgl_14900,Normal
bgl_14901,Normal
bgl_14902,Normal
bgl_14903,Normal
bgl_14904,Normal
bgl_14905,Normal
bgl_14906,Normal
bgl_14907,Normal
bgl_14908,Normal
bgl_14909,Normal
bgl_14910,Normal
bgl_14911,Normal
bgl_14912,Normal
bgl_14913,Normal
bgl_14914,Normal
bgl_14915,Normal
bgl_14916,Normal
bgl_14917,Normal
bgl_14918,Normal
bgl_14919,Normal
bgl_14920,Normal
bgl_14921,Normal
bgl_14922,Normal
bgl_14923,Normal
bgl_14924,Normal
bgl_14925,Normal
bgl_14926,Normal
bgl_14927,Normal
bgl_14928,Normal
bgl_14929,Normal
bgl_14930,Normal
bgl_14931,Normal
bgl_14932,Normal
bgl_14933,Normal
bgl_14934,Normal
bgl_14935,Normal
bgl_14936,Normal
bgl_14937,Normal
bgl_14938,Normal
bgl_14939,Normal
bgl_14940,Normal
bgl_14941,Normal
bgl_14942,Normal
bgl_14943,Normal
bgl_14944,Normal
bgl_14945,Normal
bgl_14946,Normal
bgl_14947,Normal
bgl_14948,Normal
bgl_14949,Normal
bgl_14950,Normal
bgl_14951,Normal
bgl_14952,Normal
bgl_14953,Normal
bgl_14954,Normal
bgl_14955,Normal
bgl_14956,Normal
bgl_14957,Normal
bgl_14958,Normal
bgl_14959,Normal
bgl_14960,Normal
bgl_14961,Normal
bgl_14962,Normal
bgl_14963,Normal
bgl_14964,Normal
bgl_14965,Normal
bgl_14966,Normal
bgl_14967,Normal
bgl_14968,Normal
bgl_14969,Normal
bgl_14970,Normal
bgl_14971,Normal
bgl_14972,Normal
bgl_14973,Normal
bgl_14974,Normal
bgl_14975,Normal
bgl_14976,Normal
bgl_14977,Normal
bgl_14978,Normal
bgl_14979,Normal
bgl_14980,Normal
bgl_14981,Normal
bgl_14982,Normal
bgl_14983,Normal
bgl_14984,Normal
bgl_14985,Normal
bgl_14986,Normal
bgl_14987,Normal
bgl_14988,Normal
bgl_14989,Normal
bgl_14990,Normal
bgl_14991,Normal
bgl_14992,Normal
bgl_14993,Normal
bgl_14994,Normal
bgl_14995,Normal
bgl_14996,Normal
bgl_14997,Normal
bgl_14998,Normal
bgl_14999,Normal
bgl_15000,Normal
bgl_15001,Normal
bgl_15002,Normal
bgl_15003,Normal
bgl_15004,Normal
bgl_15005,Normal
bgl_15006,Normal
bgl_15007,Normal
bgl_15008,Normal
bgl_15009,Normal
bgl_15010,Normal
bgl_15011,Normal
bgl_15012,Normal
bgl_15013,Normal
bgl_15014,Normal
bgl_15015,Normal
bgl_15016,Normal
bgl_15017,Normal
bgl_15018,Normal
bgl_15019,Normal
bgl_15020,Normal
bgl_15021,Normal
bgl_15022,Normal
bgl_15023,Normal
bgl_15024,Normal
bgl_15025,Normal
bgl_15026,Normal
bgl_15027,Normal
bgl_15028,Normal
bgl_15029,Normal
bgl_15030,Normal
bgl_15031,Normal
bgl_15032,Normal
bgl_15033,Normal
bgl_15034,Normal
bgl_15035,Normal
bgl_15036,Normal
bgl_15037,Normal
bgl_15038,Normal
bgl_15039,Normal
bgl_15040,Normal
bgl_15041,Normal
bgl_15042,Normal
bgl_15043,Normal
bgl_15044,Normal
bgl_15045,Normal
bgl_15046,Normal
bgl_15047,Normal
bgl_15048,Normal
bgl_15049,Normal
bgl_15050,Normal
bgl_15051,Normal
bgl_15052,Normal
bgl_15053,Normal
bgl_15054,Normal
bgl_15055,Normal
bgl_15056,Normal
bgl_15057,Normal
bgl_15058,Normal
bgl_15059,Normal
bgl_15060,Normal
bgl_15061,Normal
bgl_15062,Normal
bgl_15063,Normal
bgl_15064,Normal
bgl_15065,Normal
bgl_15066,Normal
bgl_15067,Normal
bgl_15068,Normal
bgl_15069,Normal
bgl_15070,Normal
bgl_15071,Normal
bgl_15072,Normal
bgl_15073,Normal
bgl_15074,Normal
bgl_15075,Normal
bgl_15076,Normal
bgl_15077,Normal
bgl_15078,Normal
bgl_15079,Normal
bgl_15080,Normal
bgl_15081,Normal
bgl_15082,Normal
bgl_15083,Anomaly
bgl_15084,Normal
bgl_15085,Normal
bgl_15086,Normal
bgl_15087,Normal
bgl_15088,Normal
bgl_15089,Normal
bgl_15090,Normal
bgl_15091,Normal
bgl_15092,Normal
bgl_15093,Normal
bgl_15094,Anomaly
bgl_15095,Anomaly
bgl_15096,Anomaly
bgl_15097,Anomaly
bgl_15098,Anomaly
bgl_15099,Anomaly
bgl_15100,Anomaly
bgl_15101,Normal
bgl_15102,Normal
bgl_15103,Normal
bgl_15104,Normal
bgl_15105,Anomaly
bgl_15106,Anomaly
bgl_15107,Anomaly
bgl_15108,Anomaly
bgl_15109,Anomaly
bgl_15110,Anomaly
bgl_15111,Anomaly
bgl_15112,Normal
bgl_15113,Normal
bgl_15114,Normal
bgl_15115,Normal
bgl_15116,Normal
bgl_15117,Normal
bgl_15118,Normal
bgl_15119,Normal
bgl_15120,Normal
bgl_15121,Normal
bgl_15122,Normal
bgl_15123,Normal
bgl_15124,Normal
bgl_15125,Normal
bgl_15126,Normal
bgl_15127,Normal
bgl_15128,Normal
bgl_15129,Normal
bgl_15130,Normal
bgl_15131,Normal
bgl_15132,Normal
bgl_15133,Normal
bgl_15134,Normal
bgl_15135,Normal
bgl_15136,Normal
bgl_15137,Normal
bgl_15138,Normal
bgl_15139,Anomaly
bgl_15140,Anomaly
bgl_15141,Normal
bgl_15142,Normal
bgl_15143,Normal
bgl_15144,Normal
bgl_15145,Normal
bgl_15146,Normal
bgl_15147,Normal
bgl_15148,Normal
bgl_15149,Normal
bgl_15150,Normal
bgl_15151,Normal
bgl_15152,Normal
bgl_15153,Normal
bgl_15154,Normal
bgl_15155,Normal
bgl_15156,Normal
bgl_15157,Normal
bgl_15158,Normal
bgl_15159,Normal
bgl_15160,Normal
bgl_15161,Normal
bgl_15162,Normal
bgl_15163,Normal
bgl_15164,Normal
bgl_15165,Normal
bgl_15166,Normal
bgl_15167,Normal
bgl_15168,Normal
bgl_15169,Normal
bgl_15170,Normal
bgl_15171,Normal
bgl_15172,Normal
bgl_15173,Normal
bgl_15174,Normal
bgl_15175,Normal
bgl_15176,Normal
bgl_15177,Normal
bgl_15178,Normal
bgl_15179,Normal
bgl_15180,Normal
bgl_15181,Normal
bgl_15182,Normal
bgl_15183,Normal
bgl_15184,Normal
bgl_15185,Normal
bgl_15186,Normal
bgl_15187,Normal
bgl_15188,Normal
bgl_15189,Normal
bgl_15190,Normal
bgl_15191,Normal
bgl_15192,Normal
bgl_15193,Normal
bgl_15194,Normal
bgl_15195,Normal
bgl_15196,Normal
bgl_15197,Normal
bgl_15198,Normal
bgl_15199,Normal
bgl_15200,Normal
bgl_15201,Normal
bgl_15202,Normal
bgl_15203,Normal
bgl_15204,Normal
bgl_15205,Normal
bgl_15206,Normal
bgl_15207,Normal
bgl_15208,Normal
bgl_15209,Normal
bgl_15210,Normal
bgl_15211,Normal
bgl_15212,Normal
bgl_15213,Normal
bgl_15214,Normal
bgl_15215,Normal
bgl_15216,Normal
bgl_15217,Normal
bgl_15218,Normal
bgl_15219,Normal
bgl_15220,Normal
bgl_15221,Normal
bgl_15222,Normal
bgl_15223,Normal
bgl_15224,Normal
bgl_15225,Normal
bgl_15226,Normal
bgl_15227,Normal
bgl_15228,Normal
bgl_15229,Normal
bgl_15230,Normal
bgl_15231,Normal
bgl_15232,Normal
bgl_15233,Normal
bgl_15234,Normal
bgl_15235,Normal
bgl_15236,Normal
bgl_15237,Normal
bgl_15238,Normal
bgl_15239,Normal
bgl_15240,Normal
bgl_15241,Normal
bgl_15242,Normal
bgl_15243,Anomaly
bgl_15244,Normal
bgl_15245,Normal
bgl_15246,Normal
bgl_15247,Normal
bgl_15248,Normal
bgl_15249,Normal
bgl_15250,Normal
bgl_15251,Normal
bgl_15252,Normal
bgl_15253,Normal
bgl_15254,Normal
bgl_15255,Normal
bgl_15256,Normal
bgl_15257,Normal
bgl_15258,Normal
bgl_15259,Normal
bgl_15260,Normal
bgl_15261,Normal
bgl_15262,Normal
bgl_15263,Normal
bgl_15264,Normal
bgl_15265,Normal
bgl_15266,Normal
bgl_15267,Normal
bgl_15268,Normal
bgl_15269,Normal
bgl_15270,Normal
bgl_15271,Normal
bgl_15272,Normal
bgl_15273,Normal
bgl_15274,Normal
bgl_15275,Normal
bgl_15276,Normal
bgl_15277,Normal
bgl_15278,Normal
bgl_15279,Normal
bgl_15280,Normal
bgl_15281,Normal
bgl_15282,Normal
bgl_15283,Normal
bgl_15284,Normal
bgl_15285,Normal
bgl_15286,Normal
bgl_15287,Normal
bgl_15288,Normal
bgl_15289,Normal
bgl_15290,Normal
bgl_15291,Normal
bgl_15292,Normal
bgl_15293,Normal
bgl_15294,Normal
bgl_15295,Normal
bgl_15296,Normal
bgl_15297,Normal
bgl_15298,Normal
bgl_15299,Normal
bgl_15300,Normal
bgl_15301,Normal
bgl_15302,Normal
bgl_15303,Normal
bgl_15304,Normal
bgl_15305,Normal
bgl_15306,Normal
bgl_15307,Normal
bgl_15308,Normal
bgl_15309,Normal
bgl_15310,Normal
bgl_15311,Normal
bgl_15312,Normal
bgl_15313,Normal
bgl_15314,Normal
bgl_15315,Normal
bgl_15316,Normal
bgl_15317,Normal
bgl_15318,Normal
bgl_15319,Normal
bgl_15320,Normal
bgl_15321,Normal
bgl_15322,Normal
bgl_15323,Normal
bgl_15324,Normal
bgl_15325,Normal
bgl_15326,Normal
bgl_15327,Normal
bgl_15328,Normal
bgl_15329,Normal
bgl_15330,Normal
bgl_15331,Normal
bgl_15332,Normal
bgl_15333,Normal
bgl_15334,Normal
bgl_15335,Normal
bgl_15336,Normal
bgl_15337,Normal
bgl_15338,Normal
bgl_15339,Normal
bgl_15340,Normal
bgl_15341,Normal
bgl_15342,Normal
bgl_15343,Normal
bgl_15344,Normal
bgl_15345,Normal
bgl_15346,Normal
bgl_15347,Normal
bgl_15348,Normal
bgl_15349,Normal
bgl_15350,Normal
bgl_15351,Normal
bgl_15352,Normal
bgl_15353,Normal
bgl_15354,Normal
bgl_15355,Normal
bgl_15356,Normal
bgl_15357,Normal
bgl_15358,Normal
bgl_15359,Normal
bgl_15360,Normal
bgl_15361,Normal
bgl_15362,Normal
bgl_15363,Normal
bgl_15364,Normal
bgl_15365,Normal
bgl_15366,Normal
bgl_15367,Normal
bgl_15368,Normal
bgl_15369,Normal
bgl_15370,Normal
bgl_15371,Normal
bgl_15372,Normal
bgl_15373,Normal
bgl_15374,Normal
bgl_15375,Normal
bgl_15376,Normal
bgl_15377,Normal
bgl_15378,Normal
bgl_15379,Normal
bgl_15380,Normal
bgl_15381,Normal
bgl_15382,Normal
bgl_15383,Normal
bgl_15384,Normal
bgl_15385,Normal
bgl_15386,Normal
bgl_15387,Normal
bgl_15388,Normal
bgl_15389,Normal
bgl_15390,Normal
bgl_15391,Normal
bgl_15392,Normal
bgl_15393,Normal
bgl_15394,Normal
bgl_15395,Normal
bgl_15396,Normal
bgl_15397,Normal
bgl_15398,Normal
bgl_15399,Normal
bgl_15400,Normal
bgl_15401,Normal
bgl_15402,Normal
bgl_15403,Normal
bgl_15404,Normal
bgl_15405,Normal
bgl_15406,Normal
bgl_15407,Normal
bgl_15408,Normal
bgl_15409,Normal
bgl_15410,Normal
bgl_15411,Normal
bgl_15412,Normal
bgl_15413,Normal
bgl_15414,Normal
bgl_15415,Normal
bgl_15416,Normal
bgl_15417,Normal
bgl_15418,Normal
bgl_15419,Normal
bgl_15420,Normal
bgl_15421,Normal
bgl_15422,Normal
bgl_15423,Normal
bgl_15424,Normal
bgl_15425,Normal
bgl_15426,Normal
bgl_15427,Normal
bgl_15428,Normal
bgl_15429,Normal
bgl_15430,Normal
bgl_15431,Normal
bgl_15432,Normal
bgl_15433,Normal
bgl_15434,Normal
bgl_15435,Normal
bgl_15436,Normal
bgl_15437,Normal
bgl_15438,Normal
bgl_15439,Normal
bgl_15440,Normal
bgl_15441,Normal
bgl_15442,Normal
bgl_15443,Normal
bgl_15444,Normal
bgl_15445,Normal
bgl_15446,Normal
bgl_15447,Normal
bgl_15448,Normal
bgl_15449,Normal
bgl_15450,Normal
bgl_15451,Normal
bgl_15452,Normal
bgl_15453,Normal
bgl_15454,Normal
bgl_15455,Normal
bgl_15456,Normal
bgl_15457,Normal
bgl_15458,Normal
bgl_15459,Normal
bgl_15460,Normal
bgl_15461,Normal
bgl_15462,Normal
bgl_15463,Normal
bgl_15464,Normal
bgl_15465,Normal
bgl_15466,Normal
bgl_15467,Normal
bgl_15468,Normal
bgl_15469,Normal
bgl_15470,Normal
bgl_15471,Normal
bgl_15472,Normal
bgl_15473,Normal
bgl_15474,Normal
bgl_15475,Normal
bgl_15476,Normal
bgl_15477,Normal
bgl_15478,Normal
bgl_15479,Normal
bgl_15480,Normal
bgl_15481,Normal
bgl_15482,Normal
bgl_15483,Normal
bgl_15484,Normal
bgl_15485,Normal
bgl_15486,Normal
bgl_15487,Normal
bgl_15488,Normal
bgl_15489,Normal
bgl_15490,Normal
bgl_15491,Normal
bgl_15492,Normal
bgl_15493,Normal
bgl_15494,Normal
bgl_15495,Normal
bgl_15496,Normal
bgl_15497,Normal
bgl_15498,Normal
bgl_15499,Normal
bgl_15500,Normal
bgl_15501,Normal
bgl_15502,Normal
bgl_15503,Normal
bgl_15504,Normal
bgl_15505,Normal
bgl_15506,Normal
bgl_15507,Normal
bgl_15508,Normal
bgl_15509,Normal
bgl_15510,Normal
bgl_15511,Normal
bgl_15512,Normal
bgl_15513,Normal
bgl_15514,Normal
bgl_15515,Normal
bgl_15516,Normal
bgl_15517,Normal
bgl_15518,Normal
bgl_15519,Normal
bgl_15520,Normal
bgl_15521,Normal
bgl_15522,Normal
bgl_15523,Normal
bgl_15524,Normal
bgl_15525,Normal
bgl_15526,Normal
bgl_15527,Normal
bgl_15528,Normal
bgl_15529,Normal
bgl_15530,Normal
bgl_15531,Normal
bgl_15532,Normal
bgl_15533,Normal
bgl_15534,Normal
bgl_15535,Normal
bgl_15536,Normal
bgl_15537,Normal
bgl_15538,Normal
bgl_15539,Normal
bgl_15540,Normal
bgl_15541,Normal
bgl_15542,Normal
bgl_15543,Normal
bgl_15544,Normal
bgl_15545,Normal
bgl_15546,Normal
bgl_15547,Normal
bgl_15548,Normal
bgl_15549,Normal
bgl_15550,Normal
bgl_15551,Normal
bgl_15552,Normal
bgl_15553,Normal
bgl_15554,Normal
bgl_15555,Normal
bgl_15556,Normal
bgl_15557,Normal
bgl_15558,Normal
bgl_15559,Normal
bgl_15560,Normal
bgl_15561,Normal
bgl_15562,Normal
bgl_15563,Normal
bgl_15564,Normal
bgl_15565,Normal
bgl_15566,Normal
bgl_15567,Normal
bgl_15568,Normal
bgl_15569,Normal
bgl_15570,Normal
bgl_15571,Normal
bgl_15572,Normal
bgl_15573,Normal
bgl_15574,Normal
bgl_15575,Normal
bgl_15576,Normal
bgl_15577,Normal
bgl_15578,Normal
bgl_15579,Normal
bgl_15580,Normal
bgl_15581,Normal
bgl_15582,Normal
bgl_15583,Normal
bgl_15584,Normal
bgl_15585,Normal
bgl_15586,Normal
bgl_15587,Normal
bgl_15588,Normal
bgl_15589,Normal
bgl_15590,Normal
bgl_15591,Normal
bgl_15592,Normal
bgl_15593,Normal
bgl_15594,Normal
bgl_15595,Normal
bgl_15596,Normal
bgl_15597,Normal
bgl_15598,Normal
bgl_15599,Normal
bgl_15600,Normal
bgl_15601,Normal
bgl_15602,Normal
bgl_15603,Normal
bgl_15604,Normal
bgl_15605,Normal
bgl_15606,Normal
bgl_15607,Normal
bgl_15608,Normal
bgl_15609,Normal
bgl_15610,Normal
bgl_15611,Normal
bgl_15612,Normal
bgl_15613,Normal
bgl_15614,Normal
bgl_15615,Normal
bgl_15616,Normal
bgl_15617,Normal
bgl_15618,Normal
bgl_15619,Normal
bgl_15620,Normal
bgl_15621,Normal
bgl_15622,Normal
bgl_15623,Normal
bgl_15624,Normal
bgl_15625,Normal
bgl_15626,Normal
bgl_15627,Normal
bgl_15628,Normal
bgl_15629,Normal
bgl_15630,Normal
bgl_15631,Normal
bgl_15632,Normal
bgl_15633,Normal
bgl_15634,Normal
bgl_15635,Normal
bgl_15636,Normal
bgl_15637,Normal
bgl_15638,Normal
bgl_15639,Normal
bgl_15640,Normal
bgl_15641,Normal
bgl_15642,Normal
bgl_15643,Normal
bgl_15644,Normal
bgl_15645,Normal
bgl_15646,Normal
bgl_15647,Normal
bgl_15648,Normal
bgl_15649,Normal
bgl_15650,Normal
bgl_15651,Normal
bgl_15652,Normal
bgl_15653,Normal
bgl_15654,Normal
bgl_15655,Normal
bgl_15656,Normal
bgl_15657,Normal
bgl_15658,Normal
bgl_15659,Normal
bgl_15660,Normal
bgl_15661,Normal
bgl_15662,Normal
bgl_15663,Normal
bgl_15664,Normal
bgl_15665,Normal
bgl_15666,Normal
bgl_15667,Normal
bgl_15668,Normal
bgl_15669,Normal
bgl_15670,Normal
bgl_15671,Normal
bgl_15672,Normal
bgl_15673,Normal
bgl_15674,Normal
bgl_15675,Normal
bgl_15676,Normal
bgl_15677,Normal
bgl_15678,Normal
bgl_15679,Normal
bgl_15680,Normal
bgl_15681,Normal
bgl_15682,Normal
bgl_15683,Normal
bgl_15684,Normal
bgl_15685,Normal
bgl_15686,Normal
bgl_15687,Normal
bgl_15688,Normal
bgl_15689,Normal
bgl_15690,Normal
bgl_15691,Normal
bgl_15692,Normal
bgl_15693,Normal
bgl_15694,Normal
bgl_15695,Normal
bgl_15696,Normal
bgl_15697,Normal
bgl_15698,Normal
bgl_15699,Normal
bgl_15700,Normal
bgl_15701,Normal
bgl_15702,Normal
bgl_15703,Normal
bgl_15704,Normal
bgl_15705,Normal
bgl_15706,Normal
bgl_15707,Normal
bgl_15708,Normal
bgl_15709,Normal
bgl_15710,Normal
bgl_15711,Normal
bgl_15712,Normal
bgl_15713,Normal
bgl_15714,Normal
bgl_15715,Normal
bgl_15716,Normal
bgl_15717,Normal
bgl_15718,Normal
bgl_15719,Normal
bgl_15720,Normal
bgl_15721,Normal
bgl_15722,Normal
bgl_15723,Normal
bgl_15724,Normal
bgl_15725,Normal
bgl_15726,Normal
bgl_15727,Normal
bgl_15728,Normal
bgl_15729,Normal
bgl_15730,Normal
bgl_15731,Normal
bgl_15732,Normal
bgl_15733,Normal
bgl_15734,Normal
bgl_15735,Normal
bgl_15736,Normal
bgl_15737,Normal
bgl_15738,Normal
bgl_15739,Normal
bgl_15740,Normal
bgl_15741,Normal
bgl_15742,Normal
bgl_15743,Normal
bgl_15744,Normal
bgl_15745,Normal
bgl_15746,Normal
bgl_15747,Normal
bgl_15748,Normal
bgl_15749,Normal
bgl_15750,Normal
bgl_15751,Normal
bgl_15752,Normal
bgl_15753,Normal
bgl_15754,Normal
bgl_15755,Normal
bgl_15756,Normal
bgl_15757,Normal
bgl_15758,Normal
bgl_15759,Normal
bgl_15760,Normal
bgl_15761,Normal
bgl_15762,Normal
bgl_15763,Normal
bgl_15764,Normal
bgl_15765,Normal
bgl_15766,Normal
bgl_15767,Normal
bgl_15768,Normal
bgl_15769,Normal
bgl_15770,Normal
bgl_15771,Normal
bgl_15772,Normal
bgl_15773,Normal
bgl_15774,Normal
bgl_15775,Normal
bgl_15776,Normal
bgl_15777,Normal
bgl_15778,Normal
bgl_15779,Normal
bgl_15780,Normal
bgl_15781,Normal
bgl_15782,Normal
bgl_15783,Normal
bgl_15784,Anomaly
bgl_15785,Anomaly
bgl_15786,Anomaly
bgl_15787,Normal
bgl_15788,Anomaly
bgl_15789,Anomaly
bgl_15790,Anomaly
bgl_15791,Anomaly
bgl_15792,Anomaly
bgl_15793,Normal
bgl_15794,Normal
bgl_15795,Normal
bgl_15796,Normal
bgl_15797,Normal
bgl_15798,Normal
bgl_15799,Normal
bgl_15800,Normal
bgl_15801,Normal
bgl_15802,Anomaly
bgl_15803,Anomaly
bgl_15804,Anomaly
bgl_15805,Anomaly
bgl_15806,Anomaly
bgl_15807,Anomaly
bgl_15808,Normal
bgl_15809,Normal
bgl_15810,Normal
bgl_15811,Normal
bgl_15812,Normal
bgl_15813,Normal
bgl_15814,Normal
bgl_15815,Normal
bgl_15816,Normal
bgl_15817,Anomaly
bgl_15818,Anomaly
bgl_15819,Anomaly
bgl_15820,Anomaly
bgl_15821,Anomaly
bgl_15822,Anomaly
bgl_15823,Anomaly
bgl_15824,Normal
bgl_15825,Normal
bgl_15826,Normal
bgl_15827,Normal
bgl_15828,Normal
bgl_15829,Normal
bgl_15830,Normal
bgl_15831,Normal
bgl_15832,Normal
bgl_15833,Normal
bgl_15834,Normal
bgl_15835,Normal
bgl_15836,Normal
bgl_15837,Normal
bgl_15838,Normal
bgl_15839,Normal
bgl_15840,Normal
bgl_15841,Normal
bgl_15842,Normal
bgl_15843,Normal
bgl_15844,Normal
bgl_15845,Normal
bgl_15846,Normal
bgl_15847,Normal
bgl_15848,Normal
bgl_15849,Normal
bgl_15850,Normal
bgl_15851,Normal
bgl_15852,Normal
bgl_15853,Normal
bgl_15854,Normal
bgl_15855,Normal
bgl_15856,Normal
bgl_15857,Normal
bgl_15858,Normal
bgl_15859,Normal
bgl_15860,Normal
bgl_15861,Normal
bgl_15862,Normal
bgl_15863,Normal
bgl_15864,Normal
bgl_15865,Normal
bgl_15866,Normal
bgl_15867,Normal
bgl_15868,Normal
bgl_15869,Normal
bgl_15870,Normal
bgl_15871,Normal
bgl_15872,Normal
bgl_15873,Normal
bgl_15874,Normal
bgl_15875,Normal
bgl_15876,Normal
bgl_15877,Normal
bgl_15878,Normal
bgl_15879,Normal
bgl_15880,Normal
bgl_15881,Normal
bgl_15882,Normal
bgl_15883,Normal
bgl_15884,Normal
bgl_15885,Normal
bgl_15886,Normal
bgl_15887,Normal
bgl_15888,Normal
bgl_15889,Normal
bgl_15890,Normal
bgl_15891,Normal
bgl_15892,Normal
bgl_15893,Normal
bgl_15894,Normal
bgl_15895,Normal
bgl_15896,Normal
bgl_15897,Normal
bgl_15898,Normal
bgl_15899,Normal
bgl_15900,Normal
bgl_15901,Normal
bgl_15902,Normal
bgl_15903,Normal
bgl_15904,Normal
bgl_15905,Normal
bgl_15906,Normal
bgl_15907,Normal
bgl_15908,Normal
bgl_15909,Normal
bgl_15910,Normal
bgl_15911,Normal
bgl_15912,Normal
bgl_15913,Normal
bgl_15914,Normal
bgl_15915,Normal
bgl_15916,Normal
bgl_15917,Normal
bgl_15918,Normal
bgl_15919,Normal
bgl_15920,Normal
bgl_15921,Normal
bgl_15922,Normal
bgl_15923,Normal
bgl_15924,Normal
bgl_15925,Normal
bgl_15926,Normal
bgl_15927,Normal
bgl_15928,Normal
bgl_15929,Normal
bgl_15930,Normal
bgl_15931,Normal
bgl_15932,Normal
bgl_15933,Normal
bgl_15934,Normal
bgl_15935,Normal
bgl_15936,Normal
bgl_15937,Normal
bgl_15938,Normal
bgl_15939,Normal
bgl_15940,Normal
bgl_15941,Normal
bgl_15942,Normal
bgl_15943,Normal
bgl_15944,Normal
bgl_15945,Normal
bgl_15946,Normal
bgl_15947,Normal
bgl_15948,Normal
bgl_15949,Normal
bgl_15950,Normal
bgl_15951,Normal
bgl_15952,Normal
bgl_15953,Normal
bgl_15954,Normal
bgl_15955,Normal
bgl_15956,Normal
bgl_15957,Normal
bgl_15958,Normal
bgl_15959,Normal
bgl_15960,Normal
bgl_15961,Normal
bgl_15962,Normal
bgl_15963,Normal
bgl_15964,Normal
bgl_15965,Normal
bgl_15966,Normal
bgl_15967,Normal
bgl_15968,Normal
bgl_15969,Normal
bgl_15970,Normal
bgl_15971,Normal
bgl_15972,Normal
bgl_15973,Normal
bgl_15974,Normal
bgl_15975,Normal
bgl_15976,Normal
bgl_15977,Normal
bgl_15978,Normal
bgl_15979,Normal
bgl_15980,Normal
bgl_15981,Normal
bgl_15982,Normal
bgl_15983,Normal
bgl_15984,Normal
bgl_15985,Normal
bgl_15986,Normal
bgl_15987,Normal
bgl_15988,Normal
bgl_15989,Normal
bgl_15990,Normal
bgl_15991,Normal
bgl_15992,Normal
bgl_15993,Normal
bgl_15994,Normal
bgl_15995,Normal
bgl_15996,Normal
bgl_15997,Normal
bgl_15998,Normal
bgl_15999,Normal
bgl_16000,Normal
bgl_16001,Normal
bgl_16002,Normal
bgl_16003,Normal
bgl_16004,Normal
bgl_16005,Normal
bgl_16006,Normal
bgl_16007,Normal
bgl_16008,Normal
bgl_16009,Normal
bgl_16010,Normal
bgl_16011,Normal
bgl_16012,Normal
bgl_16013,Normal
bgl_16014,Normal
bgl_16015,Normal
bgl_16016,Normal
bgl_16017,Normal
bgl_16018,Normal
bgl_16019,Normal
bgl_16020,Normal
bgl_16021,Normal
bgl_16022,Normal
bgl_16023,Normal
bgl_16024,Normal
bgl_16025,Normal
bgl_16026,Normal
bgl_16027,Normal
bgl_16028,Normal
bgl_16029,Normal
bgl_16030,Normal
bgl_16031,Normal
bgl_16032,Normal
bgl_16033,Normal
bgl_16034,Normal
bgl_16035,Normal
bgl_16036,Normal
bgl_16037,Normal
bgl_16038,Normal
bgl_16039,Normal
bgl_16040,Normal
bgl_16041,Normal
bgl_16042,Normal
bgl_16043,Normal
bgl_16044,Normal
bgl_16045,Normal
bgl_16046,Normal
bgl_16047,Normal
bgl_16048,Normal
bgl_16049,Normal
bgl_16050,Normal
bgl_16051,Normal
bgl_16052,Normal
bgl_16053,Normal
bgl_16054,Normal
bgl_16055,Normal
bgl_16056,Normal
bgl_16057,Normal
bgl_16058,Normal
bgl_16059,Normal
bgl_16060,Normal
bgl_16061,Normal
bgl_16062,Normal
bgl_16063,Normal
bgl_16064,Normal
bgl_16065,Normal
bgl_16066,Normal
bgl_16067,Normal
bgl_16068,Normal
bgl_16069,Normal
bgl_16070,Normal
bgl_16071,Normal
bgl_16072,Normal
bgl_16073,Normal
bgl_16074,Normal
bgl_16075,Normal
bgl_16076,Normal
bgl_16077,Normal
bgl_16078,Normal
bgl_16079,Normal
bgl_16080,Normal
bgl_16081,Normal
bgl_16082,Normal
bgl_16083,Normal
bgl_16084,Normal
bgl_16085,Normal
bgl_16086,Normal
bgl_16087,Normal
bgl_16088,Normal
bgl_16089,Normal
bgl_16090,Normal
bgl_16091,Normal
bgl_16092,Normal
bgl_16093,Normal
bgl_16094,Normal
bgl_16095,Normal
bgl_16096,Normal
bgl_16097,Normal
bgl_16098,Normal
bgl_16099,Normal
bgl_16100,Normal
bgl_16101,Normal
bgl_16102,Normal
bgl_16103,Normal
bgl_16104,Normal
bgl_16105,Normal
bgl_16106,Normal
bgl_16107,Normal
bgl_16108,Normal
bgl_16109,Normal
bgl_16110,Normal
bgl_16111,Normal
bgl_16112,Normal
bgl_16113,Normal
bgl_16114,Normal
bgl_16115,Normal
bgl_16116,Normal
bgl_16117,Normal
bgl_16118,Normal
bgl_16119,Normal
bgl_16120,Normal
bgl_16121,Normal
bgl_16122,Normal
bgl_16123,Normal
bgl_16124,Normal
bgl_16125,Normal
bgl_16126,Normal
bgl_16127,Normal
bgl_16128,Normal
bgl_16129,Normal
bgl_16130,Normal
bgl_16131,Normal
bgl_16132,Normal
bgl_16133,Normal
bgl_16134,Normal
bgl_16135,Normal
bgl_16136,Normal
bgl_16137,Normal
bgl_16138,Normal
bgl_16139,Normal
bgl_16140,Normal
bgl_16141,Normal
bgl_16142,Normal
bgl_16143,Normal
bgl_16144,Normal
bgl_16145,Normal
bgl_16146,Normal
bgl_16147,Normal
bgl_16148,Normal
bgl_16149,Normal
bgl_16150,Normal
bgl_16151,Normal
bgl_16152,Normal
bgl_16153,Normal
bgl_16154,Normal
bgl_16155,Normal
bgl_16156,Normal
bgl_16157,Normal
bgl_16158,Normal
bgl_16159,Normal
bgl_16160,Normal
bgl_16161,Normal
bgl_16162,Normal
bgl_16163,Normal
bgl_16164,Normal
bgl_16165,Normal
bgl_16166,Normal
bgl_16167,Normal
bgl_16168,Normal
bgl_16169,Normal
bgl_16170,Normal
bgl_16171,Normal
bgl_16172,Normal
bgl_16173,Normal
bgl_16174,Normal
bgl_16175,Normal
bgl_16176,Normal
bgl_16177,Normal
bgl_16178,Normal
bgl_16179,Normal
bgl_16180,Normal
bgl_16181,Normal
bgl_16182,Normal
bgl_16183,Normal
bgl_16184,Normal
bgl_16185,Normal
bgl_16186,Normal
bgl_16187,Normal
bgl_16188,Normal
bgl_16189,Normal
bgl_16190,Normal
bgl_16191,Normal
bgl_16192,Normal
bgl_16193,Normal
bgl_16194,Normal
bgl_16195,Normal
bgl_16196,Normal
bgl_16197,Normal
bgl_16198,Normal
bgl_16199,Normal
bgl_16200,Normal
bgl_16201,Normal
bgl_16202,Normal
bgl_16203,Normal
bgl_16204,Normal
bgl_16205,Normal
bgl_16206,Normal
bgl_16207,Normal
bgl_16208,Normal
bgl_16209,Normal
bgl_16210,Normal
bgl_16211,Normal
bgl_16212,Normal
bgl_16213,Normal
bgl_16214,Normal
bgl_16215,Normal
bgl_16216,Normal
bgl_16217,Normal
bgl_16218,Normal
bgl_16219,Normal
bgl_16220,Normal
bgl_16221,Normal
bgl_16222,Normal
bgl_16223,Normal
bgl_16224,Normal
bgl_16225,Normal
bgl_16226,Normal
bgl_16227,Normal
bgl_16228,Normal
bgl_16229,Normal
bgl_16230,Normal
bgl_16231,Normal
bgl_16232,Normal
bgl_16233,Normal
bgl_16234,Normal
bgl_16235,Normal
bgl_16236,Normal
bgl_16237,Normal
bgl_16238,Normal
bgl_16239,Normal
bgl_16240,Normal
bgl_16241,Normal
bgl_16242,Normal
bgl_16243,Normal
bgl_16244,Normal
bgl_16245,Normal
bgl_16246,Normal
bgl_16247,Normal
bgl_16248,Normal
bgl_16249,Normal
bgl_16250,Normal
bgl_16251,Normal
bgl_16252,Normal
bgl_16253,Normal
bgl_16254,Normal
bgl_16255,Normal
bgl_16256,Normal
bgl_16257,Normal
bgl_16258,Normal
bgl_16259,Normal
bgl_16260,Normal
bgl_16261,Normal
bgl_16262,Normal
bgl_16263,Normal
bgl_16264,Normal
bgl_16265,Normal
bgl_16266,Normal
bgl_16267,Normal
bgl_16268,Normal
bgl_16269,Normal
bgl_16270,Normal
bgl_16271,Normal
bgl_16272,Normal
bgl_16273,Normal
bgl_16274,Normal
bgl_16275,Normal
bgl_16276,Normal
bgl_16277,Normal
bgl_16278,Normal
bgl_16279,Normal
bgl_16280,Normal
bgl_16281,Normal
bgl_16282,Normal
bgl_16283,Normal
bgl_16284,Normal
bgl_16285,Normal
bgl_16286,Normal
bgl_16287,Normal
bgl_16288,Normal
bgl_16289,Normal
bgl_16290,Normal
bgl_16291,Normal
bgl_16292,Normal
bgl_16293,Normal
bgl_16294,Normal
bgl_16295,Normal
bgl_16296,Normal
bgl_16297,Normal
bgl_16298,Normal
bgl_16299,Normal
bgl_16300,Normal
bgl_16301,Normal
bgl_16302,Normal
bgl_16303,Normal
bgl_16304,Normal
bgl_16305,Normal
bgl_16306,Normal
bgl_16307,Normal
bgl_16308,Normal
bgl_16309,Normal
bgl_16310,Normal
bgl_16311,Normal
bgl_16312,Normal
bgl_16313,Normal
bgl_16314,Normal
bgl_16315,Normal
bgl_16316,Normal
bgl_16317,Normal
bgl_16318,Normal
bgl_16319,Normal
bgl_16320,Normal
bgl_16321,Normal
bgl_16322,Normal
bgl_16323,Normal
bgl_16324,Normal
bgl_16325,Normal
bgl_16326,Normal
bgl_16327,Normal
bgl_16328,Normal
bgl_16329,Normal
bgl_16330,Normal
bgl_16331,Normal
bgl_16332,Normal
bgl_16333,Normal
bgl_16334,Normal
bgl_16335,Normal
bgl_16336,Normal
bgl_16337,Normal
bgl_16338,Normal
bgl_16339,Normal
bgl_16340,Normal
bgl_16341,Normal
bgl_16342,Normal
bgl_16343,Normal
bgl_16344,Normal
bgl_16345,Normal
bgl_16346,Normal
bgl_16347,Normal
bgl_16348,Normal
bgl_16349,Normal
bgl_16350,Normal
bgl_16351,Normal
bgl_16352,Normal
bgl_16353,Normal
bgl_16354,Normal
bgl_16355,Normal
bgl_16356,Normal
bgl_16357,Normal
bgl_16358,Normal
bgl_16359,Normal
bgl_16360,Normal
bgl_16361,Normal
bgl_16362,Normal
bgl_16363,Normal
bgl_16364,Normal
bgl_16365,Normal
bgl_16366,Normal
bgl_16367,Normal
bgl_16368,Normal
bgl_16369,Normal
bgl_16370,Normal
bgl_16371,Normal
bgl_16372,Normal
bgl_16373,Normal
bgl_16374,Normal
bgl_16375,Normal
bgl_16376,Normal
bgl_16377,Normal
bgl_16378,Normal
bgl_16379,Normal
bgl_16380,Normal
bgl_16381,Normal
bgl_16382,Normal
bgl_16383,Normal
bgl_16384,Normal
bgl_16385,Normal
bgl_16386,Normal
bgl_16387,Normal
bgl_16388,Normal
bgl_16389,Normal
bgl_16390,Normal
bgl_16391,Normal
bgl_16392,Normal
bgl_16393,Normal
bgl_16394,Normal
bgl_16395,Normal
bgl_16396,Normal
bgl_16397,Normal
bgl_16398,Normal
bgl_16399,Normal
bgl_16400,Normal
bgl_16401,Normal
bgl_16402,Normal
bgl_16403,Normal
bgl_16404,Normal
bgl_16405,Normal
bgl_16406,Normal
bgl_16407,Normal
bgl_16408,Normal
bgl_16409,Normal
bgl_16410,Normal
bgl_16411,Normal
bgl_16412,Normal
bgl_16413,Normal
bgl_16414,Normal
bgl_16415,Normal
bgl_16416,Normal
bgl_16417,Normal
bgl_16418,Normal
bgl_16419,Normal
bgl_16420,Normal
bgl_16421,Normal
bgl_16422,Normal
bgl_16423,Normal
bgl_16424,Normal
bgl_16425,Normal
bgl_16426,Normal
bgl_16427,Normal
bgl_16428,Normal
bgl_16429,Normal
bgl_16430,Normal
bgl_16431,Normal
bgl_16432,Normal
bgl_16433,Normal
bgl_16434,Normal
bgl_16435,Normal
bgl_16436,Normal
bgl_16437,Normal
bgl_16438,Normal
bgl_16439,Normal
bgl_16440,Normal
bgl_16441,Normal
bgl_16442,Normal
bgl_16443,Normal
bgl_16444,Normal
bgl_16445,Normal
bgl_16446,Normal
bgl_16447,Normal
bgl_16448,Normal
bgl_16449,Normal
bgl_16450,Normal
bgl_16451,Normal
bgl_16452,Normal
bgl_16453,Normal
bgl_16454,Normal
bgl_16455,Normal
bgl_16456,Normal
bgl_16457,Normal
bgl_16458,Normal
bgl_16459,Normal
bgl_16460,Normal
bgl_16461,Normal
bgl_16462,Normal
bgl_16463,Normal
bgl_16464,Normal
bgl_16465,Normal
bgl_16466,Normal
bgl_16467,Normal
bgl_16468,Normal
bgl_16469,Normal
bgl_16470,Normal
bgl_16471,Normal
bgl_16472,Normal
bgl_16473,Normal
bgl_16474,Normal
bgl_16475,Normal
bgl_16476,Normal
bgl_16477,Normal
bgl_16478,Normal
bgl_16479,Normal
bgl_16480,Normal
bgl_16481,Normal
bgl_16482,Normal
bgl_16483,Normal
bgl_16484,Normal
bgl_16485,Normal
bgl_16486,Normal
bgl_16487,Normal
bgl_16488,Normal
bgl_16489,Normal
bgl_16490,Normal
bgl_16491,Normal
bgl_16492,Normal
bgl_16493,Normal
bgl_16494,Normal
bgl_16495,Normal
bgl_16496,Normal
bgl_16497,Normal
bgl_16498,Normal
bgl_16499,Normal
bgl_16500,Normal
bgl_16501,Normal
bgl_16502,Normal
bgl_16503,Normal
bgl_16504,Normal
bgl_16505,Normal
bgl_16506,Normal
bgl_16507,Normal
bgl_16508,Normal
bgl_16509,Normal
bgl_16510,Normal
bgl_16511,Normal
bgl_16512,Normal
bgl_16513,Normal
bgl_16514,Normal
bgl_16515,Normal
bgl_16516,Normal
bgl_16517,Normal
bgl_16518,Normal
bgl_16519,Normal
bgl_16520,Normal
bgl_16521,Normal
bgl_16522,Normal
bgl_16523,Normal
bgl_16524,Normal
bgl_16525,Normal
bgl_16526,Normal
bgl_16527,Normal
bgl_16528,Normal
bgl_16529,Normal
bgl_16530,Normal
bgl_16531,Normal
bgl_16532,Normal
bgl_16533,Normal
bgl_16534,Normal
bgl_16535,Normal
bgl_16536,Normal
bgl_16537,Normal
bgl_16538,Normal
bgl_16539,Normal
bgl_16540,Normal
bgl_16541,Normal
bgl_16542,Normal
bgl_16543,Normal
bgl_16544,Normal
bgl_16545,Normal
bgl_16546,Normal
bgl_16547,Normal
bgl_16548,Normal
bgl_16549,Normal
bgl_16550,Normal
bgl_16551,Normal
bgl_16552,Normal
bgl_16553,Normal
bgl_16554,Normal
bgl_16555,Normal
bgl_16556,Normal
bgl_16557,Normal
bgl_16558,Normal
bgl_16559,Normal
bgl_16560,Normal
bgl_16561,Normal
bgl_16562,Normal
bgl_16563,Normal
bgl_16564,Normal
bgl_16565,Normal
bgl_16566,Normal
bgl_16567,Normal
bgl_16568,Normal
bgl_16569,Normal
bgl_16570,Normal
bgl_16571,Normal
bgl_16572,Normal
bgl_16573,Normal
bgl_16574,Normal
bgl_16575,Normal
bgl_16576,Normal
bgl_16577,Normal
bgl_16578,Normal
bgl_16579,Normal
bgl_16580,Normal
bgl_16581,Normal
bgl_16582,Normal
bgl_16583,Normal
bgl_16584,Normal
bgl_16585,Normal
bgl_16586,Normal
bgl_16587,Normal
bgl_16588,Normal
bgl_16589,Normal
bgl_16590,Normal
bgl_16591,Normal
bgl_16592,Normal
bgl_16593,Normal
bgl_16594,Normal
bgl_16595,Normal
bgl_16596,Normal
bgl_16597,Normal
bgl_16598,Normal
bgl_16599,Normal
bgl_16600,Normal
bgl_16601,Normal
bgl_16602,Normal
bgl_16603,Normal
bgl_16604,Normal
bgl_16605,Normal
bgl_16606,Normal
bgl_16607,Normal
bgl_16608,Normal
bgl_16609,Normal
bgl_16610,Normal
bgl_16611,Normal
bgl_16612,Normal
bgl_16613,Normal
bgl_16614,Normal
bgl_16615,Normal
bgl_16616,Normal
bgl_16617,Normal
bgl_16618,Normal
bgl_16619,Normal
bgl_16620,Normal
bgl_16621,Normal
bgl_16622,Normal
bgl_16623,Normal
bgl_16624,Normal
bgl_16625,Normal
bgl_16626,Normal
bgl_16627,Normal
bgl_16628,Normal
bgl_16629,Normal
bgl_16630,Normal
bgl_16631,Normal
bgl_16632,Normal
bgl_16633,Normal
bgl_16634,Normal
bgl_16635,Normal
bgl_16636,Normal
bgl_16637,Normal
bgl_16638,Normal
bgl_16639,Normal
bgl_16640,Normal
bgl_16641,Normal
bgl_16642,Normal
bgl_16643,Normal
bgl_16644,Normal
bgl_16645,Normal
bgl_16646,Normal
bgl_16647,Normal
bgl_16648,Normal
bgl_16649,Normal
bgl_16650,Normal
bgl_16651,Normal
bgl_16652,Normal
bgl_16653,Normal
bgl_16654,Normal
bgl_16655,Normal
bgl_16656,Normal
bgl_16657,Normal
bgl_16658,Normal
bgl_16659,Normal
bgl_16660,Normal
bgl_16661,Normal
bgl_16662,Normal
bgl_16663,Normal
bgl_16664,Normal
bgl_16665,Normal
bgl_16666,Normal
bgl_16667,Normal
bgl_16668,Normal
bgl_16669,Normal
bgl_16670,Normal
bgl_16671,Normal
bgl_16672,Normal
bgl_16673,Normal
bgl_16674,Normal
bgl_16675,Normal
bgl_16676,Normal
bgl_16677,Normal
bgl_16678,Normal
bgl_16679,Normal
bgl_16680,Normal
bgl_16681,Normal
bgl_16682,Normal
bgl_16683,Normal
bgl_16684,Normal
bgl_16685,Normal
bgl_16686,Normal
bgl_16687,Normal
bgl_16688,Normal
bgl_16689,Normal
bgl_16690,Normal
bgl_16691,Normal
bgl_16692,Normal
bgl_16693,Normal
bgl_16694,Normal
bgl_16695,Normal
bgl_16696,Normal
bgl_16697,Normal
bgl_16698,Normal
bgl_16699,Normal
bgl_16700,Normal
bgl_16701,Normal
bgl_16702,Normal
bgl_16703,Normal
bgl_16704,Normal
bgl_16705,Normal
bgl_16706,Normal
bgl_16707,Normal
bgl_16708,Normal
bgl_16709,Normal
bgl_16710,Normal
bgl_16711,Normal
bgl_16712,Normal
bgl_16713,Normal
bgl_16714,Normal
bgl_16715,Normal
bgl_16716,Normal
bgl_16717,Normal
bgl_16718,Normal
bgl_16719,Normal
bgl_16720,Normal
bgl_16721,Normal
bgl_16722,Normal
bgl_16723,Normal
bgl_16724,Normal
bgl_16725,Normal
bgl_16726,Normal
bgl_16727,Normal
bgl_16728,Normal
bgl_16729,Normal
bgl_16730,Normal
bgl_16731,Normal
bgl_16732,Normal
bgl_16733,Normal
bgl_16734,Normal
bgl_16735,Normal
bgl_16736,Normal
bgl_16737,Normal
bgl_16738,Normal
bgl_16739,Normal
bgl_16740,Normal
bgl_16741,Normal
bgl_16742,Normal
bgl_16743,Normal
bgl_16744,Normal
bgl_16745,Normal
bgl_16746,Normal
bgl_16747,Normal
bgl_16748,Normal
bgl_16749,Normal
bgl_16750,Normal
bgl_16751,Normal
bgl_16752,Normal
bgl_16753,Normal
bgl_16754,Normal
bgl_16755,Normal
bgl_16756,Normal
bgl_16757,Normal
bgl_16758,Normal
bgl_16759,Normal
bgl_16760,Normal
bgl_16761,Normal
bgl_16762,Normal
bgl_16763,Normal
bgl_16764,Normal
bgl_16765,Normal
bgl_16766,Normal
bgl_16767,Normal
bgl_16768,Normal
bgl_16769,Normal
bgl_16770,Normal
bgl_16771,Normal
bgl_16772,Normal
bgl_16773,Normal
bgl_16774,Normal
bgl_16775,Normal
bgl_16776,Normal
bgl_16777,Normal
bgl_16778,Normal
bgl_16779,Normal
bgl_16780,Normal
bgl_16781,Normal
bgl_16782,Normal
bgl_16783,Normal
bgl_16784,Normal
bgl_16785,Normal
bgl_16786,Normal
bgl_16787,Normal
bgl_16788,Normal
bgl_16789,Normal
bgl_16790,Normal
bgl_16791,Normal
bgl_16792,Normal
bgl_16793,Normal
bgl_16794,Normal
bgl_16795,Normal
bgl_16796,Normal
bgl_16797,Normal
bgl_16798,Normal
bgl_16799,Normal
bgl_16800,Normal
bgl_16801,Normal
bgl_16802,Normal
bgl_16803,Normal
bgl_16804,Normal
bgl_16805,Normal
bgl_16806,Normal
bgl_16807,Normal
bgl_16808,Normal
bgl_16809,Normal
bgl_16810,Normal
bgl_16811,Normal
bgl_16812,Normal
bgl_16813,Normal
bgl_16814,Normal
bgl_16815,Normal
bgl_16816,Normal
bgl_16817,Normal
bgl_16818,Normal
bgl_16819,Normal
bgl_16820,Normal
bgl_16821,Normal
bgl_16822,Normal
bgl_16823,Normal
bgl_16824,Normal
bgl_16825,Normal
bgl_16826,Normal
bgl_16827,Normal
bgl_16828,Normal
bgl_16829,Normal
bgl_16830,Normal
bgl_16831,Normal
bgl_16832,Normal
bgl_16833,Normal
bgl_16834,Normal
bgl_16835,Normal
bgl_16836,Normal
bgl_16837,Normal
bgl_16838,Normal
bgl_16839,Normal
bgl_16840,Normal
bgl_16841,Normal
bgl_16842,Normal
bgl_16843,Normal
bgl_16844,Normal
bgl_16845,Normal
bgl_16846,Normal
bgl_16847,Normal
bgl_16848,Normal
bgl_16849,Normal
bgl_16850,Normal
bgl_16851,Normal
bgl_16852,Normal
bgl_16853,Normal
bgl_16854,Normal
bgl_16855,Normal
bgl_16856,Normal
bgl_16857,Normal
bgl_16858,Normal
bgl_16859,Normal
bgl_16860,Normal
bgl_16861,Normal
bgl_16862,Normal
bgl_16863,Normal
bgl_16864,Normal
bgl_16865,Normal
bgl_16866,Normal
bgl_16867,Normal
bgl_16868,Normal
bgl_16869,Normal
bgl_16870,Normal
bgl_16871,Normal
bgl_16872,Normal
bgl_16873,Normal
bgl_16874,Normal
bgl_16875,Normal
bgl_16876,Normal
bgl_16877,Normal
bgl_16878,Normal
bgl_16879,Normal
bgl_16880,Normal
bgl_16881,Normal
bgl_16882,Normal
bgl_16883,Normal
bgl_16884,Normal
bgl_16885,Normal
bgl_16886,Normal
bgl_16887,Normal
bgl_16888,Normal
bgl_16889,Normal
bgl_16890,Normal
bgl_16891,Normal
bgl_16892,Normal
bgl_16893,Normal
bgl_16894,Normal
bgl_16895,Normal
bgl_16896,Normal
bgl_16897,Normal
bgl_16898,Normal
bgl_16899,Normal
bgl_16900,Normal
bgl_16901,Normal
bgl_16902,Normal
bgl_16903,Normal
bgl_16904,Normal
bgl_16905,Normal
bgl_16906,Normal
bgl_16907,Normal
bgl_16908,Normal
bgl_16909,Normal
bgl_16910,Normal
bgl_16911,Normal
bgl_16912,Normal
bgl_16913,Normal
bgl_16914,Normal
bgl_16915,Normal
bgl_16916,Normal
bgl_16917,Normal
bgl_16918,Normal
bgl_16919,Normal
bgl_16920,Normal
bgl_16921,Normal
bgl_16922,Normal
bgl_16923,Normal
bgl_16924,Normal
bgl_16925,Normal
bgl_16926,Normal
bgl_16927,Normal
bgl_16928,Normal
bgl_16929,Normal
bgl_16930,Normal
bgl_16931,Normal
bgl_16932,Normal
bgl_16933,Normal
bgl_16934,Normal
bgl_16935,Normal
bgl_16936,Normal
bgl_16937,Normal
bgl_16938,Normal
bgl_16939,Normal
bgl_16940,Normal
bgl_16941,Normal
bgl_16942,Normal
bgl_16943,Normal
bgl_16944,Normal
bgl_16945,Normal
bgl_16946,Normal
bgl_16947,Normal
bgl_16948,Normal
bgl_16949,Normal
bgl_16950,Normal
bgl_16951,Normal
bgl_16952,Normal
bgl_16953,Normal
bgl_16954,Normal
bgl_16955,Normal
bgl_16956,Normal
bgl_16957,Normal
bgl_16958,Normal
bgl_16959,Normal
bgl_16960,Normal
bgl_16961,Normal
bgl_16962,Normal
bgl_16963,Normal
bgl_16964,Normal
bgl_16965,Normal
bgl_16966,Normal
bgl_16967,Normal
bgl_16968,Normal
bgl_16969,Normal
bgl_16970,Normal
bgl_16971,Normal
bgl_16972,Normal
bgl_16973,Normal
bgl_16974,Normal
bgl_16975,Normal
bgl_16976,Normal
bgl_16977,Normal
bgl_16978,Normal
bgl_16979,Normal
bgl_16980,Normal
bgl_16981,Normal
bgl_16982,Normal
bgl_16983,Normal
bgl_16984,Normal
bgl_16985,Normal
bgl_16986,Normal
bgl_16987,Normal
bgl_16988,Normal
bgl_16989,Normal
bgl_16990,Normal
bgl_16991,Normal
bgl_16992,Normal
bgl_16993,Normal
bgl_16994,Normal
bgl_16995,Normal
bgl_16996,Normal
bgl_16997,Normal
bgl_16998,Normal
bgl_16999,Normal
bgl_17000,Normal
bgl_17001,Normal
bgl_17002,Normal
bgl_17003,Normal
bgl_17004,Normal
bgl_17005,Normal
bgl_17006,Normal
bgl_17007,Normal
bgl_17008,Normal
bgl_17009,Normal
bgl_17010,Normal
bgl_17011,Normal
bgl_17012,Normal
bgl_17013,Normal
bgl_17014,Normal
bgl_17015,Normal
bgl_17016,Normal
bgl_17017,Normal
bgl_17018,Normal
bgl_17019,Normal
bgl_17020,Normal
bgl_17021,Normal
bgl_17022,Normal
bgl_17023,Normal
bgl_17024,Normal
bgl_17025,Normal
bgl_17026,Normal
bgl_17027,Normal
bgl_17028,Normal
bgl_17029,Normal
bgl_17030,Normal
bgl_17031,Normal
bgl_17032,Normal
bgl_17033,Normal
bgl_17034,Normal
bgl_17035,Normal
bgl_17036,Normal
bgl_17037,Normal
bgl_17038,Normal
bgl_17039,Normal
bgl_17040,Normal
bgl_17041,Normal
bgl_17042,Normal
bgl_17043,Normal
bgl_17044,Normal
bgl_17045,Normal
bgl_17046,Normal
bgl_17047,Normal
bgl_17048,Normal
bgl_17049,Normal
bgl_17050,Normal
bgl_17051,Normal
bgl_17052,Normal
bgl_17053,Normal
bgl_17054,Normal
bgl_17055,Normal
bgl_17056,Normal
bgl_17057,Normal
bgl_17058,Normal
bgl_17059,Normal
bgl_17060,Normal
bgl_17061,Normal
bgl_17062,Normal
bgl_17063,Normal
bgl_17064,Normal
bgl_17065,Normal
bgl_17066,Normal
bgl_17067,Normal
bgl_17068,Normal
bgl_17069,Normal
bgl_17070,Normal
bgl_17071,Normal
bgl_17072,Normal
bgl_17073,Normal
bgl_17074,Normal
bgl_17075,Normal
bgl_17076,Normal
bgl_17077,Normal
bgl_17078,Normal
bgl_17079,Normal
bgl_17080,Normal
bgl_17081,Normal
bgl_17082,Normal
bgl_17083,Normal
bgl_17084,Normal
bgl_17085,Normal
bgl_17086,Normal
bgl_17087,Normal
bgl_17088,Normal
bgl_17089,Normal
bgl_17090,Normal
bgl_17091,Normal
bgl_17092,Normal
bgl_17093,Normal
bgl_17094,Normal
bgl_17095,Normal
bgl_17096,Normal
bgl_17097,Normal
bgl_17098,Normal
bgl_17099,Normal
bgl_17100,Normal
bgl_17101,Normal
bgl_17102,Normal
bgl_17103,Normal
bgl_17104,Normal
bgl_17105,Normal
bgl_17106,Normal
bgl_17107,Normal
bgl_17108,Normal
bgl_17109,Normal
bgl_17110,Normal
bgl_17111,Normal
bgl_17112,Normal
bgl_17113,Normal
bgl_17114,Normal
bgl_17115,Normal
bgl_17116,Normal
bgl_17117,Normal
bgl_17118,Normal
bgl_17119,Normal
bgl_17120,Normal
bgl_17121,Normal
bgl_17122,Normal
bgl_17123,Normal
bgl_17124,Normal
bgl_17125,Normal
bgl_17126,Normal
bgl_17127,Normal
bgl_17128,Normal
bgl_17129,Normal
bgl_17130,Normal
bgl_17131,Normal
bgl_17132,Normal
bgl_17133,Normal
bgl_17134,Normal
bgl_17135,Normal
bgl_17136,Normal
bgl_17137,Normal
bgl_17138,Normal
bgl_17139,Normal
bgl_17140,Normal
bgl_17141,Normal
bgl_17142,Normal
bgl_17143,Normal
bgl_17144,Normal
bgl_17145,Normal
bgl_17146,Normal
bgl_17147,Normal
bgl_17148,Normal
bgl_17149,Normal
bgl_17150,Normal
bgl_17151,Normal
bgl_17152,Normal
bgl_17153,Normal
bgl_17154,Normal
bgl_17155,Normal
bgl_17156,Normal
bgl_17157,Normal
bgl_17158,Normal
bgl_17159,Normal
bgl_17160,Normal
bgl_17161,Normal
bgl_17162,Normal
bgl_17163,Normal
bgl_17164,Normal
bgl_17165,Normal
bgl_17166,Normal
bgl_17167,Normal
bgl_17168,Normal
bgl_17169,Normal
bgl_17170,Normal
bgl_17171,Normal
bgl_17172,Normal
bgl_17173,Normal
bgl_17174,Normal
bgl_17175,Normal
bgl_17176,Normal
bgl_17177,Normal
bgl_17178,Normal
bgl_17179,Normal
bgl_17180,Normal
bgl_17181,Normal
bgl_17182,Normal
bgl_17183,Normal
bgl_17184,Normal
bgl_17185,Normal
bgl_17186,Normal
bgl_17187,Normal
bgl_17188,Normal
bgl_17189,Normal
bgl_17190,Normal
bgl_17191,Normal
bgl_17192,Normal
bgl_17193,Normal
bgl_17194,Normal
bgl_17195,Normal
bgl_17196,Normal
bgl_17197,Normal
bgl_17198,Normal
bgl_17199,Normal
bgl_17200,Normal
bgl_17201,Normal
bgl_17202,Normal
bgl_17203,Normal
bgl_17204,Normal
bgl_17205,Normal
bgl_17206,Normal
bgl_17207,Normal
bgl_17208,Normal
bgl_17209,Normal
bgl_17210,Normal
bgl_17211,Normal
bgl_17212,Normal
bgl_17213,Normal
bgl_17214,Normal
bgl_17215,Normal
bgl_17216,Normal
bgl_17217,Normal
bgl_17218,Normal
bgl_17219,Normal
bgl_17220,Normal
bgl_17221,Normal
bgl_17222,Normal
bgl_17223,Normal
bgl_17224,Normal
bgl_17225,Normal
bgl_17226,Normal
bgl_17227,Normal
bgl_17228,Normal
bgl_17229,Normal
bgl_17230,Normal
bgl_17231,Normal
bgl_17232,Normal
bgl_17233,Normal
bgl_17234,Normal
bgl_17235,Normal
bgl_17236,Normal
bgl_17237,Normal
bgl_17238,Normal
bgl_17239,Normal
bgl_17240,Normal
bgl_17241,Normal
bgl_17242,Normal
bgl_17243,Normal
bgl_17244,Normal
bgl_17245,Normal
bgl_17246,Normal
bgl_17247,Normal
bgl_17248,Normal
bgl_17249,Normal
bgl_17250,Normal
bgl_17251,Normal
bgl_17252,Normal
bgl_17253,Normal
bgl_17254,Normal
bgl_17255,Normal
bgl_17256,Normal
bgl_17257,Normal
bgl_17258,Normal
bgl_17259,Normal
bgl_17260,Normal
bgl_17261,Normal
bgl_17262,Normal
bgl_17263,Normal
bgl_17264,Normal
bgl_17265,Normal
bgl_17266,Normal
bgl_17267,Normal
bgl_17268,Normal
bgl_17269,Normal
bgl_17270,Normal
bgl_17271,Normal
bgl_17272,Normal
bgl_17273,Normal
bgl_17274,Normal
bgl_17275,Normal
bgl_17276,Normal
bgl_17277,Normal
bgl_17278,Normal
bgl_17279,Normal
bgl_17280,Normal
bgl_17281,Normal
bgl_17282,Normal
bgl_17283,Normal
bgl_17284,Normal
bgl_17285,Normal
bgl_17286,Normal
bgl_17287,Normal
bgl_17288,Normal
bgl_17289,Normal
bgl_17290,Normal
bgl_17291,Normal
bgl_17292,Normal
bgl_17293,Normal
bgl_17294,Normal
bgl_17295,Normal
bgl_17296,Normal
bgl_17297,Normal
bgl_17298,Normal
bgl_17299,Normal
bgl_17300,Normal
bgl_17301,Normal
bgl_17302,Normal
bgl_17303,Normal
bgl_17304,Normal
bgl_17305,Normal
bgl_17306,Normal
bgl_17307,Normal
bgl_17308,Normal
bgl_17309,Normal
bgl_17310,Normal
bgl_17311,Normal
bgl_17312,Normal
bgl_17313,Normal
bgl_17314,Normal
bgl_17315,Normal
bgl_17316,Normal
bgl_17317,Normal
bgl_17318,Normal
bgl_17319,Normal
bgl_17320,Normal
bgl_17321,Normal
bgl_17322,Normal
bgl_17323,Normal
bgl_17324,Normal
bgl_17325,Normal
bgl_17326,Normal
bgl_17327,Normal
bgl_17328,Normal
bgl_17329,Normal
bgl_17330,Normal
bgl_17331,Normal
bgl_17332,Normal
bgl_17333,Normal
bgl_17334,Normal
bgl_17335,Normal
bgl_17336,Normal
bgl_17337,Normal
bgl_17338,Normal
bgl_17339,Normal
bgl_17340,Normal
bgl_17341,Normal
bgl_17342,Normal
bgl_17343,Normal
bgl_17344,Normal
bgl_17345,Normal
bgl_17346,Normal
bgl_17347,Normal
bgl_17348,Normal
bgl_17349,Normal
bgl_17350,Normal
bgl_17351,Normal
bgl_17352,Normal
bgl_17353,Normal
bgl_17354,Normal
bgl_17355,Normal
bgl_17356,Normal
bgl_17357,Normal
bgl_17358,Normal
bgl_17359,Normal
bgl_17360,Normal
bgl_17361,Normal
bgl_17362,Normal
bgl_17363,Normal
bgl_17364,Normal
bgl_17365,Normal
bgl_17366,Normal
bgl_17367,Normal
bgl_17368,Normal
bgl_17369,Normal
bgl_17370,Normal
bgl_17371,Normal
bgl_17372,Normal
bgl_17373,Normal
bgl_17374,Normal
bgl_17375,Normal
bgl_17376,Normal
bgl_17377,Normal
bgl_17378,Normal
bgl_17379,Normal
bgl_17380,Normal
bgl_17381,Normal
bgl_17382,Normal
bgl_17383,Normal
bgl_17384,Normal
bgl_17385,Normal
bgl_17386,Normal
bgl_17387,Normal
bgl_17388,Normal
bgl_17389,Normal
bgl_17390,Normal
bgl_17391,Normal
bgl_17392,Normal
bgl_17393,Normal
bgl_17394,Normal
bgl_17395,Normal
bgl_17396,Normal
bgl_17397,Normal
bgl_17398,Normal
bgl_17399,Normal
bgl_17400,Normal
bgl_17401,Normal
bgl_17402,Normal
bgl_17403,Normal
bgl_17404,Normal
bgl_17405,Normal
bgl_17406,Normal
bgl_17407,Normal
bgl_17408,Normal
bgl_17409,Normal
bgl_17410,Normal
bgl_17411,Normal
bgl_17412,Normal
bgl_17413,Normal
bgl_17414,Normal
bgl_17415,Normal
bgl_17416,Normal
bgl_17417,Normal
bgl_17418,Normal
bgl_17419,Normal
bgl_17420,Normal
bgl_17421,Normal
bgl_17422,Normal
bgl_17423,Normal
bgl_17424,Normal
bgl_17425,Normal
bgl_17426,Normal
bgl_17427,Normal
bgl_17428,Normal
bgl_17429,Normal
bgl_17430,Normal
bgl_17431,Normal
bgl_17432,Normal
bgl_17433,Normal
bgl_17434,Normal
bgl_17435,Normal
bgl_17436,Normal
bgl_17437,Normal
bgl_17438,Normal
bgl_17439,Normal
bgl_17440,Normal
bgl_17441,Normal
bgl_17442,Normal
bgl_17443,Normal
bgl_17444,Normal
bgl_17445,Normal
bgl_17446,Normal
bgl_17447,Normal
bgl_17448,Normal
bgl_17449,Normal
bgl_17450,Normal
bgl_17451,Normal
bgl_17452,Normal
bgl_17453,Normal
bgl_17454,Normal
bgl_17455,Normal
bgl_17456,Normal
bgl_17457,Normal
bgl_17458,Normal
bgl_17459,Normal
bgl_17460,Normal
bgl_17461,Normal
bgl_17462,Normal
bgl_17463,Normal
bgl_17464,Normal
bgl_17465,Normal
bgl_17466,Normal
bgl_17467,Normal
bgl_17468,Normal
bgl_17469,Normal
bgl_17470,Normal
bgl_17471,Normal
bgl_17472,Normal
bgl_17473,Normal
bgl_17474,Normal
bgl_17475,Normal
bgl_17476,Normal
bgl_17477,Normal
bgl_17478,Normal
bgl_17479,Normal
bgl_17480,Normal
bgl_17481,Normal
bgl_17482,Normal
bgl_17483,Normal
bgl_17484,Normal
bgl_17485,Normal
bgl_17486,Normal
bgl_17487,Normal
bgl_17488,Normal
bgl_17489,Normal
bgl_17490,Normal
bgl_17491,Normal
bgl_17492,Normal
bgl_17493,Normal
bgl_17494,Normal
bgl_17495,Normal
bgl_17496,Normal
bgl_17497,Normal
bgl_17498,Normal
bgl_17499,Normal
bgl_17500,Normal
bgl_17501,Normal
bgl_17502,Normal
bgl_17503,Normal
bgl_17504,Normal
bgl_17505,Normal
bgl_17506,Normal
bgl_17507,Normal
bgl_17508,Normal
bgl_17509,Normal
bgl_17510,Normal
bgl_17511,Normal
bgl_17512,Normal
bgl_17513,Normal
bgl_17514,Normal
bgl_17515,Normal
bgl_17516,Normal
bgl_17517,Normal
bgl_17518,Normal
bgl_17519,Normal
bgl_17520,Normal
bgl_17521,Normal
bgl_17522,Normal
bgl_17523,Normal
bgl_17524,Normal
bgl_17525,Normal
bgl_17526,Normal
bgl_17527,Normal
bgl_17528,Normal
bgl_17529,Normal
bgl_17530,Normal
bgl_17531,Normal
bgl_17532,Normal
bgl_17533,Normal
bgl_17534,Normal
bgl_17535,Normal
bgl_17536,Normal
bgl_17537,Normal
bgl_17538,Normal
bgl_17539,Normal
bgl_17540,Normal
bgl_17541,Normal
bgl_17542,Normal
bgl_17543,Normal
bgl_17544,Normal
bgl_17545,Normal
bgl_17546,Normal
bgl_17547,Normal
bgl_17548,Normal
bgl_17549,Normal
bgl_17550,Normal
bgl_17551,Normal
bgl_17552,Normal
bgl_17553,Normal
bgl_17554,Normal
bgl_17555,Normal
bgl_17556,Normal
bgl_17557,Normal
bgl_17558,Normal
bgl_17559,Normal
bgl_17560,Normal
bgl_17561,Normal
bgl_17562,Normal
bgl_17563,Normal
bgl_17564,Normal
bgl_17565,Normal
bgl_17566,Normal
bgl_17567,Normal
bgl_17568,Normal
bgl_17569,Normal
bgl_17570,Normal
bgl_17571,Normal
bgl_17572,Normal
bgl_17573,Normal
bgl_17574,Normal
bgl_17575,Normal
bgl_17576,Normal
bgl_17577,Normal
bgl_17578,Normal
bgl_17579,Normal
bgl_17580,Normal
bgl_17581,Normal
bgl_17582,Normal
bgl_17583,Normal
bgl_17584,Normal
bgl_17585,Normal
bgl_17586,Normal
bgl_17587,Normal
bgl_17588,Normal
bgl_17589,Normal
bgl_17590,Normal
bgl_17591,Normal
bgl_17592,Normal
bgl_17593,Normal
bgl_17594,Normal
bgl_17595,Normal
bgl_17596,Normal
bgl_17597,Normal
bgl_17598,Normal
bgl_17599,Normal
bgl_17600,Normal
bgl_17601,Normal
bgl_17602,Normal
bgl_17603,Normal
bgl_17604,Normal
bgl_17605,Normal
bgl_17606,Normal
bgl_17607,Normal
bgl_17608,Normal
bgl_17609,Normal
bgl_17610,Normal
bgl_17611,Normal
bgl_17612,Normal
bgl_17613,Normal
bgl_17614,Normal
bgl_17615,Normal
bgl_17616,Normal
bgl_17617,Normal
bgl_17618,Normal
bgl_17619,Normal
bgl_17620,Normal
bgl_17621,Normal
bgl_17622,Normal
bgl_17623,Normal
bgl_17624,Normal
bgl_17625,Normal
bgl_17626,Normal
bgl_17627,Normal
bgl_17628,Normal
bgl_17629,Normal
bgl_17630,Normal
bgl_17631,Normal
bgl_17632,Normal
bgl_17633,Normal
bgl_17634,Normal
bgl_17635,Normal
bgl_17636,Normal
bgl_17637,Normal
bgl_17638,Normal
bgl_17639,Normal
bgl_17640,Normal
bgl_17641,Normal
bgl_17642,Normal
bgl_17643,Normal
bgl_17644,Normal
bgl_17645,Normal
bgl_17646,Normal
bgl_17647,Normal
bgl_17648,Normal
bgl_17649,Normal
bgl_17650,Normal
bgl_17651,Normal
bgl_17652,Normal
bgl_17653,Normal
bgl_17654,Normal
bgl_17655,Normal
bgl_17656,Normal
bgl_17657,Normal
bgl_17658,Normal
bgl_17659,Normal
bgl_17660,Normal
bgl_17661,Normal
bgl_17662,Normal
bgl_17663,Normal
bgl_17664,Normal
bgl_17665,Normal
bgl_17666,Normal
bgl_17667,Normal
bgl_17668,Normal
bgl_17669,Normal
bgl_17670,Normal
bgl_17671,Normal
bgl_17672,Normal
bgl_17673,Normal
bgl_17674,Normal
bgl_17675,Normal
bgl_17676,Normal
bgl_17677,Normal
bgl_17678,Normal
bgl_17679,Normal
bgl_17680,Normal
bgl_17681,Normal
bgl_17682,Normal
bgl_17683,Normal
bgl_17684,Normal
bgl_17685,Normal
bgl_17686,Normal
bgl_17687,Normal
bgl_17688,Normal
bgl_17689,Normal
bgl_17690,Normal
bgl_17691,Normal
bgl_17692,Normal
bgl_17693,Normal
bgl_17694,Normal
bgl_17695,Normal
bgl_17696,Normal
bgl_17697,Normal
bgl_17698,Normal
bgl_17699,Normal
bgl_17700,Normal
bgl_17701,Normal
bgl_17702,Normal
bgl_17703,Normal
bgl_17704,Normal
bgl_17705,Normal
bgl_17706,Normal
bgl_17707,Normal
bgl_17708,Normal
bgl_17709,Normal
bgl_17710,Normal
bgl_17711,Normal
bgl_17712,Normal
bgl_17713,Normal
bgl_17714,Normal
bgl_17715,Normal
bgl_17716,Normal
bgl_17717,Normal
bgl_17718,Normal
bgl_17719,Normal
bgl_17720,Normal
bgl_17721,Normal
bgl_17722,Normal
bgl_17723,Normal
bgl_17724,Normal
bgl_17725,Normal
bgl_17726,Normal
bgl_17727,Normal
bgl_17728,Normal
bgl_17729,Normal
bgl_17730,Normal
bgl_17731,Normal
bgl_17732,Normal
bgl_17733,Normal
bgl_17734,Normal
bgl_17735,Normal
bgl_17736,Normal
bgl_17737,Normal
bgl_17738,Normal
bgl_17739,Normal
bgl_17740,Normal
bgl_17741,Normal
bgl_17742,Normal
bgl_17743,Normal
bgl_17744,Normal
bgl_17745,Normal
bgl_17746,Normal
bgl_17747,Normal
bgl_17748,Normal
bgl_17749,Normal
bgl_17750,Normal
bgl_17751,Normal
bgl_17752,Normal
bgl_17753,Normal
bgl_17754,Normal
bgl_17755,Normal
bgl_17756,Normal
bgl_17757,Normal
bgl_17758,Normal
bgl_17759,Normal
bgl_17760,Normal
bgl_17761,Normal
bgl_17762,Normal
bgl_17763,Normal
bgl_17764,Normal
bgl_17765,Normal
bgl_17766,Normal
bgl_17767,Normal
bgl_17768,Normal
bgl_17769,Normal
bgl_17770,Normal
bgl_17771,Normal
bgl_17772,Normal
bgl_17773,Normal
bgl_17774,Normal
bgl_17775,Normal
bgl_17776,Normal
bgl_17777,Normal
bgl_17778,Normal
bgl_17779,Normal
bgl_17780,Normal
bgl_17781,Normal
bgl_17782,Normal
bgl_17783,Normal
bgl_17784,Normal
bgl_17785,Normal
bgl_17786,Normal
bgl_17787,Normal
bgl_17788,Normal
bgl_17789,Normal
bgl_17790,Normal
bgl_17791,Normal
bgl_17792,Normal
bgl_17793,Normal
bgl_17794,Normal
bgl_17795,Normal
bgl_17796,Normal
bgl_17797,Normal
bgl_17798,Normal
bgl_17799,Normal
bgl_17800,Normal
bgl_17801,Normal
bgl_17802,Normal
bgl_17803,Normal
bgl_17804,Normal
bgl_17805,Normal
bgl_17806,Normal
bgl_17807,Normal
bgl_17808,Normal
bgl_17809,Normal
bgl_17810,Normal
bgl_17811,Normal
bgl_17812,Normal
bgl_17813,Normal
bgl_17814,Normal
bgl_17815,Normal
bgl_17816,Normal
bgl_17817,Normal
bgl_17818,Normal
bgl_17819,Normal
bgl_17820,Normal
bgl_17821,Normal
bgl_17822,Normal
bgl_17823,Normal
bgl_17824,Normal
bgl_17825,Normal
bgl_17826,Normal
bgl_17827,Normal
bgl_17828,Normal
bgl_17829,Normal
bgl_17830,Normal
bgl_17831,Normal
bgl_17832,Normal
bgl_17833,Normal
bgl_17834,Normal
bgl_17835,Normal
bgl_17836,Normal
bgl_17837,Normal
bgl_17838,Normal
bgl_17839,Normal
bgl_17840,Normal
bgl_17841,Normal
bgl_17842,Normal
bgl_17843,Normal
bgl_17844,Normal
bgl_17845,Normal
bgl_17846,Normal
bgl_17847,Normal
bgl_17848,Normal
bgl_17849,Normal
bgl_17850,Normal
bgl_17851,Normal
bgl_17852,Normal
bgl_17853,Normal
bgl_17854,Normal
bgl_17855,Normal
bgl_17856,Normal
bgl_17857,Normal
bgl_17858,Normal
bgl_17859,Normal
bgl_17860,Normal
bgl_17861,Normal
bgl_17862,Normal
bgl_17863,Normal
bgl_17864,Normal
bgl_17865,Normal
bgl_17866,Normal
bgl_17867,Normal
bgl_17868,Normal
bgl_17869,Normal
bgl_17870,Normal
bgl_17871,Normal
bgl_17872,Normal
bgl_17873,Normal
bgl_17874,Normal
bgl_17875,Normal
bgl_17876,Normal
bgl_17877,Normal
bgl_17878,Normal
bgl_17879,Normal
bgl_17880,Normal
bgl_17881,Normal
bgl_17882,Normal
bgl_17883,Normal
bgl_17884,Normal
bgl_17885,Normal
bgl_17886,Normal
bgl_17887,Normal
bgl_17888,Normal
bgl_17889,Normal
bgl_17890,Normal
bgl_17891,Normal
bgl_17892,Normal
bgl_17893,Normal
bgl_17894,Normal
bgl_17895,Normal
bgl_17896,Normal
bgl_17897,Normal
bgl_17898,Normal
bgl_17899,Normal
bgl_17900,Normal
bgl_17901,Normal
bgl_17902,Normal
bgl_17903,Normal
bgl_17904,Normal
bgl_17905,Normal
bgl_17906,Normal
bgl_17907,Normal
bgl_17908,Normal
bgl_17909,Normal
bgl_17910,Normal
bgl_17911,Normal
bgl_17912,Normal
bgl_17913,Normal
bgl_17914,Normal
bgl_17915,Normal
bgl_17916,Normal
bgl_17917,Normal
bgl_17918,Normal
bgl_17919,Normal
bgl_17920,Normal
bgl_17921,Normal
bgl_17922,Normal
bgl_17923,Normal
bgl_17924,Normal
bgl_17925,Normal
bgl_17926,Normal
bgl_17927,Normal
bgl_17928,Normal
bgl_17929,Normal
bgl_17930,Normal
bgl_17931,Normal
bgl_17932,Normal
bgl_17933,Normal
bgl_17934,Normal
bgl_17935,Normal
bgl_17936,Normal
bgl_17937,Normal
bgl_17938,Normal
bgl_17939,Normal
bgl_17940,Normal
bgl_17941,Normal
bgl_17942,Normal
bgl_17943,Normal
bgl_17944,Normal
bgl_17945,Normal
bgl_17946,Normal
bgl_17947,Normal
bgl_17948,Normal
bgl_17949,Normal
bgl_17950,Normal
bgl_17951,Normal
bgl_17952,Normal
bgl_17953,Normal
bgl_17954,Normal
bgl_17955,Normal
bgl_17956,Normal
bgl_17957,Normal
bgl_17958,Normal
bgl_17959,Normal
bgl_17960,Normal
bgl_17961,Normal
bgl_17962,Normal
bgl_17963,Normal
bgl_17964,Normal
bgl_17965,Normal
bgl_17966,Normal
bgl_17967,Normal
bgl_17968,Normal
bgl_17969,Normal
bgl_17970,Normal
bgl_17971,Normal
bgl_17972,Normal
bgl_17973,Normal
bgl_17974,Normal
bgl_17975,Normal
bgl_17976,Normal
bgl_17977,Normal
bgl_17978,Normal
bgl_17979,Normal
bgl_17980,Normal
bgl_17981,Normal
bgl_17982,Normal
bgl_17983,Normal
bgl_17984,Normal
bgl_17985,Normal
bgl_17986,Normal
bgl_17987,Normal
bgl_17988,Normal
bgl_17989,Normal
bgl_17990,Normal
bgl_17991,Normal
bgl_17992,Normal
bgl_17993,Normal
bgl_17994,Normal
bgl_17995,Normal
bgl_17996,Normal
bgl_17997,Normal
bgl_17998,Normal
bgl_17999,Normal
bgl_18000,Normal
bgl_18001,Normal
bgl_18002,Normal
bgl_18003,Normal
bgl_18004,Normal
bgl_18005,Normal
bgl_18006,Normal
bgl_18007,Normal
bgl_18008,Normal
bgl_18009,Normal
bgl_18010,Normal
bgl_18011,Normal
bgl_18012,Normal
bgl_18013,Normal
bgl_18014,Normal
bgl_18015,Normal
bgl_18016,Normal
bgl_18017,Normal
bgl_18018,Normal
bgl_18019,Normal
bgl_18020,Normal
bgl_18021,Normal
bgl_18022,Normal
bgl_18023,Normal
bgl_18024,Normal
bgl_18025,Normal
bgl_18026,Normal
bgl_18027,Normal
bgl_18028,Normal
bgl_18029,Normal
bgl_18030,Normal
bgl_18031,Normal
bgl_18032,Normal
bgl_18033,Normal
bgl_18034,Normal
bgl_18035,Normal
bgl_18036,Normal
bgl_18037,Normal
bgl_18038,Normal
bgl_18039,Normal
bgl_18040,Normal
bgl_18041,Normal
bgl_18042,Normal
bgl_18043,Normal
bgl_18044,Normal
bgl_18045,Normal
bgl_18046,Normal
bgl_18047,Normal
bgl_18048,Normal
bgl_18049,Normal
bgl_18050,Normal
bgl_18051,Normal
bgl_18052,Normal
bgl_18053,Normal
bgl_18054,Normal
bgl_18055,Normal
bgl_18056,Normal
bgl_18057,Normal
bgl_18058,Normal
bgl_18059,Normal
bgl_18060,Normal
bgl_18061,Normal
bgl_18062,Normal
bgl_18063,Normal
bgl_18064,Normal
bgl_18065,Normal
bgl_18066,Normal
bgl_18067,Normal
bgl_18068,Normal
bgl_18069,Normal
bgl_18070,Normal
bgl_18071,Normal
bgl_18072,Normal
bgl_18073,Normal
bgl_18074,Normal
bgl_18075,Normal
bgl_18076,Normal
bgl_18077,Normal
bgl_18078,Normal
bgl_18079,Normal
bgl_18080,Normal
bgl_18081,Normal
bgl_18082,Normal
bgl_18083,Normal
bgl_18084,Normal
bgl_18085,Normal
bgl_18086,Normal
bgl_18087,Normal
bgl_18088,Normal
bgl_18089,Normal
bgl_18090,Normal
bgl_18091,Normal
bgl_18092,Normal
bgl_18093,Normal
bgl_18094,Normal
bgl_18095,Normal
bgl_18096,Normal
bgl_18097,Normal
bgl_18098,Normal
bgl_18099,Normal
bgl_18100,Normal
bgl_18101,Normal
bgl_18102,Normal
bgl_18103,Normal
bgl_18104,Normal
bgl_18105,Normal
bgl_18106,Normal
bgl_18107,Normal
bgl_18108,Normal
bgl_18109,Normal
bgl_18110,Normal
bgl_18111,Normal
bgl_18112,Normal
bgl_18113,Normal
bgl_18114,Normal
bgl_18115,Normal
bgl_18116,Normal
bgl_18117,Normal
bgl_18118,Normal
bgl_18119,Normal
bgl_18120,Normal
bgl_18121,Normal
bgl_18122,Normal
bgl_18123,Normal
bgl_18124,Normal
bgl_18125,Normal
bgl_18126,Normal
bgl_18127,Normal
bgl_18128,Normal
bgl_18129,Normal
bgl_18130,Normal
bgl_18131,Normal
bgl_18132,Normal
bgl_18133,Normal
bgl_18134,Normal
bgl_18135,Normal
bgl_18136,Normal
bgl_18137,Normal
bgl_18138,Normal
bgl_18139,Normal
bgl_18140,Normal
bgl_18141,Normal
bgl_18142,Normal
bgl_18143,Normal
bgl_18144,Normal
bgl_18145,Normal
bgl_18146,Normal
bgl_18147,Normal
bgl_18148,Normal
bgl_18149,Normal
bgl_18150,Normal
bgl_18151,Normal
bgl_18152,Normal
bgl_18153,Normal
bgl_18154,Normal
bgl_18155,Normal
bgl_18156,Normal
bgl_18157,Normal
bgl_18158,Normal
bgl_18159,Normal
bgl_18160,Normal
bgl_18161,Normal
bgl_18162,Normal
bgl_18163,Anomaly
bgl_18164,Normal
bgl_18165,Normal
bgl_18166,Normal
bgl_18167,Normal
bgl_18168,Normal
bgl_18169,Normal
bgl_18170,Normal
bgl_18171,Normal
bgl_18172,Normal
bgl_18173,Normal
bgl_18174,Normal
bgl_18175,Normal
bgl_18176,Normal
bgl_18177,Normal
bgl_18178,Normal
bgl_18179,Normal
bgl_18180,Normal
bgl_18181,Normal
bgl_18182,Normal
bgl_18183,Normal
bgl_18184,Normal
bgl_18185,Normal
bgl_18186,Normal
bgl_18187,Normal
bgl_18188,Normal
bgl_18189,Normal
bgl_18190,Normal
bgl_18191,Normal
bgl_18192,Normal
bgl_18193,Normal
bgl_18194,Normal
bgl_18195,Normal
bgl_18196,Normal
bgl_18197,Normal
bgl_18198,Normal
bgl_18199,Normal
bgl_18200,Normal
bgl_18201,Normal
bgl_18202,Normal
bgl_18203,Normal
bgl_18204,Normal
bgl_18205,Normal
bgl_18206,Normal
bgl_18207,Normal
bgl_18208,Normal
bgl_18209,Normal
bgl_18210,Normal
bgl_18211,Normal
bgl_18212,Normal
bgl_18213,Normal
bgl_18214,Normal
bgl_18215,Normal
bgl_18216,Normal
bgl_18217,Normal
bgl_18218,Normal
bgl_18219,Normal
bgl_18220,Normal
bgl_18221,Normal
bgl_18222,Normal
bgl_18223,Normal
bgl_18224,Normal
bgl_18225,Normal
bgl_18226,Normal
bgl_18227,Normal
bgl_18228,Normal
bgl_18229,Normal
bgl_18230,Normal
bgl_18231,Normal
bgl_18232,Normal
bgl_18233,Normal
bgl_18234,Normal
bgl_18235,Normal
bgl_18236,Normal
bgl_18237,Normal
bgl_18238,Normal
bgl_18239,Normal
bgl_18240,Normal
bgl_18241,Normal
bgl_18242,Normal
bgl_18243,Normal
bgl_18244,Normal
bgl_18245,Normal
bgl_18246,Normal
bgl_18247,Normal
bgl_18248,Normal
bgl_18249,Normal
bgl_18250,Normal
bgl_18251,Normal
bgl_18252,Normal
bgl_18253,Normal
bgl_18254,Normal
bgl_18255,Normal
bgl_18256,Normal
bgl_18257,Normal
bgl_18258,Normal
bgl_18259,Normal
bgl_18260,Normal
bgl_18261,Normal
bgl_18262,Normal
bgl_18263,Normal
bgl_18264,Normal
bgl_18265,Normal
bgl_18266,Normal
bgl_18267,Normal
bgl_18268,Normal
bgl_18269,Normal
bgl_18270,Normal
bgl_18271,Normal
bgl_18272,Normal
bgl_18273,Normal
bgl_18274,Normal
bgl_18275,Normal
bgl_18276,Normal
bgl_18277,Normal
bgl_18278,Normal
bgl_18279,Normal
bgl_18280,Normal
bgl_18281,Normal
bgl_18282,Normal
bgl_18283,Normal
bgl_18284,Normal
bgl_18285,Normal
bgl_18286,Normal
bgl_18287,Normal
bgl_18288,Normal
bgl_18289,Normal
bgl_18290,Normal
bgl_18291,Normal
bgl_18292,Normal
bgl_18293,Normal
bgl_18294,Normal
bgl_18295,Normal
bgl_18296,Normal
bgl_18297,Normal
bgl_18298,Normal
bgl_18299,Normal
bgl_18300,Normal
bgl_18301,Normal
bgl_18302,Normal
bgl_18303,Normal
bgl_18304,Normal
bgl_18305,Normal
bgl_18306,Normal
bgl_18307,Normal
bgl_18308,Normal
bgl_18309,Normal
bgl_18310,Normal
bgl_18311,Normal
bgl_18312,Normal
bgl_18313,Normal
bgl_18314,Normal
bgl_18315,Normal
bgl_18316,Normal
bgl_18317,Normal
bgl_18318,Normal
bgl_18319,Normal
bgl_18320,Normal
bgl_18321,Normal
bgl_18322,Normal
bgl_18323,Normal
bgl_18324,Normal
bgl_18325,Normal
bgl_18326,Normal
bgl_18327,Normal
bgl_18328,Normal
bgl_18329,Normal
bgl_18330,Normal
bgl_18331,Normal
bgl_18332,Normal
bgl_18333,Normal
bgl_18334,Normal
bgl_18335,Normal
bgl_18336,Normal
bgl_18337,Normal
bgl_18338,Normal
bgl_18339,Normal
bgl_18340,Normal
bgl_18341,Normal
bgl_18342,Normal
bgl_18343,Normal
bgl_18344,Normal
bgl_18345,Normal
bgl_18346,Normal
bgl_18347,Normal
bgl_18348,Normal
bgl_18349,Normal
bgl_18350,Normal
bgl_18351,Normal
bgl_18352,Normal
bgl_18353,Normal
bgl_18354,Normal
bgl_18355,Normal
bgl_18356,Normal
bgl_18357,Normal
bgl_18358,Normal
bgl_18359,Normal
bgl_18360,Normal
bgl_18361,Normal
bgl_18362,Normal
bgl_18363,Normal
bgl_18364,Normal
bgl_18365,Normal
bgl_18366,Normal
bgl_18367,Normal
bgl_18368,Normal
bgl_18369,Normal
bgl_18370,Normal
bgl_18371,Normal
bgl_18372,Normal
bgl_18373,Normal
bgl_18374,Normal
bgl_18375,Normal
bgl_18376,Normal
bgl_18377,Normal
bgl_18378,Normal
bgl_18379,Normal
bgl_18380,Normal
bgl_18381,Normal
bgl_18382,Normal
bgl_18383,Normal
bgl_18384,Normal
bgl_18385,Normal
bgl_18386,Normal
bgl_18387,Normal
bgl_18388,Normal
bgl_18389,Normal
bgl_18390,Normal
bgl_18391,Normal
bgl_18392,Normal
bgl_18393,Normal
bgl_18394,Normal
bgl_18395,Normal
bgl_18396,Normal
bgl_18397,Normal
bgl_18398,Normal
bgl_18399,Normal
bgl_18400,Normal
bgl_18401,Normal
bgl_18402,Normal
bgl_18403,Normal
bgl_18404,Normal
bgl_18405,Normal
bgl_18406,Normal
bgl_18407,Normal
bgl_18408,Normal
bgl_18409,Normal
bgl_18410,Normal
bgl_18411,Normal
bgl_18412,Normal
bgl_18413,Normal
bgl_18414,Normal
bgl_18415,Normal
bgl_18416,Normal
bgl_18417,Normal
bgl_18418,Normal
bgl_18419,Normal
bgl_18420,Normal
bgl_18421,Normal
bgl_18422,Normal
bgl_18423,Normal
bgl_18424,Normal
bgl_18425,Normal
bgl_18426,Normal
bgl_18427,Normal
bgl_18428,Normal
bgl_18429,Normal
bgl_18430,Normal
bgl_18431,Normal
bgl_18432,Normal
bgl_18433,Normal
bgl_18434,Normal
bgl_18435,Normal
bgl_18436,Normal
bgl_18437,Normal
bgl_18438,Normal
bgl_18439,Normal
bgl_18440,Normal
bgl_18441,Normal
bgl_18442,Normal
bgl_18443,Normal
bgl_18444,Normal
bgl_18445,Normal
bgl_18446,Normal
bgl_18447,Normal
bgl_18448,Normal
bgl_18449,Normal
bgl_18450,Normal
bgl_18451,Normal
bgl_18452,Normal
bgl_18453,Normal
bgl_18454,Normal
bgl_18455,Normal
bgl_18456,Normal
bgl_18457,Normal
bgl_18458,Normal
bgl_18459,Normal
bgl_18460,Normal
bgl_18461,Normal
bgl_18462,Normal
bgl_18463,Normal
bgl_18464,Normal
bgl_18465,Normal
bgl_18466,Normal
bgl_18467,Normal
bgl_18468,Normal
bgl_18469,Normal
bgl_18470,Normal
bgl_18471,Normal
bgl_18472,Normal
bgl_18473,Normal
bgl_18474,Normal
bgl_18475,Normal
bgl_18476,Normal
bgl_18477,Normal
bgl_18478,Normal
bgl_18479,Normal
bgl_18480,Normal
bgl_18481,Normal
bgl_18482,Normal
bgl_18483,Normal
bgl_18484,Normal
bgl_18485,Normal
bgl_18486,Normal
bgl_18487,Normal
bgl_18488,Normal
bgl_18489,Normal
bgl_18490,Normal
bgl_18491,Normal
bgl_18492,Normal
bgl_18493,Normal
bgl_18494,Normal
bgl_18495,Normal
bgl_18496,Normal
bgl_18497,Normal
bgl_18498,Normal
bgl_18499,Normal
bgl_18500,Normal
bgl_18501,Normal
bgl_18502,Normal
bgl_18503,Normal
bgl_18504,Normal
bgl_18505,Normal
bgl_18506,Normal
bgl_18507,Normal
bgl_18508,Normal
bgl_18509,Normal
bgl_18510,Normal
bgl_18511,Normal
bgl_18512,Normal
bgl_18513,Normal
bgl_18514,Normal
bgl_18515,Normal
bgl_18516,Normal
bgl_18517,Normal
bgl_18518,Normal
bgl_18519,Normal
bgl_18520,Normal
bgl_18521,Normal
bgl_18522,Normal
bgl_18523,Normal
bgl_18524,Normal
bgl_18525,Normal
bgl_18526,Normal
bgl_18527,Normal
bgl_18528,Normal
bgl_18529,Normal
bgl_18530,Normal
bgl_18531,Normal
bgl_18532,Normal
bgl_18533,Normal
bgl_18534,Normal
bgl_18535,Normal
bgl_18536,Normal
bgl_18537,Normal
bgl_18538,Normal
bgl_18539,Normal
bgl_18540,Normal
bgl_18541,Normal
bgl_18542,Normal
bgl_18543,Normal
bgl_18544,Normal
bgl_18545,Normal
bgl_18546,Normal
bgl_18547,Normal
bgl_18548,Normal
bgl_18549,Normal
bgl_18550,Normal
bgl_18551,Normal
bgl_18552,Normal
bgl_18553,Normal
bgl_18554,Normal
bgl_18555,Normal
bgl_18556,Normal
bgl_18557,Normal
bgl_18558,Normal
bgl_18559,Normal
bgl_18560,Normal
bgl_18561,Normal
bgl_18562,Normal
bgl_18563,Normal
bgl_18564,Normal
bgl_18565,Normal
bgl_18566,Normal
bgl_18567,Normal
bgl_18568,Normal
bgl_18569,Normal
bgl_18570,Normal
bgl_18571,Normal
bgl_18572,Normal
bgl_18573,Normal
bgl_18574,Normal
bgl_18575,Normal
bgl_18576,Normal
bgl_18577,Normal
bgl_18578,Normal
bgl_18579,Normal
bgl_18580,Normal
bgl_18581,Normal
bgl_18582,Normal
bgl_18583,Normal
bgl_18584,Normal
bgl_18585,Normal
bgl_18586,Normal
bgl_18587,Normal
bgl_18588,Normal
bgl_18589,Normal
bgl_18590,Normal
bgl_18591,Normal
bgl_18592,Normal
bgl_18593,Normal
bgl_18594,Normal
bgl_18595,Normal
bgl_18596,Normal
bgl_18597,Normal
bgl_18598,Normal
bgl_18599,Normal
bgl_18600,Normal
bgl_18601,Normal
bgl_18602,Normal
bgl_18603,Normal
bgl_18604,Normal
bgl_18605,Normal
bgl_18606,Normal
bgl_18607,Normal
bgl_18608,Normal
bgl_18609,Normal
bgl_18610,Normal
bgl_18611,Normal
bgl_18612,Normal
bgl_18613,Normal
bgl_18614,Normal
bgl_18615,Normal
bgl_18616,Normal
bgl_18617,Normal
bgl_18618,Normal
bgl_18619,Normal
bgl_18620,Normal
bgl_18621,Normal
bgl_18622,Normal
bgl_18623,Normal
bgl_18624,Normal
bgl_18625,Normal
bgl_18626,Normal
bgl_18627,Normal
bgl_18628,Normal
bgl_18629,Normal
bgl_18630,Normal
bgl_18631,Normal
bgl_18632,Normal
bgl_18633,Normal
bgl_18634,Normal
bgl_18635,Normal
bgl_18636,Normal
bgl_18637,Normal
bgl_18638,Normal
bgl_18639,Normal
bgl_18640,Normal
bgl_18641,Normal
bgl_18642,Normal
bgl_18643,Normal
bgl_18644,Normal
bgl_18645,Normal
bgl_18646,Normal
bgl_18647,Normal
bgl_18648,Normal
bgl_18649,Normal
bgl_18650,Normal
bgl_18651,Normal
bgl_18652,Normal
bgl_18653,Normal
bgl_18654,Normal
bgl_18655,Normal
bgl_18656,Normal
bgl_18657,Normal
bgl_18658,Normal
bgl_18659,Normal
bgl_18660,Normal
bgl_18661,Normal
bgl_18662,Normal
bgl_18663,Normal
bgl_18664,Normal
bgl_18665,Normal
bgl_18666,Normal
bgl_18667,Normal
bgl_18668,Normal
bgl_18669,Normal
bgl_18670,Normal
bgl_18671,Normal
bgl_18672,Normal
bgl_18673,Normal
bgl_18674,Normal
bgl_18675,Normal
bgl_18676,Normal
bgl_18677,Normal
bgl_18678,Normal
bgl_18679,Normal
bgl_18680,Normal
bgl_18681,Normal
bgl_18682,Normal
bgl_18683,Normal
bgl_18684,Normal
bgl_18685,Normal
bgl_18686,Normal
bgl_18687,Normal
bgl_18688,Normal
bgl_18689,Normal
bgl_18690,Normal
bgl_18691,Normal
bgl_18692,Normal
bgl_18693,Normal
bgl_18694,Normal
bgl_18695,Normal
bgl_18696,Normal
bgl_18697,Normal
bgl_18698,Normal
bgl_18699,Normal
bgl_18700,Normal
bgl_18701,Normal
bgl_18702,Normal
bgl_18703,Normal
bgl_18704,Normal
bgl_18705,Normal
bgl_18706,Normal
bgl_18707,Normal
bgl_18708,Normal
bgl_18709,Normal
bgl_18710,Normal
bgl_18711,Normal
bgl_18712,Normal
bgl_18713,Normal
bgl_18714,Normal
bgl_18715,Normal
bgl_18716,Normal
bgl_18717,Normal
bgl_18718,Normal
bgl_18719,Normal
bgl_18720,Normal
bgl_18721,Normal
bgl_18722,Normal
bgl_18723,Normal
bgl_18724,Normal
bgl_18725,Normal
bgl_18726,Normal
bgl_18727,Normal
bgl_18728,Normal
bgl_18729,Normal
bgl_18730,Normal
bgl_18731,Normal
bgl_18732,Normal
bgl_18733,Normal
bgl_18734,Normal
bgl_18735,Normal
bgl_18736,Normal
bgl_18737,Normal
bgl_18738,Normal
bgl_18739,Normal
bgl_18740,Normal
bgl_18741,Normal
bgl_18742,Normal
bgl_18743,Normal
bgl_18744,Normal
bgl_18745,Normal
bgl_18746,Normal
bgl_18747,Normal
bgl_18748,Normal
bgl_18749,Normal
bgl_18750,Normal
bgl_18751,Normal
bgl_18752,Normal
bgl_18753,Normal
bgl_18754,Normal
bgl_18755,Normal
bgl_18756,Normal
bgl_18757,Normal
bgl_18758,Normal
bgl_18759,Normal
bgl_18760,Normal
bgl_18761,Normal
bgl_18762,Normal
bgl_18763,Normal
bgl_18764,Normal
bgl_18765,Normal
bgl_18766,Normal
bgl_18767,Normal
bgl_18768,Normal
bgl_18769,Normal
bgl_18770,Normal
bgl_18771,Normal
bgl_18772,Normal
bgl_18773,Normal
bgl_18774,Normal
bgl_18775,Normal
bgl_18776,Normal
bgl_18777,Normal
bgl_18778,Normal
bgl_18779,Normal
bgl_18780,Normal
bgl_18781,Normal
bgl_18782,Normal
bgl_18783,Normal
bgl_18784,Normal
bgl_18785,Normal
bgl_18786,Normal
bgl_18787,Normal
bgl_18788,Normal
bgl_18789,Normal
bgl_18790,Normal
bgl_18791,Normal
bgl_18792,Normal
bgl_18793,Normal
bgl_18794,Normal
bgl_18795,Normal
bgl_18796,Normal
bgl_18797,Normal
bgl_18798,Normal
bgl_18799,Normal
bgl_18800,Normal
bgl_18801,Normal
bgl_18802,Normal
bgl_18803,Normal
bgl_18804,Normal
bgl_18805,Normal
bgl_18806,Normal
bgl_18807,Normal
bgl_18808,Normal
bgl_18809,Normal
bgl_18810,Normal
bgl_18811,Normal
bgl_18812,Normal
bgl_18813,Normal
bgl_18814,Normal
bgl_18815,Normal
bgl_18816,Normal
bgl_18817,Normal
bgl_18818,Normal
bgl_18819,Normal
bgl_18820,Normal
bgl_18821,Normal
bgl_18822,Normal
bgl_18823,Normal
bgl_18824,Normal
bgl_18825,Normal
bgl_18826,Normal
bgl_18827,Normal
bgl_18828,Normal
bgl_18829,Normal
bgl_18830,Normal
bgl_18831,Normal
bgl_18832,Normal
bgl_18833,Normal
bgl_18834,Normal
bgl_18835,Normal
bgl_18836,Normal
bgl_18837,Normal
bgl_18838,Normal
bgl_18839,Normal
bgl_18840,Normal
bgl_18841,Normal
bgl_18842,Normal
bgl_18843,Normal
bgl_18844,Normal
bgl_18845,Normal
bgl_18846,Normal
bgl_18847,Normal
bgl_18848,Normal
bgl_18849,Normal
bgl_18850,Normal
bgl_18851,Normal
bgl_18852,Normal
bgl_18853,Normal
bgl_18854,Normal
bgl_18855,Normal
bgl_18856,Normal
bgl_18857,Normal
bgl_18858,Normal
bgl_18859,Normal
bgl_18860,Normal
bgl_18861,Normal
bgl_18862,Normal
bgl_18863,Normal
bgl_18864,Normal
bgl_18865,Normal
bgl_18866,Normal
bgl_18867,Normal
bgl_18868,Normal
bgl_18869,Normal
bgl_18870,Normal
bgl_18871,Normal
bgl_18872,Normal
bgl_18873,Normal
bgl_18874,Normal
bgl_18875,Normal
bgl_18876,Normal
bgl_18877,Normal
bgl_18878,Normal
bgl_18879,Normal
bgl_18880,Normal
bgl_18881,Normal
bgl_18882,Normal
bgl_18883,Normal
bgl_18884,Normal
bgl_18885,Normal
bgl_18886,Normal
bgl_18887,Normal
bgl_18888,Normal
bgl_18889,Normal
bgl_18890,Normal
bgl_18891,Normal
bgl_18892,Normal
bgl_18893,Normal
bgl_18894,Normal
bgl_18895,Normal
bgl_18896,Normal
bgl_18897,Normal
bgl_18898,Normal
bgl_18899,Normal
bgl_18900,Normal
bgl_18901,Normal
bgl_18902,Normal
bgl_18903,Normal
bgl_18904,Normal
bgl_18905,Normal
bgl_18906,Normal
bgl_18907,Normal
bgl_18908,Normal
bgl_18909,Normal
bgl_18910,Normal
bgl_18911,Normal
bgl_18912,Normal
bgl_18913,Normal
bgl_18914,Normal
bgl_18915,Normal
bgl_18916,Normal
bgl_18917,Normal
bgl_18918,Normal
bgl_18919,Normal
bgl_18920,Normal
bgl_18921,Normal
bgl_18922,Normal
bgl_18923,Normal
bgl_18924,Normal
bgl_18925,Normal
bgl_18926,Normal
bgl_18927,Normal
bgl_18928,Normal
bgl_18929,Normal
bgl_18930,Normal
bgl_18931,Normal
bgl_18932,Normal
bgl_18933,Normal
bgl_18934,Normal
bgl_18935,Normal
bgl_18936,Normal
bgl_18937,Normal
bgl_18938,Normal
bgl_18939,Normal
bgl_18940,Normal
bgl_18941,Normal
bgl_18942,Normal
bgl_18943,Normal
bgl_18944,Normal
bgl_18945,Normal
bgl_18946,Normal
bgl_18947,Normal
bgl_18948,Normal
bgl_18949,Normal
bgl_18950,Normal
bgl_18951,Normal
bgl_18952,Normal
bgl_18953,Normal
bgl_18954,Normal
bgl_18955,Normal
bgl_18956,Normal
bgl_18957,Normal
bgl_18958,Normal
bgl_18959,Normal
bgl_18960,Normal
bgl_18961,Normal
bgl_18962,Normal
bgl_18963,Normal
bgl_18964,Normal
bgl_18965,Normal
bgl_18966,Normal
bgl_18967,Normal
bgl_18968,Normal
bgl_18969,Normal
bgl_18970,Normal
bgl_18971,Normal
bgl_18972,Normal
bgl_18973,Normal
bgl_18974,Normal
bgl_18975,Normal
bgl_18976,Normal
bgl_18977,Normal
bgl_18978,Normal
bgl_18979,Normal
bgl_18980,Normal
bgl_18981,Normal
bgl_18982,Normal
bgl_18983,Normal
bgl_18984,Normal
bgl_18985,Normal
bgl_18986,Normal
bgl_18987,Normal
bgl_18988,Normal
bgl_18989,Normal
bgl_18990,Normal
bgl_18991,Normal
bgl_18992,Normal
bgl_18993,Normal
bgl_18994,Normal
bgl_18995,Normal
bgl_18996,Normal
bgl_18997,Normal
bgl_18998,Normal
bgl_18999,Normal
bgl_19000,Normal
bgl_19001,Normal
bgl_19002,Normal
bgl_19003,Normal
bgl_19004,Normal
bgl_19005,Normal
bgl_19006,Normal
bgl_19007,Normal
bgl_19008,Normal
bgl_19009,Normal
bgl_19010,Normal
bgl_19011,Normal
bgl_19012,Normal
bgl_19013,Normal
bgl_19014,Normal
bgl_19015,Normal
bgl_19016,Normal
bgl_19017,Normal
bgl_19018,Normal
bgl_19019,Normal
bgl_19020,Normal
bgl_19021,Normal
bgl_19022,Normal
bgl_19023,Normal
bgl_19024,Normal
bgl_19025,Normal
bgl_19026,Normal
bgl_19027,Normal
bgl_19028,Normal
bgl_19029,Normal
bgl_19030,Normal
bgl_19031,Normal
bgl_19032,Normal
bgl_19033,Normal
bgl_19034,Normal
bgl_19035,Normal
bgl_19036,Normal
bgl_19037,Normal
bgl_19038,Normal
bgl_19039,Normal
bgl_19040,Normal
bgl_19041,Normal
bgl_19042,Normal
bgl_19043,Normal
bgl_19044,Normal
bgl_19045,Normal
bgl_19046,Normal
bgl_19047,Normal
bgl_19048,Normal
bgl_19049,Normal
bgl_19050,Normal
bgl_19051,Normal
bgl_19052,Normal
bgl_19053,Normal
bgl_19054,Normal
bgl_19055,Normal
bgl_19056,Normal
bgl_19057,Normal
bgl_19058,Normal
bgl_19059,Normal
bgl_19060,Normal
bgl_19061,Normal
bgl_19062,Normal
bgl_19063,Normal
bgl_19064,Normal
bgl_19065,Normal
bgl_19066,Normal
bgl_19067,Normal
bgl_19068,Normal
bgl_19069,Normal
bgl_19070,Normal
bgl_19071,Normal
bgl_19072,Normal
bgl_19073,Normal
bgl_19074,Normal
bgl_19075,Normal
bgl_19076,Normal
bgl_19077,Normal
bgl_19078,Normal
bgl_19079,Normal
bgl_19080,Normal
bgl_19081,Normal
bgl_19082,Normal
bgl_19083,Normal
bgl_19084,Normal
bgl_19085,Normal
bgl_19086,Normal
bgl_19087,Normal
bgl_19088,Normal
bgl_19089,Normal
bgl_19090,Normal
bgl_19091,Normal
bgl_19092,Normal
bgl_19093,Normal
bgl_19094,Normal
bgl_19095,Normal
bgl_19096,Normal
bgl_19097,Normal
bgl_19098,Normal
bgl_19099,Normal
bgl_19100,Normal
bgl_19101,Normal
bgl_19102,Normal
bgl_19103,Normal
bgl_19104,Normal
bgl_19105,Normal
bgl_19106,Normal
bgl_19107,Normal
bgl_19108,Normal
bgl_19109,Normal
bgl_19110,Normal
bgl_19111,Normal
bgl_19112,Normal
bgl_19113,Normal
bgl_19114,Normal
bgl_19115,Normal
bgl_19116,Normal
bgl_19117,Normal
bgl_19118,Normal
bgl_19119,Normal
bgl_19120,Normal
bgl_19121,Normal
bgl_19122,Normal
bgl_19123,Normal
bgl_19124,Normal
bgl_19125,Normal
bgl_19126,Normal
bgl_19127,Normal
bgl_19128,Normal
bgl_19129,Normal
bgl_19130,Normal
bgl_19131,Normal
bgl_19132,Normal
bgl_19133,Normal
bgl_19134,Normal
bgl_19135,Normal
bgl_19136,Normal
bgl_19137,Normal
bgl_19138,Normal
bgl_19139,Normal
bgl_19140,Normal
bgl_19141,Normal
bgl_19142,Normal
bgl_19143,Normal
bgl_19144,Normal
bgl_19145,Normal
bgl_19146,Normal
bgl_19147,Normal
bgl_19148,Normal
bgl_19149,Normal
bgl_19150,Normal
bgl_19151,Normal
bgl_19152,Normal
bgl_19153,Normal
bgl_19154,Normal
bgl_19155,Normal
bgl_19156,Normal
bgl_19157,Normal
bgl_19158,Normal
bgl_19159,Normal
bgl_19160,Normal
bgl_19161,Normal
bgl_19162,Normal
bgl_19163,Normal
bgl_19164,Normal
bgl_19165,Normal
bgl_19166,Normal
bgl_19167,Normal
bgl_19168,Normal
bgl_19169,Normal
bgl_19170,Normal
bgl_19171,Normal
bgl_19172,Normal
bgl_19173,Normal
bgl_19174,Normal
bgl_19175,Normal
bgl_19176,Normal
bgl_19177,Normal
bgl_19178,Normal
bgl_19179,Normal
bgl_19180,Normal
bgl_19181,Normal
bgl_19182,Normal
bgl_19183,Normal
bgl_19184,Normal
bgl_19185,Normal
bgl_19186,Normal
bgl_19187,Normal
bgl_19188,Normal
bgl_19189,Normal
bgl_19190,Normal
bgl_19191,Normal
bgl_19192,Normal
bgl_19193,Normal
bgl_19194,Normal
bgl_19195,Normal
bgl_19196,Normal
bgl_19197,Normal
bgl_19198,Normal
bgl_19199,Normal
bgl_19200,Normal
bgl_19201,Normal
bgl_19202,Normal
bgl_19203,Normal
bgl_19204,Normal
bgl_19205,Normal
bgl_19206,Normal
bgl_19207,Normal
bgl_19208,Normal
bgl_19209,Normal
bgl_19210,Normal
bgl_19211,Normal
bgl_19212,Normal
bgl_19213,Normal
bgl_19214,Normal
bgl_19215,Normal
bgl_19216,Normal
bgl_19217,Normal
bgl_19218,Normal
bgl_19219,Normal
bgl_19220,Normal
bgl_19221,Normal
bgl_19222,Normal
bgl_19223,Normal
bgl_19224,Normal
bgl_19225,Normal
bgl_19226,Normal
bgl_19227,Normal
bgl_19228,Normal
bgl_19229,Normal
bgl_19230,Normal
bgl_19231,Normal
bgl_19232,Normal
bgl_19233,Normal
bgl_19234,Normal
bgl_19235,Normal
bgl_19236,Normal
bgl_19237,Normal
bgl_19238,Normal
bgl_19239,Normal
bgl_19240,Normal
bgl_19241,Normal
bgl_19242,Normal
bgl_19243,Normal
bgl_19244,Normal
bgl_19245,Normal
bgl_19246,Normal
bgl_19247,Normal
bgl_19248,Normal
bgl_19249,Normal
bgl_19250,Normal
bgl_19251,Normal
bgl_19252,Normal
bgl_19253,Normal
bgl_19254,Normal
bgl_19255,Normal
bgl_19256,Normal
bgl_19257,Normal
bgl_19258,Normal
bgl_19259,Normal
bgl_19260,Normal
bgl_19261,Normal
bgl_19262,Normal
bgl_19263,Normal
bgl_19264,Normal
bgl_19265,Normal
bgl_19266,Normal
bgl_19267,Normal
bgl_19268,Normal
bgl_19269,Normal
bgl_19270,Normal
bgl_19271,Normal
bgl_19272,Normal
bgl_19273,Normal
bgl_19274,Normal
bgl_19275,Normal
bgl_19276,Normal
bgl_19277,Normal
bgl_19278,Normal
bgl_19279,Normal
bgl_19280,Normal
bgl_19281,Normal
bgl_19282,Normal
bgl_19283,Normal
bgl_19284,Normal
bgl_19285,Normal
bgl_19286,Normal
bgl_19287,Normal
bgl_19288,Normal
bgl_19289,Normal
bgl_19290,Normal
bgl_19291,Normal
bgl_19292,Normal
bgl_19293,Normal
bgl_19294,Normal
bgl_19295,Normal
bgl_19296,Normal
bgl_19297,Normal
bgl_19298,Normal
bgl_19299,Normal
bgl_19300,Normal
bgl_19301,Normal
bgl_19302,Normal
bgl_19303,Normal
bgl_19304,Normal
bgl_19305,Normal
bgl_19306,Normal
bgl_19307,Normal
bgl_19308,Normal
bgl_19309,Normal
bgl_19310,Normal
bgl_19311,Normal
bgl_19312,Normal
bgl_19313,Normal
bgl_19314,Normal
bgl_19315,Normal
bgl_19316,Normal
bgl_19317,Normal
bgl_19318,Normal
bgl_19319,Normal
bgl_19320,Normal
bgl_19321,Normal
bgl_19322,Normal
bgl_19323,Normal
bgl_19324,Normal
bgl_19325,Normal
bgl_19326,Normal
bgl_19327,Normal
bgl_19328,Normal
bgl_19329,Normal
bgl_19330,Normal
bgl_19331,Normal
bgl_19332,Normal
bgl_19333,Normal
bgl_19334,Normal
bgl_19335,Normal
bgl_19336,Normal
bgl_19337,Normal
bgl_19338,Normal
bgl_19339,Normal
bgl_19340,Normal
bgl_19341,Normal
bgl_19342,Normal
bgl_19343,Normal
bgl_19344,Normal
bgl_19345,Normal
bgl_19346,Normal
bgl_19347,Normal
bgl_19348,Normal
bgl_19349,Normal
bgl_19350,Normal
bgl_19351,Normal
bgl_19352,Normal
bgl_19353,Normal
bgl_19354,Normal
bgl_19355,Normal
bgl_19356,Normal
bgl_19357,Normal
bgl_19358,Normal
bgl_19359,Normal
bgl_19360,Normal
bgl_19361,Normal
bgl_19362,Normal
bgl_19363,Normal
bgl_19364,Normal
bgl_19365,Normal
bgl_19366,Normal
bgl_19367,Normal
bgl_19368,Normal
bgl_19369,Normal
bgl_19370,Normal
bgl_19371,Normal
bgl_19372,Normal
bgl_19373,Normal
bgl_19374,Normal
bgl_19375,Normal
bgl_19376,Normal
bgl_19377,Normal
bgl_19378,Normal
bgl_19379,Normal
bgl_19380,Normal
bgl_19381,Normal
bgl_19382,Normal
bgl_19383,Normal
bgl_19384,Normal
bgl_19385,Normal
bgl_19386,Normal
bgl_19387,Normal
bgl_19388,Normal
bgl_19389,Normal
bgl_19390,Normal
bgl_19391,Normal
bgl_19392,Normal
bgl_19393,Normal
bgl_19394,Normal
bgl_19395,Normal
bgl_19396,Normal
bgl_19397,Normal
bgl_19398,Normal
bgl_19399,Normal
bgl_19400,Normal
bgl_19401,Normal
bgl_19402,Normal
bgl_19403,Normal
bgl_19404,Normal
bgl_19405,Normal
bgl_19406,Normal
bgl_19407,Normal
bgl_19408,Normal
bgl_19409,Normal
bgl_19410,Normal
bgl_19411,Normal
bgl_19412,Normal
bgl_19413,Normal
bgl_19414,Normal
bgl_19415,Normal
bgl_19416,Normal
bgl_19417,Normal
bgl_19418,Normal
bgl_19419,Normal
bgl_19420,Normal
bgl_19421,Normal
bgl_19422,Normal
bgl_19423,Normal
bgl_19424,Normal
bgl_19425,Normal
bgl_19426,Normal
bgl_19427,Normal
bgl_19428,Normal
bgl_19429,Normal
bgl_19430,Normal
bgl_19431,Normal
bgl_19432,Normal
bgl_19433,Normal
bgl_19434,Normal
bgl_19435,Normal
bgl_19436,Normal
bgl_19437,Normal
bgl_19438,Normal
bgl_19439,Normal
bgl_19440,Normal
bgl_19441,Normal
bgl_19442,Normal
bgl_19443,Normal
bgl_19444,Normal
bgl_19445,Normal
bgl_19446,Normal
bgl_19447,Normal
bgl_19448,Normal
bgl_19449,Normal
bgl_19450,Normal
bgl_19451,Normal
bgl_19452,Normal
bgl_19453,Normal
bgl_19454,Normal
bgl_19455,Normal
bgl_19456,Normal
bgl_19457,Normal
bgl_19458,Normal
bgl_19459,Normal
bgl_19460,Normal
bgl_19461,Normal
bgl_19462,Normal
bgl_19463,Normal
bgl_19464,Normal
bgl_19465,Normal
bgl_19466,Normal
bgl_19467,Normal
bgl_19468,Normal
bgl_19469,Normal
bgl_19470,Normal
bgl_19471,Normal
bgl_19472,Normal
bgl_19473,Normal
bgl_19474,Normal
bgl_19475,Normal
bgl_19476,Normal
bgl_19477,Normal
bgl_19478,Normal
bgl_19479,Normal
bgl_19480,Normal
bgl_19481,Normal
bgl_19482,Normal
bgl_19483,Normal
bgl_19484,Normal
bgl_19485,Normal
bgl_19486,Normal
bgl_19487,Normal
bgl_19488,Normal
bgl_19489,Normal
bgl_19490,Normal
bgl_19491,Normal
bgl_19492,Normal
bgl_19493,Normal
bgl_19494,Normal
bgl_19495,Normal
bgl_19496,Normal
bgl_19497,Normal
bgl_19498,Normal
bgl_19499,Normal
bgl_19500,Normal
bgl_19501,Normal
bgl_19502,Normal
bgl_19503,Normal
bgl_19504,Normal
bgl_19505,Normal
bgl_19506,Normal
bgl_19507,Normal
bgl_19508,Normal
bgl_19509,Normal
bgl_19510,Normal
bgl_19511,Normal
bgl_19512,Normal
bgl_19513,Normal
bgl_19514,Normal
bgl_19515,Normal
bgl_19516,Normal
bgl_19517,Normal
bgl_19518,Normal
bgl_19519,Normal
bgl_19520,Normal
bgl_19521,Normal
bgl_19522,Normal
bgl_19523,Normal
bgl_19524,Normal
bgl_19525,Normal
bgl_19526,Normal
bgl_19527,Normal
bgl_19528,Normal
bgl_19529,Normal
bgl_19530,Normal
bgl_19531,Normal
bgl_19532,Normal
bgl_19533,Normal
bgl_19534,Normal
bgl_19535,Normal
bgl_19536,Normal
bgl_19537,Normal
bgl_19538,Normal
bgl_19539,Normal
bgl_19540,Normal
bgl_19541,Normal
bgl_19542,Normal
bgl_19543,Normal
bgl_19544,Normal
bgl_19545,Normal
bgl_19546,Normal
bgl_19547,Normal
bgl_19548,Normal
bgl_19549,Normal
bgl_19550,Normal
bgl_19551,Normal
bgl_19552,Normal
bgl_19553,Normal
bgl_19554,Normal
bgl_19555,Normal
bgl_19556,Normal
bgl_19557,Normal
bgl_19558,Normal
bgl_19559,Normal
bgl_19560,Normal
bgl_19561,Normal
bgl_19562,Normal
bgl_19563,Normal
bgl_19564,Normal
bgl_19565,Normal
bgl_19566,Normal
bgl_19567,Normal
bgl_19568,Normal
bgl_19569,Normal
bgl_19570,Normal
bgl_19571,Normal
bgl_19572,Normal
bgl_19573,Normal
bgl_19574,Normal
bgl_19575,Normal
bgl_19576,Normal
bgl_19577,Normal
bgl_19578,Normal
bgl_19579,Normal
bgl_19580,Normal
bgl_19581,Normal
bgl_19582,Normal
bgl_19583,Normal
bgl_19584,Normal
bgl_19585,Normal
bgl_19586,Normal
bgl_19587,Normal
bgl_19588,Normal
bgl_19589,Normal
bgl_19590,Normal
bgl_19591,Normal
bgl_19592,Normal
bgl_19593,Normal
bgl_19594,Normal
bgl_19595,Normal
bgl_19596,Normal
bgl_19597,Normal
bgl_19598,Normal
bgl_19599,Normal
bgl_19600,Normal
bgl_19601,Normal
bgl_19602,Normal
bgl_19603,Normal
bgl_19604,Normal
bgl_19605,Normal
bgl_19606,Normal
bgl_19607,Normal
bgl_19608,Normal
bgl_19609,Normal
bgl_19610,Normal
bgl_19611,Normal
bgl_19612,Normal
bgl_19613,Normal
bgl_19614,Normal
bgl_19615,Normal
bgl_19616,Normal
bgl_19617,Normal
bgl_19618,Normal
bgl_19619,Normal
bgl_19620,Normal
bgl_19621,Normal
bgl_19622,Normal
bgl_19623,Normal
bgl_19624,Normal
bgl_19625,Normal
bgl_19626,Normal
bgl_19627,Normal
bgl_19628,Normal
bgl_19629,Normal
bgl_19630,Normal
bgl_19631,Normal
bgl_19632,Normal
bgl_19633,Normal
bgl_19634,Normal
bgl_19635,Normal
bgl_19636,Normal
bgl_19637,Normal
bgl_19638,Normal
bgl_19639,Normal
bgl_19640,Normal
bgl_19641,Normal
bgl_19642,Normal
bgl_19643,Normal
bgl_19644,Normal
bgl_19645,Normal
bgl_19646,Normal
bgl_19647,Normal
bgl_19648,Normal
bgl_19649,Normal
bgl_19650,Normal
bgl_19651,Normal
bgl_19652,Normal
bgl_19653,Normal
bgl_19654,Normal
bgl_19655,Normal
bgl_19656,Normal
bgl_19657,Normal
bgl_19658,Normal
bgl_19659,Normal
bgl_19660,Normal
bgl_19661,Normal
bgl_19662,Normal
bgl_19663,Normal
bgl_19664,Normal
bgl_19665,Normal
bgl_19666,Normal
bgl_19667,Normal
bgl_19668,Normal
bgl_19669,Normal
bgl_19670,Normal
bgl_19671,Normal
bgl_19672,Normal
bgl_19673,Normal
bgl_19674,Normal
bgl_19675,Normal
bgl_19676,Normal
bgl_19677,Normal
bgl_19678,Normal
bgl_19679,Normal
bgl_19680,Normal
bgl_19681,Normal
bgl_19682,Normal
bgl_19683,Normal
bgl_19684,Normal
bgl_19685,Normal
bgl_19686,Normal
bgl_19687,Normal
bgl_19688,Normal
bgl_19689,Normal
bgl_19690,Normal
bgl_19691,Normal
bgl_19692,Normal
bgl_19693,Normal
bgl_19694,Normal
bgl_19695,Normal
bgl_19696,Normal
bgl_19697,Normal
bgl_19698,Normal
bgl_19699,Normal
bgl_19700,Normal
bgl_19701,Normal
bgl_19702,Normal
bgl_19703,Normal
bgl_19704,Normal
bgl_19705,Normal
bgl_19706,Normal
bgl_19707,Normal
bgl_19708,Normal
bgl_19709,Normal
bgl_19710,Normal
bgl_19711,Normal
bgl_19712,Normal
bgl_19713,Normal
bgl_19714,Normal
bgl_19715,Normal
bgl_19716,Normal
bgl_19717,Normal
bgl_19718,Normal
bgl_19719,Normal
bgl_19720,Normal
bgl_19721,Normal
bgl_19722,Normal
bgl_19723,Normal
bgl_19724,Normal
bgl_19725,Normal
bgl_19726,Normal
bgl_19727,Normal
bgl_19728,Normal
bgl_19729,Normal
bgl_19730,Normal
bgl_19731,Normal
bgl_19732,Normal
bgl_19733,Normal
bgl_19734,Normal
bgl_19735,Normal
bgl_19736,Normal
bgl_19737,Normal
bgl_19738,Normal
bgl_19739,Normal
bgl_19740,Normal
bgl_19741,Normal
bgl_19742,Normal
bgl_19743,Normal
bgl_19744,Normal
bgl_19745,Normal
bgl_19746,Normal
bgl_19747,Normal
bgl_19748,Normal
bgl_19749,Normal
bgl_19750,Normal
bgl_19751,Normal
bgl_19752,Normal
bgl_19753,Normal
bgl_19754,Normal
bgl_19755,Normal
bgl_19756,Normal
bgl_19757,Normal
bgl_19758,Normal
bgl_19759,Normal
bgl_19760,Normal
bgl_19761,Normal
bgl_19762,Normal
bgl_19763,Normal
bgl_19764,Normal
bgl_19765,Normal
bgl_19766,Normal
bgl_19767,Normal
bgl_19768,Normal
bgl_19769,Normal
bgl_19770,Normal
bgl_19771,Normal
bgl_19772,Normal
bgl_19773,Normal
bgl_19774,Normal
bgl_19775,Normal
bgl_19776,Normal
bgl_19777,Normal
bgl_19778,Normal
bgl_19779,Normal
bgl_19780,Normal
bgl_19781,Normal
bgl_19782,Normal
bgl_19783,Normal
bgl_19784,Normal
bgl_19785,Normal
bgl_19786,Normal
bgl_19787,Normal
bgl_19788,Normal
bgl_19789,Normal
bgl_19790,Normal
bgl_19791,Normal
bgl_19792,Normal
bgl_19793,Normal
bgl_19794,Normal
bgl_19795,Normal
bgl_19796,Normal
bgl_19797,Normal
bgl_19798,Normal
bgl_19799,Normal
bgl_19800,Normal
bgl_19801,Normal
bgl_19802,Normal
bgl_19803,Normal
bgl_19804,Normal
bgl_19805,Normal
bgl_19806,Normal
bgl_19807,Normal
bgl_19808,Normal
bgl_19809,Normal
bgl_19810,Normal
bgl_19811,Normal
bgl_19812,Normal
bgl_19813,Normal
bgl_19814,Normal
bgl_19815,Normal
bgl_19816,Normal
bgl_19817,Normal
bgl_19818,Normal
bgl_19819,Normal
bgl_19820,Normal
bgl_19821,Normal
bgl_19822,Normal
bgl_19823,Normal
bgl_19824,Normal
bgl_19825,Normal
bgl_19826,Normal
bgl_19827,Normal
bgl_19828,Normal
bgl_19829,Normal
bgl_19830,Normal
bgl_19831,Normal
bgl_19832,Normal
bgl_19833,Normal
bgl_19834,Normal
bgl_19835,Normal
bgl_19836,Normal
bgl_19837,Normal
bgl_19838,Normal
bgl_19839,Normal
bgl_19840,Normal
bgl_19841,Normal
bgl_19842,Normal
bgl_19843,Normal
bgl_19844,Normal
bgl_19845,Normal
bgl_19846,Normal
bgl_19847,Anomaly
bgl_19848,Normal
bgl_19849,Normal
bgl_19850,Normal
bgl_19851,Normal
bgl_19852,Anomaly
bgl_19853,Normal
bgl_19854,Normal
bgl_19855,Normal
bgl_19856,Normal
bgl_19857,Normal
bgl_19858,Normal
bgl_19859,Normal
bgl_19860,Normal
bgl_19861,Normal
bgl_19862,Normal
bgl_19863,Normal
bgl_19864,Normal
bgl_19865,Normal
bgl_19866,Normal
bgl_19867,Normal
bgl_19868,Normal
bgl_19869,Normal
bgl_19870,Normal
bgl_19871,Normal
bgl_19872,Normal
bgl_19873,Normal
bgl_19874,Normal
bgl_19875,Normal
bgl_19876,Normal
bgl_19877,Normal
bgl_19878,Normal
bgl_19879,Normal
bgl_19880,Normal
bgl_19881,Normal
bgl_19882,Normal
bgl_19883,Normal
bgl_19884,Normal
bgl_19885,Normal
bgl_19886,Normal
bgl_19887,Normal
bgl_19888,Normal
bgl_19889,Normal
bgl_19890,Normal
bgl_19891,Normal
bgl_19892,Normal
bgl_19893,Normal
bgl_19894,Normal
bgl_19895,Normal
bgl_19896,Normal
bgl_19897,Normal
bgl_19898,Normal
bgl_19899,Normal
bgl_19900,Normal
bgl_19901,Normal
bgl_19902,Normal
bgl_19903,Normal
bgl_19904,Normal
bgl_19905,Normal
bgl_19906,Normal
bgl_19907,Normal
bgl_19908,Normal
bgl_19909,Normal
bgl_19910,Normal
bgl_19911,Normal
bgl_19912,Normal
bgl_19913,Normal
bgl_19914,Normal
bgl_19915,Normal
bgl_19916,Normal
bgl_19917,Normal
bgl_19918,Normal
bgl_19919,Normal
bgl_19920,Normal
bgl_19921,Normal
bgl_19922,Normal
bgl_19923,Normal
bgl_19924,Normal
bgl_19925,Normal
bgl_19926,Normal
bgl_19927,Normal
bgl_19928,Normal
bgl_19929,Normal
bgl_19930,Normal
bgl_19931,Normal
bgl_19932,Normal
bgl_19933,Normal
bgl_19934,Normal
bgl_19935,Normal
bgl_19936,Normal
bgl_19937,Normal
bgl_19938,Normal
bgl_19939,Normal
bgl_19940,Normal
bgl_19941,Normal
bgl_19942,Normal
bgl_19943,Normal
bgl_19944,Normal
bgl_19945,Normal
bgl_19946,Anomaly
bgl_19947,Normal
bgl_19948,Normal
bgl_19949,Normal
bgl_19950,Normal
bgl_19951,Normal
bgl_19952,Normal
bgl_19953,Normal
bgl_19954,Normal
bgl_19955,Normal
bgl_19956,Normal
bgl_19957,Normal
bgl_19958,Normal
bgl_19959,Normal
bgl_19960,Normal
bgl_19961,Normal
bgl_19962,Anomaly
bgl_19963,Anomaly
bgl_19964,Anomaly
bgl_19965,Anomaly
bgl_19966,Normal
bgl_19967,Normal
bgl_19968,Normal
bgl_19969,Normal
bgl_19970,Normal
bgl_19971,Normal
bgl_19972,Normal
bgl_19973,Anomaly
bgl_19974,Anomaly
bgl_19975,Anomaly
bgl_19976,Anomaly
bgl_19977,Anomaly
bgl_19978,Anomaly
bgl_19979,Normal
bgl_19980,Anomaly
bgl_19981,Anomaly
bgl_19982,Anomaly
bgl_19983,Anomaly
bgl_19984,Anomaly
bgl_19985,Anomaly
bgl_19986,Normal
bgl_19987,Normal
bgl_19988,Normal
bgl_19989,Normal
bgl_19990,Normal
bgl_19991,Normal
bgl_19992,Normal
bgl_19993,Normal
bgl_19994,Normal
bgl_19995,Normal
bgl_19996,Normal
bgl_19997,Normal
bgl_19998,Normal
bgl_19999,Normal
bgl_20000,Normal
bgl_20001,Normal
bgl_20002,Normal
bgl_20003,Normal
bgl_20004,Normal
bgl_20005,Normal
bgl_20006,Normal
bgl_20007,Normal
bgl_20008,Normal
bgl_20009,Normal
bgl_20010,Normal
bgl_20011,Normal
bgl_20012,Normal
bgl_20013,Normal
bgl_20014,Normal
bgl_20015,Normal
bgl_20016,Normal
bgl_20017,Normal
bgl_20018,Normal
bgl_20019,Normal
bgl_20020,Normal
bgl_20021,Normal
bgl_20022,Normal
bgl_20023,Normal
bgl_20024,Normal
bgl_20025,Normal
bgl_20026,Normal
bgl_20027,Normal
bgl_20028,Normal
bgl_20029,Normal
bgl_20030,Normal
bgl_20031,Normal
bgl_20032,Normal
bgl_20033,Normal
bgl_20034,Normal
bgl_20035,Normal
bgl_20036,Normal
bgl_20037,Normal
bgl_20038,Normal
bgl_20039,Normal
bgl_20040,Normal
bgl_20041,Normal
bgl_20042,Normal
bgl_20043,Normal
bgl_20044,Normal
bgl_20045,Normal
bgl_20046,Normal
bgl_20047,Normal
bgl_20048,Normal
bgl_20049,Normal
bgl_20050,Normal
bgl_20051,Normal
bgl_20052,Normal
bgl_20053,Normal
bgl_20054,Normal
bgl_20055,Normal
bgl_20056,Normal
bgl_20057,Normal
bgl_20058,Normal
bgl_20059,Normal
bgl_20060,Normal
bgl_20061,Normal
bgl_20062,Normal
bgl_20063,Normal
bgl_20064,Normal
bgl_20065,Normal
bgl_20066,Normal
bgl_20067,Normal
bgl_20068,Normal
bgl_20069,Normal
bgl_20070,Normal
bgl_20071,Normal
bgl_20072,Normal
bgl_20073,Normal
bgl_20074,Normal
bgl_20075,Normal
bgl_20076,Normal
bgl_20077,Normal
bgl_20078,Normal
bgl_20079,Normal
bgl_20080,Normal
bgl_20081,Normal
bgl_20082,Normal
bgl_20083,Normal
bgl_20084,Normal
bgl_20085,Normal
bgl_20086,Normal
bgl_20087,Normal
bgl_20088,Normal
bgl_20089,Normal
bgl_20090,Normal
bgl_20091,Normal
bgl_20092,Normal
bgl_20093,Normal
bgl_20094,Normal
bgl_20095,Normal
bgl_20096,Normal
bgl_20097,Normal
bgl_20098,Normal
bgl_20099,Normal
bgl_20100,Normal
bgl_20101,Normal
bgl_20102,Normal
bgl_20103,Normal
bgl_20104,Normal
bgl_20105,Normal
bgl_20106,Normal
bgl_20107,Normal
bgl_20108,Normal
bgl_20109,Normal
bgl_20110,Normal
bgl_20111,Normal
bgl_20112,Normal
bgl_20113,Normal
bgl_20114,Normal
bgl_20115,Normal
bgl_20116,Normal
bgl_20117,Normal
bgl_20118,Normal
bgl_20119,Normal
bgl_20120,Normal
bgl_20121,Normal
bgl_20122,Normal
bgl_20123,Normal
bgl_20124,Normal
bgl_20125,Normal
bgl_20126,Normal
bgl_20127,Normal
bgl_20128,Normal
bgl_20129,Normal
bgl_20130,Normal
bgl_20131,Normal
bgl_20132,Normal
bgl_20133,Normal
bgl_20134,Normal
bgl_20135,Normal
bgl_20136,Normal
bgl_20137,Normal
bgl_20138,Normal
bgl_20139,Normal
bgl_20140,Normal
bgl_20141,Normal
bgl_20142,Normal
bgl_20143,Normal
bgl_20144,Normal
bgl_20145,Normal
bgl_20146,Normal
bgl_20147,Normal
bgl_20148,Normal
bgl_20149,Normal
bgl_20150,Normal
bgl_20151,Normal
bgl_20152,Normal
bgl_20153,Normal
bgl_20154,Normal
bgl_20155,Normal
bgl_20156,Normal
bgl_20157,Normal
bgl_20158,Normal
bgl_20159,Normal
bgl_20160,Normal
bgl_20161,Normal
bgl_20162,Normal
bgl_20163,Normal
bgl_20164,Normal
bgl_20165,Normal
bgl_20166,Normal
bgl_20167,Normal
bgl_20168,Normal
bgl_20169,Normal
bgl_20170,Normal
bgl_20171,Normal
bgl_20172,Normal
bgl_20173,Normal
bgl_20174,Normal
bgl_20175,Normal
bgl_20176,Normal
bgl_20177,Normal
bgl_20178,Normal
bgl_20179,Normal
bgl_20180,Normal
bgl_20181,Normal
bgl_20182,Normal
bgl_20183,Normal
bgl_20184,Normal
bgl_20185,Normal
bgl_20186,Normal
bgl_20187,Normal
bgl_20188,Normal
bgl_20189,Normal
bgl_20190,Normal
bgl_20191,Normal
bgl_20192,Normal
bgl_20193,Normal
bgl_20194,Normal
bgl_20195,Normal
bgl_20196,Normal
bgl_20197,Normal
bgl_20198,Normal
bgl_20199,Normal
bgl_20200,Normal
bgl_20201,Normal
bgl_20202,Normal
bgl_20203,Normal
bgl_20204,Normal
bgl_20205,Normal
bgl_20206,Normal
bgl_20207,Normal
bgl_20208,Normal
bgl_20209,Normal
bgl_20210,Normal
bgl_20211,Normal
bgl_20212,Normal
bgl_20213,Normal
bgl_20214,Normal
bgl_20215,Normal
bgl_20216,Normal
bgl_20217,Normal
bgl_20218,Normal
bgl_20219,Normal
bgl_20220,Normal
bgl_20221,Normal
bgl_20222,Normal
bgl_20223,Normal
bgl_20224,Normal
bgl_20225,Normal
bgl_20226,Normal
bgl_20227,Normal
bgl_20228,Normal
bgl_20229,Normal
bgl_20230,Normal
bgl_20231,Normal
bgl_20232,Normal
bgl_20233,Normal
bgl_20234,Normal
bgl_20235,Normal
bgl_20236,Normal
bgl_20237,Normal
bgl_20238,Normal
bgl_20239,Normal
bgl_20240,Normal
bgl_20241,Normal
bgl_20242,Normal
bgl_20243,Normal
bgl_20244,Normal
bgl_20245,Normal
bgl_20246,Normal
bgl_20247,Normal
bgl_20248,Normal
bgl_20249,Anomaly
bgl_20250,Normal
bgl_20251,Normal
bgl_20252,Normal
bgl_20253,Normal
bgl_20254,Normal
bgl_20255,Normal
bgl_20256,Normal
bgl_20257,Normal
bgl_20258,Normal
bgl_20259,Normal
bgl_20260,Normal
bgl_20261,Normal
bgl_20262,Normal
bgl_20263,Normal
bgl_20264,Normal
bgl_20265,Normal
bgl_20266,Normal
bgl_20267,Normal
bgl_20268,Normal
bgl_20269,Normal
bgl_20270,Normal
bgl_20271,Normal
bgl_20272,Normal
bgl_20273,Normal
bgl_20274,Normal
bgl_20275,Normal
bgl_20276,Normal
bgl_20277,Normal
bgl_20278,Normal
bgl_20279,Normal
bgl_20280,Normal
bgl_20281,Normal
bgl_20282,Normal
bgl_20283,Normal
bgl_20284,Normal
bgl_20285,Normal
bgl_20286,Normal
bgl_20287,Normal
bgl_20288,Normal
bgl_20289,Normal
bgl_20290,Normal
bgl_20291,Normal
bgl_20292,Normal
bgl_20293,Normal
bgl_20294,Normal
bgl_20295,Normal
bgl_20296,Normal
bgl_20297,Normal
bgl_20298,Normal
bgl_20299,Normal
bgl_20300,Normal
bgl_20301,Normal
bgl_20302,Normal
bgl_20303,Normal
bgl_20304,Normal
bgl_20305,Normal
bgl_20306,Normal
bgl_20307,Normal
bgl_20308,Normal
bgl_20309,Normal
bgl_20310,Normal
bgl_20311,Normal
bgl_20312,Normal
bgl_20313,Normal
bgl_20314,Normal
bgl_20315,Normal
bgl_20316,Normal
bgl_20317,Normal
bgl_20318,Normal
bgl_20319,Normal
bgl_20320,Normal
bgl_20321,Normal
bgl_20322,Normal
bgl_20323,Normal
bgl_20324,Normal
bgl_20325,Normal
bgl_20326,Normal
bgl_20327,Normal
bgl_20328,Normal
bgl_20329,Normal
bgl_20330,Normal
bgl_20331,Normal
bgl_20332,Normal
bgl_20333,Normal
bgl_20334,Normal
bgl_20335,Normal
bgl_20336,Normal
bgl_20337,Normal
bgl_20338,Normal
bgl_20339,Normal
bgl_20340,Normal
bgl_20341,Normal
bgl_20342,Normal
bgl_20343,Normal
bgl_20344,Normal
bgl_20345,Normal
bgl_20346,Normal
bgl_20347,Normal
bgl_20348,Normal
bgl_20349,Normal
bgl_20350,Normal
bgl_20351,Normal
bgl_20352,Normal
bgl_20353,Normal
bgl_20354,Normal
bgl_20355,Normal
bgl_20356,Normal
bgl_20357,Normal
bgl_20358,Normal
bgl_20359,Normal
bgl_20360,Normal
bgl_20361,Normal
bgl_20362,Normal
bgl_20363,Normal
bgl_20364,Normal
bgl_20365,Normal
bgl_20366,Normal
bgl_20367,Normal
bgl_20368,Normal
bgl_20369,Normal
bgl_20370,Normal
bgl_20371,Normal
bgl_20372,Normal
bgl_20373,Normal
bgl_20374,Normal
bgl_20375,Normal
bgl_20376,Normal
bgl_20377,Normal
bgl_20378,Normal
bgl_20379,Normal
bgl_20380,Normal
bgl_20381,Normal
bgl_20382,Normal
bgl_20383,Normal
bgl_20384,Normal
bgl_20385,Normal
bgl_20386,Normal
bgl_20387,Normal
bgl_20388,Normal
bgl_20389,Normal
bgl_20390,Normal
bgl_20391,Normal
bgl_20392,Normal
bgl_20393,Normal
bgl_20394,Normal
bgl_20395,Normal
bgl_20396,Normal
bgl_20397,Normal
bgl_20398,Normal
bgl_20399,Normal
bgl_20400,Normal
bgl_20401,Normal
bgl_20402,Normal
bgl_20403,Normal
bgl_20404,Normal
bgl_20405,Normal
bgl_20406,Normal
bgl_20407,Normal
bgl_20408,Normal
bgl_20409,Normal
bgl_20410,Normal
bgl_20411,Normal
bgl_20412,Normal
bgl_20413,Normal
bgl_20414,Normal
bgl_20415,Normal
bgl_20416,Normal
bgl_20417,Normal
bgl_20418,Normal
bgl_20419,Normal
bgl_20420,Normal
bgl_20421,Normal
bgl_20422,Normal
bgl_20423,Normal
bgl_20424,Normal
bgl_20425,Normal
bgl_20426,Normal
bgl_20427,Normal
bgl_20428,Normal
bgl_20429,Normal
bgl_20430,Normal
bgl_20431,Normal
bgl_20432,Normal
bgl_20433,Normal
bgl_20434,Normal
bgl_20435,Normal
bgl_20436,Normal
bgl_20437,Normal
bgl_20438,Normal
bgl_20439,Normal
bgl_20440,Normal
bgl_20441,Normal
bgl_20442,Normal
bgl_20443,Normal
bgl_20444,Normal
bgl_20445,Normal
bgl_20446,Normal
bgl_20447,Normal
bgl_20448,Normal
bgl_20449,Normal
bgl_20450,Normal
bgl_20451,Normal
bgl_20452,Normal
bgl_20453,Normal
bgl_20454,Normal
bgl_20455,Normal
bgl_20456,Normal
bgl_20457,Normal
bgl_20458,Normal
bgl_20459,Normal
bgl_20460,Normal
bgl_20461,Normal
bgl_20462,Normal
bgl_20463,Normal
bgl_20464,Normal
bgl_20465,Normal
bgl_20466,Normal
bgl_20467,Normal
bgl_20468,Normal
bgl_20469,Normal
bgl_20470,Normal
bgl_20471,Normal
bgl_20472,Normal
bgl_20473,Normal
bgl_20474,Normal
bgl_20475,Normal
bgl_20476,Normal
bgl_20477,Normal
bgl_20478,Normal
bgl_20479,Normal
bgl_20480,Normal
bgl_20481,Normal
bgl_20482,Normal
bgl_20483,Normal
bgl_20484,Normal
bgl_20485,Normal
bgl_20486,Normal
bgl_20487,Normal
bgl_20488,Normal
bgl_20489,Normal
bgl_20490,Normal
bgl_20491,Normal
bgl_20492,Normal
bgl_20493,Normal
bgl_20494,Normal
bgl_20495,Normal
bgl_20496,Normal
bgl_20497,Normal
bgl_20498,Normal
bgl_20499,Normal
bgl_20500,Normal
bgl_20501,Normal
bgl_20502,Normal
bgl_20503,Normal
bgl_20504,Normal
bgl_20505,Normal
bgl_20506,Normal
bgl_20507,Normal
bgl_20508,Normal
bgl_20509,Normal
bgl_20510,Normal
bgl_20511,Normal
bgl_20512,Normal
bgl_20513,Normal
bgl_20514,Normal
bgl_20515,Normal
bgl_20516,Normal
bgl_20517,Normal
bgl_20518,Normal
bgl_20519,Normal
bgl_20520,Normal
bgl_20521,Normal
bgl_20522,Normal
bgl_20523,Normal
bgl_20524,Normal
bgl_20525,Normal
bgl_20526,Normal
bgl_20527,Normal
bgl_20528,Normal
bgl_20529,Normal
bgl_20530,Normal
bgl_20531,Normal
bgl_20532,Normal
bgl_20533,Normal
bgl_20534,Normal
bgl_20535,Normal
bgl_20536,Normal
bgl_20537,Normal
bgl_20538,Normal
bgl_20539,Normal
bgl_20540,Normal
bgl_20541,Normal
bgl_20542,Normal
bgl_20543,Normal
bgl_20544,Normal
bgl_20545,Normal
bgl_20546,Normal
bgl_20547,Normal
bgl_20548,Normal
bgl_20549,Normal
bgl_20550,Normal
bgl_20551,Normal
bgl_20552,Normal
bgl_20553,Normal
bgl_20554,Normal
bgl_20555,Normal
bgl_20556,Normal
bgl_20557,Normal
bgl_20558,Normal
bgl_20559,Normal
bgl_20560,Normal
bgl_20561,Normal
bgl_20562,Normal
bgl_20563,Normal
bgl_20564,Normal
bgl_20565,Normal
bgl_20566,Normal
bgl_20567,Normal
bgl_20568,Normal
bgl_20569,Normal
bgl_20570,Normal
bgl_20571,Normal
bgl_20572,Normal
bgl_20573,Normal
bgl_20574,Normal
bgl_20575,Normal
bgl_20576,Normal
bgl_20577,Normal
bgl_20578,Normal
bgl_20579,Normal
bgl_20580,Normal
bgl_20581,Normal
bgl_20582,Normal
bgl_20583,Normal
bgl_20584,Normal
bgl_20585,Normal
bgl_20586,Normal
bgl_20587,Normal
bgl_20588,Normal
bgl_20589,Normal
bgl_20590,Normal
bgl_20591,Normal
bgl_20592,Normal
bgl_20593,Normal
bgl_20594,Normal
bgl_20595,Normal
bgl_20596,Normal
bgl_20597,Normal
bgl_20598,Normal
bgl_20599,Normal
bgl_20600,Normal
bgl_20601,Normal
bgl_20602,Normal
bgl_20603,Normal
bgl_20604,Normal
bgl_20605,Normal
bgl_20606,Normal
bgl_20607,Normal
bgl_20608,Normal
bgl_20609,Normal
bgl_20610,Normal
bgl_20611,Normal
bgl_20612,Normal
bgl_20613,Normal
bgl_20614,Normal
bgl_20615,Normal
bgl_20616,Normal
bgl_20617,Normal
bgl_20618,Normal
bgl_20619,Normal
bgl_20620,Normal
bgl_20621,Normal
bgl_20622,Normal
bgl_20623,Normal
bgl_20624,Normal
bgl_20625,Normal
bgl_20626,Normal
bgl_20627,Normal
bgl_20628,Normal
bgl_20629,Normal
bgl_20630,Normal
bgl_20631,Normal
bgl_20632,Normal
bgl_20633,Normal
bgl_20634,Normal
bgl_20635,Normal
bgl_20636,Normal
bgl_20637,Normal
bgl_20638,Normal
bgl_20639,Normal
bgl_20640,Normal
bgl_20641,Normal
bgl_20642,Normal
bgl_20643,Normal
bgl_20644,Normal
bgl_20645,Normal
bgl_20646,Normal
bgl_20647,Normal
bgl_20648,Normal
bgl_20649,Normal
bgl_20650,Normal
bgl_20651,Normal
bgl_20652,Normal
bgl_20653,Normal
bgl_20654,Normal
bgl_20655,Normal
bgl_20656,Normal
bgl_20657,Normal
bgl_20658,Normal
bgl_20659,Normal
bgl_20660,Normal
bgl_20661,Normal
bgl_20662,Normal
bgl_20663,Normal
bgl_20664,Normal
bgl_20665,Normal
bgl_20666,Normal
bgl_20667,Normal
bgl_20668,Normal
bgl_20669,Normal
bgl_20670,Normal
bgl_20671,Normal
bgl_20672,Normal
bgl_20673,Normal
bgl_20674,Normal
bgl_20675,Normal
bgl_20676,Normal
bgl_20677,Normal
bgl_20678,Normal
bgl_20679,Normal
bgl_20680,Normal
bgl_20681,Normal
bgl_20682,Normal
bgl_20683,Normal
bgl_20684,Normal
bgl_20685,Normal
bgl_20686,Normal
bgl_20687,Normal
bgl_20688,Normal
bgl_20689,Normal
bgl_20690,Normal
bgl_20691,Normal
bgl_20692,Normal
bgl_20693,Normal
bgl_20694,Normal
bgl_20695,Normal
bgl_20696,Normal
bgl_20697,Normal
bgl_20698,Normal
bgl_20699,Normal
bgl_20700,Normal
bgl_20701,Normal
bgl_20702,Normal
bgl_20703,Normal
bgl_20704,Normal
bgl_20705,Normal
bgl_20706,Normal
bgl_20707,Normal
bgl_20708,Normal
bgl_20709,Normal
bgl_20710,Normal
bgl_20711,Normal
bgl_20712,Normal
bgl_20713,Normal
bgl_20714,Normal
bgl_20715,Normal
bgl_20716,Normal
bgl_20717,Normal
bgl_20718,Normal
bgl_20719,Normal
bgl_20720,Normal
bgl_20721,Normal
bgl_20722,Anomaly
bgl_20723,Anomaly
bgl_20724,Normal
bgl_20725,Normal
bgl_20726,Anomaly
bgl_20727,Anomaly
bgl_20728,Normal
bgl_20729,Normal
bgl_20730,Normal
bgl_20731,Normal
bgl_20732,Normal
bgl_20733,Normal
bgl_20734,Normal
bgl_20735,Normal
bgl_20736,Normal
bgl_20737,Normal
bgl_20738,Normal
bgl_20739,Normal
bgl_20740,Normal
bgl_20741,Normal
bgl_20742,Normal
bgl_20743,Normal
bgl_20744,Normal
bgl_20745,Normal
bgl_20746,Normal
bgl_20747,Normal
bgl_20748,Normal
bgl_20749,Normal
bgl_20750,Normal
bgl_20751,Normal
bgl_20752,Normal
bgl_20753,Normal
bgl_20754,Normal
bgl_20755,Normal
bgl_20756,Normal
bgl_20757,Normal
bgl_20758,Normal
bgl_20759,Normal
bgl_20760,Normal
bgl_20761,Normal
bgl_20762,Normal
bgl_20763,Normal
bgl_20764,Normal
bgl_20765,Normal
bgl_20766,Normal
bgl_20767,Normal
bgl_20768,Normal
bgl_20769,Normal
bgl_20770,Normal
bgl_20771,Normal
bgl_20772,Normal
bgl_20773,Normal
bgl_20774,Normal
bgl_20775,Normal
bgl_20776,Normal
bgl_20777,Normal
bgl_20778,Normal
bgl_20779,Normal
bgl_20780,Normal
bgl_20781,Normal
bgl_20782,Normal
bgl_20783,Normal
bgl_20784,Normal
bgl_20785,Normal
bgl_20786,Normal
bgl_20787,Normal
bgl_20788,Normal
bgl_20789,Normal
bgl_20790,Normal
bgl_20791,Normal
bgl_20792,Normal
bgl_20793,Normal
bgl_20794,Normal
bgl_20795,Normal
bgl_20796,Normal
bgl_20797,Normal
bgl_20798,Normal
bgl_20799,Normal
bgl_20800,Normal
bgl_20801,Normal
bgl_20802,Normal
bgl_20803,Normal
bgl_20804,Normal
bgl_20805,Normal
bgl_20806,Normal
bgl_20807,Normal
bgl_20808,Normal
bgl_20809,Normal
bgl_20810,Normal
bgl_20811,Normal
bgl_20812,Normal
bgl_20813,Normal
bgl_20814,Normal
bgl_20815,Normal
bgl_20816,Normal
bgl_20817,Normal
bgl_20818,Normal
bgl_20819,Normal
bgl_20820,Normal
bgl_20821,Normal
bgl_20822,Normal
bgl_20823,Normal
bgl_20824,Normal
bgl_20825,Normal
bgl_20826,Normal
bgl_20827,Normal
bgl_20828,Normal
bgl_20829,Normal
bgl_20830,Normal
bgl_20831,Normal
bgl_20832,Normal
bgl_20833,Normal
bgl_20834,Normal
bgl_20835,Normal
bgl_20836,Normal
bgl_20837,Normal
bgl_20838,Normal
bgl_20839,Normal
bgl_20840,Normal
bgl_20841,Normal
bgl_20842,Normal
bgl_20843,Normal
bgl_20844,Normal
bgl_20845,Normal
bgl_20846,Normal
bgl_20847,Normal
bgl_20848,Normal
bgl_20849,Normal
bgl_20850,Normal
bgl_20851,Normal
bgl_20852,Normal
bgl_20853,Normal
bgl_20854,Normal
bgl_20855,Normal
bgl_20856,Normal
bgl_20857,Normal
bgl_20858,Normal
bgl_20859,Normal
bgl_20860,Normal
bgl_20861,Normal
bgl_20862,Normal
bgl_20863,Normal
bgl_20864,Normal
bgl_20865,Normal
bgl_20866,Normal
bgl_20867,Normal
bgl_20868,Normal
bgl_20869,Normal
bgl_20870,Normal
bgl_20871,Normal
bgl_20872,Normal
bgl_20873,Normal
bgl_20874,Normal
bgl_20875,Normal
bgl_20876,Normal
bgl_20877,Normal
bgl_20878,Normal
bgl_20879,Normal
bgl_20880,Normal
bgl_20881,Normal
bgl_20882,Normal
bgl_20883,Normal
bgl_20884,Normal
bgl_20885,Normal
bgl_20886,Normal
bgl_20887,Normal
bgl_20888,Normal
bgl_20889,Normal
bgl_20890,Normal
bgl_20891,Normal
bgl_20892,Normal
bgl_20893,Normal
bgl_20894,Normal
bgl_20895,Normal
bgl_20896,Normal
bgl_20897,Normal
bgl_20898,Normal
bgl_20899,Normal
bgl_20900,Normal
bgl_20901,Normal
bgl_20902,Normal
bgl_20903,Normal
bgl_20904,Normal
bgl_20905,Normal
bgl_20906,Normal
bgl_20907,Normal
bgl_20908,Normal
bgl_20909,Normal
bgl_20910,Normal
bgl_20911,Normal
bgl_20912,Normal
bgl_20913,Normal
bgl_20914,Normal
bgl_20915,Normal
bgl_20916,Normal
bgl_20917,Normal
bgl_20918,Normal
bgl_20919,Normal
bgl_20920,Normal
bgl_20921,Normal
bgl_20922,Normal
bgl_20923,Normal
bgl_20924,Normal
bgl_20925,Normal
bgl_20926,Normal
bgl_20927,Normal
bgl_20928,Normal
bgl_20929,Normal
bgl_20930,Normal
bgl_20931,Normal
bgl_20932,Normal
bgl_20933,Normal
bgl_20934,Normal
bgl_20935,Normal
bgl_20936,Normal
bgl_20937,Normal
bgl_20938,Normal
bgl_20939,Normal
bgl_20940,Normal
bgl_20941,Normal
bgl_20942,Normal
bgl_20943,Normal
bgl_20944,Normal
bgl_20945,Normal
bgl_20946,Normal
bgl_20947,Normal
bgl_20948,Normal
bgl_20949,Normal
bgl_20950,Normal
bgl_20951,Normal
bgl_20952,Normal
bgl_20953,Normal
bgl_20954,Normal
bgl_20955,Normal
bgl_20956,Normal
bgl_20957,Normal
bgl_20958,Normal
bgl_20959,Normal
bgl_20960,Normal
bgl_20961,Normal
bgl_20962,Normal
bgl_20963,Normal
bgl_20964,Normal
bgl_20965,Normal
bgl_20966,Normal
bgl_20967,Normal
bgl_20968,Normal
bgl_20969,Normal
bgl_20970,Normal
bgl_20971,Normal
bgl_20972,Normal
bgl_20973,Normal
bgl_20974,Normal
bgl_20975,Normal
bgl_20976,Normal
bgl_20977,Normal
bgl_20978,Normal
bgl_20979,Normal
bgl_20980,Normal
bgl_20981,Normal
bgl_20982,Normal
bgl_20983,Normal
bgl_20984,Normal
bgl_20985,Normal
bgl_20986,Normal
bgl_20987,Normal
bgl_20988,Normal
bgl_20989,Normal
bgl_20990,Normal
bgl_20991,Normal
bgl_20992,Normal
bgl_20993,Normal
bgl_20994,Normal
bgl_20995,Normal
bgl_20996,Normal
bgl_20997,Normal
bgl_20998,Normal
bgl_20999,Normal
bgl_21000,Normal
bgl_21001,Normal
bgl_21002,Normal
bgl_21003,Normal
bgl_21004,Normal
bgl_21005,Normal
bgl_21006,Normal
bgl_21007,Normal
bgl_21008,Normal
bgl_21009,Normal
bgl_21010,Normal
bgl_21011,Normal
bgl_21012,Normal
bgl_21013,Normal
bgl_21014,Normal
bgl_21015,Normal
bgl_21016,Normal
bgl_21017,Normal
bgl_21018,Normal
bgl_21019,Normal
bgl_21020,Normal
bgl_21021,Normal
bgl_21022,Normal
bgl_21023,Normal
bgl_21024,Normal
bgl_21025,Normal
bgl_21026,Normal
bgl_21027,Normal
bgl_21028,Normal
bgl_21029,Normal
bgl_21030,Normal
bgl_21031,Normal
bgl_21032,Normal
bgl_21033,Normal
bgl_21034,Normal
bgl_21035,Normal
bgl_21036,Normal
bgl_21037,Normal
bgl_21038,Normal
bgl_21039,Normal
bgl_21040,Normal
bgl_21041,Normal
bgl_21042,Normal
bgl_21043,Normal
bgl_21044,Normal
bgl_21045,Normal
bgl_21046,Normal
bgl_21047,Normal
bgl_21048,Normal
bgl_21049,Normal
bgl_21050,Normal
bgl_21051,Normal
bgl_21052,Normal
bgl_21053,Normal
bgl_21054,Normal
bgl_21055,Normal
bgl_21056,Normal
bgl_21057,Normal
bgl_21058,Normal
bgl_21059,Normal
bgl_21060,Normal
bgl_21061,Normal
bgl_21062,Normal
bgl_21063,Normal
bgl_21064,Normal
bgl_21065,Normal
bgl_21066,Normal
bgl_21067,Normal
bgl_21068,Normal
bgl_21069,Normal
bgl_21070,Normal
bgl_21071,Normal
bgl_21072,Normal
bgl_21073,Normal
bgl_21074,Normal
bgl_21075,Normal
bgl_21076,Normal
bgl_21077,Normal
bgl_21078,Normal
bgl_21079,Normal
bgl_21080,Normal
bgl_21081,Normal
bgl_21082,Normal
bgl_21083,Normal
bgl_21084,Normal
bgl_21085,Normal
bgl_21086,Normal
bgl_21087,Normal
bgl_21088,Normal
bgl_21089,Normal
bgl_21090,Normal
bgl_21091,Normal
bgl_21092,Normal
bgl_21093,Normal
bgl_21094,Normal
bgl_21095,Normal
bgl_21096,Normal
bgl_21097,Normal
bgl_21098,Normal
bgl_21099,Normal
bgl_21100,Normal
bgl_21101,Normal
bgl_21102,Normal
bgl_21103,Normal
bgl_21104,Normal
bgl_21105,Normal
bgl_21106,Normal
bgl_21107,Normal
bgl_21108,Normal
bgl_21109,Normal
bgl_21110,Normal
bgl_21111,Normal
bgl_21112,Normal
bgl_21113,Normal
bgl_21114,Normal
bgl_21115,Normal
bgl_21116,Normal
bgl_21117,Normal
bgl_21118,Normal
bgl_21119,Normal
bgl_21120,Normal
bgl_21121,Normal
bgl_21122,Normal
bgl_21123,Normal
bgl_21124,Normal
bgl_21125,Normal
bgl_21126,Normal
bgl_21127,Normal
bgl_21128,Normal
bgl_21129,Normal
bgl_21130,Normal
bgl_21131,Normal
bgl_21132,Normal
bgl_21133,Normal
bgl_21134,Normal
bgl_21135,Normal
bgl_21136,Normal
bgl_21137,Normal
bgl_21138,Normal
bgl_21139,Normal
bgl_21140,Normal
bgl_21141,Normal
bgl_21142,Normal
bgl_21143,Normal
bgl_21144,Normal
bgl_21145,Normal
bgl_21146,Normal
bgl_21147,Normal
bgl_21148,Normal
bgl_21149,Normal
bgl_21150,Normal
bgl_21151,Normal
bgl_21152,Normal
bgl_21153,Normal
bgl_21154,Normal
bgl_21155,Normal
bgl_21156,Normal
bgl_21157,Normal
bgl_21158,Normal
bgl_21159,Normal
bgl_21160,Normal
bgl_21161,Normal
bgl_21162,Normal
bgl_21163,Normal
bgl_21164,Normal
bgl_21165,Normal
bgl_21166,Normal
bgl_21167,Normal
bgl_21168,Normal
bgl_21169,Normal
bgl_21170,Normal
bgl_21171,Normal
bgl_21172,Normal
bgl_21173,Normal
bgl_21174,Normal
bgl_21175,Normal
bgl_21176,Normal
bgl_21177,Normal
bgl_21178,Normal
bgl_21179,Normal
bgl_21180,Normal
bgl_21181,Normal
bgl_21182,Normal
bgl_21183,Normal
bgl_21184,Normal
bgl_21185,Normal
bgl_21186,Normal
bgl_21187,Normal
bgl_21188,Normal
bgl_21189,Normal
bgl_21190,Normal
bgl_21191,Normal
bgl_21192,Normal
bgl_21193,Normal
bgl_21194,Normal
bgl_21195,Normal
bgl_21196,Normal
bgl_21197,Normal
bgl_21198,Normal
bgl_21199,Normal
bgl_21200,Normal
bgl_21201,Normal
bgl_21202,Normal
bgl_21203,Normal
bgl_21204,Normal
bgl_21205,Normal
bgl_21206,Normal
bgl_21207,Normal
bgl_21208,Normal
bgl_21209,Normal
bgl_21210,Normal
bgl_21211,Normal
bgl_21212,Normal
bgl_21213,Normal
bgl_21214,Normal
bgl_21215,Normal
bgl_21216,Normal
bgl_21217,Normal
bgl_21218,Normal
bgl_21219,Normal
bgl_21220,Normal
bgl_21221,Normal
bgl_21222,Normal
bgl_21223,Normal
bgl_21224,Normal
bgl_21225,Normal
bgl_21226,Normal
bgl_21227,Normal
bgl_21228,Normal
bgl_21229,Normal
bgl_21230,Normal
bgl_21231,Normal
bgl_21232,Normal
bgl_21233,Normal
bgl_21234,Normal
bgl_21235,Normal
bgl_21236,Normal
bgl_21237,Normal
bgl_21238,Normal
bgl_21239,Normal
bgl_21240,Normal
bgl_21241,Normal
bgl_21242,Normal
bgl_21243,Normal
bgl_21244,Normal
bgl_21245,Normal
bgl_21246,Normal
bgl_21247,Normal
bgl_21248,Normal
bgl_21249,Normal
bgl_21250,Normal
bgl_21251,Normal
bgl_21252,Normal
bgl_21253,Normal
bgl_21254,Normal
bgl_21255,Normal
bgl_21256,Normal
bgl_21257,Normal
bgl_21258,Normal
bgl_21259,Normal
bgl_21260,Normal
bgl_21261,Normal
bgl_21262,Normal
bgl_21263,Normal
bgl_21264,Normal
bgl_21265,Normal
bgl_21266,Normal
bgl_21267,Normal
bgl_21268,Normal
bgl_21269,Normal
bgl_21270,Normal
bgl_21271,Normal
bgl_21272,Normal
bgl_21273,Normal
bgl_21274,Normal
bgl_21275,Normal
bgl_21276,Normal
bgl_21277,Normal
bgl_21278,Normal
bgl_21279,Normal
bgl_21280,Normal
bgl_21281,Normal
bgl_21282,Normal
bgl_21283,Normal
bgl_21284,Normal
bgl_21285,Normal
bgl_21286,Normal
bgl_21287,Normal
bgl_21288,Normal
bgl_21289,Normal
bgl_21290,Normal
bgl_21291,Normal
bgl_21292,Normal
bgl_21293,Normal
bgl_21294,Normal
bgl_21295,Normal
bgl_21296,Normal
bgl_21297,Normal
bgl_21298,Normal
bgl_21299,Normal
bgl_21300,Normal
bgl_21301,Normal
bgl_21302,Normal
bgl_21303,Normal
bgl_21304,Normal
bgl_21305,Normal
bgl_21306,Normal
bgl_21307,Normal
bgl_21308,Normal
bgl_21309,Normal
bgl_21310,Normal
bgl_21311,Normal
bgl_21312,Normal
bgl_21313,Normal
bgl_21314,Normal
bgl_21315,Normal
bgl_21316,Normal
bgl_21317,Normal
bgl_21318,Normal
bgl_21319,Normal
bgl_21320,Normal
bgl_21321,Normal
bgl_21322,Normal
bgl_21323,Normal
bgl_21324,Normal
bgl_21325,Normal
bgl_21326,Normal
bgl_21327,Normal
bgl_21328,Normal
bgl_21329,Normal
bgl_21330,Normal
bgl_21331,Normal
bgl_21332,Normal
bgl_21333,Normal
bgl_21334,Normal
bgl_21335,Normal
bgl_21336,Normal
bgl_21337,Normal
bgl_21338,Normal
bgl_21339,Normal
bgl_21340,Normal
bgl_21341,Normal
bgl_21342,Normal
bgl_21343,Normal
bgl_21344,Normal
bgl_21345,Normal
bgl_21346,Normal
bgl_21347,Normal
bgl_21348,Normal
bgl_21349,Normal
bgl_21350,Normal
bgl_21351,Normal
bgl_21352,Normal
bgl_21353,Normal
bgl_21354,Normal
bgl_21355,Normal
bgl_21356,Normal
bgl_21357,Normal
bgl_21358,Normal
bgl_21359,Normal
bgl_21360,Normal
bgl_21361,Normal
bgl_21362,Normal
bgl_21363,Normal
bgl_21364,Normal
bgl_21365,Normal
bgl_21366,Normal
bgl_21367,Normal
bgl_21368,Normal
bgl_21369,Normal
bgl_21370,Normal
bgl_21371,Normal
bgl_21372,Normal
bgl_21373,Normal
bgl_21374,Normal
bgl_21375,Normal
bgl_21376,Normal
bgl_21377,Normal
bgl_21378,Normal
bgl_21379,Normal
bgl_21380,Normal
bgl_21381,Normal
bgl_21382,Normal
bgl_21383,Normal
bgl_21384,Normal
bgl_21385,Normal
bgl_21386,Normal
bgl_21387,Normal
bgl_21388,Normal
bgl_21389,Normal
bgl_21390,Normal
bgl_21391,Normal
bgl_21392,Normal
bgl_21393,Normal
bgl_21394,Normal
bgl_21395,Normal
bgl_21396,Normal
bgl_21397,Normal
bgl_21398,Normal
bgl_21399,Normal
bgl_21400,Normal
bgl_21401,Normal
bgl_21402,Normal
bgl_21403,Normal
bgl_21404,Normal
bgl_21405,Normal
bgl_21406,Normal
bgl_21407,Normal
bgl_21408,Normal
bgl_21409,Normal
bgl_21410,Normal
bgl_21411,Normal
bgl_21412,Normal
bgl_21413,Normal
bgl_21414,Normal
bgl_21415,Normal
bgl_21416,Normal
bgl_21417,Normal
bgl_21418,Normal
bgl_21419,Normal
bgl_21420,Normal
bgl_21421,Normal
bgl_21422,Normal
bgl_21423,Normal
bgl_21424,Normal
bgl_21425,Normal
bgl_21426,Normal
bgl_21427,Normal
bgl_21428,Normal
bgl_21429,Normal
bgl_21430,Normal
bgl_21431,Normal
bgl_21432,Normal
bgl_21433,Normal
bgl_21434,Normal
bgl_21435,Normal
bgl_21436,Normal
bgl_21437,Normal
bgl_21438,Normal
bgl_21439,Normal
bgl_21440,Normal
bgl_21441,Normal
bgl_21442,Normal
bgl_21443,Normal
bgl_21444,Normal
bgl_21445,Normal
bgl_21446,Normal
bgl_21447,Normal
bgl_21448,Normal
bgl_21449,Normal
bgl_21450,Normal
bgl_21451,Normal
bgl_21452,Normal
bgl_21453,Normal
bgl_21454,Normal
bgl_21455,Normal
bgl_21456,Normal
bgl_21457,Normal
bgl_21458,Normal
bgl_21459,Normal
bgl_21460,Normal
bgl_21461,Normal
bgl_21462,Normal
bgl_21463,Normal
bgl_21464,Normal
bgl_21465,Normal
bgl_21466,Normal
bgl_21467,Normal
bgl_21468,Normal
bgl_21469,Normal
bgl_21470,Normal
bgl_21471,Normal
bgl_21472,Normal
bgl_21473,Normal
bgl_21474,Normal
bgl_21475,Normal
bgl_21476,Normal
bgl_21477,Normal
bgl_21478,Normal
bgl_21479,Normal
bgl_21480,Normal
bgl_21481,Normal
bgl_21482,Normal
bgl_21483,Normal
bgl_21484,Normal
bgl_21485,Normal
bgl_21486,Normal
bgl_21487,Normal
bgl_21488,Normal
bgl_21489,Normal
bgl_21490,Normal
bgl_21491,Normal
bgl_21492,Normal
bgl_21493,Normal
bgl_21494,Normal
bgl_21495,Normal
bgl_21496,Normal
bgl_21497,Normal
bgl_21498,Normal
bgl_21499,Normal
bgl_21500,Normal
bgl_21501,Normal
bgl_21502,Normal
bgl_21503,Normal
bgl_21504,Normal
bgl_21505,Normal
bgl_21506,Normal
bgl_21507,Normal
bgl_21508,Normal
bgl_21509,Normal
bgl_21510,Normal
bgl_21511,Normal
bgl_21512,Normal
bgl_21513,Normal
bgl_21514,Normal
bgl_21515,Normal
bgl_21516,Normal
bgl_21517,Normal
bgl_21518,Normal
bgl_21519,Normal
bgl_21520,Normal
bgl_21521,Normal
bgl_21522,Normal
bgl_21523,Normal
bgl_21524,Normal
bgl_21525,Normal
bgl_21526,Normal
bgl_21527,Normal
bgl_21528,Normal
bgl_21529,Normal
bgl_21530,Normal
bgl_21531,Normal
bgl_21532,Normal
bgl_21533,Normal
bgl_21534,Normal
bgl_21535,Normal
bgl_21536,Normal
bgl_21537,Normal
bgl_21538,Normal
bgl_21539,Normal
bgl_21540,Normal
bgl_21541,Normal
bgl_21542,Normal
bgl_21543,Normal
bgl_21544,Normal
bgl_21545,Normal
bgl_21546,Normal
bgl_21547,Normal
bgl_21548,Normal
bgl_21549,Normal
bgl_21550,Normal
bgl_21551,Normal
bgl_21552,Normal
bgl_21553,Normal
bgl_21554,Normal
bgl_21555,Normal
bgl_21556,Normal
bgl_21557,Normal
bgl_21558,Normal
bgl_21559,Normal
bgl_21560,Normal
bgl_21561,Normal
bgl_21562,Normal
bgl_21563,Normal
bgl_21564,Normal
bgl_21565,Normal
bgl_21566,Normal
bgl_21567,Normal
bgl_21568,Normal
bgl_21569,Normal
bgl_21570,Normal
bgl_21571,Normal
bgl_21572,Normal
bgl_21573,Normal
bgl_21574,Normal
bgl_21575,Normal
bgl_21576,Normal
bgl_21577,Normal
bgl_21578,Normal
bgl_21579,Normal
bgl_21580,Normal
bgl_21581,Normal
bgl_21582,Normal
bgl_21583,Normal
bgl_21584,Normal
bgl_21585,Normal
bgl_21586,Normal
bgl_21587,Normal
bgl_21588,Normal
bgl_21589,Normal
bgl_21590,Normal
bgl_21591,Normal
bgl_21592,Normal
bgl_21593,Normal
bgl_21594,Normal
bgl_21595,Normal
bgl_21596,Normal
bgl_21597,Normal
bgl_21598,Normal
bgl_21599,Normal
bgl_21600,Normal
bgl_21601,Normal
bgl_21602,Normal
bgl_21603,Normal
bgl_21604,Normal
bgl_21605,Normal
bgl_21606,Normal
bgl_21607,Normal
bgl_21608,Normal
bgl_21609,Normal
bgl_21610,Normal
bgl_21611,Normal
bgl_21612,Normal
bgl_21613,Normal
bgl_21614,Normal
bgl_21615,Normal
bgl_21616,Normal
bgl_21617,Normal
bgl_21618,Normal
bgl_21619,Normal
bgl_21620,Normal
bgl_21621,Normal
bgl_21622,Normal
bgl_21623,Normal
bgl_21624,Normal
bgl_21625,Normal
bgl_21626,Normal
bgl_21627,Normal
bgl_21628,Normal
bgl_21629,Normal
bgl_21630,Normal
bgl_21631,Normal
bgl_21632,Normal
bgl_21633,Normal
bgl_21634,Normal
bgl_21635,Normal
bgl_21636,Normal
bgl_21637,Normal
bgl_21638,Normal
bgl_21639,Normal
bgl_21640,Normal
bgl_21641,Normal
bgl_21642,Normal
bgl_21643,Normal
bgl_21644,Normal
bgl_21645,Normal
bgl_21646,Normal
bgl_21647,Normal
bgl_21648,Normal
bgl_21649,Normal
bgl_21650,Normal
bgl_21651,Normal
bgl_21652,Normal
bgl_21653,Normal
bgl_21654,Normal
bgl_21655,Normal
bgl_21656,Normal
bgl_21657,Normal
bgl_21658,Normal
bgl_21659,Normal
bgl_21660,Normal
bgl_21661,Normal
bgl_21662,Normal
bgl_21663,Normal
bgl_21664,Normal
bgl_21665,Normal
bgl_21666,Normal
bgl_21667,Normal
bgl_21668,Normal
bgl_21669,Normal
bgl_21670,Normal
bgl_21671,Normal
bgl_21672,Normal
bgl_21673,Normal
bgl_21674,Normal
bgl_21675,Normal
bgl_21676,Normal
bgl_21677,Normal
bgl_21678,Normal
bgl_21679,Normal
bgl_21680,Normal
bgl_21681,Normal
bgl_21682,Normal
bgl_21683,Normal
bgl_21684,Normal
bgl_21685,Normal
bgl_21686,Normal
bgl_21687,Normal
bgl_21688,Normal
bgl_21689,Normal
bgl_21690,Normal
bgl_21691,Normal
bgl_21692,Normal
bgl_21693,Normal
bgl_21694,Normal
bgl_21695,Normal
bgl_21696,Normal
bgl_21697,Normal
bgl_21698,Normal
bgl_21699,Normal
bgl_21700,Normal
bgl_21701,Normal
bgl_21702,Normal
bgl_21703,Normal
bgl_21704,Normal
bgl_21705,Normal
bgl_21706,Normal
bgl_21707,Normal
bgl_21708,Normal
bgl_21709,Normal
bgl_21710,Normal
bgl_21711,Normal
bgl_21712,Normal
bgl_21713,Normal
bgl_21714,Normal
bgl_21715,Normal
bgl_21716,Normal
bgl_21717,Normal
bgl_21718,Normal
bgl_21719,Normal
bgl_21720,Normal
bgl_21721,Normal
bgl_21722,Normal
bgl_21723,Normal
bgl_21724,Normal
bgl_21725,Normal
bgl_21726,Normal
bgl_21727,Normal
bgl_21728,Normal
bgl_21729,Normal
bgl_21730,Normal
bgl_21731,Normal
bgl_21732,Normal
bgl_21733,Normal
bgl_21734,Normal
bgl_21735,Normal
bgl_21736,Normal
bgl_21737,Normal
bgl_21738,Normal
bgl_21739,Normal
bgl_21740,Normal
bgl_21741,Normal
bgl_21742,Normal
bgl_21743,Normal
bgl_21744,Normal
bgl_21745,Normal
bgl_21746,Normal
bgl_21747,Normal
bgl_21748,Normal
bgl_21749,Normal
bgl_21750,Normal
bgl_21751,Normal
bgl_21752,Normal
bgl_21753,Normal
bgl_21754,Normal
bgl_21755,Normal
bgl_21756,Normal
bgl_21757,Normal
bgl_21758,Normal
bgl_21759,Normal
bgl_21760,Normal
bgl_21761,Normal
bgl_21762,Normal
bgl_21763,Normal
bgl_21764,Normal
bgl_21765,Normal
bgl_21766,Normal
bgl_21767,Normal
bgl_21768,Normal
bgl_21769,Normal
bgl_21770,Normal
bgl_21771,Normal
bgl_21772,Normal
bgl_21773,Normal
bgl_21774,Normal
bgl_21775,Normal
bgl_21776,Normal
bgl_21777,Normal
bgl_21778,Normal
bgl_21779,Normal
bgl_21780,Normal
bgl_21781,Normal
bgl_21782,Normal
bgl_21783,Normal
bgl_21784,Normal
bgl_21785,Normal
bgl_21786,Normal
bgl_21787,Normal
bgl_21788,Normal
bgl_21789,Normal
bgl_21790,Normal
bgl_21791,Normal
bgl_21792,Normal
bgl_21793,Normal
bgl_21794,Normal
bgl_21795,Normal
bgl_21796,Normal
bgl_21797,Normal
bgl_21798,Normal
bgl_21799,Normal
bgl_21800,Normal
bgl_21801,Normal
bgl_21802,Normal
bgl_21803,Normal
bgl_21804,Normal
bgl_21805,Normal
bgl_21806,Normal
bgl_21807,Normal
bgl_21808,Normal
bgl_21809,Normal
bgl_21810,Normal
bgl_21811,Normal
bgl_21812,Normal
bgl_21813,Normal
bgl_21814,Normal
bgl_21815,Normal
bgl_21816,Normal
bgl_21817,Normal
bgl_21818,Normal
bgl_21819,Normal
bgl_21820,Normal
bgl_21821,Normal
bgl_21822,Normal
bgl_21823,Normal
bgl_21824,Normal
bgl_21825,Normal
bgl_21826,Normal
bgl_21827,Normal
bgl_21828,Normal
bgl_21829,Normal
bgl_21830,Normal
bgl_21831,Normal
bgl_21832,Normal
bgl_21833,Normal
bgl_21834,Normal
bgl_21835,Normal
bgl_21836,Normal
bgl_21837,Normal
bgl_21838,Normal
bgl_21839,Normal
bgl_21840,Normal
bgl_21841,Normal
bgl_21842,Normal
bgl_21843,Normal
bgl_21844,Normal
bgl_21845,Normal
bgl_21846,Normal
bgl_21847,Normal
bgl_21848,Normal
bgl_21849,Normal
bgl_21850,Normal
bgl_21851,Normal
bgl_21852,Normal
bgl_21853,Normal
bgl_21854,Normal
bgl_21855,Normal
bgl_21856,Normal
bgl_21857,Normal
bgl_21858,Normal
bgl_21859,Normal
bgl_21860,Normal
bgl_21861,Normal
bgl_21862,Normal
bgl_21863,Normal
bgl_21864,Normal
bgl_21865,Normal
bgl_21866,Normal
bgl_21867,Normal
bgl_21868,Normal
bgl_21869,Normal
bgl_21870,Normal
bgl_21871,Normal
bgl_21872,Normal
bgl_21873,Normal
bgl_21874,Normal
bgl_21875,Normal
bgl_21876,Normal
bgl_21877,Normal
bgl_21878,Normal
bgl_21879,Normal
bgl_21880,Normal
bgl_21881,Normal
bgl_21882,Normal
bgl_21883,Normal
bgl_21884,Normal
bgl_21885,Normal
bgl_21886,Normal
bgl_21887,Normal
bgl_21888,Normal
bgl_21889,Normal
bgl_21890,Normal
bgl_21891,Normal
bgl_21892,Normal
bgl_21893,Normal
bgl_21894,Normal
bgl_21895,Normal
bgl_21896,Normal
bgl_21897,Normal
bgl_21898,Normal
bgl_21899,Normal
bgl_21900,Normal
bgl_21901,Normal
bgl_21902,Normal
bgl_21903,Normal
bgl_21904,Normal
bgl_21905,Normal
bgl_21906,Normal
bgl_21907,Normal
bgl_21908,Normal
bgl_21909,Normal
bgl_21910,Normal
bgl_21911,Normal
bgl_21912,Normal
bgl_21913,Normal
bgl_21914,Normal
bgl_21915,Normal
bgl_21916,Normal
bgl_21917,Normal
bgl_21918,Normal
bgl_21919,Normal
bgl_21920,Normal
bgl_21921,Normal
bgl_21922,Normal
bgl_21923,Normal
bgl_21924,Normal
bgl_21925,Normal
bgl_21926,Normal
bgl_21927,Normal
bgl_21928,Normal
bgl_21929,Normal
bgl_21930,Normal
bgl_21931,Normal
bgl_21932,Normal
bgl_21933,Normal
bgl_21934,Normal
bgl_21935,Normal
bgl_21936,Normal
bgl_21937,Normal
bgl_21938,Normal
bgl_21939,Normal
bgl_21940,Normal
bgl_21941,Normal
bgl_21942,Normal
bgl_21943,Normal
bgl_21944,Normal
bgl_21945,Normal
bgl_21946,Normal
bgl_21947,Normal
bgl_21948,Normal
bgl_21949,Normal
bgl_21950,Normal
bgl_21951,Normal
bgl_21952,Normal
bgl_21953,Normal
bgl_21954,Normal
bgl_21955,Normal
bgl_21956,Normal
bgl_21957,Normal
bgl_21958,Normal
bgl_21959,Normal
bgl_21960,Normal
bgl_21961,Normal
bgl_21962,Normal
bgl_21963,Normal
bgl_21964,Normal
bgl_21965,Normal
bgl_21966,Normal
bgl_21967,Normal
bgl_21968,Normal
bgl_21969,Normal
bgl_21970,Normal
bgl_21971,Normal
bgl_21972,Normal
bgl_21973,Normal
bgl_21974,Normal
bgl_21975,Normal
bgl_21976,Normal
bgl_21977,Normal
bgl_21978,Normal
bgl_21979,Normal
bgl_21980,Normal
bgl_21981,Normal
bgl_21982,Normal
bgl_21983,Normal
bgl_21984,Normal
bgl_21985,Normal
bgl_21986,Normal
bgl_21987,Normal
bgl_21988,Normal
bgl_21989,Normal
bgl_21990,Normal
bgl_21991,Normal
bgl_21992,Normal
bgl_21993,Normal
bgl_21994,Normal
bgl_21995,Normal
bgl_21996,Normal
bgl_21997,Normal
bgl_21998,Normal
bgl_21999,Normal
bgl_22000,Normal
bgl_22001,Normal
bgl_22002,Normal
bgl_22003,Normal
bgl_22004,Normal
bgl_22005,Normal
bgl_22006,Normal
bgl_22007,Normal
bgl_22008,Normal
bgl_22009,Normal
bgl_22010,Normal
bgl_22011,Normal
bgl_22012,Normal
bgl_22013,Normal
bgl_22014,Normal
bgl_22015,Normal
bgl_22016,Normal
bgl_22017,Normal
bgl_22018,Normal
bgl_22019,Normal
bgl_22020,Normal
bgl_22021,Normal
bgl_22022,Normal
bgl_22023,Normal
bgl_22024,Normal
bgl_22025,Normal
bgl_22026,Normal
bgl_22027,Normal
bgl_22028,Normal
bgl_22029,Normal
bgl_22030,Normal
bgl_22031,Normal
bgl_22032,Normal
bgl_22033,Normal
bgl_22034,Normal
bgl_22035,Normal
bgl_22036,Normal
bgl_22037,Normal
bgl_22038,Normal
bgl_22039,Normal
bgl_22040,Normal
bgl_22041,Normal
bgl_22042,Normal
bgl_22043,Normal
bgl_22044,Normal
bgl_22045,Normal
bgl_22046,Normal
bgl_22047,Normal
bgl_22048,Normal
bgl_22049,Normal
bgl_22050,Normal
bgl_22051,Normal
bgl_22052,Normal
bgl_22053,Normal
bgl_22054,Normal
bgl_22055,Normal
bgl_22056,Normal
bgl_22057,Normal
bgl_22058,Normal
bgl_22059,Normal
bgl_22060,Normal
bgl_22061,Normal
bgl_22062,Normal
bgl_22063,Normal
bgl_22064,Normal
bgl_22065,Normal
bgl_22066,Normal
bgl_22067,Normal
bgl_22068,Normal
bgl_22069,Normal
bgl_22070,Normal
bgl_22071,Normal
bgl_22072,Normal
bgl_22073,Normal
bgl_22074,Normal
bgl_22075,Normal
bgl_22076,Normal
bgl_22077,Normal
bgl_22078,Normal
bgl_22079,Normal
bgl_22080,Normal
bgl_22081,Normal
bgl_22082,Normal
bgl_22083,Normal
bgl_22084,Normal
bgl_22085,Normal
bgl_22086,Normal
bgl_22087,Normal
bgl_22088,Normal
bgl_22089,Normal
bgl_22090,Normal
bgl_22091,Normal
bgl_22092,Normal
bgl_22093,Normal
bgl_22094,Normal
bgl_22095,Normal
bgl_22096,Normal
bgl_22097,Normal
bgl_22098,Normal
bgl_22099,Normal
bgl_22100,Normal
bgl_22101,Normal
bgl_22102,Normal
bgl_22103,Normal
bgl_22104,Normal
bgl_22105,Normal
bgl_22106,Normal
bgl_22107,Normal
bgl_22108,Normal
bgl_22109,Normal
bgl_22110,Normal
bgl_22111,Normal
bgl_22112,Normal
bgl_22113,Normal
bgl_22114,Normal
bgl_22115,Normal
bgl_22116,Normal
bgl_22117,Normal
bgl_22118,Normal
bgl_22119,Normal
bgl_22120,Normal
bgl_22121,Normal
bgl_22122,Normal
bgl_22123,Normal
bgl_22124,Normal
bgl_22125,Normal
bgl_22126,Normal
bgl_22127,Normal
bgl_22128,Normal
bgl_22129,Normal
bgl_22130,Normal
bgl_22131,Normal
bgl_22132,Normal
bgl_22133,Normal
bgl_22134,Normal
bgl_22135,Normal
bgl_22136,Normal
bgl_22137,Normal
bgl_22138,Normal
bgl_22139,Normal
bgl_22140,Normal
bgl_22141,Normal
bgl_22142,Normal
bgl_22143,Normal
bgl_22144,Normal
bgl_22145,Normal
bgl_22146,Normal
bgl_22147,Normal
bgl_22148,Normal
bgl_22149,Normal
bgl_22150,Normal
bgl_22151,Normal
bgl_22152,Normal
bgl_22153,Normal
bgl_22154,Normal
bgl_22155,Normal
bgl_22156,Normal
bgl_22157,Normal
bgl_22158,Normal
bgl_22159,Normal
bgl_22160,Normal
bgl_22161,Normal
bgl_22162,Normal
bgl_22163,Normal
bgl_22164,Normal
bgl_22165,Normal
bgl_22166,Normal
bgl_22167,Normal
bgl_22168,Normal
bgl_22169,Normal
bgl_22170,Normal
bgl_22171,Normal
bgl_22172,Normal
bgl_22173,Normal
bgl_22174,Normal
bgl_22175,Normal
bgl_22176,Normal
bgl_22177,Normal
bgl_22178,Normal
bgl_22179,Normal
bgl_22180,Normal
bgl_22181,Normal
bgl_22182,Normal
bgl_22183,Normal
bgl_22184,Normal
bgl_22185,Normal
bgl_22186,Normal
bgl_22187,Normal
bgl_22188,Normal
bgl_22189,Normal
bgl_22190,Normal
bgl_22191,Normal
bgl_22192,Normal
bgl_22193,Normal
bgl_22194,Normal
bgl_22195,Normal
bgl_22196,Normal
bgl_22197,Normal
bgl_22198,Normal
bgl_22199,Normal
bgl_22200,Normal
bgl_22201,Normal
bgl_22202,Normal
bgl_22203,Normal
bgl_22204,Normal
bgl_22205,Normal
bgl_22206,Normal
bgl_22207,Normal
bgl_22208,Normal
bgl_22209,Normal
bgl_22210,Normal
bgl_22211,Normal
bgl_22212,Normal
bgl_22213,Normal
bgl_22214,Normal
bgl_22215,Normal
bgl_22216,Normal
bgl_22217,Normal
bgl_22218,Normal
bgl_22219,Normal
bgl_22220,Normal
bgl_22221,Normal
bgl_22222,Normal
bgl_22223,Normal
bgl_22224,Normal
bgl_22225,Normal
bgl_22226,Normal
bgl_22227,Normal
bgl_22228,Normal
bgl_22229,Normal
bgl_22230,Normal
bgl_22231,Normal
bgl_22232,Normal
bgl_22233,Normal
bgl_22234,Normal
bgl_22235,Normal
bgl_22236,Normal
bgl_22237,Normal
bgl_22238,Normal
bgl_22239,Normal
bgl_22240,Normal
bgl_22241,Normal
bgl_22242,Normal
bgl_22243,Normal
bgl_22244,Normal
bgl_22245,Normal
bgl_22246,Normal
bgl_22247,Normal
bgl_22248,Normal
bgl_22249,Normal
bgl_22250,Normal
bgl_22251,Normal
bgl_22252,Normal
bgl_22253,Normal
bgl_22254,Normal
bgl_22255,Normal
bgl_22256,Normal
bgl_22257,Normal
bgl_22258,Normal
bgl_22259,Normal
bgl_22260,Normal
bgl_22261,Normal
bgl_22262,Normal
bgl_22263,Normal
bgl_22264,Normal
bgl_22265,Normal
bgl_22266,Normal
bgl_22267,Normal
bgl_22268,Normal
bgl_22269,Normal
bgl_22270,Normal
bgl_22271,Normal
bgl_22272,Normal
bgl_22273,Normal
bgl_22274,Normal
bgl_22275,Normal
bgl_22276,Normal
bgl_22277,Normal
bgl_22278,Normal
bgl_22279,Normal
bgl_22280,Normal
bgl_22281,Normal
bgl_22282,Normal
bgl_22283,Normal
bgl_22284,Normal
bgl_22285,Normal
bgl_22286,Normal
bgl_22287,Normal
bgl_22288,Normal
bgl_22289,Normal
bgl_22290,Normal
bgl_22291,Normal
bgl_22292,Anomaly
bgl_22293,Anomaly
bgl_22294,Normal
bgl_22295,Normal
bgl_22296,Normal
bgl_22297,Normal
bgl_22298,Normal
bgl_22299,Normal
bgl_22300,Normal
bgl_22301,Normal
bgl_22302,Normal
bgl_22303,Normal
bgl_22304,Normal
bgl_22305,Normal
bgl_22306,Normal
bgl_22307,Normal
bgl_22308,Normal
bgl_22309,Normal
bgl_22310,Normal
bgl_22311,Normal
bgl_22312,Normal
bgl_22313,Normal
bgl_22314,Normal
bgl_22315,Normal
bgl_22316,Normal
bgl_22317,Normal
bgl_22318,Normal
bgl_22319,Normal
bgl_22320,Normal
bgl_22321,Normal
bgl_22322,Normal
bgl_22323,Normal
bgl_22324,Normal
bgl_22325,Normal
bgl_22326,Normal
bgl_22327,Normal
bgl_22328,Normal
bgl_22329,Normal
bgl_22330,Normal
bgl_22331,Normal
bgl_22332,Normal
bgl_22333,Normal
bgl_22334,Normal
bgl_22335,Normal
bgl_22336,Normal
bgl_22337,Normal
bgl_22338,Normal
bgl_22339,Normal
bgl_22340,Normal
bgl_22341,Normal
bgl_22342,Normal
bgl_22343,Normal
bgl_22344,Normal
bgl_22345,Normal
bgl_22346,Normal
bgl_22347,Normal
bgl_22348,Normal
bgl_22349,Normal
bgl_22350,Normal
bgl_22351,Normal
bgl_22352,Normal
bgl_22353,Normal
bgl_22354,Normal
bgl_22355,Normal
bgl_22356,Normal
bgl_22357,Normal
bgl_22358,Normal
bgl_22359,Normal
bgl_22360,Normal
bgl_22361,Normal
bgl_22362,Normal
bgl_22363,Normal
bgl_22364,Normal
bgl_22365,Normal
bgl_22366,Normal
bgl_22367,Normal
bgl_22368,Normal
bgl_22369,Normal
bgl_22370,Normal
bgl_22371,Normal
bgl_22372,Normal
bgl_22373,Normal
bgl_22374,Normal
bgl_22375,Normal
bgl_22376,Normal
bgl_22377,Normal
bgl_22378,Normal
bgl_22379,Normal
bgl_22380,Normal
bgl_22381,Normal
bgl_22382,Normal
bgl_22383,Normal
bgl_22384,Normal
bgl_22385,Normal
bgl_22386,Normal
bgl_22387,Normal
bgl_22388,Normal
bgl_22389,Normal
bgl_22390,Normal
bgl_22391,Normal
bgl_22392,Normal
bgl_22393,Normal
bgl_22394,Normal
bgl_22395,Normal
bgl_22396,Normal
bgl_22397,Normal
bgl_22398,Normal
bgl_22399,Normal
bgl_22400,Normal
bgl_22401,Normal
bgl_22402,Normal
bgl_22403,Normal
bgl_22404,Normal
bgl_22405,Normal
bgl_22406,Normal
bgl_22407,Normal
bgl_22408,Normal
bgl_22409,Normal
bgl_22410,Normal
bgl_22411,Normal
bgl_22412,Normal
bgl_22413,Normal
bgl_22414,Normal
bgl_22415,Normal
bgl_22416,Normal
bgl_22417,Normal
bgl_22418,Normal
bgl_22419,Normal
bgl_22420,Normal
bgl_22421,Normal
bgl_22422,Anomaly
bgl_22423,Anomaly
bgl_22424,Anomaly
bgl_22425,Anomaly
bgl_22426,Anomaly
bgl_22427,Anomaly
bgl_22428,Anomaly
bgl_22429,Anomaly
bgl_22430,Anomaly
bgl_22431,Anomaly
bgl_22432,Normal
bgl_22433,Normal
bgl_22434,Anomaly
bgl_22435,Anomaly
bgl_22436,Anomaly
bgl_22437,Anomaly
bgl_22438,Normal
bgl_22439,Normal
bgl_22440,Normal
bgl_22441,Normal
bgl_22442,Normal
bgl_22443,Normal
bgl_22444,Normal
bgl_22445,Normal
bgl_22446,Normal
bgl_22447,Normal
bgl_22448,Normal
bgl_22449,Normal
bgl_22450,Normal
bgl_22451,Normal
bgl_22452,Normal
bgl_22453,Normal
bgl_22454,Normal
bgl_22455,Normal
bgl_22456,Normal
bgl_22457,Normal
bgl_22458,Normal
bgl_22459,Normal
bgl_22460,Normal
bgl_22461,Normal
bgl_22462,Normal
bgl_22463,Normal
bgl_22464,Normal
bgl_22465,Normal
bgl_22466,Normal
bgl_22467,Normal
bgl_22468,Normal
bgl_22469,Normal
bgl_22470,Normal
bgl_22471,Normal
bgl_22472,Normal
bgl_22473,Normal
bgl_22474,Normal
bgl_22475,Normal
bgl_22476,Normal
bgl_22477,Normal
bgl_22478,Normal
bgl_22479,Normal
bgl_22480,Normal
bgl_22481,Normal
bgl_22482,Normal
bgl_22483,Normal
bgl_22484,Normal
bgl_22485,Normal
bgl_22486,Normal
bgl_22487,Normal
bgl_22488,Normal
bgl_22489,Normal
bgl_22490,Normal
bgl_22491,Normal
bgl_22492,Normal
bgl_22493,Normal
bgl_22494,Normal
bgl_22495,Normal
bgl_22496,Normal
bgl_22497,Normal
bgl_22498,Normal
bgl_22499,Normal
bgl_22500,Normal
bgl_22501,Normal
bgl_22502,Normal
bgl_22503,Normal
bgl_22504,Normal
bgl_22505,Normal
bgl_22506,Normal
bgl_22507,Normal
bgl_22508,Normal
bgl_22509,Normal
bgl_22510,Normal
bgl_22511,Normal
bgl_22512,Normal
bgl_22513,Normal
bgl_22514,Normal
bgl_22515,Normal
bgl_22516,Normal
bgl_22517,Normal
bgl_22518,Normal
bgl_22519,Normal
bgl_22520,Normal
bgl_22521,Normal
bgl_22522,Normal
bgl_22523,Normal
bgl_22524,Normal
bgl_22525,Normal
bgl_22526,Normal
bgl_22527,Normal
bgl_22528,Normal
bgl_22529,Normal
bgl_22530,Normal
bgl_22531,Normal
bgl_22532,Normal
bgl_22533,Normal
bgl_22534,Normal
bgl_22535,Normal
bgl_22536,Normal
bgl_22537,Normal
bgl_22538,Normal
bgl_22539,Normal
bgl_22540,Normal
bgl_22541,Normal
bgl_22542,Normal
bgl_22543,Normal
bgl_22544,Normal
bgl_22545,Normal
bgl_22546,Normal
bgl_22547,Normal
bgl_22548,Normal
bgl_22549,Normal
bgl_22550,Normal
bgl_22551,Normal
bgl_22552,Normal
bgl_22553,Normal
bgl_22554,Normal
bgl_22555,Normal
bgl_22556,Normal
bgl_22557,Normal
bgl_22558,Normal
bgl_22559,Normal
bgl_22560,Normal
bgl_22561,Normal
bgl_22562,Normal
bgl_22563,Normal
bgl_22564,Normal
bgl_22565,Normal
bgl_22566,Normal
bgl_22567,Normal
bgl_22568,Normal
bgl_22569,Normal
bgl_22570,Normal
bgl_22571,Normal
bgl_22572,Normal
bgl_22573,Normal
bgl_22574,Normal
bgl_22575,Normal
bgl_22576,Normal
bgl_22577,Normal
bgl_22578,Normal
bgl_22579,Normal
bgl_22580,Normal
bgl_22581,Normal
bgl_22582,Normal
bgl_22583,Normal
bgl_22584,Normal
bgl_22585,Normal
bgl_22586,Normal
bgl_22587,Normal
bgl_22588,Normal
bgl_22589,Normal
bgl_22590,Normal
bgl_22591,Normal
bgl_22592,Normal
bgl_22593,Normal
bgl_22594,Normal
bgl_22595,Normal
bgl_22596,Normal
bgl_22597,Normal
bgl_22598,Normal
bgl_22599,Normal
bgl_22600,Normal
bgl_22601,Normal
bgl_22602,Normal
bgl_22603,Normal
bgl_22604,Normal
bgl_22605,Normal
bgl_22606,Normal
bgl_22607,Normal
bgl_22608,Normal
bgl_22609,Normal
bgl_22610,Normal
bgl_22611,Normal
bgl_22612,Normal
bgl_22613,Normal
bgl_22614,Normal
bgl_22615,Normal
bgl_22616,Normal
bgl_22617,Normal
bgl_22618,Normal
bgl_22619,Normal
bgl_22620,Normal
bgl_22621,Normal
bgl_22622,Normal
bgl_22623,Normal
bgl_22624,Normal
bgl_22625,Normal
bgl_22626,Normal
bgl_22627,Normal
bgl_22628,Normal
bgl_22629,Normal
bgl_22630,Normal
bgl_22631,Normal
bgl_22632,Normal
bgl_22633,Normal
bgl_22634,Normal
bgl_22635,Normal
bgl_22636,Normal
bgl_22637,Normal
bgl_22638,Normal
bgl_22639,Normal
bgl_22640,Normal
bgl_22641,Normal
bgl_22642,Normal
bgl_22643,Normal
bgl_22644,Normal
bgl_22645,Normal
bgl_22646,Normal
bgl_22647,Normal
bgl_22648,Normal
bgl_22649,Normal
bgl_22650,Normal
bgl_22651,Normal
bgl_22652,Normal
bgl_22653,Normal
bgl_22654,Normal
bgl_22655,Normal
bgl_22656,Normal
bgl_22657,Normal
bgl_22658,Normal
bgl_22659,Normal
bgl_22660,Normal
bgl_22661,Normal
bgl_22662,Normal
bgl_22663,Normal
bgl_22664,Normal
bgl_22665,Normal
bgl_22666,Normal
bgl_22667,Normal
bgl_22668,Normal
bgl_22669,Normal
bgl_22670,Normal
bgl_22671,Normal
bgl_22672,Normal
bgl_22673,Normal
bgl_22674,Normal
bgl_22675,Normal
bgl_22676,Normal
bgl_22677,Normal
bgl_22678,Normal
bgl_22679,Normal
bgl_22680,Normal
bgl_22681,Normal
bgl_22682,Normal
bgl_22683,Normal
bgl_22684,Normal
bgl_22685,Normal
bgl_22686,Normal
bgl_22687,Normal
bgl_22688,Normal
bgl_22689,Normal
bgl_22690,Normal
bgl_22691,Normal
bgl_22692,Normal
bgl_22693,Normal
bgl_22694,Normal
bgl_22695,Normal
bgl_22696,Normal
bgl_22697,Normal
bgl_22698,Normal
bgl_22699,Normal
bgl_22700,Normal
bgl_22701,Normal
bgl_22702,Normal
bgl_22703,Normal
bgl_22704,Normal
bgl_22705,Normal
bgl_22706,Normal
bgl_22707,Normal
bgl_22708,Normal
bgl_22709,Normal
bgl_22710,Normal
bgl_22711,Normal
bgl_22712,Normal
bgl_22713,Normal
bgl_22714,Normal
bgl_22715,Normal
bgl_22716,Normal
bgl_22717,Normal
bgl_22718,Normal
bgl_22719,Normal
bgl_22720,Normal
bgl_22721,Normal
bgl_22722,Normal
bgl_22723,Normal
bgl_22724,Normal
bgl_22725,Normal
bgl_22726,Normal
bgl_22727,Normal
bgl_22728,Normal
bgl_22729,Normal
bgl_22730,Normal
bgl_22731,Normal
bgl_22732,Normal
bgl_22733,Normal
bgl_22734,Normal
bgl_22735,Normal
bgl_22736,Normal
bgl_22737,Normal
bgl_22738,Normal
bgl_22739,Normal
bgl_22740,Normal
bgl_22741,Normal
bgl_22742,Normal
bgl_22743,Normal
bgl_22744,Normal
bgl_22745,Normal
bgl_22746,Normal
bgl_22747,Normal
bgl_22748,Normal
bgl_22749,Normal
bgl_22750,Normal
bgl_22751,Normal
bgl_22752,Normal
bgl_22753,Normal
bgl_22754,Normal
bgl_22755,Normal
bgl_22756,Normal
bgl_22757,Normal
bgl_22758,Normal
bgl_22759,Normal
bgl_22760,Normal
bgl_22761,Normal
bgl_22762,Normal
bgl_22763,Normal
bgl_22764,Normal
bgl_22765,Normal
bgl_22766,Normal
bgl_22767,Normal
bgl_22768,Normal
bgl_22769,Normal
bgl_22770,Normal
bgl_22771,Normal
bgl_22772,Normal
bgl_22773,Normal
bgl_22774,Normal
bgl_22775,Normal
bgl_22776,Normal
bgl_22777,Normal
bgl_22778,Normal
bgl_22779,Normal
bgl_22780,Normal
bgl_22781,Normal
bgl_22782,Normal
bgl_22783,Normal
bgl_22784,Normal
bgl_22785,Normal
bgl_22786,Normal
bgl_22787,Normal
bgl_22788,Normal
bgl_22789,Normal
bgl_22790,Normal
bgl_22791,Normal
bgl_22792,Normal
bgl_22793,Normal
bgl_22794,Normal
bgl_22795,Normal
bgl_22796,Normal
bgl_22797,Normal
bgl_22798,Normal
bgl_22799,Normal
bgl_22800,Normal
bgl_22801,Normal
bgl_22802,Normal
bgl_22803,Normal
bgl_22804,Normal
bgl_22805,Normal
bgl_22806,Normal
bgl_22807,Normal
bgl_22808,Normal
bgl_22809,Normal
bgl_22810,Normal
bgl_22811,Normal
bgl_22812,Normal
bgl_22813,Normal
bgl_22814,Normal
bgl_22815,Normal
bgl_22816,Normal
bgl_22817,Normal
bgl_22818,Normal
bgl_22819,Normal
bgl_22820,Normal
bgl_22821,Normal
bgl_22822,Normal
bgl_22823,Normal
bgl_22824,Normal
bgl_22825,Normal
bgl_22826,Normal
bgl_22827,Normal
bgl_22828,Normal
bgl_22829,Normal
bgl_22830,Normal
bgl_22831,Normal
bgl_22832,Normal
bgl_22833,Normal
bgl_22834,Normal
bgl_22835,Normal
bgl_22836,Normal
bgl_22837,Normal
bgl_22838,Normal
bgl_22839,Normal
bgl_22840,Normal
bgl_22841,Normal
bgl_22842,Normal
bgl_22843,Normal
bgl_22844,Normal
bgl_22845,Normal
bgl_22846,Normal
bgl_22847,Normal
bgl_22848,Normal
bgl_22849,Normal
bgl_22850,Normal
bgl_22851,Normal
bgl_22852,Normal
bgl_22853,Normal
bgl_22854,Normal
bgl_22855,Normal
bgl_22856,Normal
bgl_22857,Normal
bgl_22858,Normal
bgl_22859,Normal
bgl_22860,Normal
bgl_22861,Normal
bgl_22862,Normal
bgl_22863,Normal
bgl_22864,Normal
bgl_22865,Normal
bgl_22866,Normal
bgl_22867,Normal
bgl_22868,Normal
bgl_22869,Normal
bgl_22870,Normal
bgl_22871,Normal
bgl_22872,Normal
bgl_22873,Normal
bgl_22874,Normal
bgl_22875,Normal
bgl_22876,Normal
bgl_22877,Normal
bgl_22878,Normal
bgl_22879,Normal
bgl_22880,Normal
bgl_22881,Normal
bgl_22882,Normal
bgl_22883,Normal
bgl_22884,Normal
bgl_22885,Normal
bgl_22886,Normal
bgl_22887,Normal
bgl_22888,Normal
bgl_22889,Normal
bgl_22890,Normal
bgl_22891,Normal
bgl_22892,Normal
bgl_22893,Normal
bgl_22894,Normal
bgl_22895,Normal
bgl_22896,Normal
bgl_22897,Normal
bgl_22898,Normal
bgl_22899,Normal
bgl_22900,Normal
bgl_22901,Normal
bgl_22902,Normal
bgl_22903,Normal
bgl_22904,Normal
bgl_22905,Normal
bgl_22906,Normal
bgl_22907,Normal
bgl_22908,Normal
bgl_22909,Normal
bgl_22910,Normal
bgl_22911,Normal
bgl_22912,Normal
bgl_22913,Normal
bgl_22914,Normal
bgl_22915,Normal
bgl_22916,Normal
bgl_22917,Normal
bgl_22918,Normal
bgl_22919,Normal
bgl_22920,Normal
bgl_22921,Normal
bgl_22922,Normal
bgl_22923,Normal
bgl_22924,Normal
bgl_22925,Normal
bgl_22926,Normal
bgl_22927,Normal
bgl_22928,Normal
bgl_22929,Normal
bgl_22930,Normal
bgl_22931,Normal
bgl_22932,Normal
bgl_22933,Normal
bgl_22934,Normal
bgl_22935,Normal
bgl_22936,Normal
bgl_22937,Normal
bgl_22938,Normal
bgl_22939,Normal
bgl_22940,Normal
bgl_22941,Normal
bgl_22942,Normal
bgl_22943,Normal
bgl_22944,Normal
bgl_22945,Normal
bgl_22946,Normal
bgl_22947,Normal
bgl_22948,Normal
bgl_22949,Normal
bgl_22950,Normal
bgl_22951,Normal
bgl_22952,Normal
bgl_22953,Normal
bgl_22954,Normal
bgl_22955,Normal
bgl_22956,Normal
bgl_22957,Normal
bgl_22958,Normal
bgl_22959,Normal
bgl_22960,Normal
bgl_22961,Normal
bgl_22962,Normal
bgl_22963,Normal
bgl_22964,Normal
bgl_22965,Normal
bgl_22966,Normal
bgl_22967,Normal
bgl_22968,Normal
bgl_22969,Normal
bgl_22970,Normal
bgl_22971,Normal
bgl_22972,Normal
bgl_22973,Normal
bgl_22974,Normal
bgl_22975,Normal
bgl_22976,Normal
bgl_22977,Normal
bgl_22978,Normal
bgl_22979,Normal
bgl_22980,Normal
bgl_22981,Normal
bgl_22982,Normal
bgl_22983,Normal
bgl_22984,Normal
bgl_22985,Normal
bgl_22986,Normal
bgl_22987,Normal
bgl_22988,Normal
bgl_22989,Normal
bgl_22990,Normal
bgl_22991,Normal
bgl_22992,Normal
bgl_22993,Normal
bgl_22994,Normal
bgl_22995,Normal
bgl_22996,Normal
bgl_22997,Normal
bgl_22998,Normal
bgl_22999,Normal
bgl_23000,Normal
bgl_23001,Normal
bgl_23002,Normal
bgl_23003,Normal
bgl_23004,Normal
bgl_23005,Normal
bgl_23006,Normal
bgl_23007,Normal
bgl_23008,Normal
bgl_23009,Normal
bgl_23010,Normal
bgl_23011,Normal
bgl_23012,Normal
bgl_23013,Normal
bgl_23014,Normal
bgl_23015,Normal
bgl_23016,Normal
bgl_23017,Normal
bgl_23018,Normal
bgl_23019,Normal
bgl_23020,Normal
bgl_23021,Normal
bgl_23022,Normal
bgl_23023,Normal
bgl_23024,Normal
bgl_23025,Normal
bgl_23026,Normal
bgl_23027,Normal
bgl_23028,Normal
bgl_23029,Normal
bgl_23030,Normal
bgl_23031,Normal
bgl_23032,Normal
bgl_23033,Normal
bgl_23034,Normal
bgl_23035,Normal
bgl_23036,Normal
bgl_23037,Normal
bgl_23038,Normal
bgl_23039,Normal
bgl_23040,Normal
bgl_23041,Normal
bgl_23042,Normal
bgl_23043,Normal
bgl_23044,Normal
bgl_23045,Normal
bgl_23046,Normal
bgl_23047,Normal
bgl_23048,Normal
bgl_23049,Normal
bgl_23050,Normal
bgl_23051,Normal
bgl_23052,Normal
bgl_23053,Normal
bgl_23054,Normal
bgl_23055,Normal
bgl_23056,Normal
bgl_23057,Normal
bgl_23058,Normal
bgl_23059,Normal
bgl_23060,Normal
bgl_23061,Normal
bgl_23062,Normal
bgl_23063,Normal
bgl_23064,Normal
bgl_23065,Normal
bgl_23066,Normal
bgl_23067,Normal
bgl_23068,Normal
bgl_23069,Normal
bgl_23070,Normal
bgl_23071,Normal
bgl_23072,Normal
bgl_23073,Normal
bgl_23074,Normal
bgl_23075,Normal
bgl_23076,Normal
bgl_23077,Normal
bgl_23078,Normal
bgl_23079,Normal
bgl_23080,Normal
bgl_23081,Normal
bgl_23082,Normal
bgl_23083,Normal
bgl_23084,Normal
bgl_23085,Normal
bgl_23086,Normal
bgl_23087,Normal
bgl_23088,Normal
bgl_23089,Normal
bgl_23090,Normal
bgl_23091,Normal
bgl_23092,Normal
bgl_23093,Normal
bgl_23094,Normal
bgl_23095,Normal
bgl_23096,Normal
bgl_23097,Normal
bgl_23098,Normal
bgl_23099,Normal
bgl_23100,Normal
bgl_23101,Normal
bgl_23102,Normal
bgl_23103,Normal
bgl_23104,Normal
bgl_23105,Normal
bgl_23106,Normal
bgl_23107,Normal
bgl_23108,Normal
bgl_23109,Normal
bgl_23110,Normal
bgl_23111,Normal
bgl_23112,Normal
bgl_23113,Normal
bgl_23114,Normal
bgl_23115,Normal
bgl_23116,Normal
bgl_23117,Normal
bgl_23118,Normal
bgl_23119,Normal
bgl_23120,Normal
bgl_23121,Normal
bgl_23122,Normal
bgl_23123,Normal
bgl_23124,Normal
bgl_23125,Normal
bgl_23126,Normal
bgl_23127,Normal
bgl_23128,Normal
bgl_23129,Normal
bgl_23130,Normal
bgl_23131,Normal
bgl_23132,Normal
bgl_23133,Normal
bgl_23134,Normal
bgl_23135,Normal
bgl_23136,Normal
bgl_23137,Normal
bgl_23138,Normal
bgl_23139,Normal
bgl_23140,Normal
bgl_23141,Normal
bgl_23142,Normal
bgl_23143,Normal
bgl_23144,Normal
bgl_23145,Normal
bgl_23146,Normal
bgl_23147,Normal
bgl_23148,Normal
bgl_23149,Normal
bgl_23150,Normal
bgl_23151,Normal
bgl_23152,Normal
bgl_23153,Normal
bgl_23154,Normal
bgl_23155,Normal
bgl_23156,Normal
bgl_23157,Normal
bgl_23158,Normal
bgl_23159,Normal
bgl_23160,Normal
bgl_23161,Normal
bgl_23162,Normal
bgl_23163,Normal
bgl_23164,Normal
bgl_23165,Normal
bgl_23166,Normal
bgl_23167,Normal
bgl_23168,Normal
bgl_23169,Normal
bgl_23170,Normal
bgl_23171,Normal
bgl_23172,Normal
bgl_23173,Normal
bgl_23174,Normal
bgl_23175,Normal
bgl_23176,Normal
bgl_23177,Normal
bgl_23178,Normal
bgl_23179,Normal
bgl_23180,Normal
bgl_23181,Normal
bgl_23182,Normal
bgl_23183,Normal
bgl_23184,Normal
bgl_23185,Normal
bgl_23186,Normal
bgl_23187,Normal
bgl_23188,Normal
bgl_23189,Normal
bgl_23190,Normal
bgl_23191,Normal
bgl_23192,Normal
bgl_23193,Normal
bgl_23194,Normal
bgl_23195,Normal
bgl_23196,Normal
bgl_23197,Normal
bgl_23198,Normal
bgl_23199,Normal
bgl_23200,Normal
bgl_23201,Normal
bgl_23202,Normal
bgl_23203,Normal
bgl_23204,Normal
bgl_23205,Normal
bgl_23206,Normal
bgl_23207,Normal
bgl_23208,Normal
bgl_23209,Normal
bgl_23210,Normal
bgl_23211,Normal
bgl_23212,Normal
bgl_23213,Normal
bgl_23214,Normal
bgl_23215,Normal
bgl_23216,Normal
bgl_23217,Normal
bgl_23218,Normal
bgl_23219,Normal
bgl_23220,Normal
bgl_23221,Normal
bgl_23222,Normal
bgl_23223,Normal
bgl_23224,Normal
bgl_23225,Normal
bgl_23226,Normal
bgl_23227,Normal
bgl_23228,Normal
bgl_23229,Normal
bgl_23230,Normal
bgl_23231,Normal
bgl_23232,Normal
bgl_23233,Normal
bgl_23234,Normal
bgl_23235,Normal
bgl_23236,Normal
bgl_23237,Normal
bgl_23238,Normal
bgl_23239,Normal
bgl_23240,Normal
bgl_23241,Normal
bgl_23242,Normal
bgl_23243,Normal
bgl_23244,Normal
bgl_23245,Normal
bgl_23246,Normal
bgl_23247,Normal
bgl_23248,Normal
bgl_23249,Normal
bgl_23250,Normal
bgl_23251,Normal
bgl_23252,Normal
bgl_23253,Normal
bgl_23254,Normal
bgl_23255,Normal
bgl_23256,Normal
bgl_23257,Normal
bgl_23258,Normal
bgl_23259,Normal
bgl_23260,Normal
bgl_23261,Normal
bgl_23262,Normal
bgl_23263,Normal
bgl_23264,Normal
bgl_23265,Normal
bgl_23266,Normal
bgl_23267,Normal
bgl_23268,Normal
bgl_23269,Normal
bgl_23270,Normal
bgl_23271,Normal
bgl_23272,Normal
bgl_23273,Normal
bgl_23274,Normal
bgl_23275,Normal
bgl_23276,Normal
bgl_23277,Normal
bgl_23278,Normal
bgl_23279,Normal
bgl_23280,Normal
bgl_23281,Normal
bgl_23282,Normal
bgl_23283,Normal
bgl_23284,Normal
bgl_23285,Normal
bgl_23286,Normal
bgl_23287,Normal
bgl_23288,Normal
bgl_23289,Normal
bgl_23290,Normal
bgl_23291,Normal
bgl_23292,Normal
bgl_23293,Normal
bgl_23294,Normal
bgl_23295,Normal
bgl_23296,Normal
bgl_23297,Normal
bgl_23298,Normal
bgl_23299,Normal
bgl_23300,Normal
bgl_23301,Normal
bgl_23302,Normal
bgl_23303,Normal
bgl_23304,Normal
bgl_23305,Normal
bgl_23306,Normal
bgl_23307,Normal
bgl_23308,Normal
bgl_23309,Normal
bgl_23310,Normal
bgl_23311,Normal
bgl_23312,Normal
bgl_23313,Normal
bgl_23314,Normal
bgl_23315,Normal
bgl_23316,Normal
bgl_23317,Normal
bgl_23318,Normal
bgl_23319,Normal
bgl_23320,Normal
bgl_23321,Normal
bgl_23322,Normal
bgl_23323,Normal
bgl_23324,Normal
bgl_23325,Normal
bgl_23326,Normal
bgl_23327,Normal
bgl_23328,Normal
bgl_23329,Normal
bgl_23330,Normal
bgl_23331,Normal
bgl_23332,Normal
bgl_23333,Normal
bgl_23334,Normal
bgl_23335,Normal
bgl_23336,Normal
bgl_23337,Normal
bgl_23338,Normal
bgl_23339,Normal
bgl_23340,Normal
bgl_23341,Normal
bgl_23342,Normal
bgl_23343,Normal
bgl_23344,Normal
bgl_23345,Normal
bgl_23346,Normal
bgl_23347,Normal
bgl_23348,Normal
bgl_23349,Normal
bgl_23350,Normal
bgl_23351,Normal
bgl_23352,Normal
bgl_23353,Normal
bgl_23354,Normal
bgl_23355,Normal
bgl_23356,Normal
bgl_23357,Normal
bgl_23358,Normal
bgl_23359,Normal
bgl_23360,Normal
bgl_23361,Normal
bgl_23362,Normal
bgl_23363,Normal
bgl_23364,Normal
bgl_23365,Normal
bgl_23366,Normal
bgl_23367,Normal
bgl_23368,Normal
bgl_23369,Normal
bgl_23370,Normal
bgl_23371,Normal
bgl_23372,Normal
bgl_23373,Normal
bgl_23374,Normal
bgl_23375,Normal
bgl_23376,Normal
bgl_23377,Normal
bgl_23378,Normal
bgl_23379,Normal
bgl_23380,Normal
bgl_23381,Normal
bgl_23382,Normal
bgl_23383,Normal
bgl_23384,Normal
bgl_23385,Normal
bgl_23386,Normal
bgl_23387,Normal
bgl_23388,Normal
bgl_23389,Normal
bgl_23390,Normal
bgl_23391,Normal
bgl_23392,Normal
bgl_23393,Normal
bgl_23394,Normal
bgl_23395,Normal
bgl_23396,Normal
bgl_23397,Normal
bgl_23398,Normal
bgl_23399,Normal
bgl_23400,Normal
bgl_23401,Normal
bgl_23402,Normal
bgl_23403,Normal
bgl_23404,Normal
bgl_23405,Normal
bgl_23406,Normal
bgl_23407,Normal
bgl_23408,Normal
bgl_23409,Normal
bgl_23410,Normal
bgl_23411,Normal
bgl_23412,Normal
bgl_23413,Normal
bgl_23414,Normal
bgl_23415,Normal
bgl_23416,Normal
bgl_23417,Normal
bgl_23418,Normal
bgl_23419,Normal
bgl_23420,Normal
bgl_23421,Normal
bgl_23422,Normal
bgl_23423,Normal
bgl_23424,Normal
bgl_23425,Normal
bgl_23426,Normal
bgl_23427,Normal
bgl_23428,Normal
bgl_23429,Normal
bgl_23430,Normal
bgl_23431,Normal
bgl_23432,Normal
bgl_23433,Normal
bgl_23434,Normal
bgl_23435,Normal
bgl_23436,Normal
bgl_23437,Normal
bgl_23438,Normal
bgl_23439,Normal
bgl_23440,Normal
bgl_23441,Normal
bgl_23442,Normal
bgl_23443,Normal
bgl_23444,Normal
bgl_23445,Normal
bgl_23446,Normal
bgl_23447,Normal
bgl_23448,Normal
bgl_23449,Normal
bgl_23450,Normal
bgl_23451,Normal
bgl_23452,Normal
bgl_23453,Normal
bgl_23454,Normal
bgl_23455,Normal
bgl_23456,Normal
bgl_23457,Normal
bgl_23458,Normal
bgl_23459,Normal
bgl_23460,Normal
bgl_23461,Normal
bgl_23462,Normal
bgl_23463,Normal
bgl_23464,Normal
bgl_23465,Normal
bgl_23466,Normal
bgl_23467,Normal
bgl_23468,Normal
bgl_23469,Normal
bgl_23470,Normal
bgl_23471,Normal
bgl_23472,Normal
bgl_23473,Normal
bgl_23474,Normal
bgl_23475,Normal
bgl_23476,Normal
bgl_23477,Normal
bgl_23478,Normal
bgl_23479,Normal
bgl_23480,Normal
bgl_23481,Normal
bgl_23482,Normal
bgl_23483,Normal
bgl_23484,Normal
bgl_23485,Normal
bgl_23486,Normal
bgl_23487,Normal
bgl_23488,Normal
bgl_23489,Normal
bgl_23490,Normal
bgl_23491,Normal
bgl_23492,Normal
bgl_23493,Normal
bgl_23494,Normal
bgl_23495,Normal
bgl_23496,Normal
bgl_23497,Normal
bgl_23498,Normal
bgl_23499,Normal
bgl_23500,Normal
bgl_23501,Normal
bgl_23502,Normal
bgl_23503,Normal
bgl_23504,Normal
bgl_23505,Normal
bgl_23506,Normal
bgl_23507,Normal
bgl_23508,Normal
bgl_23509,Normal
bgl_23510,Normal
bgl_23511,Normal
bgl_23512,Normal
bgl_23513,Normal
bgl_23514,Normal
bgl_23515,Normal
bgl_23516,Normal
bgl_23517,Normal
bgl_23518,Normal
bgl_23519,Normal
bgl_23520,Normal
bgl_23521,Normal
bgl_23522,Normal
bgl_23523,Normal
bgl_23524,Normal
bgl_23525,Normal
bgl_23526,Normal
bgl_23527,Normal
bgl_23528,Normal
bgl_23529,Normal
bgl_23530,Normal
bgl_23531,Normal
bgl_23532,Normal
bgl_23533,Normal
bgl_23534,Normal
bgl_23535,Normal
bgl_23536,Normal
bgl_23537,Normal
bgl_23538,Normal
bgl_23539,Normal
bgl_23540,Normal
bgl_23541,Normal
bgl_23542,Normal
bgl_23543,Normal
bgl_23544,Normal
bgl_23545,Normal
bgl_23546,Normal
bgl_23547,Normal
bgl_23548,Normal
bgl_23549,Normal
bgl_23550,Normal
bgl_23551,Normal
bgl_23552,Normal
bgl_23553,Normal
bgl_23554,Normal
bgl_23555,Normal
bgl_23556,Normal
bgl_23557,Normal
bgl_23558,Normal
bgl_23559,Normal
bgl_23560,Normal
bgl_23561,Normal
bgl_23562,Normal
bgl_23563,Normal
bgl_23564,Normal
bgl_23565,Normal
bgl_23566,Normal
bgl_23567,Normal
bgl_23568,Normal
bgl_23569,Normal
bgl_23570,Normal
bgl_23571,Normal
bgl_23572,Normal
bgl_23573,Normal
bgl_23574,Normal
bgl_23575,Normal
bgl_23576,Normal
bgl_23577,Normal
bgl_23578,Normal
bgl_23579,Normal
bgl_23580,Normal
bgl_23581,Normal
bgl_23582,Normal
bgl_23583,Normal
bgl_23584,Normal
bgl_23585,Normal
bgl_23586,Normal
bgl_23587,Normal
bgl_23588,Normal
bgl_23589,Normal
bgl_23590,Normal
bgl_23591,Normal
bgl_23592,Normal
bgl_23593,Normal
bgl_23594,Normal
bgl_23595,Normal
bgl_23596,Normal
bgl_23597,Normal
bgl_23598,Normal
bgl_23599,Normal
bgl_23600,Normal
bgl_23601,Normal
bgl_23602,Normal
bgl_23603,Normal
bgl_23604,Normal
bgl_23605,Normal
bgl_23606,Normal
bgl_23607,Normal
bgl_23608,Normal
bgl_23609,Normal
bgl_23610,Normal
bgl_23611,Normal
bgl_23612,Normal
bgl_23613,Normal
bgl_23614,Normal
bgl_23615,Normal
bgl_23616,Normal
bgl_23617,Normal
bgl_23618,Normal
bgl_23619,Normal
bgl_23620,Normal
bgl_23621,Normal
bgl_23622,Normal
bgl_23623,Normal
bgl_23624,Normal
bgl_23625,Normal
bgl_23626,Normal
bgl_23627,Normal
bgl_23628,Normal
bgl_23629,Normal
bgl_23630,Normal
bgl_23631,Normal
bgl_23632,Normal
bgl_23633,Normal
bgl_23634,Normal
bgl_23635,Normal
bgl_23636,Normal
bgl_23637,Normal
bgl_23638,Normal
bgl_23639,Normal
bgl_23640,Normal
bgl_23641,Normal
bgl_23642,Normal
bgl_23643,Normal
bgl_23644,Normal
bgl_23645,Normal
bgl_23646,Normal
bgl_23647,Normal
bgl_23648,Normal
bgl_23649,Normal
bgl_23650,Normal
bgl_23651,Normal
bgl_23652,Normal
bgl_23653,Normal
bgl_23654,Normal
bgl_23655,Normal
bgl_23656,Normal
bgl_23657,Normal
bgl_23658,Normal
bgl_23659,Normal
bgl_23660,Normal
bgl_23661,Normal
bgl_23662,Normal
bgl_23663,Normal
bgl_23664,Normal
bgl_23665,Normal
bgl_23666,Normal
bgl_23667,Normal
bgl_23668,Normal
bgl_23669,Normal
bgl_23670,Normal
bgl_23671,Normal
bgl_23672,Normal
bgl_23673,Normal
bgl_23674,Normal
bgl_23675,Normal
bgl_23676,Normal
bgl_23677,Normal
bgl_23678,Normal
bgl_23679,Normal
bgl_23680,Normal
bgl_23681,Normal
bgl_23682,Normal
bgl_23683,Normal
bgl_23684,Normal
bgl_23685,Normal
bgl_23686,Normal
bgl_23687,Normal
bgl_23688,Normal
bgl_23689,Normal
bgl_23690,Normal
bgl_23691,Normal
bgl_23692,Normal
bgl_23693,Normal
bgl_23694,Normal
bgl_23695,Normal
bgl_23696,Normal
bgl_23697,Normal
bgl_23698,Normal
bgl_23699,Normal
bgl_23700,Normal
bgl_23701,Normal
bgl_23702,Normal
bgl_23703,Normal
bgl_23704,Normal
bgl_23705,Normal
bgl_23706,Normal
bgl_23707,Normal
bgl_23708,Normal
bgl_23709,Normal
bgl_23710,Normal
bgl_23711,Normal
bgl_23712,Normal
bgl_23713,Normal
bgl_23714,Normal
bgl_23715,Normal
bgl_23716,Normal
bgl_23717,Normal
bgl_23718,Normal
bgl_23719,Normal
bgl_23720,Normal
bgl_23721,Normal
bgl_23722,Normal
bgl_23723,Normal
bgl_23724,Normal
bgl_23725,Normal
bgl_23726,Normal
bgl_23727,Normal
bgl_23728,Normal
bgl_23729,Normal
bgl_23730,Normal
bgl_23731,Normal
bgl_23732,Normal
bgl_23733,Normal
bgl_23734,Normal
bgl_23735,Normal
bgl_23736,Normal
bgl_23737,Normal
bgl_23738,Normal
bgl_23739,Normal
bgl_23740,Normal
bgl_23741,Normal
bgl_23742,Normal
bgl_23743,Normal
bgl_23744,Normal
bgl_23745,Normal
bgl_23746,Normal
bgl_23747,Normal
bgl_23748,Normal
bgl_23749,Normal
bgl_23750,Normal
bgl_23751,Normal
bgl_23752,Normal
bgl_23753,Normal
bgl_23754,Normal
bgl_23755,Normal
bgl_23756,Normal
bgl_23757,Normal
bgl_23758,Normal
bgl_23759,Normal
bgl_23760,Normal
bgl_23761,Normal
bgl_23762,Normal
bgl_23763,Normal
bgl_23764,Normal
bgl_23765,Normal
bgl_23766,Normal
bgl_23767,Normal
bgl_23768,Normal
bgl_23769,Normal
bgl_23770,Normal
bgl_23771,Normal
bgl_23772,Normal
bgl_23773,Normal
bgl_23774,Normal
bgl_23775,Normal
bgl_23776,Normal
bgl_23777,Normal
bgl_23778,Normal
bgl_23779,Normal
bgl_23780,Normal
bgl_23781,Normal
bgl_23782,Normal
bgl_23783,Normal
bgl_23784,Normal
bgl_23785,Normal
bgl_23786,Normal
bgl_23787,Normal
bgl_23788,Normal
bgl_23789,Normal
bgl_23790,Normal
bgl_23791,Normal
bgl_23792,Normal
bgl_23793,Normal
bgl_23794,Normal
bgl_23795,Normal
bgl_23796,Normal
bgl_23797,Normal
bgl_23798,Normal
bgl_23799,Normal
bgl_23800,Normal
bgl_23801,Normal
bgl_23802,Normal
bgl_23803,Anomaly
bgl_23804,Normal
bgl_23805,Normal
bgl_23806,Normal
bgl_23807,Normal
bgl_23808,Normal
bgl_23809,Normal
bgl_23810,Anomaly
bgl_23811,Anomaly
bgl_23812,Normal
bgl_23813,Normal
bgl_23814,Normal
bgl_23815,Normal
bgl_23816,Normal
bgl_23817,Normal
bgl_23818,Normal
bgl_23819,Normal
bgl_23820,Normal
bgl_23821,Normal
bgl_23822,Normal
bgl_23823,Normal
bgl_23824,Normal
bgl_23825,Normal
bgl_23826,Normal
bgl_23827,Normal
bgl_23828,Normal
bgl_23829,Normal
bgl_23830,Normal
bgl_23831,Normal
bgl_23832,Normal
bgl_23833,Normal
bgl_23834,Normal
bgl_23835,Normal
bgl_23836,Normal
bgl_23837,Normal
bgl_23838,Normal
bgl_23839,Normal
bgl_23840,Normal
bgl_23841,Normal
bgl_23842,Normal
bgl_23843,Normal
bgl_23844,Normal
bgl_23845,Normal
bgl_23846,Normal
bgl_23847,Normal
bgl_23848,Normal
bgl_23849,Normal
bgl_23850,Normal
bgl_23851,Normal
bgl_23852,Normal
bgl_23853,Normal
bgl_23854,Normal
bgl_23855,Normal
bgl_23856,Normal
bgl_23857,Normal
bgl_23858,Normal
bgl_23859,Normal
bgl_23860,Normal
bgl_23861,Normal
bgl_23862,Normal
bgl_23863,Normal
bgl_23864,Normal
bgl_23865,Normal
bgl_23866,Normal
bgl_23867,Normal
bgl_23868,Normal
bgl_23869,Normal
bgl_23870,Normal
bgl_23871,Normal
bgl_23872,Normal
bgl_23873,Normal
bgl_23874,Normal
bgl_23875,Normal
bgl_23876,Normal
bgl_23877,Normal
bgl_23878,Normal
bgl_23879,Normal
bgl_23880,Normal
bgl_23881,Normal
bgl_23882,Normal
bgl_23883,Normal
bgl_23884,Normal
bgl_23885,Normal
bgl_23886,Normal
bgl_23887,Normal
bgl_23888,Normal
bgl_23889,Normal
bgl_23890,Normal
bgl_23891,Normal
bgl_23892,Normal
bgl_23893,Normal
bgl_23894,Normal
bgl_23895,Normal
bgl_23896,Normal
bgl_23897,Normal
bgl_23898,Normal
bgl_23899,Normal
bgl_23900,Normal
bgl_23901,Normal
bgl_23902,Normal
bgl_23903,Normal
bgl_23904,Normal
bgl_23905,Normal
bgl_23906,Normal
bgl_23907,Normal
bgl_23908,Normal
bgl_23909,Normal
bgl_23910,Normal
bgl_23911,Normal
bgl_23912,Normal
bgl_23913,Normal
bgl_23914,Normal
bgl_23915,Normal
bgl_23916,Normal
bgl_23917,Normal
bgl_23918,Normal
bgl_23919,Normal
bgl_23920,Normal
bgl_23921,Normal
bgl_23922,Normal
bgl_23923,Normal
bgl_23924,Normal
bgl_23925,Normal
bgl_23926,Normal
bgl_23927,Normal
bgl_23928,Normal
bgl_23929,Normal
bgl_23930,Normal
bgl_23931,Normal
bgl_23932,Normal
bgl_23933,Normal
bgl_23934,Normal
bgl_23935,Normal
bgl_23936,Normal
bgl_23937,Normal
bgl_23938,Normal
bgl_23939,Normal
bgl_23940,Normal
bgl_23941,Normal
bgl_23942,Normal
bgl_23943,Normal
bgl_23944,Normal
bgl_23945,Normal
bgl_23946,Normal
bgl_23947,Normal
bgl_23948,Normal
bgl_23949,Normal
bgl_23950,Normal
bgl_23951,Normal
bgl_23952,Normal
bgl_23953,Normal
bgl_23954,Normal
bgl_23955,Normal
bgl_23956,Normal
bgl_23957,Normal
bgl_23958,Normal
bgl_23959,Normal
bgl_23960,Normal
bgl_23961,Normal
bgl_23962,Normal
bgl_23963,Normal
bgl_23964,Normal
bgl_23965,Normal
bgl_23966,Normal
bgl_23967,Normal
bgl_23968,Normal
bgl_23969,Normal
bgl_23970,Normal
bgl_23971,Normal
bgl_23972,Normal
bgl_23973,Normal
bgl_23974,Normal
bgl_23975,Normal
bgl_23976,Normal
bgl_23977,Normal
bgl_23978,Normal
bgl_23979,Normal
bgl_23980,Normal
bgl_23981,Normal
bgl_23982,Normal
bgl_23983,Normal
bgl_23984,Normal
bgl_23985,Normal
bgl_23986,Normal
bgl_23987,Normal
bgl_23988,Normal
bgl_23989,Normal
bgl_23990,Normal
bgl_23991,Normal
bgl_23992,Normal
bgl_23993,Normal
bgl_23994,Normal
bgl_23995,Normal
bgl_23996,Normal
bgl_23997,Normal
bgl_23998,Normal
bgl_23999,Normal
bgl_24000,Normal
bgl_24001,Normal
bgl_24002,Normal
bgl_24003,Normal
bgl_24004,Normal
bgl_24005,Normal
bgl_24006,Normal
bgl_24007,Normal
bgl_24008,Normal
bgl_24009,Normal
bgl_24010,Normal
bgl_24011,Normal
bgl_24012,Normal
bgl_24013,Normal
bgl_24014,Normal
bgl_24015,Normal
bgl_24016,Normal
bgl_24017,Normal
bgl_24018,Normal
bgl_24019,Normal
bgl_24020,Normal
bgl_24021,Normal
bgl_24022,Normal
bgl_24023,Normal
bgl_24024,Normal
bgl_24025,Normal
bgl_24026,Normal
bgl_24027,Normal
bgl_24028,Normal
bgl_24029,Normal
bgl_24030,Normal
bgl_24031,Normal
bgl_24032,Normal
bgl_24033,Normal
bgl_24034,Normal
bgl_24035,Normal
bgl_24036,Normal
bgl_24037,Normal
bgl_24038,Normal
bgl_24039,Normal
bgl_24040,Normal
bgl_24041,Normal
bgl_24042,Normal
bgl_24043,Normal
bgl_24044,Normal
bgl_24045,Normal
bgl_24046,Normal
bgl_24047,Normal
bgl_24048,Normal
bgl_24049,Normal
bgl_24050,Normal
bgl_24051,Normal
bgl_24052,Normal
bgl_24053,Normal
bgl_24054,Normal
bgl_24055,Normal
bgl_24056,Normal
bgl_24057,Normal
bgl_24058,Normal
bgl_24059,Normal
bgl_24060,Normal
bgl_24061,Normal
bgl_24062,Normal
bgl_24063,Normal
bgl_24064,Normal
bgl_24065,Normal
bgl_24066,Normal
bgl_24067,Normal
bgl_24068,Normal
bgl_24069,Normal
bgl_24070,Normal
bgl_24071,Normal
bgl_24072,Normal
bgl_24073,Normal
bgl_24074,Normal
bgl_24075,Normal
bgl_24076,Normal
bgl_24077,Normal
bgl_24078,Normal
bgl_24079,Normal
bgl_24080,Normal
bgl_24081,Normal
bgl_24082,Anomaly
bgl_24083,Anomaly
bgl_24084,Anomaly
bgl_24085,Normal
bgl_24086,Anomaly
bgl_24087,Anomaly
bgl_24088,Anomaly
bgl_24089,Anomaly
bgl_24090,Anomaly
bgl_24091,Anomaly
bgl_24092,Anomaly
bgl_24093,Anomaly
bgl_24094,Anomaly
bgl_24095,Anomaly
bgl_24096,Anomaly
bgl_24097,Normal
bgl_24098,Normal
bgl_24099,Normal
bgl_24100,Normal
bgl_24101,Normal
bgl_24102,Normal
bgl_24103,Normal
bgl_24104,Normal
bgl_24105,Anomaly
bgl_24106,Anomaly
bgl_24107,Anomaly
bgl_24108,Anomaly
bgl_24109,Anomaly
bgl_24110,Normal
bgl_24111,Normal
bgl_24112,Normal
bgl_24113,Normal
bgl_24114,Normal
bgl_24115,Normal
bgl_24116,Normal
bgl_24117,Normal
bgl_24118,Normal
bgl_24119,Normal
bgl_24120,Normal
bgl_24121,Normal
bgl_24122,Normal
bgl_24123,Normal
bgl_24124,Normal
bgl_24125,Anomaly
bgl_24126,Anomaly
bgl_24127,Anomaly
bgl_24128,Normal
bgl_24129,Normal
bgl_24130,Normal
bgl_24131,Normal
bgl_24132,Anomaly
bgl_24133,Normal
bgl_24134,Anomaly
bgl_24135,Anomaly
bgl_24136,Normal
bgl_24137,Normal
bgl_24138,Normal
bgl_24139,Normal
bgl_24140,Normal
bgl_24141,Normal
bgl_24142,Normal
bgl_24143,Normal
bgl_24144,Normal
bgl_24145,Normal
bgl_24146,Normal
bgl_24147,Normal
bgl_24148,Normal
bgl_24149,Normal
bgl_24150,Normal
bgl_24151,Normal
bgl_24152,Normal
bgl_24153,Normal
bgl_24154,Normal
bgl_24155,Normal
bgl_24156,Normal
bgl_24157,Normal
bgl_24158,Normal
bgl_24159,Normal
bgl_24160,Anomaly
bgl_24161,Anomaly
bgl_24162,Anomaly
bgl_24163,Normal
bgl_24164,Normal
bgl_24165,Normal
bgl_24166,Normal
bgl_24167,Anomaly
bgl_24168,Anomaly
bgl_24169,Anomaly
bgl_24170,Anomaly
bgl_24171,Anomaly
bgl_24172,Anomaly
bgl_24173,Anomaly
bgl_24174,Anomaly
bgl_24175,Anomaly
bgl_24176,Normal
bgl_24177,Normal
bgl_24178,Anomaly
bgl_24179,Normal
bgl_24180,Anomaly
bgl_24181,Normal
bgl_24182,Normal
bgl_24183,Normal
bgl_24184,Normal
bgl_24185,Normal
bgl_24186,Normal
bgl_24187,Normal
bgl_24188,Normal
bgl_24189,Normal
bgl_24190,Normal
bgl_24191,Normal
bgl_24192,Normal
bgl_24193,Normal
bgl_24194,Normal
bgl_24195,Normal
bgl_24196,Normal
bgl_24197,Normal
bgl_24198,Normal
bgl_24199,Normal
bgl_24200,Normal
bgl_24201,Normal
bgl_24202,Normal
bgl_24203,Normal
bgl_24204,Normal
bgl_24205,Normal
bgl_24206,Normal
bgl_24207,Normal
bgl_24208,Normal
bgl_24209,Normal
bgl_24210,Normal
bgl_24211,Normal
bgl_24212,Normal
bgl_24213,Normal
bgl_24214,Normal
bgl_24215,Normal
bgl_24216,Normal
bgl_24217,Normal
bgl_24218,Normal
bgl_24219,Normal
bgl_24220,Normal
bgl_24221,Normal
bgl_24222,Normal
bgl_24223,Normal
bgl_24224,Normal
bgl_24225,Normal
bgl_24226,Normal
bgl_24227,Normal
bgl_24228,Normal
bgl_24229,Normal
bgl_24230,Normal
bgl_24231,Normal
bgl_24232,Normal
bgl_24233,Normal
bgl_24234,Normal
bgl_24235,Normal
bgl_24236,Normal
bgl_24237,Normal
bgl_24238,Normal
bgl_24239,Normal
bgl_24240,Normal
bgl_24241,Normal
bgl_24242,Normal
bgl_24243,Normal
bgl_24244,Normal
bgl_24245,Normal
bgl_24246,Normal
bgl_24247,Normal
bgl_24248,Normal
bgl_24249,Normal
bgl_24250,Normal
bgl_24251,Normal
bgl_24252,Normal
bgl_24253,Normal
bgl_24254,Normal
bgl_24255,Normal
bgl_24256,Normal
bgl_24257,Normal
bgl_24258,Normal
bgl_24259,Normal
bgl_24260,Normal
bgl_24261,Normal
bgl_24262,Normal
bgl_24263,Normal
bgl_24264,Normal
bgl_24265,Normal
bgl_24266,Normal
bgl_24267,Normal
bgl_24268,Normal
bgl_24269,Normal
bgl_24270,Normal
bgl_24271,Normal
bgl_24272,Normal
bgl_24273,Normal
bgl_24274,Normal
bgl_24275,Normal
bgl_24276,Normal
bgl_24277,Normal
bgl_24278,Normal
bgl_24279,Normal
bgl_24280,Normal
bgl_24281,Normal
bgl_24282,Normal
bgl_24283,Normal
bgl_24284,Normal
bgl_24285,Normal
bgl_24286,Normal
bgl_24287,Normal
bgl_24288,Normal
bgl_24289,Normal
bgl_24290,Normal
bgl_24291,Normal
bgl_24292,Normal
bgl_24293,Normal
bgl_24294,Normal
bgl_24295,Normal
bgl_24296,Normal
bgl_24297,Normal
bgl_24298,Normal
bgl_24299,Normal
bgl_24300,Normal
bgl_24301,Normal
bgl_24302,Normal
bgl_24303,Normal
bgl_24304,Normal
bgl_24305,Normal
bgl_24306,Normal
bgl_24307,Normal
bgl_24308,Normal
bgl_24309,Normal
bgl_24310,Normal
bgl_24311,Normal
bgl_24312,Normal
bgl_24313,Normal
bgl_24314,Normal
bgl_24315,Normal
bgl_24316,Normal
bgl_24317,Normal
bgl_24318,Normal
bgl_24319,Normal
bgl_24320,Normal
bgl_24321,Normal
bgl_24322,Normal
bgl_24323,Normal
bgl_24324,Normal
bgl_24325,Normal
bgl_24326,Normal
bgl_24327,Normal
bgl_24328,Normal
bgl_24329,Normal
bgl_24330,Normal
bgl_24331,Normal
bgl_24332,Normal
bgl_24333,Normal
bgl_24334,Normal
bgl_24335,Normal
bgl_24336,Normal
bgl_24337,Normal
bgl_24338,Normal
bgl_24339,Normal
bgl_24340,Normal
bgl_24341,Normal
bgl_24342,Normal
bgl_24343,Normal
bgl_24344,Normal
bgl_24345,Normal
bgl_24346,Normal
bgl_24347,Normal
bgl_24348,Normal
bgl_24349,Normal
bgl_24350,Normal
bgl_24351,Normal
bgl_24352,Normal
bgl_24353,Normal
bgl_24354,Normal
bgl_24355,Normal
bgl_24356,Normal
bgl_24357,Normal
bgl_24358,Normal
bgl_24359,Normal
bgl_24360,Normal
bgl_24361,Normal
bgl_24362,Normal
bgl_24363,Normal
bgl_24364,Normal
bgl_24365,Normal
bgl_24366,Normal
bgl_24367,Normal
bgl_24368,Normal
bgl_24369,Normal
bgl_24370,Normal
bgl_24371,Normal
bgl_24372,Normal
bgl_24373,Normal
bgl_24374,Normal
bgl_24375,Normal
bgl_24376,Normal
bgl_24377,Normal
bgl_24378,Normal
bgl_24379,Normal
bgl_24380,Normal
bgl_24381,Normal
bgl_24382,Normal
bgl_24383,Normal
bgl_24384,Normal
bgl_24385,Normal
bgl_24386,Normal
bgl_24387,Normal
bgl_24388,Normal
bgl_24389,Normal
bgl_24390,Normal
bgl_24391,Normal
bgl_24392,Normal
bgl_24393,Normal
bgl_24394,Normal
bgl_24395,Normal
bgl_24396,Normal
bgl_24397,Normal
bgl_24398,Normal
bgl_24399,Normal
bgl_24400,Normal
bgl_24401,Normal
bgl_24402,Normal
bgl_24403,Normal
bgl_24404,Normal
bgl_24405,Normal
bgl_24406,Normal
bgl_24407,Normal
bgl_24408,Normal
bgl_24409,Normal
bgl_24410,Normal
bgl_24411,Normal
bgl_24412,Normal
bgl_24413,Normal
bgl_24414,Normal
bgl_24415,Normal
bgl_24416,Normal
bgl_24417,Normal
bgl_24418,Normal
bgl_24419,Normal
bgl_24420,Normal
bgl_24421,Normal
bgl_24422,Normal
bgl_24423,Normal
bgl_24424,Normal
bgl_24425,Normal
bgl_24426,Normal
bgl_24427,Normal
bgl_24428,Normal
bgl_24429,Normal
bgl_24430,Normal
bgl_24431,Normal
bgl_24432,Normal
bgl_24433,Normal
bgl_24434,Normal
bgl_24435,Normal
bgl_24436,Normal
bgl_24437,Normal
bgl_24438,Normal
bgl_24439,Normal
bgl_24440,Normal
bgl_24441,Normal
bgl_24442,Normal
bgl_24443,Normal
bgl_24444,Normal
bgl_24445,Normal
bgl_24446,Normal
bgl_24447,Normal
bgl_24448,Normal
bgl_24449,Normal
bgl_24450,Normal
bgl_24451,Normal
bgl_24452,Normal
bgl_24453,Normal
bgl_24454,Normal
bgl_24455,Normal
bgl_24456,Normal
bgl_24457,Normal
bgl_24458,Normal
bgl_24459,Normal
bgl_24460,Normal
bgl_24461,Normal
bgl_24462,Normal
bgl_24463,Normal
bgl_24464,Normal
bgl_24465,Normal
bgl_24466,Normal
bgl_24467,Normal
bgl_24468,Normal
bgl_24469,Normal
bgl_24470,Normal
bgl_24471,Normal
bgl_24472,Normal
bgl_24473,Normal
bgl_24474,Normal
bgl_24475,Normal
bgl_24476,Normal
bgl_24477,Normal
bgl_24478,Normal
bgl_24479,Normal
bgl_24480,Normal
bgl_24481,Normal
bgl_24482,Normal
bgl_24483,Normal
bgl_24484,Normal
bgl_24485,Normal
bgl_24486,Normal
bgl_24487,Normal
bgl_24488,Normal
bgl_24489,Normal
bgl_24490,Normal
bgl_24491,Normal
bgl_24492,Normal
bgl_24493,Normal
bgl_24494,Normal
bgl_24495,Normal
bgl_24496,Normal
bgl_24497,Normal
bgl_24498,Normal
bgl_24499,Normal
bgl_24500,Normal
bgl_24501,Normal
bgl_24502,Normal
bgl_24503,Normal
bgl_24504,Normal
bgl_24505,Normal
bgl_24506,Normal
bgl_24507,Normal
bgl_24508,Normal
bgl_24509,Normal
bgl_24510,Normal
bgl_24511,Normal
bgl_24512,Normal
bgl_24513,Normal
bgl_24514,Normal
bgl_24515,Normal
bgl_24516,Normal
bgl_24517,Normal
bgl_24518,Normal
bgl_24519,Normal
bgl_24520,Normal
bgl_24521,Normal
bgl_24522,Normal
bgl_24523,Normal
bgl_24524,Normal
bgl_24525,Normal
bgl_24526,Normal
bgl_24527,Normal
bgl_24528,Normal
bgl_24529,Normal
bgl_24530,Normal
bgl_24531,Normal
bgl_24532,Normal
bgl_24533,Normal
bgl_24534,Normal
bgl_24535,Normal
bgl_24536,Normal
bgl_24537,Normal
bgl_24538,Normal
bgl_24539,Normal
bgl_24540,Normal
bgl_24541,Normal
bgl_24542,Normal
bgl_24543,Normal
bgl_24544,Normal
bgl_24545,Normal
bgl_24546,Normal
bgl_24547,Normal
bgl_24548,Normal
bgl_24549,Normal
bgl_24550,Normal
bgl_24551,Normal
bgl_24552,Normal
bgl_24553,Normal
bgl_24554,Normal
bgl_24555,Normal
bgl_24556,Normal
bgl_24557,Normal
bgl_24558,Normal
bgl_24559,Normal
bgl_24560,Normal
bgl_24561,Normal
bgl_24562,Normal
bgl_24563,Normal
bgl_24564,Normal
bgl_24565,Normal
bgl_24566,Normal
bgl_24567,Normal
bgl_24568,Normal
bgl_24569,Normal
bgl_24570,Normal
bgl_24571,Normal
bgl_24572,Normal
bgl_24573,Normal
bgl_24574,Normal
bgl_24575,Normal
bgl_24576,Normal
bgl_24577,Normal
bgl_24578,Normal
bgl_24579,Normal
bgl_24580,Normal
bgl_24581,Normal
bgl_24582,Normal
bgl_24583,Normal
bgl_24584,Normal
bgl_24585,Normal
bgl_24586,Normal
bgl_24587,Normal
bgl_24588,Normal
bgl_24589,Normal
bgl_24590,Normal
bgl_24591,Normal
bgl_24592,Normal
bgl_24593,Normal
bgl_24594,Normal
bgl_24595,Normal
bgl_24596,Normal
bgl_24597,Normal
bgl_24598,Normal
bgl_24599,Normal
bgl_24600,Normal
bgl_24601,Normal
bgl_24602,Normal
bgl_24603,Normal
bgl_24604,Normal
bgl_24605,Normal
bgl_24606,Normal
bgl_24607,Normal
bgl_24608,Normal
bgl_24609,Normal
bgl_24610,Normal
bgl_24611,Normal
bgl_24612,Normal
bgl_24613,Normal
bgl_24614,Normal
bgl_24615,Normal
bgl_24616,Normal
bgl_24617,Normal
bgl_24618,Normal
bgl_24619,Normal
bgl_24620,Normal
bgl_24621,Normal
bgl_24622,Normal
bgl_24623,Normal
bgl_24624,Normal
bgl_24625,Normal
bgl_24626,Normal
bgl_24627,Normal
bgl_24628,Normal
bgl_24629,Normal
bgl_24630,Normal
bgl_24631,Normal
bgl_24632,Normal
bgl_24633,Normal
bgl_24634,Normal
bgl_24635,Normal
bgl_24636,Normal
bgl_24637,Normal
bgl_24638,Normal
bgl_24639,Normal
bgl_24640,Normal
bgl_24641,Normal
bgl_24642,Normal
bgl_24643,Normal
bgl_24644,Normal
bgl_24645,Normal
bgl_24646,Normal
bgl_24647,Normal
bgl_24648,Normal
bgl_24649,Normal
bgl_24650,Normal
bgl_24651,Normal
bgl_24652,Normal
bgl_24653,Normal
bgl_24654,Normal
bgl_24655,Normal
bgl_24656,Normal
bgl_24657,Normal
bgl_24658,Normal
bgl_24659,Normal
bgl_24660,Normal
bgl_24661,Normal
bgl_24662,Normal
bgl_24663,Normal
bgl_24664,Normal
bgl_24665,Normal
bgl_24666,Normal
bgl_24667,Normal
bgl_24668,Normal
bgl_24669,Normal
bgl_24670,Normal
bgl_24671,Normal
bgl_24672,Normal
bgl_24673,Normal
bgl_24674,Normal
bgl_24675,Normal
bgl_24676,Normal
bgl_24677,Normal
bgl_24678,Normal
bgl_24679,Normal
bgl_24680,Normal
bgl_24681,Normal
bgl_24682,Normal
bgl_24683,Normal
bgl_24684,Normal
bgl_24685,Normal
bgl_24686,Normal
bgl_24687,Normal
bgl_24688,Normal
bgl_24689,Normal
bgl_24690,Normal
bgl_24691,Normal
bgl_24692,Normal
bgl_24693,Normal
bgl_24694,Normal
bgl_24695,Normal
bgl_24696,Normal
bgl_24697,Normal
bgl_24698,Normal
bgl_24699,Normal
bgl_24700,Normal
bgl_24701,Normal
bgl_24702,Normal
bgl_24703,Normal
bgl_24704,Normal
bgl_24705,Normal
bgl_24706,Normal
bgl_24707,Normal
bgl_24708,Normal
bgl_24709,Normal
bgl_24710,Normal
bgl_24711,Normal
bgl_24712,Normal
bgl_24713,Normal
bgl_24714,Normal
bgl_24715,Normal
bgl_24716,Normal
bgl_24717,Normal
bgl_24718,Normal
bgl_24719,Normal
bgl_24720,Normal
bgl_24721,Normal
bgl_24722,Normal
bgl_24723,Normal
bgl_24724,Normal
bgl_24725,Normal
bgl_24726,Normal
bgl_24727,Normal
bgl_24728,Normal
bgl_24729,Normal
bgl_24730,Normal
bgl_24731,Normal
bgl_24732,Normal
bgl_24733,Normal
bgl_24734,Normal
bgl_24735,Normal
bgl_24736,Normal
bgl_24737,Normal
bgl_24738,Normal
bgl_24739,Normal
bgl_24740,Normal
bgl_24741,Normal
bgl_24742,Normal
bgl_24743,Normal
bgl_24744,Normal
bgl_24745,Normal
bgl_24746,Normal
bgl_24747,Normal
bgl_24748,Normal
bgl_24749,Normal
bgl_24750,Normal
bgl_24751,Normal
bgl_24752,Normal
bgl_24753,Normal
bgl_24754,Normal
bgl_24755,Normal
bgl_24756,Normal
bgl_24757,Normal
bgl_24758,Normal
bgl_24759,Normal
bgl_24760,Normal
bgl_24761,Normal
bgl_24762,Normal
bgl_24763,Normal
bgl_24764,Normal
bgl_24765,Normal
bgl_24766,Normal
bgl_24767,Normal
bgl_24768,Normal
bgl_24769,Normal
bgl_24770,Normal
bgl_24771,Normal
bgl_24772,Normal
bgl_24773,Normal
bgl_24774,Normal
bgl_24775,Normal
bgl_24776,Normal
bgl_24777,Normal
bgl_24778,Normal
bgl_24779,Normal
bgl_24780,Normal
bgl_24781,Normal
bgl_24782,Normal
bgl_24783,Normal
bgl_24784,Normal
bgl_24785,Normal
bgl_24786,Normal
bgl_24787,Normal
bgl_24788,Normal
bgl_24789,Normal
bgl_24790,Normal
bgl_24791,Normal
bgl_24792,Normal
bgl_24793,Normal
bgl_24794,Normal
bgl_24795,Normal
bgl_24796,Normal
bgl_24797,Normal
bgl_24798,Normal
bgl_24799,Normal
bgl_24800,Normal
bgl_24801,Normal
bgl_24802,Normal
bgl_24803,Normal
bgl_24804,Normal
bgl_24805,Normal
bgl_24806,Normal
bgl_24807,Normal
bgl_24808,Normal
bgl_24809,Normal
bgl_24810,Normal
bgl_24811,Normal
bgl_24812,Normal
bgl_24813,Normal
bgl_24814,Normal
bgl_24815,Normal
bgl_24816,Normal
bgl_24817,Normal
bgl_24818,Normal
bgl_24819,Normal
bgl_24820,Normal
bgl_24821,Normal
bgl_24822,Normal
bgl_24823,Normal
bgl_24824,Normal
bgl_24825,Normal
bgl_24826,Normal
bgl_24827,Normal
bgl_24828,Normal
bgl_24829,Normal
bgl_24830,Normal
bgl_24831,Normal
bgl_24832,Normal
bgl_24833,Normal
bgl_24834,Normal
bgl_24835,Normal
bgl_24836,Normal
bgl_24837,Normal
bgl_24838,Normal
bgl_24839,Normal
bgl_24840,Anomaly
bgl_24841,Normal
bgl_24842,Normal
bgl_24843,Normal
bgl_24844,Normal
bgl_24845,Anomaly
bgl_24846,Normal
bgl_24847,Normal
bgl_24848,Normal
bgl_24849,Normal
bgl_24850,Normal
bgl_24851,Normal
bgl_24852,Normal
bgl_24853,Normal
bgl_24854,Normal
bgl_24855,Normal
bgl_24856,Normal
bgl_24857,Normal
bgl_24858,Normal
bgl_24859,Normal
bgl_24860,Normal
bgl_24861,Normal
bgl_24862,Normal
bgl_24863,Normal
bgl_24864,Normal
bgl_24865,Normal
bgl_24866,Normal
bgl_24867,Normal
bgl_24868,Normal
bgl_24869,Normal
bgl_24870,Normal
bgl_24871,Normal
bgl_24872,Normal
bgl_24873,Normal
bgl_24874,Normal
bgl_24875,Normal
bgl_24876,Normal
bgl_24877,Normal
bgl_24878,Normal
bgl_24879,Normal
bgl_24880,Normal
bgl_24881,Normal
bgl_24882,Normal
bgl_24883,Normal
bgl_24884,Normal
bgl_24885,Normal
bgl_24886,Normal
bgl_24887,Normal
bgl_24888,Normal
bgl_24889,Normal
bgl_24890,Normal
bgl_24891,Normal
bgl_24892,Normal
bgl_24893,Normal
bgl_24894,Normal
bgl_24895,Normal
bgl_24896,Normal
bgl_24897,Normal
bgl_24898,Normal
bgl_24899,Normal
bgl_24900,Normal
bgl_24901,Normal
bgl_24902,Normal
bgl_24903,Normal
bgl_24904,Normal
bgl_24905,Normal
bgl_24906,Normal
bgl_24907,Normal
bgl_24908,Normal
bgl_24909,Normal
bgl_24910,Normal
bgl_24911,Normal
bgl_24912,Normal
bgl_24913,Normal
bgl_24914,Normal
bgl_24915,Normal
bgl_24916,Normal
bgl_24917,Normal
bgl_24918,Normal
bgl_24919,Normal
bgl_24920,Normal
bgl_24921,Normal
bgl_24922,Normal
bgl_24923,Normal
bgl_24924,Normal
bgl_24925,Normal
bgl_24926,Normal
bgl_24927,Normal
bgl_24928,Normal
bgl_24929,Normal
bgl_24930,Normal
bgl_24931,Normal
bgl_24932,Normal
bgl_24933,Normal
bgl_24934,Normal
bgl_24935,Normal
bgl_24936,Normal
bgl_24937,Normal
bgl_24938,Normal
bgl_24939,Normal
bgl_24940,Normal
bgl_24941,Normal
bgl_24942,Normal
bgl_24943,Normal
bgl_24944,Normal
bgl_24945,Normal
bgl_24946,Normal
bgl_24947,Normal
bgl_24948,Normal
bgl_24949,Normal
bgl_24950,Normal
bgl_24951,Normal
bgl_24952,Normal
bgl_24953,Normal
bgl_24954,Normal
bgl_24955,Normal
bgl_24956,Normal
bgl_24957,Normal
bgl_24958,Normal
bgl_24959,Normal
bgl_24960,Normal
bgl_24961,Normal
bgl_24962,Normal
bgl_24963,Normal
bgl_24964,Normal
bgl_24965,Normal
bgl_24966,Normal
bgl_24967,Normal
bgl_24968,Normal
bgl_24969,Normal
bgl_24970,Normal
bgl_24971,Normal
bgl_24972,Normal
bgl_24973,Normal
bgl_24974,Normal
bgl_24975,Normal
bgl_24976,Normal
bgl_24977,Normal
bgl_24978,Normal
bgl_24979,Normal
bgl_24980,Normal
bgl_24981,Normal
bgl_24982,Normal
bgl_24983,Normal
bgl_24984,Normal
bgl_24985,Normal
bgl_24986,Normal
bgl_24987,Normal
bgl_24988,Normal
bgl_24989,Normal
bgl_24990,Normal
bgl_24991,Normal
bgl_24992,Normal
bgl_24993,Normal
bgl_24994,Normal
bgl_24995,Normal
bgl_24996,Normal
bgl_24997,Normal
bgl_24998,Normal
bgl_24999,Normal
bgl_25000,Normal
bgl_25001,Normal
bgl_25002,Normal
bgl_25003,Normal
bgl_25004,Normal
bgl_25005,Normal
bgl_25006,Normal
bgl_25007,Normal
bgl_25008,Normal
bgl_25009,Normal
bgl_25010,Normal
bgl_25011,Normal
bgl_25012,Normal
bgl_25013,Normal
bgl_25014,Normal
bgl_25015,Normal
bgl_25016,Normal
bgl_25017,Normal
bgl_25018,Normal
bgl_25019,Normal
bgl_25020,Normal
bgl_25021,Normal
bgl_25022,Normal
bgl_25023,Normal
bgl_25024,Normal
bgl_25025,Normal
bgl_25026,Normal
bgl_25027,Normal
bgl_25028,Normal
bgl_25029,Normal
bgl_25030,Normal
bgl_25031,Normal
bgl_25032,Normal
bgl_25033,Normal
bgl_25034,Normal
bgl_25035,Normal
bgl_25036,Normal
bgl_25037,Normal
bgl_25038,Normal
bgl_25039,Normal
bgl_25040,Normal
bgl_25041,Normal
bgl_25042,Normal
bgl_25043,Normal
bgl_25044,Normal
bgl_25045,Normal
bgl_25046,Normal
bgl_25047,Normal
bgl_25048,Normal
bgl_25049,Normal
bgl_25050,Normal
bgl_25051,Normal
bgl_25052,Normal
bgl_25053,Normal
bgl_25054,Normal
bgl_25055,Normal
bgl_25056,Normal
bgl_25057,Normal
bgl_25058,Normal
bgl_25059,Normal
bgl_25060,Normal
bgl_25061,Normal
bgl_25062,Normal
bgl_25063,Normal
bgl_25064,Normal
bgl_25065,Normal
bgl_25066,Normal
bgl_25067,Normal
bgl_25068,Normal
bgl_25069,Normal
bgl_25070,Normal
bgl_25071,Normal
bgl_25072,Normal
bgl_25073,Normal
bgl_25074,Normal
bgl_25075,Normal
bgl_25076,Normal
bgl_25077,Normal
bgl_25078,Normal
bgl_25079,Normal
bgl_25080,Normal
bgl_25081,Normal
bgl_25082,Normal
bgl_25083,Normal
bgl_25084,Normal
bgl_25085,Normal
bgl_25086,Normal
bgl_25087,Normal
bgl_25088,Normal
bgl_25089,Normal
bgl_25090,Normal
bgl_25091,Normal
bgl_25092,Normal
bgl_25093,Normal
bgl_25094,Normal
bgl_25095,Normal
bgl_25096,Normal
bgl_25097,Normal
bgl_25098,Normal
bgl_25099,Normal
bgl_25100,Normal
bgl_25101,Normal
bgl_25102,Normal
bgl_25103,Normal
bgl_25104,Normal
bgl_25105,Normal
bgl_25106,Normal
bgl_25107,Normal
bgl_25108,Normal
bgl_25109,Normal
bgl_25110,Normal
bgl_25111,Normal
bgl_25112,Normal
bgl_25113,Normal
bgl_25114,Normal
bgl_25115,Normal
bgl_25116,Normal
bgl_25117,Normal
bgl_25118,Normal
bgl_25119,Normal
bgl_25120,Normal
bgl_25121,Normal
bgl_25122,Normal
bgl_25123,Normal
bgl_25124,Normal
bgl_25125,Normal
bgl_25126,Normal
bgl_25127,Normal
bgl_25128,Normal
bgl_25129,Normal
bgl_25130,Normal
bgl_25131,Normal
bgl_25132,Normal
bgl_25133,Normal
bgl_25134,Normal
bgl_25135,Normal
bgl_25136,Normal
bgl_25137,Normal
bgl_25138,Normal
bgl_25139,Normal
bgl_25140,Normal
bgl_25141,Normal
bgl_25142,Normal
bgl_25143,Normal
bgl_25144,Normal
bgl_25145,Normal
bgl_25146,Normal
bgl_25147,Normal
bgl_25148,Normal
bgl_25149,Normal
bgl_25150,Normal
bgl_25151,Normal
bgl_25152,Normal
bgl_25153,Normal
bgl_25154,Normal
bgl_25155,Normal
bgl_25156,Normal
bgl_25157,Normal
bgl_25158,Normal
bgl_25159,Normal
bgl_25160,Normal
bgl_25161,Normal
bgl_25162,Normal
bgl_25163,Normal
bgl_25164,Normal
bgl_25165,Normal
bgl_25166,Normal
bgl_25167,Normal
bgl_25168,Normal
bgl_25169,Normal
bgl_25170,Normal
bgl_25171,Normal
bgl_25172,Normal
bgl_25173,Normal
bgl_25174,Normal
bgl_25175,Normal
bgl_25176,Normal
bgl_25177,Normal
bgl_25178,Normal
bgl_25179,Normal
bgl_25180,Normal
bgl_25181,Normal
bgl_25182,Normal
bgl_25183,Normal
bgl_25184,Normal
bgl_25185,Normal
bgl_25186,Normal
bgl_25187,Normal
bgl_25188,Normal
bgl_25189,Normal
bgl_25190,Normal
bgl_25191,Normal
bgl_25192,Normal
bgl_25193,Normal
bgl_25194,Normal
bgl_25195,Normal
bgl_25196,Normal
bgl_25197,Normal
bgl_25198,Normal
bgl_25199,Normal
bgl_25200,Normal
bgl_25201,Normal
bgl_25202,Normal
bgl_25203,Normal
bgl_25204,Normal
bgl_25205,Normal
bgl_25206,Normal
bgl_25207,Normal
bgl_25208,Normal
bgl_25209,Normal
bgl_25210,Normal
bgl_25211,Normal
bgl_25212,Normal
bgl_25213,Normal
bgl_25214,Normal
bgl_25215,Normal
bgl_25216,Normal
bgl_25217,Normal
bgl_25218,Normal
bgl_25219,Normal
bgl_25220,Normal
bgl_25221,Normal
bgl_25222,Normal
bgl_25223,Normal
bgl_25224,Normal
bgl_25225,Normal
bgl_25226,Normal
bgl_25227,Normal
bgl_25228,Normal
bgl_25229,Normal
bgl_25230,Normal
bgl_25231,Normal
bgl_25232,Normal
bgl_25233,Normal
bgl_25234,Normal
bgl_25235,Normal
bgl_25236,Normal
bgl_25237,Normal
bgl_25238,Normal
bgl_25239,Normal
bgl_25240,Normal
bgl_25241,Normal
bgl_25242,Normal
bgl_25243,Normal
bgl_25244,Normal
bgl_25245,Normal
bgl_25246,Normal
bgl_25247,Normal
bgl_25248,Normal
bgl_25249,Normal
bgl_25250,Normal
bgl_25251,Normal
bgl_25252,Normal
bgl_25253,Normal
bgl_25254,Normal
bgl_25255,Normal
bgl_25256,Normal
bgl_25257,Normal
bgl_25258,Normal
bgl_25259,Normal
bgl_25260,Normal
bgl_25261,Normal
bgl_25262,Normal
bgl_25263,Normal
bgl_25264,Normal
bgl_25265,Normal
bgl_25266,Normal
bgl_25267,Normal
bgl_25268,Normal
bgl_25269,Normal
bgl_25270,Normal
bgl_25271,Normal
bgl_25272,Normal
bgl_25273,Normal
bgl_25274,Normal
bgl_25275,Normal
bgl_25276,Normal
bgl_25277,Normal
bgl_25278,Normal
bgl_25279,Normal
bgl_25280,Normal
bgl_25281,Normal
bgl_25282,Normal
bgl_25283,Normal
bgl_25284,Normal
bgl_25285,Normal
bgl_25286,Normal
bgl_25287,Normal
bgl_25288,Normal
bgl_25289,Normal
bgl_25290,Normal
bgl_25291,Normal
bgl_25292,Normal
bgl_25293,Normal
bgl_25294,Normal
bgl_25295,Normal
bgl_25296,Normal
bgl_25297,Normal
bgl_25298,Normal
bgl_25299,Normal
bgl_25300,Normal
bgl_25301,Normal
bgl_25302,Normal
bgl_25303,Normal
bgl_25304,Normal
bgl_25305,Normal
bgl_25306,Normal
bgl_25307,Normal
bgl_25308,Normal
bgl_25309,Normal
bgl_25310,Normal
bgl_25311,Normal
bgl_25312,Normal
bgl_25313,Normal
bgl_25314,Normal
bgl_25315,Normal
bgl_25316,Normal
bgl_25317,Normal
bgl_25318,Normal
bgl_25319,Normal
bgl_25320,Normal
bgl_25321,Normal
bgl_25322,Normal
bgl_25323,Normal
bgl_25324,Normal
bgl_25325,Normal
bgl_25326,Normal
bgl_25327,Normal
bgl_25328,Normal
bgl_25329,Normal
bgl_25330,Normal
bgl_25331,Normal
bgl_25332,Normal
bgl_25333,Normal
bgl_25334,Normal
bgl_25335,Normal
bgl_25336,Normal
bgl_25337,Normal
bgl_25338,Normal
bgl_25339,Normal
bgl_25340,Normal
bgl_25341,Normal
bgl_25342,Normal
bgl_25343,Normal
bgl_25344,Normal
bgl_25345,Normal
bgl_25346,Normal
bgl_25347,Normal
bgl_25348,Normal
bgl_25349,Normal
bgl_25350,Normal
bgl_25351,Normal
bgl_25352,Normal
bgl_25353,Normal
bgl_25354,Normal
bgl_25355,Normal
bgl_25356,Normal
bgl_25357,Normal
bgl_25358,Normal
bgl_25359,Normal
bgl_25360,Normal
bgl_25361,Normal
bgl_25362,Normal
bgl_25363,Normal
bgl_25364,Normal
bgl_25365,Normal
bgl_25366,Normal
bgl_25367,Normal
bgl_25368,Normal
bgl_25369,Normal
bgl_25370,Normal
bgl_25371,Normal
bgl_25372,Normal
bgl_25373,Normal
bgl_25374,Normal
bgl_25375,Normal
bgl_25376,Normal
bgl_25377,Normal
bgl_25378,Normal
bgl_25379,Normal
bgl_25380,Normal
bgl_25381,Normal
bgl_25382,Normal
bgl_25383,Normal
bgl_25384,Normal
bgl_25385,Normal
bgl_25386,Normal
bgl_25387,Normal
bgl_25388,Normal
bgl_25389,Normal
bgl_25390,Normal
bgl_25391,Normal
bgl_25392,Normal
bgl_25393,Normal
bgl_25394,Normal
bgl_25395,Normal
bgl_25396,Normal
bgl_25397,Normal
bgl_25398,Normal
bgl_25399,Normal
bgl_25400,Normal
bgl_25401,Normal
bgl_25402,Normal
bgl_25403,Normal
bgl_25404,Normal
bgl_25405,Normal
bgl_25406,Normal
bgl_25407,Normal
bgl_25408,Normal
bgl_25409,Normal
bgl_25410,Normal
bgl_25411,Normal
bgl_25412,Normal
bgl_25413,Normal
bgl_25414,Normal
bgl_25415,Normal
bgl_25416,Normal
bgl_25417,Normal
bgl_25418,Normal
bgl_25419,Normal
bgl_25420,Normal
bgl_25421,Normal
bgl_25422,Normal
bgl_25423,Normal
bgl_25424,Normal
bgl_25425,Normal
bgl_25426,Normal
bgl_25427,Normal
bgl_25428,Normal
bgl_25429,Normal
bgl_25430,Normal
bgl_25431,Normal
bgl_25432,Normal
bgl_25433,Normal
bgl_25434,Normal
bgl_25435,Normal
bgl_25436,Normal
bgl_25437,Normal
bgl_25438,Normal
bgl_25439,Normal
bgl_25440,Normal
bgl_25441,Normal
bgl_25442,Normal
bgl_25443,Normal
bgl_25444,Normal
bgl_25445,Normal
bgl_25446,Normal
bgl_25447,Normal
bgl_25448,Normal
bgl_25449,Normal
bgl_25450,Normal
bgl_25451,Normal
bgl_25452,Normal
bgl_25453,Normal
bgl_25454,Normal
bgl_25455,Normal
bgl_25456,Normal
bgl_25457,Normal
bgl_25458,Normal
bgl_25459,Normal
bgl_25460,Normal
bgl_25461,Normal
bgl_25462,Normal
bgl_25463,Normal
bgl_25464,Normal
bgl_25465,Normal
bgl_25466,Normal
bgl_25467,Normal
bgl_25468,Normal
bgl_25469,Normal
bgl_25470,Normal
bgl_25471,Normal
bgl_25472,Normal
bgl_25473,Normal
bgl_25474,Normal
bgl_25475,Normal
bgl_25476,Normal
bgl_25477,Normal
bgl_25478,Normal
bgl_25479,Normal
bgl_25480,Normal
bgl_25481,Normal
bgl_25482,Normal
bgl_25483,Normal
bgl_25484,Normal
bgl_25485,Normal
bgl_25486,Normal
bgl_25487,Normal
bgl_25488,Normal
bgl_25489,Normal
bgl_25490,Normal
bgl_25491,Normal
bgl_25492,Normal
bgl_25493,Normal
bgl_25494,Normal
bgl_25495,Normal
bgl_25496,Normal
bgl_25497,Normal
bgl_25498,Normal
bgl_25499,Normal
bgl_25500,Normal
bgl_25501,Normal
bgl_25502,Normal
bgl_25503,Normal
bgl_25504,Normal
bgl_25505,Normal
bgl_25506,Normal
bgl_25507,Normal
bgl_25508,Normal
bgl_25509,Normal
bgl_25510,Normal
bgl_25511,Normal
bgl_25512,Normal
bgl_25513,Normal
bgl_25514,Normal
bgl_25515,Normal
bgl_25516,Normal
bgl_25517,Normal
bgl_25518,Normal
bgl_25519,Normal
bgl_25520,Normal
bgl_25521,Normal
bgl_25522,Normal
bgl_25523,Normal
bgl_25524,Normal
bgl_25525,Normal
bgl_25526,Normal
bgl_25527,Normal
bgl_25528,Normal
bgl_25529,Normal
bgl_25530,Normal
bgl_25531,Normal
bgl_25532,Normal
bgl_25533,Normal
bgl_25534,Normal
bgl_25535,Normal
bgl_25536,Normal
bgl_25537,Normal
bgl_25538,Normal
bgl_25539,Normal
bgl_25540,Normal
bgl_25541,Normal
bgl_25542,Normal
bgl_25543,Normal
bgl_25544,Normal
bgl_25545,Normal
bgl_25546,Normal
bgl_25547,Normal
bgl_25548,Normal
bgl_25549,Normal
bgl_25550,Normal
bgl_25551,Normal
bgl_25552,Normal
bgl_25553,Normal
bgl_25554,Normal
bgl_25555,Normal
bgl_25556,Normal
bgl_25557,Normal
bgl_25558,Normal
bgl_25559,Normal
bgl_25560,Normal
bgl_25561,Normal
bgl_25562,Normal
bgl_25563,Normal
bgl_25564,Normal
bgl_25565,Normal
bgl_25566,Normal
bgl_25567,Normal
bgl_25568,Normal
bgl_25569,Normal
bgl_25570,Normal
bgl_25571,Normal
bgl_25572,Normal
bgl_25573,Normal
bgl_25574,Normal
bgl_25575,Normal
bgl_25576,Normal
bgl_25577,Normal
bgl_25578,Normal
bgl_25579,Normal
bgl_25580,Normal
bgl_25581,Normal
bgl_25582,Normal
bgl_25583,Normal
bgl_25584,Normal
bgl_25585,Normal
bgl_25586,Normal
bgl_25587,Normal
bgl_25588,Normal
bgl_25589,Normal
bgl_25590,Normal
bgl_25591,Normal
bgl_25592,Normal
bgl_25593,Normal
bgl_25594,Normal
bgl_25595,Normal
bgl_25596,Normal
bgl_25597,Normal
bgl_25598,Normal
bgl_25599,Normal
bgl_25600,Normal
bgl_25601,Normal
bgl_25602,Normal
bgl_25603,Normal
bgl_25604,Normal
bgl_25605,Normal
bgl_25606,Normal
bgl_25607,Normal
bgl_25608,Normal
bgl_25609,Normal
bgl_25610,Normal
bgl_25611,Normal
bgl_25612,Normal
bgl_25613,Normal
bgl_25614,Normal
bgl_25615,Normal
bgl_25616,Normal
bgl_25617,Normal
bgl_25618,Normal
bgl_25619,Normal
bgl_25620,Normal
bgl_25621,Normal
bgl_25622,Normal
bgl_25623,Normal
bgl_25624,Normal
bgl_25625,Normal
bgl_25626,Normal
bgl_25627,Normal
bgl_25628,Normal
bgl_25629,Normal
bgl_25630,Normal
bgl_25631,Normal
bgl_25632,Normal
bgl_25633,Normal
bgl_25634,Normal
bgl_25635,Normal
bgl_25636,Normal
bgl_25637,Normal
bgl_25638,Normal
bgl_25639,Normal
bgl_25640,Normal
bgl_25641,Normal
bgl_25642,Normal
bgl_25643,Normal
bgl_25644,Normal
bgl_25645,Normal
bgl_25646,Normal
bgl_25647,Normal
bgl_25648,Normal
bgl_25649,Normal
bgl_25650,Normal
bgl_25651,Normal
bgl_25652,Normal
bgl_25653,Normal
bgl_25654,Normal
bgl_25655,Normal
bgl_25656,Normal
bgl_25657,Normal
bgl_25658,Normal
bgl_25659,Normal
bgl_25660,Normal
bgl_25661,Normal
bgl_25662,Normal
bgl_25663,Normal
bgl_25664,Normal
bgl_25665,Normal
bgl_25666,Normal
bgl_25667,Normal
bgl_25668,Normal
bgl_25669,Normal
bgl_25670,Normal
bgl_25671,Normal
bgl_25672,Normal
bgl_25673,Normal
bgl_25674,Normal
bgl_25675,Normal
bgl_25676,Normal
bgl_25677,Normal
bgl_25678,Normal
bgl_25679,Normal
bgl_25680,Normal
bgl_25681,Normal
bgl_25682,Normal
bgl_25683,Normal
bgl_25684,Normal
bgl_25685,Normal
bgl_25686,Normal
bgl_25687,Normal
bgl_25688,Normal
bgl_25689,Normal
bgl_25690,Normal
bgl_25691,Normal
bgl_25692,Normal
bgl_25693,Normal
bgl_25694,Normal
bgl_25695,Normal
bgl_25696,Normal
bgl_25697,Normal
bgl_25698,Normal
bgl_25699,Normal
bgl_25700,Normal
bgl_25701,Normal
bgl_25702,Normal
bgl_25703,Normal
bgl_25704,Normal
bgl_25705,Normal
bgl_25706,Normal
bgl_25707,Normal
bgl_25708,Normal
bgl_25709,Normal
bgl_25710,Normal
bgl_25711,Normal
bgl_25712,Normal
bgl_25713,Normal
bgl_25714,Normal
bgl_25715,Normal
bgl_25716,Normal
bgl_25717,Normal
bgl_25718,Normal
bgl_25719,Normal
bgl_25720,Normal
bgl_25721,Normal
bgl_25722,Normal
bgl_25723,Normal
bgl_25724,Normal
bgl_25725,Normal
bgl_25726,Normal
bgl_25727,Normal
bgl_25728,Normal
bgl_25729,Normal
bgl_25730,Normal
bgl_25731,Normal
bgl_25732,Normal
bgl_25733,Normal
bgl_25734,Normal
bgl_25735,Normal
bgl_25736,Normal
bgl_25737,Normal
bgl_25738,Normal
bgl_25739,Normal
bgl_25740,Normal
bgl_25741,Normal
bgl_25742,Normal
bgl_25743,Normal
bgl_25744,Normal
bgl_25745,Normal
bgl_25746,Normal
bgl_25747,Normal
bgl_25748,Normal
bgl_25749,Normal
bgl_25750,Normal
bgl_25751,Normal
bgl_25752,Normal
bgl_25753,Normal
bgl_25754,Normal
bgl_25755,Normal
bgl_25756,Normal
bgl_25757,Normal
bgl_25758,Normal
bgl_25759,Normal
bgl_25760,Normal
bgl_25761,Normal
bgl_25762,Normal
bgl_25763,Normal
bgl_25764,Normal
bgl_25765,Normal
bgl_25766,Normal
bgl_25767,Normal
bgl_25768,Normal
bgl_25769,Normal
bgl_25770,Normal
bgl_25771,Normal
bgl_25772,Normal
bgl_25773,Normal
bgl_25774,Normal
bgl_25775,Normal
bgl_25776,Normal
bgl_25777,Normal
bgl_25778,Normal
bgl_25779,Normal
bgl_25780,Normal
bgl_25781,Normal
bgl_25782,Normal
bgl_25783,Normal
bgl_25784,Normal
bgl_25785,Normal
bgl_25786,Normal
bgl_25787,Normal
bgl_25788,Normal
bgl_25789,Normal
bgl_25790,Normal
bgl_25791,Normal
bgl_25792,Normal
bgl_25793,Normal
bgl_25794,Normal
bgl_25795,Normal
bgl_25796,Normal
bgl_25797,Normal
bgl_25798,Normal
bgl_25799,Normal
bgl_25800,Normal
bgl_25801,Normal
bgl_25802,Normal
bgl_25803,Normal
bgl_25804,Normal
bgl_25805,Normal
bgl_25806,Normal
bgl_25807,Normal
bgl_25808,Normal
bgl_25809,Normal
bgl_25810,Normal
bgl_25811,Normal
bgl_25812,Normal
bgl_25813,Normal
bgl_25814,Normal
bgl_25815,Normal
bgl_25816,Normal
bgl_25817,Normal
bgl_25818,Normal
bgl_25819,Normal
bgl_25820,Normal
bgl_25821,Normal
bgl_25822,Normal
bgl_25823,Normal
bgl_25824,Normal
bgl_25825,Normal
bgl_25826,Normal
bgl_25827,Normal
bgl_25828,Normal
bgl_25829,Normal
bgl_25830,Normal
bgl_25831,Normal
bgl_25832,Normal
bgl_25833,Normal
bgl_25834,Normal
bgl_25835,Normal
bgl_25836,Normal
bgl_25837,Normal
bgl_25838,Normal
bgl_25839,Normal
bgl_25840,Normal
bgl_25841,Normal
bgl_25842,Normal
bgl_25843,Normal
bgl_25844,Normal
bgl_25845,Normal
bgl_25846,Normal
bgl_25847,Normal
bgl_25848,Normal
bgl_25849,Normal
bgl_25850,Normal
bgl_25851,Normal
bgl_25852,Normal
bgl_25853,Normal
bgl_25854,Normal
bgl_25855,Normal
bgl_25856,Normal
bgl_25857,Normal
bgl_25858,Normal
bgl_25859,Normal
bgl_25860,Normal
bgl_25861,Normal
bgl_25862,Normal
bgl_25863,Normal
bgl_25864,Normal
bgl_25865,Normal
bgl_25866,Normal
bgl_25867,Normal
bgl_25868,Normal
bgl_25869,Normal
bgl_25870,Normal
bgl_25871,Normal
bgl_25872,Normal
bgl_25873,Normal
bgl_25874,Normal
bgl_25875,Normal
bgl_25876,Normal
bgl_25877,Normal
bgl_25878,Normal
bgl_25879,Normal
bgl_25880,Normal
bgl_25881,Normal
bgl_25882,Normal
bgl_25883,Normal
bgl_25884,Normal
bgl_25885,Normal
bgl_25886,Normal
bgl_25887,Normal
bgl_25888,Normal
bgl_25889,Normal
bgl_25890,Normal
bgl_25891,Normal
bgl_25892,Normal
bgl_25893,Normal
bgl_25894,Normal
bgl_25895,Normal
bgl_25896,Normal
bgl_25897,Normal
bgl_25898,Normal
bgl_25899,Normal
bgl_25900,Normal
bgl_25901,Normal
bgl_25902,Normal
bgl_25903,Normal
bgl_25904,Normal
bgl_25905,Normal
bgl_25906,Normal
bgl_25907,Normal
bgl_25908,Normal
bgl_25909,Normal
bgl_25910,Normal
bgl_25911,Normal
bgl_25912,Normal
bgl_25913,Normal
bgl_25914,Normal
bgl_25915,Normal
bgl_25916,Normal
bgl_25917,Normal
bgl_25918,Normal
bgl_25919,Normal
bgl_25920,Normal
bgl_25921,Normal
bgl_25922,Normal
bgl_25923,Normal
bgl_25924,Normal
bgl_25925,Normal
bgl_25926,Normal
bgl_25927,Normal
bgl_25928,Normal
bgl_25929,Normal
bgl_25930,Normal
bgl_25931,Normal
bgl_25932,Normal
bgl_25933,Normal
bgl_25934,Normal
bgl_25935,Normal
bgl_25936,Normal
bgl_25937,Normal
bgl_25938,Normal
bgl_25939,Normal
bgl_25940,Normal
bgl_25941,Normal
bgl_25942,Normal
bgl_25943,Normal
bgl_25944,Normal
bgl_25945,Normal
bgl_25946,Normal
bgl_25947,Normal
bgl_25948,Normal
bgl_25949,Normal
bgl_25950,Normal
bgl_25951,Normal
bgl_25952,Normal
bgl_25953,Normal
bgl_25954,Normal
bgl_25955,Normal
bgl_25956,Normal
bgl_25957,Normal
bgl_25958,Normal
bgl_25959,Normal
bgl_25960,Normal
bgl_25961,Normal
bgl_25962,Normal
bgl_25963,Normal
bgl_25964,Normal
bgl_25965,Normal
bgl_25966,Normal
bgl_25967,Normal
bgl_25968,Normal
bgl_25969,Normal
bgl_25970,Normal
bgl_25971,Normal
bgl_25972,Normal
bgl_25973,Normal
bgl_25974,Normal
bgl_25975,Normal
bgl_25976,Normal
bgl_25977,Normal
bgl_25978,Normal
bgl_25979,Normal
bgl_25980,Normal
bgl_25981,Normal
bgl_25982,Normal
bgl_25983,Normal
bgl_25984,Normal
bgl_25985,Normal
bgl_25986,Normal
bgl_25987,Normal
bgl_25988,Normal
bgl_25989,Normal
bgl_25990,Normal
bgl_25991,Normal
bgl_25992,Normal
bgl_25993,Normal
bgl_25994,Normal
bgl_25995,Normal
bgl_25996,Normal
bgl_25997,Normal
bgl_25998,Normal
bgl_25999,Normal
bgl_26000,Normal
bgl_26001,Normal
bgl_26002,Normal
bgl_26003,Normal
bgl_26004,Normal
bgl_26005,Normal
bgl_26006,Normal
bgl_26007,Normal
bgl_26008,Normal
bgl_26009,Normal
bgl_26010,Normal
bgl_26011,Normal
bgl_26012,Normal
bgl_26013,Normal
bgl_26014,Normal
bgl_26015,Normal
bgl_26016,Normal
bgl_26017,Normal
bgl_26018,Normal
bgl_26019,Normal
bgl_26020,Normal
bgl_26021,Normal
bgl_26022,Normal
bgl_26023,Normal
bgl_26024,Normal
bgl_26025,Normal
bgl_26026,Normal
bgl_26027,Normal
bgl_26028,Normal
bgl_26029,Normal
bgl_26030,Normal
bgl_26031,Normal
bgl_26032,Normal
bgl_26033,Normal
bgl_26034,Normal
bgl_26035,Normal
bgl_26036,Normal
bgl_26037,Normal
bgl_26038,Normal
bgl_26039,Normal
bgl_26040,Normal
bgl_26041,Normal
bgl_26042,Normal
bgl_26043,Normal
bgl_26044,Normal
bgl_26045,Normal
bgl_26046,Normal
bgl_26047,Normal
bgl_26048,Normal
bgl_26049,Normal
bgl_26050,Normal
bgl_26051,Normal
bgl_26052,Normal
bgl_26053,Normal
bgl_26054,Normal
bgl_26055,Normal
bgl_26056,Normal
bgl_26057,Normal
bgl_26058,Normal
bgl_26059,Normal
bgl_26060,Normal
bgl_26061,Normal
bgl_26062,Normal
bgl_26063,Normal
bgl_26064,Normal
bgl_26065,Normal
bgl_26066,Normal
bgl_26067,Normal
bgl_26068,Normal
bgl_26069,Normal
bgl_26070,Normal
bgl_26071,Normal
bgl_26072,Normal
bgl_26073,Normal
bgl_26074,Normal
bgl_26075,Normal
bgl_26076,Normal
bgl_26077,Normal
bgl_26078,Normal
bgl_26079,Normal
bgl_26080,Normal
bgl_26081,Normal
bgl_26082,Normal
bgl_26083,Normal
bgl_26084,Normal
bgl_26085,Normal
bgl_26086,Normal
bgl_26087,Normal
bgl_26088,Normal
bgl_26089,Normal
bgl_26090,Normal
bgl_26091,Normal
bgl_26092,Normal
bgl_26093,Normal
bgl_26094,Normal
bgl_26095,Normal
bgl_26096,Normal
bgl_26097,Normal
bgl_26098,Normal
bgl_26099,Normal
bgl_26100,Normal
bgl_26101,Normal
bgl_26102,Normal
bgl_26103,Normal
bgl_26104,Normal
bgl_26105,Normal
bgl_26106,Normal
bgl_26107,Normal
bgl_26108,Normal
bgl_26109,Normal
bgl_26110,Normal
bgl_26111,Normal
bgl_26112,Normal
bgl_26113,Normal
bgl_26114,Normal
bgl_26115,Normal
bgl_26116,Normal
bgl_26117,Normal
bgl_26118,Normal
bgl_26119,Normal
bgl_26120,Normal
bgl_26121,Normal
bgl_26122,Normal
bgl_26123,Normal
bgl_26124,Normal
bgl_26125,Normal
bgl_26126,Normal
bgl_26127,Normal
bgl_26128,Normal
bgl_26129,Normal
bgl_26130,Normal
bgl_26131,Normal
bgl_26132,Normal
bgl_26133,Normal
bgl_26134,Normal
bgl_26135,Normal
bgl_26136,Normal
bgl_26137,Normal
bgl_26138,Normal
bgl_26139,Normal
bgl_26140,Normal
bgl_26141,Normal
bgl_26142,Normal
bgl_26143,Normal
bgl_26144,Normal
bgl_26145,Normal
bgl_26146,Normal
bgl_26147,Normal
bgl_26148,Normal
bgl_26149,Normal
bgl_26150,Normal
bgl_26151,Normal
bgl_26152,Normal
bgl_26153,Normal
bgl_26154,Normal
bgl_26155,Normal
bgl_26156,Normal
bgl_26157,Normal
bgl_26158,Normal
bgl_26159,Normal
bgl_26160,Normal
bgl_26161,Normal
bgl_26162,Normal
bgl_26163,Normal
bgl_26164,Normal
bgl_26165,Normal
bgl_26166,Normal
bgl_26167,Normal
bgl_26168,Normal
bgl_26169,Normal
bgl_26170,Normal
bgl_26171,Normal
bgl_26172,Normal
bgl_26173,Normal
bgl_26174,Normal
bgl_26175,Normal
bgl_26176,Normal
bgl_26177,Normal
bgl_26178,Normal
bgl_26179,Normal
bgl_26180,Normal
bgl_26181,Normal
bgl_26182,Normal
bgl_26183,Normal
bgl_26184,Normal
bgl_26185,Normal
bgl_26186,Normal
bgl_26187,Normal
bgl_26188,Normal
bgl_26189,Normal
bgl_26190,Normal
bgl_26191,Normal
bgl_26192,Normal
bgl_26193,Normal
bgl_26194,Normal
bgl_26195,Normal
bgl_26196,Normal
bgl_26197,Normal
bgl_26198,Normal
bgl_26199,Normal
bgl_26200,Normal
bgl_26201,Normal
bgl_26202,Normal
bgl_26203,Normal
bgl_26204,Normal
bgl_26205,Normal
bgl_26206,Normal
bgl_26207,Normal
bgl_26208,Normal
bgl_26209,Normal
bgl_26210,Normal
bgl_26211,Normal
bgl_26212,Normal
bgl_26213,Normal
bgl_26214,Normal
bgl_26215,Normal
bgl_26216,Normal
bgl_26217,Normal
bgl_26218,Normal
bgl_26219,Normal
bgl_26220,Normal
bgl_26221,Normal
bgl_26222,Normal
bgl_26223,Normal
bgl_26224,Normal
bgl_26225,Normal
bgl_26226,Normal
bgl_26227,Normal
bgl_26228,Normal
bgl_26229,Normal
bgl_26230,Normal
bgl_26231,Normal
bgl_26232,Normal
bgl_26233,Normal
bgl_26234,Normal
bgl_26235,Normal
bgl_26236,Normal
bgl_26237,Normal
bgl_26238,Normal
bgl_26239,Normal
bgl_26240,Normal
bgl_26241,Normal
bgl_26242,Normal
bgl_26243,Normal
bgl_26244,Normal
bgl_26245,Normal
bgl_26246,Normal
bgl_26247,Normal
bgl_26248,Normal
bgl_26249,Normal
bgl_26250,Normal
bgl_26251,Normal
bgl_26252,Normal
bgl_26253,Normal
bgl_26254,Normal
bgl_26255,Normal
bgl_26256,Normal
bgl_26257,Normal
bgl_26258,Normal
bgl_26259,Normal
bgl_26260,Normal
bgl_26261,Normal
bgl_26262,Normal
bgl_26263,Normal
bgl_26264,Normal
bgl_26265,Normal
bgl_26266,Normal
bgl_26267,Normal
bgl_26268,Normal
bgl_26269,Normal
bgl_26270,Normal
bgl_26271,Normal
bgl_26272,Normal
bgl_26273,Normal
bgl_26274,Normal
bgl_26275,Normal
bgl_26276,Normal
bgl_26277,Normal
bgl_26278,Normal
bgl_26279,Normal
bgl_26280,Normal
bgl_26281,Normal
bgl_26282,Normal
bgl_26283,Normal
bgl_26284,Normal
bgl_26285,Normal
bgl_26286,Normal
bgl_26287,Normal
bgl_26288,Normal
bgl_26289,Normal
bgl_26290,Normal
bgl_26291,Normal
bgl_26292,Normal
bgl_26293,Normal
bgl_26294,Normal
bgl_26295,Normal
bgl_26296,Normal
bgl_26297,Normal
bgl_26298,Normal
bgl_26299,Normal
bgl_26300,Normal
bgl_26301,Normal
bgl_26302,Normal
bgl_26303,Normal
bgl_26304,Normal
bgl_26305,Normal
bgl_26306,Normal
bgl_26307,Normal
bgl_26308,Normal
bgl_26309,Normal
bgl_26310,Normal
bgl_26311,Normal
bgl_26312,Normal
bgl_26313,Normal
bgl_26314,Normal
bgl_26315,Normal
bgl_26316,Normal
bgl_26317,Normal
bgl_26318,Normal
bgl_26319,Normal
bgl_26320,Normal
bgl_26321,Normal
bgl_26322,Normal
bgl_26323,Normal
bgl_26324,Normal
bgl_26325,Normal
bgl_26326,Normal
bgl_26327,Normal
bgl_26328,Normal
bgl_26329,Normal
bgl_26330,Normal
bgl_26331,Normal
bgl_26332,Normal
bgl_26333,Normal
bgl_26334,Normal
bgl_26335,Normal
bgl_26336,Normal
bgl_26337,Normal
bgl_26338,Normal
bgl_26339,Normal
bgl_26340,Normal
bgl_26341,Normal
bgl_26342,Normal
bgl_26343,Normal
bgl_26344,Normal
bgl_26345,Normal
bgl_26346,Normal
bgl_26347,Normal
bgl_26348,Normal
bgl_26349,Normal
bgl_26350,Normal
bgl_26351,Normal
bgl_26352,Normal
bgl_26353,Normal
bgl_26354,Normal
bgl_26355,Normal
bgl_26356,Normal
bgl_26357,Normal
bgl_26358,Normal
bgl_26359,Normal
bgl_26360,Normal
bgl_26361,Normal
bgl_26362,Normal
bgl_26363,Normal
bgl_26364,Normal
bgl_26365,Normal
bgl_26366,Normal
bgl_26367,Normal
bgl_26368,Normal
bgl_26369,Normal
bgl_26370,Normal
bgl_26371,Normal
bgl_26372,Normal
bgl_26373,Normal
bgl_26374,Normal
bgl_26375,Normal
bgl_26376,Normal
bgl_26377,Normal
bgl_26378,Normal
bgl_26379,Normal
bgl_26380,Normal
bgl_26381,Normal
bgl_26382,Normal
bgl_26383,Normal
bgl_26384,Normal
bgl_26385,Normal
bgl_26386,Normal
bgl_26387,Normal
bgl_26388,Normal
bgl_26389,Normal
bgl_26390,Normal
bgl_26391,Normal
bgl_26392,Normal
bgl_26393,Normal
bgl_26394,Normal
bgl_26395,Normal
bgl_26396,Normal
bgl_26397,Normal
bgl_26398,Normal
bgl_26399,Normal
bgl_26400,Normal
bgl_26401,Normal
bgl_26402,Normal
bgl_26403,Normal
bgl_26404,Normal
bgl_26405,Normal
bgl_26406,Normal
bgl_26407,Normal
bgl_26408,Normal
bgl_26409,Normal
bgl_26410,Normal
bgl_26411,Normal
bgl_26412,Normal
bgl_26413,Normal
bgl_26414,Normal
bgl_26415,Normal
bgl_26416,Normal
bgl_26417,Normal
bgl_26418,Normal
bgl_26419,Normal
bgl_26420,Normal
bgl_26421,Normal
bgl_26422,Normal
bgl_26423,Normal
bgl_26424,Normal
bgl_26425,Normal
bgl_26426,Normal
bgl_26427,Normal
bgl_26428,Normal
bgl_26429,Normal
bgl_26430,Normal
bgl_26431,Normal
bgl_26432,Normal
bgl_26433,Normal
bgl_26434,Normal
bgl_26435,Normal
bgl_26436,Normal
bgl_26437,Normal
bgl_26438,Normal
bgl_26439,Normal
bgl_26440,Normal
bgl_26441,Normal
bgl_26442,Normal
bgl_26443,Normal
bgl_26444,Normal
bgl_26445,Normal
bgl_26446,Normal
bgl_26447,Normal
bgl_26448,Normal
bgl_26449,Normal
bgl_26450,Normal
bgl_26451,Normal
bgl_26452,Normal
bgl_26453,Normal
bgl_26454,Normal
bgl_26455,Normal
bgl_26456,Normal
bgl_26457,Normal
bgl_26458,Normal
bgl_26459,Normal
bgl_26460,Normal
bgl_26461,Normal
bgl_26462,Normal
bgl_26463,Normal
bgl_26464,Normal
bgl_26465,Normal
bgl_26466,Normal
bgl_26467,Normal
bgl_26468,Normal
bgl_26469,Normal
bgl_26470,Normal
bgl_26471,Normal
bgl_26472,Normal
bgl_26473,Normal
bgl_26474,Normal
bgl_26475,Normal
bgl_26476,Normal
bgl_26477,Normal
bgl_26478,Normal
bgl_26479,Normal
bgl_26480,Normal
bgl_26481,Normal
bgl_26482,Normal
bgl_26483,Normal
bgl_26484,Normal
bgl_26485,Normal
bgl_26486,Normal
bgl_26487,Normal
bgl_26488,Normal
bgl_26489,Normal
bgl_26490,Normal
bgl_26491,Normal
bgl_26492,Normal
bgl_26493,Normal
bgl_26494,Normal
bgl_26495,Normal
bgl_26496,Normal
bgl_26497,Normal
bgl_26498,Normal
bgl_26499,Normal
bgl_26500,Normal
bgl_26501,Normal
bgl_26502,Normal
bgl_26503,Normal
bgl_26504,Normal
bgl_26505,Normal
bgl_26506,Normal
bgl_26507,Normal
bgl_26508,Normal
bgl_26509,Normal
bgl_26510,Normal
bgl_26511,Normal
bgl_26512,Normal
bgl_26513,Normal
bgl_26514,Normal
bgl_26515,Normal
bgl_26516,Normal
bgl_26517,Normal
bgl_26518,Normal
bgl_26519,Normal
bgl_26520,Normal
bgl_26521,Normal
bgl_26522,Normal
bgl_26523,Normal
bgl_26524,Normal
bgl_26525,Normal
bgl_26526,Normal
bgl_26527,Normal
bgl_26528,Normal
bgl_26529,Normal
bgl_26530,Normal
bgl_26531,Normal
bgl_26532,Normal
bgl_26533,Normal
bgl_26534,Normal
bgl_26535,Normal
bgl_26536,Normal
bgl_26537,Normal
bgl_26538,Normal
bgl_26539,Normal
bgl_26540,Normal
bgl_26541,Normal
bgl_26542,Normal
bgl_26543,Normal
bgl_26544,Normal
bgl_26545,Normal
bgl_26546,Normal
bgl_26547,Normal
bgl_26548,Normal
bgl_26549,Normal
bgl_26550,Normal
bgl_26551,Normal
bgl_26552,Normal
bgl_26553,Normal
bgl_26554,Normal
bgl_26555,Normal
bgl_26556,Normal
bgl_26557,Normal
bgl_26558,Normal
bgl_26559,Normal
bgl_26560,Normal
bgl_26561,Normal
bgl_26562,Normal
bgl_26563,Normal
bgl_26564,Normal
bgl_26565,Normal
bgl_26566,Normal
bgl_26567,Normal
bgl_26568,Normal
bgl_26569,Normal
bgl_26570,Normal
bgl_26571,Normal
bgl_26572,Normal
bgl_26573,Normal
bgl_26574,Normal
bgl_26575,Normal
bgl_26576,Normal
bgl_26577,Normal
bgl_26578,Normal
bgl_26579,Normal
bgl_26580,Normal
bgl_26581,Normal
bgl_26582,Normal
bgl_26583,Normal
bgl_26584,Normal
bgl_26585,Normal
bgl_26586,Normal
bgl_26587,Normal
bgl_26588,Normal
bgl_26589,Normal
bgl_26590,Normal
bgl_26591,Normal
bgl_26592,Normal
bgl_26593,Normal
bgl_26594,Normal
bgl_26595,Normal
bgl_26596,Normal
bgl_26597,Normal
bgl_26598,Normal
bgl_26599,Normal
bgl_26600,Normal
bgl_26601,Normal
bgl_26602,Normal
bgl_26603,Normal
bgl_26604,Normal
bgl_26605,Normal
bgl_26606,Normal
bgl_26607,Normal
bgl_26608,Normal
bgl_26609,Normal
bgl_26610,Normal
bgl_26611,Normal
bgl_26612,Normal
bgl_26613,Normal
bgl_26614,Normal
bgl_26615,Normal
bgl_26616,Normal
bgl_26617,Normal
bgl_26618,Normal
bgl_26619,Normal
bgl_26620,Normal
bgl_26621,Normal
bgl_26622,Normal
bgl_26623,Normal
bgl_26624,Normal
bgl_26625,Normal
bgl_26626,Normal
bgl_26627,Normal
bgl_26628,Normal
bgl_26629,Normal
bgl_26630,Normal
bgl_26631,Normal
bgl_26632,Normal
bgl_26633,Normal
bgl_26634,Normal
bgl_26635,Normal
bgl_26636,Normal
bgl_26637,Normal
bgl_26638,Normal
bgl_26639,Normal
bgl_26640,Normal
bgl_26641,Normal
bgl_26642,Normal
bgl_26643,Normal
bgl_26644,Normal
bgl_26645,Normal
bgl_26646,Normal
bgl_26647,Normal
bgl_26648,Normal
bgl_26649,Normal
bgl_26650,Normal
bgl_26651,Normal
bgl_26652,Normal
bgl_26653,Normal
bgl_26654,Normal
bgl_26655,Normal
bgl_26656,Normal
bgl_26657,Normal
bgl_26658,Normal
bgl_26659,Normal
bgl_26660,Normal
bgl_26661,Normal
bgl_26662,Normal
bgl_26663,Normal
bgl_26664,Normal
bgl_26665,Normal
bgl_26666,Normal
bgl_26667,Normal
bgl_26668,Normal
bgl_26669,Normal
bgl_26670,Normal
bgl_26671,Normal
bgl_26672,Normal
bgl_26673,Normal
bgl_26674,Normal
bgl_26675,Normal
bgl_26676,Normal
bgl_26677,Normal
bgl_26678,Normal
bgl_26679,Normal
bgl_26680,Normal
bgl_26681,Normal
bgl_26682,Normal
bgl_26683,Normal
bgl_26684,Normal
bgl_26685,Normal
bgl_26686,Normal
bgl_26687,Normal
bgl_26688,Normal
bgl_26689,Normal
bgl_26690,Normal
bgl_26691,Normal
bgl_26692,Normal
bgl_26693,Normal
bgl_26694,Normal
bgl_26695,Normal
bgl_26696,Normal
bgl_26697,Normal
bgl_26698,Normal
bgl_26699,Normal
bgl_26700,Normal
bgl_26701,Normal
bgl_26702,Normal
bgl_26703,Normal
bgl_26704,Normal
bgl_26705,Normal
bgl_26706,Normal
bgl_26707,Normal
bgl_26708,Normal
bgl_26709,Normal
bgl_26710,Normal
bgl_26711,Normal
bgl_26712,Normal
bgl_26713,Normal
bgl_26714,Normal
bgl_26715,Normal
bgl_26716,Normal
bgl_26717,Normal
bgl_26718,Normal
bgl_26719,Normal
bgl_26720,Normal
bgl_26721,Normal
bgl_26722,Normal
bgl_26723,Normal
bgl_26724,Normal
bgl_26725,Normal
bgl_26726,Normal
bgl_26727,Normal
bgl_26728,Normal
bgl_26729,Normal
bgl_26730,Normal
bgl_26731,Normal
bgl_26732,Normal
bgl_26733,Normal
bgl_26734,Normal
bgl_26735,Normal
bgl_26736,Normal
bgl_26737,Normal
bgl_26738,Normal
bgl_26739,Normal
bgl_26740,Normal
bgl_26741,Normal
bgl_26742,Normal
bgl_26743,Normal
bgl_26744,Normal
bgl_26745,Normal
bgl_26746,Normal
bgl_26747,Normal
bgl_26748,Normal
bgl_26749,Normal
bgl_26750,Normal
bgl_26751,Normal
bgl_26752,Normal
bgl_26753,Normal
bgl_26754,Normal
bgl_26755,Normal
bgl_26756,Normal
bgl_26757,Normal
bgl_26758,Normal
bgl_26759,Normal
bgl_26760,Normal
bgl_26761,Normal
bgl_26762,Normal
bgl_26763,Normal
bgl_26764,Normal
bgl_26765,Normal
bgl_26766,Normal
bgl_26767,Normal
bgl_26768,Normal
bgl_26769,Normal
bgl_26770,Normal
bgl_26771,Normal
bgl_26772,Normal
bgl_26773,Normal
bgl_26774,Normal
bgl_26775,Normal
bgl_26776,Normal
bgl_26777,Normal
bgl_26778,Normal
bgl_26779,Normal
bgl_26780,Normal
bgl_26781,Normal
bgl_26782,Normal
bgl_26783,Normal
bgl_26784,Normal
bgl_26785,Normal
bgl_26786,Normal
bgl_26787,Normal
bgl_26788,Normal
bgl_26789,Normal
bgl_26790,Normal
bgl_26791,Normal
bgl_26792,Normal
bgl_26793,Normal
bgl_26794,Normal
bgl_26795,Normal
bgl_26796,Normal
bgl_26797,Normal
bgl_26798,Normal
bgl_26799,Normal
bgl_26800,Normal
bgl_26801,Normal
bgl_26802,Normal
bgl_26803,Normal
bgl_26804,Normal
bgl_26805,Normal
bgl_26806,Normal
bgl_26807,Normal
bgl_26808,Normal
bgl_26809,Normal
bgl_26810,Normal
bgl_26811,Normal
bgl_26812,Normal
bgl_26813,Normal
bgl_26814,Normal
bgl_26815,Normal
bgl_26816,Normal
bgl_26817,Normal
bgl_26818,Normal
bgl_26819,Normal
bgl_26820,Normal
bgl_26821,Normal
bgl_26822,Normal
bgl_26823,Normal
bgl_26824,Normal
bgl_26825,Normal
bgl_26826,Normal
bgl_26827,Normal
bgl_26828,Normal
bgl_26829,Normal
bgl_26830,Normal
bgl_26831,Normal
bgl_26832,Normal
bgl_26833,Normal
bgl_26834,Normal
bgl_26835,Normal
bgl_26836,Normal
bgl_26837,Normal
bgl_26838,Normal
bgl_26839,Normal
bgl_26840,Normal
bgl_26841,Normal
bgl_26842,Normal
bgl_26843,Normal
bgl_26844,Normal
bgl_26845,Normal
bgl_26846,Normal
bgl_26847,Normal
bgl_26848,Normal
bgl_26849,Normal
bgl_26850,Normal
bgl_26851,Normal
bgl_26852,Normal
bgl_26853,Normal
bgl_26854,Normal
bgl_26855,Normal
bgl_26856,Normal
bgl_26857,Normal
bgl_26858,Normal
bgl_26859,Normal
bgl_26860,Normal
bgl_26861,Anomaly
bgl_26862,Anomaly
bgl_26863,Anomaly
bgl_26864,Normal
bgl_26865,Normal
bgl_26866,Normal
bgl_26867,Normal
bgl_26868,Normal
bgl_26869,Normal
bgl_26870,Normal
bgl_26871,Normal
bgl_26872,Normal
bgl_26873,Normal
bgl_26874,Normal
bgl_26875,Normal
bgl_26876,Normal
bgl_26877,Normal
bgl_26878,Normal
bgl_26879,Normal
bgl_26880,Normal
bgl_26881,Normal
bgl_26882,Normal
bgl_26883,Normal
bgl_26884,Normal
bgl_26885,Normal
bgl_26886,Normal
bgl_26887,Normal
bgl_26888,Normal
bgl_26889,Normal
bgl_26890,Normal
bgl_26891,Normal
bgl_26892,Normal
bgl_26893,Normal
bgl_26894,Normal
bgl_26895,Normal
bgl_26896,Normal
bgl_26897,Normal
bgl_26898,Normal
bgl_26899,Normal
bgl_26900,Normal
bgl_26901,Normal
bgl_26902,Normal
bgl_26903,Normal
bgl_26904,Normal
bgl_26905,Normal
bgl_26906,Normal
bgl_26907,Normal
bgl_26908,Normal
bgl_26909,Normal
bgl_26910,Normal
bgl_26911,Normal
bgl_26912,Normal
bgl_26913,Normal
bgl_26914,Normal
bgl_26915,Normal
bgl_26916,Normal
bgl_26917,Normal
bgl_26918,Normal
bgl_26919,Normal
bgl_26920,Normal
bgl_26921,Normal
bgl_26922,Normal
bgl_26923,Normal
bgl_26924,Normal
bgl_26925,Normal
bgl_26926,Normal
bgl_26927,Normal
bgl_26928,Normal
bgl_26929,Normal
bgl_26930,Normal
bgl_26931,Normal
bgl_26932,Normal
bgl_26933,Normal
bgl_26934,Normal
bgl_26935,Normal
bgl_26936,Normal
bgl_26937,Normal
bgl_26938,Normal
bgl_26939,Normal
bgl_26940,Normal
bgl_26941,Normal
bgl_26942,Normal
bgl_26943,Normal
bgl_26944,Normal
bgl_26945,Normal
bgl_26946,Normal
bgl_26947,Normal
bgl_26948,Normal
bgl_26949,Normal
bgl_26950,Normal
bgl_26951,Normal
bgl_26952,Normal
bgl_26953,Normal
bgl_26954,Normal
bgl_26955,Normal
bgl_26956,Normal
bgl_26957,Normal
bgl_26958,Normal
bgl_26959,Normal
bgl_26960,Normal
bgl_26961,Normal
bgl_26962,Normal
bgl_26963,Normal
bgl_26964,Normal
bgl_26965,Normal
bgl_26966,Normal
bgl_26967,Normal
bgl_26968,Normal
bgl_26969,Normal
bgl_26970,Normal
bgl_26971,Normal
bgl_26972,Normal
bgl_26973,Normal
bgl_26974,Normal
bgl_26975,Normal
bgl_26976,Normal
bgl_26977,Normal
bgl_26978,Normal
bgl_26979,Normal
bgl_26980,Normal
bgl_26981,Normal
bgl_26982,Normal
bgl_26983,Normal
bgl_26984,Normal
bgl_26985,Normal
bgl_26986,Normal
bgl_26987,Normal
bgl_26988,Normal
bgl_26989,Normal
bgl_26990,Normal
bgl_26991,Normal
bgl_26992,Normal
bgl_26993,Normal
bgl_26994,Normal
bgl_26995,Normal
bgl_26996,Normal
bgl_26997,Normal
bgl_26998,Normal
bgl_26999,Normal
bgl_27000,Normal
bgl_27001,Normal
bgl_27002,Normal
bgl_27003,Normal
bgl_27004,Normal
bgl_27005,Normal
bgl_27006,Normal
bgl_27007,Normal
bgl_27008,Normal
bgl_27009,Normal
bgl_27010,Normal
bgl_27011,Normal
bgl_27012,Normal
bgl_27013,Normal
bgl_27014,Normal
bgl_27015,Normal
bgl_27016,Normal
bgl_27017,Normal
bgl_27018,Normal
bgl_27019,Normal
bgl_27020,Normal
bgl_27021,Normal
bgl_27022,Normal
bgl_27023,Normal
bgl_27024,Normal
bgl_27025,Normal
bgl_27026,Normal
bgl_27027,Normal
bgl_27028,Normal
bgl_27029,Normal
bgl_27030,Normal
bgl_27031,Normal
bgl_27032,Normal
bgl_27033,Normal
bgl_27034,Normal
bgl_27035,Normal
bgl_27036,Normal
bgl_27037,Normal
bgl_27038,Normal
bgl_27039,Normal
bgl_27040,Normal
bgl_27041,Normal
bgl_27042,Normal
bgl_27043,Normal
bgl_27044,Normal
bgl_27045,Normal
bgl_27046,Normal
bgl_27047,Normal
bgl_27048,Normal
bgl_27049,Normal
bgl_27050,Normal
bgl_27051,Normal
bgl_27052,Normal
bgl_27053,Normal
bgl_27054,Normal
bgl_27055,Normal
bgl_27056,Normal
bgl_27057,Normal
bgl_27058,Normal
bgl_27059,Normal
bgl_27060,Normal
bgl_27061,Normal
bgl_27062,Normal
bgl_27063,Normal
bgl_27064,Normal
bgl_27065,Normal
bgl_27066,Normal
bgl_27067,Normal
bgl_27068,Normal
bgl_27069,Normal
bgl_27070,Normal
bgl_27071,Normal
bgl_27072,Normal
bgl_27073,Normal
bgl_27074,Normal
bgl_27075,Normal
bgl_27076,Normal
bgl_27077,Normal
bgl_27078,Normal
bgl_27079,Normal
bgl_27080,Normal
bgl_27081,Normal
bgl_27082,Normal
bgl_27083,Normal
bgl_27084,Normal
bgl_27085,Normal
bgl_27086,Normal
bgl_27087,Normal
bgl_27088,Normal
bgl_27089,Normal
bgl_27090,Normal
bgl_27091,Normal
bgl_27092,Normal
bgl_27093,Normal
bgl_27094,Normal
bgl_27095,Normal
bgl_27096,Normal
bgl_27097,Normal
bgl_27098,Normal
bgl_27099,Normal
bgl_27100,Normal
bgl_27101,Normal
bgl_27102,Normal
bgl_27103,Normal
bgl_27104,Normal
bgl_27105,Normal
bgl_27106,Normal
bgl_27107,Normal
bgl_27108,Normal
bgl_27109,Normal
bgl_27110,Normal
bgl_27111,Normal
bgl_27112,Normal
bgl_27113,Normal
bgl_27114,Normal
bgl_27115,Normal
bgl_27116,Normal
bgl_27117,Normal
bgl_27118,Normal
bgl_27119,Normal
bgl_27120,Normal
bgl_27121,Normal
bgl_27122,Normal
bgl_27123,Normal
bgl_27124,Normal
bgl_27125,Normal
bgl_27126,Normal
bgl_27127,Normal
bgl_27128,Normal
bgl_27129,Normal
bgl_27130,Normal
bgl_27131,Normal
bgl_27132,Normal
bgl_27133,Normal
bgl_27134,Normal
bgl_27135,Normal
bgl_27136,Normal
bgl_27137,Normal
bgl_27138,Normal
bgl_27139,Normal
bgl_27140,Normal
bgl_27141,Normal
bgl_27142,Normal
bgl_27143,Normal
bgl_27144,Normal
bgl_27145,Normal
bgl_27146,Normal
bgl_27147,Normal
bgl_27148,Normal
bgl_27149,Normal
bgl_27150,Normal
bgl_27151,Normal
bgl_27152,Normal
bgl_27153,Normal
bgl_27154,Normal
bgl_27155,Normal
bgl_27156,Normal
bgl_27157,Normal
bgl_27158,Normal
bgl_27159,Normal
bgl_27160,Normal
bgl_27161,Normal
bgl_27162,Normal
bgl_27163,Normal
bgl_27164,Normal
bgl_27165,Normal
bgl_27166,Normal
bgl_27167,Normal
bgl_27168,Normal
bgl_27169,Normal
bgl_27170,Normal
bgl_27171,Normal
bgl_27172,Normal
bgl_27173,Normal
bgl_27174,Normal
bgl_27175,Normal
bgl_27176,Normal
bgl_27177,Normal
bgl_27178,Normal
bgl_27179,Normal
bgl_27180,Normal
bgl_27181,Normal
bgl_27182,Normal
bgl_27183,Normal
bgl_27184,Normal
bgl_27185,Normal
bgl_27186,Normal
bgl_27187,Normal
bgl_27188,Normal
bgl_27189,Normal
bgl_27190,Normal
bgl_27191,Normal
bgl_27192,Normal
bgl_27193,Normal
bgl_27194,Normal
bgl_27195,Normal
bgl_27196,Normal
bgl_27197,Normal
bgl_27198,Normal
bgl_27199,Normal
bgl_27200,Normal
bgl_27201,Normal
bgl_27202,Normal
bgl_27203,Normal
bgl_27204,Normal
bgl_27205,Normal
bgl_27206,Normal
bgl_27207,Normal
bgl_27208,Normal
bgl_27209,Normal
bgl_27210,Normal
bgl_27211,Normal
bgl_27212,Normal
bgl_27213,Normal
bgl_27214,Normal
bgl_27215,Normal
bgl_27216,Normal
bgl_27217,Normal
bgl_27218,Normal
bgl_27219,Normal
bgl_27220,Normal
bgl_27221,Normal
bgl_27222,Normal
bgl_27223,Normal
bgl_27224,Normal
bgl_27225,Normal
bgl_27226,Normal
bgl_27227,Normal
bgl_27228,Normal
bgl_27229,Normal
bgl_27230,Normal
bgl_27231,Normal
bgl_27232,Normal
bgl_27233,Normal
bgl_27234,Normal
bgl_27235,Normal
bgl_27236,Normal
bgl_27237,Normal
bgl_27238,Normal
bgl_27239,Normal
bgl_27240,Normal
bgl_27241,Normal
bgl_27242,Normal
bgl_27243,Normal
bgl_27244,Normal
bgl_27245,Normal
bgl_27246,Normal
bgl_27247,Normal
bgl_27248,Anomaly
bgl_27249,Anomaly
bgl_27250,Normal
bgl_27251,Normal
bgl_27252,Normal
bgl_27253,Normal
bgl_27254,Normal
bgl_27255,Normal
bgl_27256,Normal
bgl_27257,Normal
bgl_27258,Normal
bgl_27259,Anomaly
bgl_27260,Anomaly
bgl_27261,Normal
bgl_27262,Normal
bgl_27263,Normal
bgl_27264,Normal
bgl_27265,Normal
bgl_27266,Normal
bgl_27267,Normal
bgl_27268,Normal
bgl_27269,Normal
bgl_27270,Normal
bgl_27271,Normal
bgl_27272,Normal
bgl_27273,Normal
bgl_27274,Normal
bgl_27275,Normal
bgl_27276,Normal
bgl_27277,Normal
bgl_27278,Normal
bgl_27279,Normal
bgl_27280,Normal
bgl_27281,Normal
bgl_27282,Normal
bgl_27283,Normal
bgl_27284,Normal
bgl_27285,Normal
bgl_27286,Normal
bgl_27287,Normal
bgl_27288,Normal
bgl_27289,Normal
bgl_27290,Normal
bgl_27291,Normal
bgl_27292,Normal
bgl_27293,Normal
bgl_27294,Normal
bgl_27295,Normal
bgl_27296,Normal
bgl_27297,Normal
bgl_27298,Normal
bgl_27299,Normal
bgl_27300,Normal
bgl_27301,Normal
bgl_27302,Normal
bgl_27303,Normal
bgl_27304,Normal
bgl_27305,Normal
bgl_27306,Normal
bgl_27307,Normal
bgl_27308,Normal
bgl_27309,Normal
bgl_27310,Normal
bgl_27311,Normal
bgl_27312,Normal
bgl_27313,Normal
bgl_27314,Normal
bgl_27315,Normal
bgl_27316,Normal
bgl_27317,Normal
bgl_27318,Normal
bgl_27319,Normal
bgl_27320,Normal
bgl_27321,Normal
bgl_27322,Normal
bgl_27323,Normal
bgl_27324,Normal
bgl_27325,Normal
bgl_27326,Normal
bgl_27327,Normal
bgl_27328,Normal
bgl_27329,Normal
bgl_27330,Normal
bgl_27331,Normal
bgl_27332,Normal
bgl_27333,Normal
bgl_27334,Normal
bgl_27335,Normal
bgl_27336,Normal
bgl_27337,Normal
bgl_27338,Normal
bgl_27339,Normal
bgl_27340,Normal
bgl_27341,Normal
bgl_27342,Normal
bgl_27343,Normal
bgl_27344,Normal
bgl_27345,Normal
bgl_27346,Normal
bgl_27347,Normal
bgl_27348,Normal
bgl_27349,Normal
bgl_27350,Normal
bgl_27351,Normal
bgl_27352,Normal
bgl_27353,Normal
bgl_27354,Normal
bgl_27355,Normal
bgl_27356,Normal
bgl_27357,Normal
bgl_27358,Normal
bgl_27359,Normal
bgl_27360,Normal
bgl_27361,Normal
bgl_27362,Anomaly
bgl_27363,Normal
bgl_27364,Normal
bgl_27365,Normal
bgl_27366,Normal
bgl_27367,Normal
bgl_27368,Normal
bgl_27369,Anomaly
bgl_27370,Normal
bgl_27371,Normal
bgl_27372,Normal
bgl_27373,Normal
bgl_27374,Normal
bgl_27375,Normal
bgl_27376,Normal
bgl_27377,Normal
bgl_27378,Normal
bgl_27379,Normal
bgl_27380,Normal
bgl_27381,Normal
bgl_27382,Normal
bgl_27383,Normal
bgl_27384,Normal
bgl_27385,Normal
bgl_27386,Normal
bgl_27387,Normal
bgl_27388,Normal
bgl_27389,Normal
bgl_27390,Normal
bgl_27391,Normal
bgl_27392,Normal
bgl_27393,Normal
bgl_27394,Normal
bgl_27395,Normal
bgl_27396,Normal
bgl_27397,Normal
bgl_27398,Normal
bgl_27399,Normal
bgl_27400,Normal
bgl_27401,Normal
bgl_27402,Normal
bgl_27403,Normal
bgl_27404,Normal
bgl_27405,Normal
bgl_27406,Normal
bgl_27407,Normal
bgl_27408,Normal
bgl_27409,Normal
bgl_27410,Normal
bgl_27411,Normal
bgl_27412,Normal
bgl_27413,Normal
bgl_27414,Normal
bgl_27415,Normal
bgl_27416,Normal
bgl_27417,Normal
bgl_27418,Normal
bgl_27419,Normal
bgl_27420,Normal
bgl_27421,Normal
bgl_27422,Normal
bgl_27423,Normal
bgl_27424,Normal
bgl_27425,Normal
bgl_27426,Normal
bgl_27427,Normal
bgl_27428,Normal
bgl_27429,Normal
bgl_27430,Normal
bgl_27431,Normal
bgl_27432,Normal
bgl_27433,Normal
bgl_27434,Normal
bgl_27435,Normal
bgl_27436,Normal
bgl_27437,Normal
bgl_27438,Normal
bgl_27439,Normal
bgl_27440,Normal
bgl_27441,Normal
bgl_27442,Normal
bgl_27443,Normal
bgl_27444,Normal
bgl_27445,Normal
bgl_27446,Normal
bgl_27447,Normal
bgl_27448,Normal
bgl_27449,Normal
bgl_27450,Normal
bgl_27451,Normal
bgl_27452,Normal
bgl_27453,Normal
bgl_27454,Normal
bgl_27455,Normal
bgl_27456,Normal
bgl_27457,Normal
bgl_27458,Normal
bgl_27459,Normal
bgl_27460,Normal
bgl_27461,Normal
bgl_27462,Normal
bgl_27463,Normal
bgl_27464,Normal
bgl_27465,Normal
bgl_27466,Normal
bgl_27467,Normal
bgl_27468,Normal
bgl_27469,Normal
bgl_27470,Normal
bgl_27471,Normal
bgl_27472,Normal
bgl_27473,Normal
bgl_27474,Normal
bgl_27475,Normal
bgl_27476,Normal
bgl_27477,Normal
bgl_27478,Normal
bgl_27479,Normal
bgl_27480,Normal
bgl_27481,Normal
bgl_27482,Normal
bgl_27483,Normal
bgl_27484,Normal
bgl_27485,Normal
bgl_27486,Normal
bgl_27487,Normal
bgl_27488,Normal
bgl_27489,Normal
bgl_27490,Normal
bgl_27491,Normal
bgl_27492,Normal
bgl_27493,Normal
bgl_27494,Normal
bgl_27495,Normal
bgl_27496,Normal
bgl_27497,Normal
bgl_27498,Normal
bgl_27499,Normal
bgl_27500,Normal
bgl_27501,Normal
bgl_27502,Normal
bgl_27503,Normal
bgl_27504,Normal
bgl_27505,Normal
bgl_27506,Normal
bgl_27507,Normal
bgl_27508,Normal
bgl_27509,Normal
bgl_27510,Normal
bgl_27511,Normal
bgl_27512,Normal
bgl_27513,Normal
bgl_27514,Normal
bgl_27515,Normal
bgl_27516,Normal
bgl_27517,Normal
bgl_27518,Normal
bgl_27519,Normal
bgl_27520,Normal
bgl_27521,Normal
bgl_27522,Normal
bgl_27523,Normal
bgl_27524,Normal
bgl_27525,Normal
bgl_27526,Normal
bgl_27527,Normal
bgl_27528,Normal
bgl_27529,Normal
bgl_27530,Normal
bgl_27531,Normal
bgl_27532,Normal
bgl_27533,Normal
bgl_27534,Normal
bgl_27535,Normal
bgl_27536,Normal
bgl_27537,Normal
bgl_27538,Normal
bgl_27539,Normal
bgl_27540,Normal
bgl_27541,Normal
bgl_27542,Normal
bgl_27543,Normal
bgl_27544,Normal
bgl_27545,Normal
bgl_27546,Normal
bgl_27547,Normal
bgl_27548,Normal
bgl_27549,Normal
bgl_27550,Normal
bgl_27551,Normal
bgl_27552,Normal
bgl_27553,Normal
bgl_27554,Normal
bgl_27555,Normal
bgl_27556,Normal
bgl_27557,Normal
bgl_27558,Normal
bgl_27559,Normal
bgl_27560,Normal
bgl_27561,Normal
bgl_27562,Normal
bgl_27563,Normal
bgl_27564,Normal
bgl_27565,Normal
bgl_27566,Normal
bgl_27567,Normal
bgl_27568,Normal
bgl_27569,Normal
bgl_27570,Normal
bgl_27571,Normal
bgl_27572,Normal
bgl_27573,Normal
bgl_27574,Normal
bgl_27575,Normal
bgl_27576,Normal
bgl_27577,Normal
bgl_27578,Normal
bgl_27579,Normal
bgl_27580,Normal
bgl_27581,Normal
bgl_27582,Normal
bgl_27583,Normal
bgl_27584,Normal
bgl_27585,Normal
bgl_27586,Normal
bgl_27587,Normal
bgl_27588,Normal
bgl_27589,Normal
bgl_27590,Normal
bgl_27591,Normal
bgl_27592,Normal
bgl_27593,Normal
bgl_27594,Normal
bgl_27595,Normal
bgl_27596,Normal
bgl_27597,Normal
bgl_27598,Normal
bgl_27599,Normal
bgl_27600,Normal
bgl_27601,Normal
bgl_27602,Normal
bgl_27603,Normal
bgl_27604,Normal
bgl_27605,Normal
bgl_27606,Normal
bgl_27607,Normal
bgl_27608,Normal
bgl_27609,Normal
bgl_27610,Normal
bgl_27611,Normal
bgl_27612,Normal
bgl_27613,Normal
bgl_27614,Normal
bgl_27615,Normal
bgl_27616,Normal
bgl_27617,Normal
bgl_27618,Normal
bgl_27619,Normal
bgl_27620,Normal
bgl_27621,Normal
bgl_27622,Normal
bgl_27623,Normal
bgl_27624,Normal
bgl_27625,Normal
bgl_27626,Normal
bgl_27627,Normal
bgl_27628,Normal
bgl_27629,Normal
bgl_27630,Normal
bgl_27631,Normal
bgl_27632,Normal
bgl_27633,Normal
bgl_27634,Normal
bgl_27635,Normal
bgl_27636,Normal
bgl_27637,Normal
bgl_27638,Normal
bgl_27639,Normal
bgl_27640,Normal
bgl_27641,Normal
bgl_27642,Normal
bgl_27643,Normal
bgl_27644,Normal
bgl_27645,Normal
bgl_27646,Normal
bgl_27647,Normal
bgl_27648,Normal
bgl_27649,Normal
bgl_27650,Normal
bgl_27651,Normal
bgl_27652,Normal
bgl_27653,Normal
bgl_27654,Normal
bgl_27655,Normal
bgl_27656,Normal
bgl_27657,Normal
bgl_27658,Normal
bgl_27659,Normal
bgl_27660,Normal
bgl_27661,Normal
bgl_27662,Normal
bgl_27663,Normal
bgl_27664,Normal
bgl_27665,Normal
bgl_27666,Normal
bgl_27667,Normal
bgl_27668,Normal
bgl_27669,Normal
bgl_27670,Normal
bgl_27671,Normal
bgl_27672,Normal
bgl_27673,Normal
bgl_27674,Normal
bgl_27675,Normal
bgl_27676,Normal
bgl_27677,Normal
bgl_27678,Normal
bgl_27679,Normal
bgl_27680,Normal
bgl_27681,Normal
bgl_27682,Normal
bgl_27683,Normal
bgl_27684,Normal
bgl_27685,Normal
bgl_27686,Normal
bgl_27687,Normal
bgl_27688,Normal
bgl_27689,Normal
bgl_27690,Normal
bgl_27691,Normal
bgl_27692,Normal
bgl_27693,Normal
bgl_27694,Normal
bgl_27695,Normal
bgl_27696,Normal
bgl_27697,Normal
bgl_27698,Normal
bgl_27699,Normal
bgl_27700,Normal
bgl_27701,Normal
bgl_27702,Normal
bgl_27703,Normal
bgl_27704,Normal
bgl_27705,Normal
bgl_27706,Normal
bgl_27707,Normal
bgl_27708,Normal
bgl_27709,Normal
bgl_27710,Normal
bgl_27711,Normal
bgl_27712,Normal
bgl_27713,Normal
bgl_27714,Normal
bgl_27715,Normal
bgl_27716,Normal
bgl_27717,Normal
bgl_27718,Normal
bgl_27719,Normal
bgl_27720,Normal
bgl_27721,Normal
bgl_27722,Normal
bgl_27723,Normal
bgl_27724,Normal
bgl_27725,Normal
bgl_27726,Normal
bgl_27727,Normal
bgl_27728,Normal
bgl_27729,Normal
bgl_27730,Normal
bgl_27731,Normal
bgl_27732,Normal
bgl_27733,Normal
bgl_27734,Normal
bgl_27735,Normal
bgl_27736,Normal
bgl_27737,Normal
bgl_27738,Normal
bgl_27739,Normal
bgl_27740,Normal
bgl_27741,Normal
bgl_27742,Normal
bgl_27743,Normal
bgl_27744,Normal
bgl_27745,Normal
bgl_27746,Normal
bgl_27747,Normal
bgl_27748,Normal
bgl_27749,Normal
bgl_27750,Normal
bgl_27751,Normal
bgl_27752,Normal
bgl_27753,Normal
bgl_27754,Normal
bgl_27755,Normal
bgl_27756,Normal
bgl_27757,Normal
bgl_27758,Normal
bgl_27759,Normal
bgl_27760,Normal
bgl_27761,Normal
bgl_27762,Normal
bgl_27763,Normal
bgl_27764,Normal
bgl_27765,Normal
bgl_27766,Normal
bgl_27767,Normal
bgl_27768,Normal
bgl_27769,Normal
bgl_27770,Normal
bgl_27771,Normal
bgl_27772,Normal
bgl_27773,Normal
bgl_27774,Normal
bgl_27775,Normal
bgl_27776,Normal
bgl_27777,Normal
bgl_27778,Normal
bgl_27779,Normal
bgl_27780,Normal
bgl_27781,Normal
bgl_27782,Normal
bgl_27783,Normal
bgl_27784,Normal
bgl_27785,Normal
bgl_27786,Normal
bgl_27787,Normal
bgl_27788,Normal
bgl_27789,Normal
bgl_27790,Normal
bgl_27791,Normal
bgl_27792,Normal
bgl_27793,Normal
bgl_27794,Normal
bgl_27795,Normal
bgl_27796,Normal
bgl_27797,Normal
bgl_27798,Normal
bgl_27799,Normal
bgl_27800,Normal
bgl_27801,Normal
bgl_27802,Normal
bgl_27803,Normal
bgl_27804,Normal
bgl_27805,Normal
bgl_27806,Normal
bgl_27807,Normal
bgl_27808,Normal
bgl_27809,Normal
bgl_27810,Normal
bgl_27811,Normal
bgl_27812,Normal
bgl_27813,Normal
bgl_27814,Normal
bgl_27815,Normal
bgl_27816,Normal
bgl_27817,Normal
bgl_27818,Normal
bgl_27819,Normal
bgl_27820,Normal
bgl_27821,Normal
bgl_27822,Normal
bgl_27823,Normal
bgl_27824,Normal
bgl_27825,Normal
bgl_27826,Normal
bgl_27827,Normal
bgl_27828,Normal
bgl_27829,Normal
bgl_27830,Normal
bgl_27831,Normal
bgl_27832,Normal
bgl_27833,Normal
bgl_27834,Normal
bgl_27835,Normal
bgl_27836,Normal
bgl_27837,Normal
bgl_27838,Normal
bgl_27839,Normal
bgl_27840,Normal
bgl_27841,Normal
bgl_27842,Normal
bgl_27843,Normal
bgl_27844,Normal
bgl_27845,Normal
bgl_27846,Normal
bgl_27847,Normal
bgl_27848,Normal
bgl_27849,Normal
bgl_27850,Normal
bgl_27851,Normal
bgl_27852,Normal
bgl_27853,Normal
bgl_27854,Normal
bgl_27855,Normal
bgl_27856,Normal
bgl_27857,Normal
bgl_27858,Normal
bgl_27859,Anomaly
bgl_27860,Anomaly
bgl_27861,Anomaly
bgl_27862,Normal
bgl_27863,Normal
bgl_27864,Normal
bgl_27865,Normal
bgl_27866,Normal
bgl_27867,Normal
bgl_27868,Normal
bgl_27869,Normal
bgl_27870,Normal
bgl_27871,Normal
bgl_27872,Anomaly
bgl_27873,Normal
bgl_27874,Normal
bgl_27875,Normal
bgl_27876,Normal
bgl_27877,Normal
bgl_27878,Normal
bgl_27879,Normal
bgl_27880,Normal
bgl_27881,Normal
bgl_27882,Normal
bgl_27883,Normal
bgl_27884,Normal
bgl_27885,Normal
bgl_27886,Normal
bgl_27887,Normal
bgl_27888,Normal
bgl_27889,Normal
bgl_27890,Normal
bgl_27891,Normal
bgl_27892,Normal
bgl_27893,Normal
bgl_27894,Normal
bgl_27895,Normal
bgl_27896,Normal
bgl_27897,Normal
bgl_27898,Normal
bgl_27899,Normal
bgl_27900,Normal
bgl_27901,Normal
bgl_27902,Anomaly
bgl_27903,Anomaly
bgl_27904,Normal
bgl_27905,Normal
bgl_27906,Normal
bgl_27907,Normal
bgl_27908,Normal
bgl_27909,Normal
bgl_27910,Normal
bgl_27911,Normal
bgl_27912,Normal
bgl_27913,Normal
bgl_27914,Normal
bgl_27915,Normal
bgl_27916,Normal
bgl_27917,Normal
bgl_27918,Normal
bgl_27919,Normal
bgl_27920,Normal
bgl_27921,Normal
bgl_27922,Normal
bgl_27923,Normal
bgl_27924,Normal
bgl_27925,Normal
bgl_27926,Normal
bgl_27927,Normal
bgl_27928,Normal
bgl_27929,Normal
bgl_27930,Normal
bgl_27931,Normal
bgl_27932,Normal
bgl_27933,Normal
bgl_27934,Normal
bgl_27935,Normal
bgl_27936,Normal
bgl_27937,Normal
bgl_27938,Normal
bgl_27939,Normal
bgl_27940,Normal
bgl_27941,Normal
bgl_27942,Normal
bgl_27943,Normal
bgl_27944,Normal
bgl_27945,Normal
bgl_27946,Normal
bgl_27947,Normal
bgl_27948,Normal
bgl_27949,Normal
bgl_27950,Normal
bgl_27951,Normal
bgl_27952,Normal
bgl_27953,Normal
bgl_27954,Normal
bgl_27955,Normal
bgl_27956,Normal
bgl_27957,Normal
bgl_27958,Normal
bgl_27959,Normal
bgl_27960,Normal
bgl_27961,Normal
bgl_27962,Normal
bgl_27963,Normal
bgl_27964,Normal
bgl_27965,Normal
bgl_27966,Normal
bgl_27967,Normal
bgl_27968,Normal
bgl_27969,Normal
bgl_27970,Normal
bgl_27971,Normal
bgl_27972,Normal
bgl_27973,Normal
bgl_27974,Normal
bgl_27975,Normal
bgl_27976,Normal
bgl_27977,Normal
bgl_27978,Normal
bgl_27979,Normal
bgl_27980,Normal
bgl_27981,Normal
bgl_27982,Normal
bgl_27983,Normal
bgl_27984,Normal
bgl_27985,Normal
bgl_27986,Normal
bgl_27987,Normal
bgl_27988,Normal
bgl_27989,Normal
bgl_27990,Normal
bgl_27991,Normal
bgl_27992,Normal
bgl_27993,Normal
bgl_27994,Normal
bgl_27995,Normal
bgl_27996,Normal
bgl_27997,Normal
bgl_27998,Normal
bgl_27999,Normal
bgl_28000,Normal
bgl_28001,Normal
bgl_28002,Normal
bgl_28003,Normal
bgl_28004,Normal
bgl_28005,Normal
bgl_28006,Normal
bgl_28007,Normal
bgl_28008,Normal
bgl_28009,Normal
bgl_28010,Normal
bgl_28011,Normal
bgl_28012,Normal
bgl_28013,Normal
bgl_28014,Normal
bgl_28015,Normal
bgl_28016,Normal
bgl_28017,Normal
bgl_28018,Normal
bgl_28019,Normal
bgl_28020,Normal
bgl_28021,Normal
bgl_28022,Normal
bgl_28023,Normal
bgl_28024,Normal
bgl_28025,Normal
bgl_28026,Normal
bgl_28027,Normal
bgl_28028,Normal
bgl_28029,Normal
bgl_28030,Normal
bgl_28031,Normal
bgl_28032,Normal
bgl_28033,Normal
bgl_28034,Normal
bgl_28035,Normal
bgl_28036,Normal
bgl_28037,Normal
bgl_28038,Normal
bgl_28039,Normal
bgl_28040,Normal
bgl_28041,Normal
bgl_28042,Normal
bgl_28043,Normal
bgl_28044,Normal
bgl_28045,Normal
bgl_28046,Normal
bgl_28047,Normal
bgl_28048,Normal
bgl_28049,Normal
bgl_28050,Normal
bgl_28051,Normal
bgl_28052,Normal
bgl_28053,Normal
bgl_28054,Normal
bgl_28055,Normal
bgl_28056,Normal
bgl_28057,Normal
bgl_28058,Normal
bgl_28059,Normal
bgl_28060,Normal
bgl_28061,Normal
bgl_28062,Normal
bgl_28063,Normal
bgl_28064,Normal
bgl_28065,Normal
bgl_28066,Normal
bgl_28067,Normal
bgl_28068,Normal
bgl_28069,Normal
bgl_28070,Normal
bgl_28071,Normal
bgl_28072,Normal
bgl_28073,Normal
bgl_28074,Normal
bgl_28075,Normal
bgl_28076,Normal
bgl_28077,Normal
bgl_28078,Normal
bgl_28079,Normal
bgl_28080,Normal
bgl_28081,Normal
bgl_28082,Normal
bgl_28083,Normal
bgl_28084,Normal
bgl_28085,Normal
bgl_28086,Normal
bgl_28087,Normal
bgl_28088,Normal
bgl_28089,Normal
bgl_28090,Normal
bgl_28091,Normal
bgl_28092,Normal
bgl_28093,Normal
bgl_28094,Normal
bgl_28095,Normal
bgl_28096,Normal
bgl_28097,Normal
bgl_28098,Normal
bgl_28099,Normal
bgl_28100,Normal
bgl_28101,Normal
bgl_28102,Normal
bgl_28103,Normal
bgl_28104,Normal
bgl_28105,Normal
bgl_28106,Normal
bgl_28107,Normal
bgl_28108,Normal
bgl_28109,Normal
bgl_28110,Normal
bgl_28111,Normal
bgl_28112,Normal
bgl_28113,Normal
bgl_28114,Normal
bgl_28115,Normal
bgl_28116,Normal
bgl_28117,Normal
bgl_28118,Normal
bgl_28119,Normal
bgl_28120,Normal
bgl_28121,Normal
bgl_28122,Normal
bgl_28123,Normal
bgl_28124,Normal
bgl_28125,Normal
bgl_28126,Normal
bgl_28127,Normal
bgl_28128,Normal
bgl_28129,Normal
bgl_28130,Normal
bgl_28131,Normal
bgl_28132,Normal
bgl_28133,Normal
bgl_28134,Normal
bgl_28135,Normal
bgl_28136,Normal
bgl_28137,Normal
bgl_28138,Normal
bgl_28139,Normal
bgl_28140,Normal
bgl_28141,Normal
bgl_28142,Normal
bgl_28143,Normal
bgl_28144,Normal
bgl_28145,Normal
bgl_28146,Normal
bgl_28147,Normal
bgl_28148,Normal
bgl_28149,Normal
bgl_28150,Normal
bgl_28151,Normal
bgl_28152,Normal
bgl_28153,Normal
bgl_28154,Normal
bgl_28155,Normal
bgl_28156,Normal
bgl_28157,Normal
bgl_28158,Normal
bgl_28159,Normal
bgl_28160,Normal
bgl_28161,Normal
bgl_28162,Normal
bgl_28163,Normal
bgl_28164,Normal
bgl_28165,Normal
bgl_28166,Normal
bgl_28167,Normal
bgl_28168,Normal
bgl_28169,Normal
bgl_28170,Normal
bgl_28171,Normal
bgl_28172,Normal
bgl_28173,Normal
bgl_28174,Normal
bgl_28175,Normal
bgl_28176,Normal
bgl_28177,Normal
bgl_28178,Normal
bgl_28179,Normal
bgl_28180,Normal
bgl_28181,Normal
bgl_28182,Normal
bgl_28183,Normal
bgl_28184,Normal
bgl_28185,Normal
bgl_28186,Normal
bgl_28187,Normal
bgl_28188,Normal
bgl_28189,Normal
bgl_28190,Normal
bgl_28191,Normal
bgl_28192,Normal
bgl_28193,Normal
bgl_28194,Normal
bgl_28195,Normal
bgl_28196,Normal
bgl_28197,Normal
bgl_28198,Normal
bgl_28199,Normal
bgl_28200,Normal
bgl_28201,Normal
bgl_28202,Normal
bgl_28203,Normal
bgl_28204,Normal
bgl_28205,Normal
bgl_28206,Normal
bgl_28207,Normal
bgl_28208,Normal
bgl_28209,Normal
bgl_28210,Normal
bgl_28211,Normal
bgl_28212,Normal
bgl_28213,Normal
bgl_28214,Normal
bgl_28215,Normal
bgl_28216,Normal
bgl_28217,Normal
bgl_28218,Normal
bgl_28219,Normal
bgl_28220,Normal
bgl_28221,Normal
bgl_28222,Normal
bgl_28223,Normal
bgl_28224,Normal
bgl_28225,Normal
bgl_28226,Normal
bgl_28227,Normal
bgl_28228,Normal
bgl_28229,Normal
bgl_28230,Normal
bgl_28231,Normal
bgl_28232,Normal
bgl_28233,Normal
bgl_28234,Normal
bgl_28235,Normal
bgl_28236,Normal
bgl_28237,Normal
bgl_28238,Normal
bgl_28239,Normal
bgl_28240,Normal
bgl_28241,Normal
bgl_28242,Normal
bgl_28243,Normal
bgl_28244,Normal
bgl_28245,Normal
bgl_28246,Normal
bgl_28247,Normal
bgl_28248,Normal
bgl_28249,Normal
bgl_28250,Normal
bgl_28251,Normal
bgl_28252,Normal
bgl_28253,Normal
bgl_28254,Normal
bgl_28255,Normal
bgl_28256,Normal
bgl_28257,Normal
bgl_28258,Normal
bgl_28259,Normal
bgl_28260,Normal
bgl_28261,Normal
bgl_28262,Normal
bgl_28263,Normal
bgl_28264,Normal
bgl_28265,Normal
bgl_28266,Normal
bgl_28267,Normal
bgl_28268,Normal
bgl_28269,Normal
bgl_28270,Normal
bgl_28271,Normal
bgl_28272,Normal
bgl_28273,Normal
bgl_28274,Normal
bgl_28275,Normal
bgl_28276,Normal
bgl_28277,Normal
bgl_28278,Normal
bgl_28279,Normal
bgl_28280,Normal
bgl_28281,Normal
bgl_28282,Normal
bgl_28283,Normal
bgl_28284,Normal
bgl_28285,Normal
bgl_28286,Normal
bgl_28287,Normal
bgl_28288,Normal
bgl_28289,Normal
bgl_28290,Normal
bgl_28291,Normal
bgl_28292,Normal
bgl_28293,Normal
bgl_28294,Normal
bgl_28295,Normal
bgl_28296,Normal
bgl_28297,Normal
bgl_28298,Normal
bgl_28299,Normal
bgl_28300,Normal
bgl_28301,Normal
bgl_28302,Normal
bgl_28303,Normal
bgl_28304,Normal
bgl_28305,Normal
bgl_28306,Normal
bgl_28307,Normal
bgl_28308,Normal
bgl_28309,Normal
bgl_28310,Normal
bgl_28311,Normal
bgl_28312,Normal
bgl_28313,Normal
bgl_28314,Normal
bgl_28315,Normal
bgl_28316,Normal
bgl_28317,Normal
bgl_28318,Normal
bgl_28319,Normal
bgl_28320,Normal
bgl_28321,Normal
bgl_28322,Normal
bgl_28323,Normal
bgl_28324,Normal
bgl_28325,Normal
bgl_28326,Normal
bgl_28327,Normal
bgl_28328,Normal
bgl_28329,Normal
bgl_28330,Normal
bgl_28331,Normal
bgl_28332,Normal
bgl_28333,Normal
bgl_28334,Normal
bgl_28335,Normal
bgl_28336,Normal
bgl_28337,Normal
bgl_28338,Normal
bgl_28339,Normal
bgl_28340,Normal
bgl_28341,Normal
bgl_28342,Normal
bgl_28343,Normal
bgl_28344,Normal
bgl_28345,Normal
bgl_28346,Normal
bgl_28347,Normal
bgl_28348,Normal
bgl_28349,Normal
bgl_28350,Normal
bgl_28351,Normal
bgl_28352,Normal
bgl_28353,Normal
bgl_28354,Normal
bgl_28355,Normal
bgl_28356,Normal
bgl_28357,Normal
bgl_28358,Normal
bgl_28359,Normal
bgl_28360,Normal
bgl_28361,Normal
bgl_28362,Normal
bgl_28363,Normal
bgl_28364,Normal
bgl_28365,Normal
bgl_28366,Normal
bgl_28367,Normal
bgl_28368,Normal
bgl_28369,Normal
bgl_28370,Normal
bgl_28371,Normal
bgl_28372,Normal
bgl_28373,Normal
bgl_28374,Normal
bgl_28375,Normal
bgl_28376,Normal
bgl_28377,Normal
bgl_28378,Normal
bgl_28379,Normal
bgl_28380,Normal
bgl_28381,Normal
bgl_28382,Normal
bgl_28383,Normal
bgl_28384,Normal
bgl_28385,Normal
bgl_28386,Normal
bgl_28387,Normal
bgl_28388,Normal
bgl_28389,Normal
bgl_28390,Normal
bgl_28391,Normal
bgl_28392,Normal
bgl_28393,Normal
bgl_28394,Normal
bgl_28395,Normal
bgl_28396,Normal
bgl_28397,Normal
bgl_28398,Normal
bgl_28399,Normal
bgl_28400,Normal
bgl_28401,Normal
bgl_28402,Normal
bgl_28403,Normal
bgl_28404,Normal
bgl_28405,Normal
bgl_28406,Normal
bgl_28407,Normal
bgl_28408,Normal
bgl_28409,Normal
bgl_28410,Normal
bgl_28411,Normal
bgl_28412,Normal
bgl_28413,Normal
bgl_28414,Normal
bgl_28415,Normal
bgl_28416,Normal
bgl_28417,Normal
bgl_28418,Normal
bgl_28419,Normal
bgl_28420,Normal
bgl_28421,Normal
bgl_28422,Normal
bgl_28423,Normal
bgl_28424,Normal
bgl_28425,Normal
bgl_28426,Normal
bgl_28427,Normal
bgl_28428,Normal
bgl_28429,Normal
bgl_28430,Normal
bgl_28431,Normal
bgl_28432,Normal
bgl_28433,Normal
bgl_28434,Normal
bgl_28435,Normal
bgl_28436,Normal
bgl_28437,Normal
bgl_28438,Normal
bgl_28439,Normal
bgl_28440,Normal
bgl_28441,Normal
bgl_28442,Normal
bgl_28443,Normal
bgl_28444,Normal
bgl_28445,Normal
bgl_28446,Normal
bgl_28447,Normal
bgl_28448,Normal
bgl_28449,Normal
bgl_28450,Normal
bgl_28451,Normal
bgl_28452,Normal
bgl_28453,Normal
bgl_28454,Normal
bgl_28455,Normal
bgl_28456,Normal
bgl_28457,Normal
bgl_28458,Normal
bgl_28459,Normal
bgl_28460,Normal
bgl_28461,Normal
bgl_28462,Normal
bgl_28463,Normal
bgl_28464,Normal
bgl_28465,Normal
bgl_28466,Normal
bgl_28467,Normal
bgl_28468,Normal
bgl_28469,Normal
bgl_28470,Normal
bgl_28471,Normal
bgl_28472,Normal
bgl_28473,Normal
bgl_28474,Normal
bgl_28475,Normal
bgl_28476,Normal
bgl_28477,Normal
bgl_28478,Normal
bgl_28479,Normal
bgl_28480,Normal
bgl_28481,Normal
bgl_28482,Normal
bgl_28483,Normal
bgl_28484,Normal
bgl_28485,Normal
bgl_28486,Normal
bgl_28487,Normal
bgl_28488,Normal
bgl_28489,Normal
bgl_28490,Normal
bgl_28491,Normal
bgl_28492,Normal
bgl_28493,Normal
bgl_28494,Normal
bgl_28495,Normal
bgl_28496,Normal
bgl_28497,Normal
bgl_28498,Normal
bgl_28499,Normal
bgl_28500,Normal
bgl_28501,Normal
bgl_28502,Normal
bgl_28503,Normal
bgl_28504,Normal
bgl_28505,Normal
bgl_28506,Normal
bgl_28507,Normal
bgl_28508,Normal
bgl_28509,Normal
bgl_28510,Normal
bgl_28511,Normal
bgl_28512,Normal
bgl_28513,Normal
bgl_28514,Normal
bgl_28515,Normal
bgl_28516,Normal
bgl_28517,Normal
bgl_28518,Normal
bgl_28519,Normal
bgl_28520,Normal
bgl_28521,Normal
bgl_28522,Normal
bgl_28523,Normal
bgl_28524,Normal
bgl_28525,Normal
bgl_28526,Normal
bgl_28527,Normal
bgl_28528,Normal
bgl_28529,Normal
bgl_28530,Normal
bgl_28531,Normal
bgl_28532,Normal
bgl_28533,Normal
bgl_28534,Normal
bgl_28535,Normal
bgl_28536,Normal
bgl_28537,Normal
bgl_28538,Normal
bgl_28539,Normal
bgl_28540,Normal
bgl_28541,Normal
bgl_28542,Normal
bgl_28543,Normal
bgl_28544,Normal
bgl_28545,Normal
bgl_28546,Normal
bgl_28547,Normal
bgl_28548,Normal
bgl_28549,Normal
bgl_28550,Normal
bgl_28551,Normal
bgl_28552,Normal
bgl_28553,Normal
bgl_28554,Normal
bgl_28555,Normal
bgl_28556,Normal
bgl_28557,Normal
bgl_28558,Normal
bgl_28559,Normal
bgl_28560,Normal
bgl_28561,Normal
bgl_28562,Normal
bgl_28563,Normal
bgl_28564,Normal
bgl_28565,Normal
bgl_28566,Normal
bgl_28567,Normal
bgl_28568,Normal
bgl_28569,Normal
bgl_28570,Normal
bgl_28571,Normal
bgl_28572,Normal
bgl_28573,Normal
bgl_28574,Normal
bgl_28575,Normal
bgl_28576,Normal
bgl_28577,Normal
bgl_28578,Normal
bgl_28579,Normal
bgl_28580,Normal
bgl_28581,Normal
bgl_28582,Normal
bgl_28583,Normal
bgl_28584,Normal
bgl_28585,Normal
bgl_28586,Normal
bgl_28587,Normal
bgl_28588,Normal
bgl_28589,Normal
bgl_28590,Normal
bgl_28591,Normal
bgl_28592,Normal
bgl_28593,Normal
bgl_28594,Normal
bgl_28595,Normal
bgl_28596,Normal
bgl_28597,Normal
bgl_28598,Normal
bgl_28599,Normal
bgl_28600,Normal
bgl_28601,Normal
bgl_28602,Normal
bgl_28603,Normal
bgl_28604,Normal
bgl_28605,Normal
bgl_28606,Normal
bgl_28607,Normal
bgl_28608,Normal
bgl_28609,Normal
bgl_28610,Normal
bgl_28611,Normal
bgl_28612,Normal
bgl_28613,Normal
bgl_28614,Normal
bgl_28615,Normal
bgl_28616,Normal
bgl_28617,Normal
bgl_28618,Normal
bgl_28619,Normal
bgl_28620,Normal
bgl_28621,Normal
bgl_28622,Normal
bgl_28623,Normal
bgl_28624,Normal
bgl_28625,Normal
bgl_28626,Normal
bgl_28627,Normal
bgl_28628,Normal
bgl_28629,Normal
bgl_28630,Normal
bgl_28631,Normal
bgl_28632,Normal
bgl_28633,Normal
bgl_28634,Normal
bgl_28635,Normal
bgl_28636,Normal
bgl_28637,Normal
bgl_28638,Normal
bgl_28639,Normal
bgl_28640,Normal
bgl_28641,Normal
bgl_28642,Normal
bgl_28643,Normal
bgl_28644,Normal
bgl_28645,Normal
bgl_28646,Normal
bgl_28647,Normal
bgl_28648,Normal
bgl_28649,Normal
bgl_28650,Normal
bgl_28651,Normal
bgl_28652,Normal
bgl_28653,Normal
bgl_28654,Normal
bgl_28655,Normal
bgl_28656,Normal
bgl_28657,Normal
bgl_28658,Normal
bgl_28659,Normal
bgl_28660,Normal
bgl_28661,Normal
bgl_28662,Normal
bgl_28663,Normal
bgl_28664,Normal
bgl_28665,Normal
bgl_28666,Normal
bgl_28667,Normal
bgl_28668,Normal
bgl_28669,Normal
bgl_28670,Normal
bgl_28671,Normal
bgl_28672,Normal
bgl_28673,Normal
bgl_28674,Normal
bgl_28675,Normal
bgl_28676,Normal
bgl_28677,Normal
bgl_28678,Normal
bgl_28679,Normal
bgl_28680,Normal
bgl_28681,Normal
bgl_28682,Normal
bgl_28683,Normal
bgl_28684,Normal
bgl_28685,Normal
bgl_28686,Normal
bgl_28687,Normal
bgl_28688,Normal
bgl_28689,Normal
bgl_28690,Normal
bgl_28691,Normal
bgl_28692,Normal
bgl_28693,Normal
bgl_28694,Normal
bgl_28695,Normal
bgl_28696,Normal
bgl_28697,Normal
bgl_28698,Normal
bgl_28699,Normal
bgl_28700,Normal
bgl_28701,Normal
bgl_28702,Normal
bgl_28703,Normal
bgl_28704,Normal
bgl_28705,Normal
bgl_28706,Normal
bgl_28707,Normal
bgl_28708,Normal
bgl_28709,Normal
bgl_28710,Normal
bgl_28711,Normal
bgl_28712,Normal
bgl_28713,Normal
bgl_28714,Normal
bgl_28715,Normal
bgl_28716,Normal
bgl_28717,Normal
bgl_28718,Normal
bgl_28719,Normal
bgl_28720,Normal
bgl_28721,Normal
bgl_28722,Normal
bgl_28723,Normal
bgl_28724,Normal
bgl_28725,Normal
bgl_28726,Normal
bgl_28727,Normal
bgl_28728,Normal
bgl_28729,Normal
bgl_28730,Normal
bgl_28731,Normal
bgl_28732,Normal
bgl_28733,Normal
bgl_28734,Normal
bgl_28735,Normal
bgl_28736,Normal
bgl_28737,Normal
bgl_28738,Normal
bgl_28739,Normal
bgl_28740,Normal
bgl_28741,Normal
bgl_28742,Normal
bgl_28743,Normal
bgl_28744,Normal
bgl_28745,Normal
bgl_28746,Normal
bgl_28747,Normal
bgl_28748,Normal
bgl_28749,Normal
bgl_28750,Normal
bgl_28751,Normal
bgl_28752,Normal
bgl_28753,Normal
bgl_28754,Normal
bgl_28755,Normal
bgl_28756,Normal
bgl_28757,Normal
bgl_28758,Normal
bgl_28759,Normal
bgl_28760,Normal
bgl_28761,Normal
bgl_28762,Normal
bgl_28763,Normal
bgl_28764,Normal
bgl_28765,Normal
bgl_28766,Normal
bgl_28767,Normal
bgl_28768,Normal
bgl_28769,Normal
bgl_28770,Normal
bgl_28771,Normal
bgl_28772,Normal
bgl_28773,Normal
bgl_28774,Normal
bgl_28775,Normal
bgl_28776,Normal
bgl_28777,Normal
bgl_28778,Normal
bgl_28779,Normal
bgl_28780,Normal
bgl_28781,Normal
bgl_28782,Normal
bgl_28783,Normal
bgl_28784,Normal
bgl_28785,Normal
bgl_28786,Normal
bgl_28787,Normal
bgl_28788,Normal
bgl_28789,Normal
bgl_28790,Normal
bgl_28791,Normal
bgl_28792,Normal
bgl_28793,Normal
bgl_28794,Normal
bgl_28795,Normal
bgl_28796,Normal
bgl_28797,Normal
bgl_28798,Normal
bgl_28799,Normal
bgl_28800,Normal
bgl_28801,Normal
bgl_28802,Normal
bgl_28803,Normal
bgl_28804,Normal
bgl_28805,Normal
bgl_28806,Normal
bgl_28807,Normal
bgl_28808,Normal
bgl_28809,Normal
bgl_28810,Normal
bgl_28811,Normal
bgl_28812,Normal
bgl_28813,Normal
bgl_28814,Normal
bgl_28815,Normal
bgl_28816,Normal
bgl_28817,Normal
bgl_28818,Normal
bgl_28819,Normal
bgl_28820,Normal
bgl_28821,Normal
bgl_28822,Normal
bgl_28823,Normal
bgl_28824,Normal
bgl_28825,Normal
bgl_28826,Normal
bgl_28827,Normal
bgl_28828,Normal
bgl_28829,Normal
bgl_28830,Normal
bgl_28831,Normal
bgl_28832,Normal
bgl_28833,Normal
bgl_28834,Normal
bgl_28835,Normal
bgl_28836,Normal
bgl_28837,Normal
bgl_28838,Normal
bgl_28839,Normal
bgl_28840,Normal
bgl_28841,Normal
bgl_28842,Normal
bgl_28843,Normal
bgl_28844,Normal
bgl_28845,Normal
bgl_28846,Normal
bgl_28847,Normal
bgl_28848,Normal
bgl_28849,Normal
bgl_28850,Normal
bgl_28851,Normal
bgl_28852,Normal
bgl_28853,Normal
bgl_28854,Normal
bgl_28855,Normal
bgl_28856,Normal
bgl_28857,Normal
bgl_28858,Normal
bgl_28859,Normal
bgl_28860,Normal
bgl_28861,Normal
bgl_28862,Normal
bgl_28863,Normal
bgl_28864,Normal
bgl_28865,Normal
bgl_28866,Normal
bgl_28867,Normal
bgl_28868,Normal
bgl_28869,Normal
bgl_28870,Normal
bgl_28871,Normal
bgl_28872,Normal
bgl_28873,Normal
bgl_28874,Normal
bgl_28875,Normal
bgl_28876,Normal
bgl_28877,Normal
bgl_28878,Normal
bgl_28879,Normal
bgl_28880,Normal
bgl_28881,Normal
bgl_28882,Normal
bgl_28883,Normal
bgl_28884,Normal
bgl_28885,Normal
bgl_28886,Normal
bgl_28887,Normal
bgl_28888,Normal
bgl_28889,Normal
bgl_28890,Normal
bgl_28891,Normal
bgl_28892,Normal
bgl_28893,Normal
bgl_28894,Normal
bgl_28895,Normal
bgl_28896,Normal
bgl_28897,Normal
bgl_28898,Normal
bgl_28899,Normal
bgl_28900,Normal
bgl_28901,Normal
bgl_28902,Normal
bgl_28903,Normal
bgl_28904,Normal
bgl_28905,Normal
bgl_28906,Normal
bgl_28907,Normal
bgl_28908,Normal
bgl_28909,Normal
bgl_28910,Normal
bgl_28911,Normal
bgl_28912,Normal
bgl_28913,Normal
bgl_28914,Normal
bgl_28915,Normal
bgl_28916,Normal
bgl_28917,Normal
bgl_28918,Normal
bgl_28919,Normal
bgl_28920,Normal
bgl_28921,Normal
bgl_28922,Normal
bgl_28923,Normal
bgl_28924,Normal
bgl_28925,Normal
bgl_28926,Normal
bgl_28927,Normal
bgl_28928,Normal
bgl_28929,Normal
bgl_28930,Normal
bgl_28931,Normal
bgl_28932,Normal
bgl_28933,Normal
bgl_28934,Normal
bgl_28935,Normal
bgl_28936,Normal
bgl_28937,Normal
bgl_28938,Normal
bgl_28939,Normal
bgl_28940,Normal
bgl_28941,Normal
bgl_28942,Normal
bgl_28943,Normal
bgl_28944,Normal
bgl_28945,Normal
bgl_28946,Normal
bgl_28947,Normal
bgl_28948,Normal
bgl_28949,Normal
bgl_28950,Normal
bgl_28951,Normal
bgl_28952,Normal
bgl_28953,Normal
bgl_28954,Normal
bgl_28955,Normal
bgl_28956,Normal
bgl_28957,Normal
bgl_28958,Normal
bgl_28959,Normal
bgl_28960,Normal
bgl_28961,Normal
bgl_28962,Normal
bgl_28963,Normal
bgl_28964,Normal
bgl_28965,Normal
bgl_28966,Normal
bgl_28967,Normal
bgl_28968,Normal
bgl_28969,Normal
bgl_28970,Normal
bgl_28971,Normal
bgl_28972,Normal
bgl_28973,Normal
bgl_28974,Normal
bgl_28975,Normal
bgl_28976,Normal
bgl_28977,Normal
bgl_28978,Normal
bgl_28979,Normal
bgl_28980,Normal
bgl_28981,Normal
bgl_28982,Normal
bgl_28983,Normal
bgl_28984,Normal
bgl_28985,Normal
bgl_28986,Normal
bgl_28987,Normal
bgl_28988,Normal
bgl_28989,Normal
bgl_28990,Normal
bgl_28991,Normal
bgl_28992,Normal
bgl_28993,Normal
bgl_28994,Normal
bgl_28995,Normal
bgl_28996,Normal
bgl_28997,Normal
bgl_28998,Normal
bgl_28999,Normal
bgl_29000,Normal
bgl_29001,Normal
bgl_29002,Normal
bgl_29003,Normal
bgl_29004,Normal
bgl_29005,Normal
bgl_29006,Normal
bgl_29007,Normal
bgl_29008,Normal
bgl_29009,Normal
bgl_29010,Normal
bgl_29011,Normal
bgl_29012,Normal
bgl_29013,Normal
bgl_29014,Normal
bgl_29015,Normal
bgl_29016,Normal
bgl_29017,Normal
bgl_29018,Normal
bgl_29019,Normal
bgl_29020,Normal
bgl_29021,Normal
bgl_29022,Normal
bgl_29023,Normal
bgl_29024,Normal
bgl_29025,Normal
bgl_29026,Normal
bgl_29027,Normal
bgl_29028,Normal
bgl_29029,Normal
bgl_29030,Normal
bgl_29031,Normal
bgl_29032,Normal
bgl_29033,Normal
bgl_29034,Normal
bgl_29035,Normal
bgl_29036,Normal
bgl_29037,Normal
bgl_29038,Normal
bgl_29039,Normal
bgl_29040,Normal
bgl_29041,Normal
bgl_29042,Normal
bgl_29043,Normal
bgl_29044,Normal
bgl_29045,Normal
bgl_29046,Normal
bgl_29047,Normal
bgl_29048,Normal
bgl_29049,Normal
bgl_29050,Normal
bgl_29051,Normal
bgl_29052,Normal
bgl_29053,Normal
bgl_29054,Normal
bgl_29055,Normal
bgl_29056,Normal
bgl_29057,Normal
bgl_29058,Normal
bgl_29059,Normal
bgl_29060,Normal
bgl_29061,Normal
bgl_29062,Normal
bgl_29063,Normal
bgl_29064,Normal
bgl_29065,Normal
bgl_29066,Normal
bgl_29067,Normal
bgl_29068,Normal
bgl_29069,Normal
bgl_29070,Normal
bgl_29071,Normal
bgl_29072,Normal
bgl_29073,Normal
bgl_29074,Normal
bgl_29075,Normal
bgl_29076,Normal
bgl_29077,Normal
bgl_29078,Normal
bgl_29079,Normal
bgl_29080,Anomaly
bgl_29081,Normal
bgl_29082,Anomaly
bgl_29083,Normal
bgl_29084,Normal
bgl_29085,Normal
bgl_29086,Normal
bgl_29087,Normal
bgl_29088,Normal
bgl_29089,Normal
bgl_29090,Normal
bgl_29091,Normal
bgl_29092,Normal
bgl_29093,Normal
bgl_29094,Normal
bgl_29095,Normal
bgl_29096,Normal
bgl_29097,Normal
bgl_29098,Normal
bgl_29099,Normal
bgl_29100,Normal
bgl_29101,Normal
bgl_29102,Normal
bgl_29103,Normal
bgl_29104,Normal
bgl_29105,Normal
bgl_29106,Normal
bgl_29107,Normal
bgl_29108,Normal
bgl_29109,Normal
bgl_29110,Normal
bgl_29111,Normal
bgl_29112,Normal
bgl_29113,Normal
bgl_29114,Normal
bgl_29115,Normal
bgl_29116,Normal
bgl_29117,Normal
bgl_29118,Normal
bgl_29119,Normal
bgl_29120,Normal
bgl_29121,Normal
bgl_29122,Normal
bgl_29123,Normal
bgl_29124,Normal
bgl_29125,Normal
bgl_29126,Normal
bgl_29127,Normal
bgl_29128,Normal
bgl_29129,Normal
bgl_29130,Normal
bgl_29131,Normal
bgl_29132,Anomaly
bgl_29133,Normal
bgl_29134,Normal
bgl_29135,Normal
bgl_29136,Normal
bgl_29137,Normal
bgl_29138,Normal
bgl_29139,Normal
bgl_29140,Normal
bgl_29141,Normal
bgl_29142,Normal
bgl_29143,Normal
bgl_29144,Normal
bgl_29145,Normal
bgl_29146,Normal
bgl_29147,Normal
bgl_29148,Normal
bgl_29149,Normal
bgl_29150,Normal
bgl_29151,Normal
bgl_29152,Normal
bgl_29153,Normal
bgl_29154,Normal
bgl_29155,Normal
bgl_29156,Normal
bgl_29157,Normal
bgl_29158,Normal
bgl_29159,Normal
bgl_29160,Normal
bgl_29161,Normal
bgl_29162,Normal
bgl_29163,Normal
bgl_29164,Normal
bgl_29165,Normal
bgl_29166,Normal
bgl_29167,Normal
bgl_29168,Normal
bgl_29169,Normal
bgl_29170,Normal
bgl_29171,Normal
bgl_29172,Normal
bgl_29173,Normal
bgl_29174,Normal
bgl_29175,Normal
bgl_29176,Normal
bgl_29177,Normal
bgl_29178,Normal
bgl_29179,Normal
bgl_29180,Normal
bgl_29181,Normal
bgl_29182,Normal
bgl_29183,Normal
bgl_29184,Normal
bgl_29185,Normal
bgl_29186,Normal
bgl_29187,Normal
bgl_29188,Normal
bgl_29189,Normal
bgl_29190,Normal
bgl_29191,Normal
bgl_29192,Normal
bgl_29193,Normal
bgl_29194,Normal
bgl_29195,Normal
bgl_29196,Normal
bgl_29197,Normal
bgl_29198,Normal
bgl_29199,Normal
bgl_29200,Normal
bgl_29201,Normal
bgl_29202,Normal
bgl_29203,Normal
bgl_29204,Normal
bgl_29205,Normal
bgl_29206,Normal
bgl_29207,Normal
bgl_29208,Normal
bgl_29209,Normal
bgl_29210,Normal
bgl_29211,Normal
bgl_29212,Normal
bgl_29213,Normal
bgl_29214,Normal
bgl_29215,Normal
bgl_29216,Normal
bgl_29217,Normal
bgl_29218,Normal
bgl_29219,Normal
bgl_29220,Normal
bgl_29221,Normal
bgl_29222,Normal
bgl_29223,Normal
bgl_29224,Normal
bgl_29225,Normal
bgl_29226,Normal
bgl_29227,Normal
bgl_29228,Normal
bgl_29229,Normal
bgl_29230,Normal
bgl_29231,Normal
bgl_29232,Normal
bgl_29233,Normal
bgl_29234,Normal
bgl_29235,Normal
bgl_29236,Normal
bgl_29237,Normal
bgl_29238,Normal
bgl_29239,Normal
bgl_29240,Normal
bgl_29241,Normal
bgl_29242,Normal
bgl_29243,Normal
bgl_29244,Normal
bgl_29245,Normal
bgl_29246,Normal
bgl_29247,Normal
bgl_29248,Normal
bgl_29249,Anomaly
bgl_29250,Normal
bgl_29251,Normal
bgl_29252,Normal
bgl_29253,Normal
bgl_29254,Normal
bgl_29255,Normal
bgl_29256,Normal
bgl_29257,Normal
bgl_29258,Normal
bgl_29259,Normal
bgl_29260,Normal
bgl_29261,Normal
bgl_29262,Normal
bgl_29263,Normal
bgl_29264,Normal
bgl_29265,Normal
bgl_29266,Normal
bgl_29267,Normal
bgl_29268,Normal
bgl_29269,Normal
bgl_29270,Normal
bgl_29271,Normal
bgl_29272,Normal
bgl_29273,Normal
bgl_29274,Normal
bgl_29275,Normal
bgl_29276,Normal
bgl_29277,Normal
bgl_29278,Normal
bgl_29279,Normal
bgl_29280,Normal
bgl_29281,Normal
bgl_29282,Normal
bgl_29283,Normal
bgl_29284,Normal
bgl_29285,Normal
bgl_29286,Normal
bgl_29287,Normal
bgl_29288,Normal
bgl_29289,Normal
bgl_29290,Normal
bgl_29291,Normal
bgl_29292,Normal
bgl_29293,Normal
bgl_29294,Normal
bgl_29295,Normal
bgl_29296,Normal
bgl_29297,Normal
bgl_29298,Normal
bgl_29299,Normal
bgl_29300,Normal
bgl_29301,Normal
bgl_29302,Normal
bgl_29303,Normal
bgl_29304,Normal
bgl_29305,Normal
bgl_29306,Normal
bgl_29307,Normal
bgl_29308,Normal
bgl_29309,Normal
bgl_29310,Normal
bgl_29311,Normal
bgl_29312,Normal
bgl_29313,Normal
bgl_29314,Normal
bgl_29315,Normal
bgl_29316,Normal
bgl_29317,Normal
bgl_29318,Normal
bgl_29319,Normal
bgl_29320,Normal
bgl_29321,Normal
bgl_29322,Normal
bgl_29323,Normal
bgl_29324,Normal
bgl_29325,Normal
bgl_29326,Normal
bgl_29327,Normal
bgl_29328,Normal
bgl_29329,Normal
bgl_29330,Normal
bgl_29331,Normal
bgl_29332,Normal
bgl_29333,Normal
bgl_29334,Normal
bgl_29335,Normal
bgl_29336,Normal
bgl_29337,Normal
bgl_29338,Normal
bgl_29339,Normal
bgl_29340,Normal
bgl_29341,Normal
bgl_29342,Normal
bgl_29343,Anomaly
bgl_29344,Normal
bgl_29345,Normal
bgl_29346,Normal
bgl_29347,Normal
bgl_29348,Normal
bgl_29349,Normal
bgl_29350,Normal
bgl_29351,Normal
bgl_29352,Normal
bgl_29353,Anomaly
bgl_29354,Normal
bgl_29355,Normal
bgl_29356,Normal
bgl_29357,Normal
bgl_29358,Normal
bgl_29359,Normal
bgl_29360,Normal
bgl_29361,Normal
bgl_29362,Normal
bgl_29363,Normal
bgl_29364,Normal
bgl_29365,Normal
bgl_29366,Normal
bgl_29367,Normal
bgl_29368,Normal
bgl_29369,Normal
bgl_29370,Normal
bgl_29371,Normal
bgl_29372,Normal
bgl_29373,Normal
bgl_29374,Normal
bgl_29375,Normal
bgl_29376,Normal
bgl_29377,Normal
bgl_29378,Normal
bgl_29379,Normal
bgl_29380,Normal
bgl_29381,Normal
bgl_29382,Normal
bgl_29383,Normal
bgl_29384,Normal
bgl_29385,Normal
bgl_29386,Normal
bgl_29387,Normal
bgl_29388,Normal
bgl_29389,Normal
bgl_29390,Normal
bgl_29391,Normal
bgl_29392,Normal
bgl_29393,Normal
bgl_29394,Normal
bgl_29395,Normal
bgl_29396,Normal
bgl_29397,Normal
bgl_29398,Normal
bgl_29399,Normal
bgl_29400,Normal
bgl_29401,Normal
bgl_29402,Normal
bgl_29403,Normal
bgl_29404,Normal
bgl_29405,Normal
bgl_29406,Normal
bgl_29407,Normal
bgl_29408,Normal
bgl_29409,Normal
bgl_29410,Normal
bgl_29411,Normal
bgl_29412,Normal
bgl_29413,Normal
bgl_29414,Normal
bgl_29415,Normal
bgl_29416,Normal
bgl_29417,Normal
bgl_29418,Normal
bgl_29419,Normal
bgl_29420,Normal
bgl_29421,Normal
bgl_29422,Normal
bgl_29423,Normal
bgl_29424,Normal
bgl_29425,Normal
bgl_29426,Normal
bgl_29427,Normal
bgl_29428,Normal
bgl_29429,Normal
bgl_29430,Normal
bgl_29431,Normal
bgl_29432,Normal
bgl_29433,Normal
bgl_29434,Normal
bgl_29435,Normal
bgl_29436,Normal
bgl_29437,Normal
bgl_29438,Normal
bgl_29439,Normal
bgl_29440,Normal
bgl_29441,Normal
bgl_29442,Normal
bgl_29443,Normal
bgl_29444,Normal
bgl_29445,Normal
bgl_29446,Normal
bgl_29447,Normal
bgl_29448,Normal
bgl_29449,Normal
bgl_29450,Normal
bgl_29451,Normal
bgl_29452,Normal
bgl_29453,Normal
bgl_29454,Normal
bgl_29455,Normal
bgl_29456,Normal
bgl_29457,Normal
bgl_29458,Normal
bgl_29459,Normal
bgl_29460,Normal
bgl_29461,Normal
bgl_29462,Normal
bgl_29463,Normal
bgl_29464,Normal
bgl_29465,Normal
bgl_29466,Normal
bgl_29467,Normal
bgl_29468,Normal
bgl_29469,Normal
bgl_29470,Normal
bgl_29471,Normal
bgl_29472,Normal
bgl_29473,Normal
bgl_29474,Normal
bgl_29475,Normal
bgl_29476,Normal
bgl_29477,Normal
bgl_29478,Normal
bgl_29479,Normal
bgl_29480,Normal
bgl_29481,Normal
bgl_29482,Normal
bgl_29483,Normal
bgl_29484,Normal
bgl_29485,Normal
bgl_29486,Normal
bgl_29487,Normal
bgl_29488,Normal
bgl_29489,Normal
bgl_29490,Normal
bgl_29491,Normal
bgl_29492,Normal
bgl_29493,Normal
bgl_29494,Normal
bgl_29495,Normal
bgl_29496,Normal
bgl_29497,Normal
bgl_29498,Normal
bgl_29499,Normal
bgl_29500,Normal
bgl_29501,Normal
bgl_29502,Normal
bgl_29503,Normal
bgl_29504,Normal
bgl_29505,Normal
bgl_29506,Normal
bgl_29507,Normal
bgl_29508,Normal
bgl_29509,Normal
bgl_29510,Normal
bgl_29511,Normal
bgl_29512,Normal
bgl_29513,Normal
bgl_29514,Normal
bgl_29515,Normal
bgl_29516,Normal
bgl_29517,Normal
bgl_29518,Normal
bgl_29519,Normal
bgl_29520,Normal
bgl_29521,Normal
bgl_29522,Normal
bgl_29523,Normal
bgl_29524,Normal
bgl_29525,Normal
bgl_29526,Normal
bgl_29527,Normal
bgl_29528,Normal
bgl_29529,Normal
bgl_29530,Normal
bgl_29531,Normal
bgl_29532,Normal
bgl_29533,Normal
bgl_29534,Normal
bgl_29535,Normal
bgl_29536,Normal
bgl_29537,Normal
bgl_29538,Normal
bgl_29539,Normal
bgl_29540,Normal
bgl_29541,Normal
bgl_29542,Normal
bgl_29543,Normal
bgl_29544,Normal
bgl_29545,Normal
bgl_29546,Normal
bgl_29547,Normal
bgl_29548,Normal
bgl_29549,Normal
bgl_29550,Normal
bgl_29551,Normal
bgl_29552,Normal
bgl_29553,Normal
bgl_29554,Normal
bgl_29555,Normal
bgl_29556,Anomaly
bgl_29557,Anomaly
bgl_29558,Anomaly
bgl_29559,Anomaly
bgl_29560,Anomaly
bgl_29561,Anomaly
bgl_29562,Anomaly
bgl_29563,Normal
bgl_29564,Normal
bgl_29565,Normal
bgl_29566,Normal
bgl_29567,Normal
bgl_29568,Normal
bgl_29569,Normal
bgl_29570,Normal
bgl_29571,Normal
bgl_29572,Normal
bgl_29573,Normal
bgl_29574,Normal
bgl_29575,Normal
bgl_29576,Normal
bgl_29577,Normal
bgl_29578,Normal
bgl_29579,Normal
bgl_29580,Normal
bgl_29581,Normal
bgl_29582,Normal
bgl_29583,Normal
bgl_29584,Normal
bgl_29585,Normal
bgl_29586,Normal
bgl_29587,Normal
bgl_29588,Normal
bgl_29589,Normal
bgl_29590,Normal
bgl_29591,Normal
bgl_29592,Normal
bgl_29593,Normal
bgl_29594,Normal
bgl_29595,Normal
bgl_29596,Normal
bgl_29597,Normal
bgl_29598,Normal
bgl_29599,Normal
bgl_29600,Normal
bgl_29601,Normal
bgl_29602,Normal
bgl_29603,Normal
bgl_29604,Normal
bgl_29605,Normal
bgl_29606,Normal
bgl_29607,Normal
bgl_29608,Normal
bgl_29609,Normal
bgl_29610,Normal
bgl_29611,Normal
bgl_29612,Normal
bgl_29613,Normal
bgl_29614,Normal
bgl_29615,Normal
bgl_29616,Normal
bgl_29617,Normal
bgl_29618,Normal
bgl_29619,Normal
bgl_29620,Normal
bgl_29621,Normal
bgl_29622,Normal
bgl_29623,Normal
bgl_29624,Normal
bgl_29625,Normal
bgl_29626,Normal
bgl_29627,Normal
bgl_29628,Normal
bgl_29629,Normal
bgl_29630,Normal
bgl_29631,Normal
bgl_29632,Normal
bgl_29633,Normal
bgl_29634,Normal
bgl_29635,Normal
bgl_29636,Normal
bgl_29637,Normal
bgl_29638,Normal
bgl_29639,Normal
bgl_29640,Normal
bgl_29641,Normal
bgl_29642,Normal
bgl_29643,Normal
bgl_29644,Normal
bgl_29645,Normal
bgl_29646,Normal
bgl_29647,Normal
bgl_29648,Normal
bgl_29649,Normal
bgl_29650,Normal
bgl_29651,Normal
bgl_29652,Normal
bgl_29653,Normal
bgl_29654,Normal
bgl_29655,Normal
bgl_29656,Normal
bgl_29657,Normal
bgl_29658,Normal
bgl_29659,Normal
bgl_29660,Normal
bgl_29661,Normal
bgl_29662,Normal
bgl_29663,Normal
bgl_29664,Normal
bgl_29665,Normal
bgl_29666,Normal
bgl_29667,Normal
bgl_29668,Normal
bgl_29669,Normal
bgl_29670,Normal
bgl_29671,Normal
bgl_29672,Normal
bgl_29673,Normal
bgl_29674,Normal
bgl_29675,Normal
bgl_29676,Normal
bgl_29677,Normal
bgl_29678,Normal
bgl_29679,Normal
bgl_29680,Normal
bgl_29681,Normal
bgl_29682,Normal
bgl_29683,Normal
bgl_29684,Normal
bgl_29685,Normal
bgl_29686,Normal
bgl_29687,Normal
bgl_29688,Normal
bgl_29689,Normal
bgl_29690,Normal
bgl_29691,Normal
bgl_29692,Normal
bgl_29693,Normal
bgl_29694,Normal
bgl_29695,Normal
bgl_29696,Normal
bgl_29697,Normal
bgl_29698,Normal
bgl_29699,Normal
bgl_29700,Normal
bgl_29701,Normal
bgl_29702,Normal
bgl_29703,Normal
bgl_29704,Normal
bgl_29705,Normal
bgl_29706,Normal
bgl_29707,Normal
bgl_29708,Normal
bgl_29709,Normal
bgl_29710,Normal
bgl_29711,Normal
bgl_29712,Normal
bgl_29713,Normal
bgl_29714,Normal
bgl_29715,Normal
bgl_29716,Normal
bgl_29717,Normal
bgl_29718,Normal
bgl_29719,Normal
bgl_29720,Normal
bgl_29721,Normal
bgl_29722,Normal
bgl_29723,Normal
bgl_29724,Normal
bgl_29725,Normal
bgl_29726,Normal
bgl_29727,Normal
bgl_29728,Normal
bgl_29729,Normal
bgl_29730,Normal
bgl_29731,Normal
bgl_29732,Normal
bgl_29733,Normal
bgl_29734,Normal
bgl_29735,Normal
bgl_29736,Normal
bgl_29737,Normal
bgl_29738,Normal
bgl_29739,Normal
bgl_29740,Normal
bgl_29741,Normal
bgl_29742,Normal
bgl_29743,Normal
bgl_29744,Normal
bgl_29745,Normal
bgl_29746,Normal
bgl_29747,Normal
bgl_29748,Normal
bgl_29749,Normal
bgl_29750,Anomaly
bgl_29751,Anomaly
bgl_29752,Anomaly
bgl_29753,Anomaly
bgl_29754,Anomaly
bgl_29755,Normal
bgl_29756,Anomaly
bgl_29757,Normal
bgl_29758,Normal
bgl_29759,Normal
bgl_29760,Normal
bgl_29761,Normal
bgl_29762,Normal
bgl_29763,Normal
bgl_29764,Normal
bgl_29765,Normal
bgl_29766,Normal
bgl_29767,Normal
bgl_29768,Normal
bgl_29769,Normal
bgl_29770,Normal
bgl_29771,Normal
bgl_29772,Normal
bgl_29773,Normal
bgl_29774,Normal
bgl_29775,Normal
bgl_29776,Anomaly
bgl_29777,Anomaly
bgl_29778,Anomaly
bgl_29779,Normal
bgl_29780,Normal
bgl_29781,Normal
bgl_29782,Normal
bgl_29783,Normal
bgl_29784,Normal
bgl_29785,Normal
bgl_29786,Normal
bgl_29787,Normal
bgl_29788,Normal
bgl_29789,Anomaly
bgl_29790,Anomaly
bgl_29791,Anomaly
bgl_29792,Anomaly
bgl_29793,Anomaly
bgl_29794,Normal
bgl_29795,Normal
bgl_29796,Normal
bgl_29797,Normal
bgl_29798,Normal
bgl_29799,Normal
bgl_29800,Normal
bgl_29801,Normal
bgl_29802,Normal
bgl_29803,Normal
bgl_29804,Normal
bgl_29805,Normal
bgl_29806,Normal
bgl_29807,Anomaly
bgl_29808,Anomaly
bgl_29809,Anomaly
bgl_29810,Anomaly
bgl_29811,Normal
bgl_29812,Normal
bgl_29813,Normal
bgl_29814,Anomaly
bgl_29815,Normal
bgl_29816,Normal
bgl_29817,Normal
bgl_29818,Normal
bgl_29819,Normal
bgl_29820,Normal
bgl_29821,Normal
bgl_29822,Normal
bgl_29823,Normal
bgl_29824,Normal
bgl_29825,Normal
bgl_29826,Normal
bgl_29827,Normal
bgl_29828,Normal
bgl_29829,Normal
bgl_29830,Normal
bgl_29831,Anomaly
bgl_29832,Normal
bgl_29833,Normal
bgl_29834,Normal
bgl_29835,Normal
bgl_29836,Normal
bgl_29837,Normal
bgl_29838,Normal
bgl_29839,Normal
bgl_29840,Normal
bgl_29841,Normal
bgl_29842,Normal
bgl_29843,Normal
bgl_29844,Normal
bgl_29845,Anomaly
bgl_29846,Anomaly
bgl_29847,Anomaly
bgl_29848,Anomaly
bgl_29849,Anomaly
bgl_29850,Anomaly
bgl_29851,Anomaly
bgl_29852,Anomaly
bgl_29853,Normal
bgl_29854,Normal
bgl_29855,Anomaly
bgl_29856,Normal
bgl_29857,Normal
bgl_29858,Normal
bgl_29859,Normal
bgl_29860,Anomaly
bgl_29861,Normal
bgl_29862,Normal
bgl_29863,Normal
bgl_29864,Normal
bgl_29865,Normal
bgl_29866,Normal
bgl_29867,Normal
bgl_29868,Normal
bgl_29869,Anomaly
bgl_29870,Normal
bgl_29871,Normal
bgl_29872,Anomaly
bgl_29873,Anomaly
bgl_29874,Normal
bgl_29875,Normal
bgl_29876,Normal
bgl_29877,Normal
bgl_29878,Normal
bgl_29879,Anomaly
bgl_29880,Anomaly
bgl_29881,Normal
bgl_29882,Normal
bgl_29883,Normal
bgl_29884,Normal
bgl_29885,Normal
bgl_29886,Normal
bgl_29887,Normal
bgl_29888,Normal
bgl_29889,Normal
bgl_29890,Normal
bgl_29891,Normal
bgl_29892,Normal
bgl_29893,Normal
bgl_29894,Normal
bgl_29895,Normal
bgl_29896,Normal
bgl_29897,Normal
bgl_29898,Normal
bgl_29899,Normal
bgl_29900,Normal
bgl_29901,Normal
bgl_29902,Normal
bgl_29903,Normal
bgl_29904,Normal
bgl_29905,Normal
bgl_29906,Normal
bgl_29907,Normal
bgl_29908,Normal
bgl_29909,Normal
bgl_29910,Normal
bgl_29911,Normal
bgl_29912,Normal
bgl_29913,Normal
bgl_29914,Normal
bgl_29915,Normal
bgl_29916,Normal
bgl_29917,Normal
bgl_29918,Normal
bgl_29919,Normal
bgl_29920,Normal
bgl_29921,Normal
bgl_29922,Normal
bgl_29923,Normal
bgl_29924,Normal
bgl_29925,Normal
bgl_29926,Normal
bgl_29927,Normal
bgl_29928,Normal
bgl_29929,Normal
bgl_29930,Normal
bgl_29931,Normal
bgl_29932,Normal
bgl_29933,Normal
bgl_29934,Normal
bgl_29935,Normal
bgl_29936,Normal
bgl_29937,Normal
bgl_29938,Normal
bgl_29939,Normal
bgl_29940,Normal
bgl_29941,Normal
bgl_29942,Normal
bgl_29943,Normal
bgl_29944,Normal
bgl_29945,Normal
bgl_29946,Normal
bgl_29947,Normal
bgl_29948,Normal
bgl_29949,Normal
bgl_29950,Normal
bgl_29951,Normal
bgl_29952,Normal
bgl_29953,Normal
bgl_29954,Normal
bgl_29955,Normal
bgl_29956,Normal
bgl_29957,Normal
bgl_29958,Normal
bgl_29959,Normal
bgl_29960,Normal
bgl_29961,Normal
bgl_29962,Normal
bgl_29963,Normal
bgl_29964,Normal
bgl_29965,Normal
bgl_29966,Normal
bgl_29967,Normal
bgl_29968,Normal
bgl_29969,Normal
bgl_29970,Normal
bgl_29971,Normal
bgl_29972,Normal
bgl_29973,Normal
bgl_29974,Normal
bgl_29975,Normal
bgl_29976,Normal
bgl_29977,Anomaly
bgl_29978,Anomaly
bgl_29979,Anomaly
bgl_29980,Anomaly
bgl_29981,Anomaly
bgl_29982,Normal
bgl_29983,Normal
bgl_29984,Anomaly
bgl_29985,Anomaly
bgl_29986,Anomaly
bgl_29987,Anomaly
bgl_29988,Normal
bgl_29989,Anomaly
bgl_29990,Anomaly
bgl_29991,Normal
bgl_29992,Normal
bgl_29993,Normal
bgl_29994,Normal
bgl_29995,Normal
bgl_29996,Normal
bgl_29997,Normal
bgl_29998,Normal
bgl_29999,Normal
bgl_30000,Normal
bgl_30001,Normal
bgl_30002,Normal
bgl_30003,Anomaly
bgl_30004,Anomaly
bgl_30005,Anomaly
bgl_30006,Normal
bgl_30007,Normal
bgl_30008,Normal
bgl_30009,Normal
bgl_30010,Normal
bgl_30011,Normal
bgl_30012,Normal
bgl_30013,Normal
bgl_30014,Normal
bgl_30015,Normal
bgl_30016,Normal
bgl_30017,Normal
bgl_30018,Normal
bgl_30019,Normal
bgl_30020,Normal
bgl_30021,Normal
bgl_30022,Normal
bgl_30023,Normal
bgl_30024,Normal
bgl_30025,Normal
bgl_30026,Normal
bgl_30027,Normal
bgl_30028,Normal
bgl_30029,Normal
bgl_30030,Normal
bgl_30031,Normal
bgl_30032,Normal
bgl_30033,Normal
bgl_30034,Normal
bgl_30035,Normal
bgl_30036,Normal
bgl_30037,Normal
bgl_30038,Normal
bgl_30039,Normal
bgl_30040,Normal
bgl_30041,Normal
bgl_30042,Normal
bgl_30043,Normal
bgl_30044,Normal
bgl_30045,Normal
bgl_30046,Normal
bgl_30047,Normal
bgl_30048,Normal
bgl_30049,Normal
bgl_30050,Normal
bgl_30051,Normal
bgl_30052,Normal
bgl_30053,Normal
bgl_30054,Normal
bgl_30055,Normal
bgl_30056,Normal
bgl_30057,Normal
bgl_30058,Normal
bgl_30059,Normal
bgl_30060,Normal
bgl_30061,Normal
bgl_30062,Normal
bgl_30063,Normal
bgl_30064,Normal
bgl_30065,Normal
bgl_30066,Normal
bgl_30067,Normal
bgl_30068,Normal
bgl_30069,Anomaly
bgl_30070,Normal
bgl_30071,Normal
bgl_30072,Normal
bgl_30073,Normal
bgl_30074,Normal
bgl_30075,Normal
bgl_30076,Normal
bgl_30077,Anomaly
bgl_30078,Anomaly
bgl_30079,Normal
bgl_30080,Normal
bgl_30081,Anomaly
bgl_30082,Anomaly
bgl_30083,Normal
bgl_30084,Anomaly
bgl_30085,Anomaly
bgl_30086,Anomaly
bgl_30087,Normal
bgl_30088,Anomaly
bgl_30089,Normal
bgl_30090,Normal
bgl_30091,Normal
bgl_30092,Normal
bgl_30093,Normal
bgl_30094,Normal
bgl_30095,Normal
bgl_30096,Normal
bgl_30097,Normal
bgl_30098,Normal
bgl_30099,Normal
bgl_30100,Normal
bgl_30101,Normal
bgl_30102,Normal
bgl_30103,Normal
bgl_30104,Normal
bgl_30105,Normal
bgl_30106,Normal
bgl_30107,Normal
bgl_30108,Normal
bgl_30109,Normal
bgl_30110,Normal
bgl_30111,Normal
bgl_30112,Normal
bgl_30113,Normal
bgl_30114,Normal
bgl_30115,Normal
bgl_30116,Normal
bgl_30117,Normal
bgl_30118,Normal
bgl_30119,Normal
bgl_30120,Normal
bgl_30121,Normal
bgl_30122,Normal
bgl_30123,Normal
bgl_30124,Normal
bgl_30125,Normal
bgl_30126,Normal
bgl_30127,Normal
bgl_30128,Normal
bgl_30129,Normal
bgl_30130,Normal
bgl_30131,Normal
bgl_30132,Normal
bgl_30133,Normal
bgl_30134,Normal
bgl_30135,Normal
bgl_30136,Normal
bgl_30137,Anomaly
bgl_30138,Normal
bgl_30139,Anomaly
bgl_30140,Anomaly
bgl_30141,Normal
bgl_30142,Normal
bgl_30143,Normal
bgl_30144,Normal
bgl_30145,Normal
bgl_30146,Normal
bgl_30147,Normal
bgl_30148,Normal
bgl_30149,Normal
bgl_30150,Normal
bgl_30151,Normal
bgl_30152,Normal
bgl_30153,Normal
bgl_30154,Normal
bgl_30155,Normal
bgl_30156,Normal
bgl_30157,Normal
bgl_30158,Normal
bgl_30159,Normal
bgl_30160,Normal
bgl_30161,Normal
bgl_30162,Normal
bgl_30163,Normal
bgl_30164,Normal
bgl_30165,Normal
bgl_30166,Normal
bgl_30167,Anomaly
bgl_30168,Anomaly
bgl_30169,Anomaly
bgl_30170,Anomaly
bgl_30171,Normal
bgl_30172,Normal
bgl_30173,Normal
bgl_30174,Normal
bgl_30175,Normal
bgl_30176,Normal
bgl_30177,Normal
bgl_30178,Normal
bgl_30179,Normal
bgl_30180,Normal
bgl_30181,Normal
bgl_30182,Normal
bgl_30183,Normal
bgl_30184,Normal
bgl_30185,Normal
bgl_30186,Normal
bgl_30187,Normal
bgl_30188,Normal
bgl_30189,Normal
bgl_30190,Normal
bgl_30191,Normal
bgl_30192,Normal
bgl_30193,Normal
bgl_30194,Normal
bgl_30195,Normal
bgl_30196,Normal
bgl_30197,Normal
bgl_30198,Normal
bgl_30199,Normal
bgl_30200,Normal
bgl_30201,Normal
bgl_30202,Normal
bgl_30203,Normal
bgl_30204,Normal
bgl_30205,Normal
bgl_30206,Normal
bgl_30207,Normal
bgl_30208,Normal
bgl_30209,Normal
bgl_30210,Normal
bgl_30211,Normal
bgl_30212,Normal
bgl_30213,Normal
bgl_30214,Normal
bgl_30215,Normal
bgl_30216,Normal
bgl_30217,Normal
bgl_30218,Normal
bgl_30219,Normal
bgl_30220,Normal
bgl_30221,Normal
bgl_30222,Normal
bgl_30223,Normal
bgl_30224,Normal
bgl_30225,Normal
bgl_30226,Normal
bgl_30227,Normal
bgl_30228,Normal
bgl_30229,Normal
bgl_30230,Normal
bgl_30231,Normal
bgl_30232,Normal
bgl_30233,Normal
bgl_30234,Normal
bgl_30235,Normal
bgl_30236,Normal
bgl_30237,Normal
bgl_30238,Normal
bgl_30239,Normal
bgl_30240,Normal
bgl_30241,Normal
bgl_30242,Normal
bgl_30243,Normal
bgl_30244,Normal
bgl_30245,Normal
bgl_30246,Normal
bgl_30247,Normal
bgl_30248,Normal
bgl_30249,Normal
bgl_30250,Normal
bgl_30251,Normal
bgl_30252,Normal
bgl_30253,Normal
bgl_30254,Normal
bgl_30255,Normal
bgl_30256,Normal
bgl_30257,Normal
bgl_30258,Normal
bgl_30259,Normal
bgl_30260,Normal
bgl_30261,Normal
bgl_30262,Normal
bgl_30263,Normal
bgl_30264,Normal
bgl_30265,Normal
bgl_30266,Normal
bgl_30267,Normal
bgl_30268,Normal
bgl_30269,Normal
bgl_30270,Normal
bgl_30271,Normal
bgl_30272,Normal
bgl_30273,Normal
bgl_30274,Normal
bgl_30275,Normal
bgl_30276,Normal
bgl_30277,Normal
bgl_30278,Normal
bgl_30279,Normal
bgl_30280,Normal
bgl_30281,Normal
bgl_30282,Normal
bgl_30283,Normal
bgl_30284,Normal
bgl_30285,Normal
bgl_30286,Normal
bgl_30287,Normal
bgl_30288,Normal
bgl_30289,Normal
bgl_30290,Normal
bgl_30291,Normal
bgl_30292,Normal
bgl_30293,Normal
bgl_30294,Normal
bgl_30295,Normal
bgl_30296,Normal
bgl_30297,Normal
bgl_30298,Normal
bgl_30299,Normal
bgl_30300,Normal
bgl_30301,Normal
bgl_30302,Normal
bgl_30303,Normal
bgl_30304,Normal
bgl_30305,Normal
bgl_30306,Normal
bgl_30307,Normal
bgl_30308,Normal
bgl_30309,Normal
bgl_30310,Normal
bgl_30311,Normal
bgl_30312,Normal
bgl_30313,Normal
bgl_30314,Normal
bgl_30315,Normal
bgl_30316,Normal
bgl_30317,Normal
bgl_30318,Normal
bgl_30319,Normal
bgl_30320,Normal
bgl_30321,Normal
bgl_30322,Normal
bgl_30323,Normal
bgl_30324,Normal
bgl_30325,Normal
bgl_30326,Normal
bgl_30327,Normal
bgl_30328,Normal
bgl_30329,Normal
bgl_30330,Normal
bgl_30331,Normal
bgl_30332,Normal
bgl_30333,Normal
bgl_30334,Normal
bgl_30335,Normal
bgl_30336,Normal
bgl_30337,Normal
bgl_30338,Normal
bgl_30339,Normal
bgl_30340,Anomaly
bgl_30341,Anomaly
bgl_30342,Anomaly
bgl_30343,Anomaly
bgl_30344,Anomaly
bgl_30345,Normal
bgl_30346,Normal
bgl_30347,Normal
bgl_30348,Normal
bgl_30349,Normal
bgl_30350,Anomaly
bgl_30351,Anomaly
bgl_30352,Normal
bgl_30353,Normal
bgl_30354,Normal
bgl_30355,Normal
bgl_30356,Normal
bgl_30357,Normal
bgl_30358,Normal
bgl_30359,Normal
bgl_30360,Anomaly
bgl_30361,Anomaly
bgl_30362,Anomaly
bgl_30363,Normal
bgl_30364,Normal
bgl_30365,Normal
bgl_30366,Normal
bgl_30367,Normal
bgl_30368,Normal
bgl_30369,Normal
bgl_30370,Normal
bgl_30371,Anomaly
bgl_30372,Anomaly
bgl_30373,Normal
bgl_30374,Normal
bgl_30375,Anomaly
bgl_30376,Anomaly
bgl_30377,Normal
bgl_30378,Anomaly
bgl_30379,Anomaly
bgl_30380,Anomaly
bgl_30381,Anomaly
bgl_30382,Anomaly
bgl_30383,Anomaly
bgl_30384,Anomaly
bgl_30385,Anomaly
bgl_30386,Anomaly
bgl_30387,Anomaly
bgl_30388,Anomaly
bgl_30389,Anomaly
bgl_30390,Anomaly
bgl_30391,Anomaly
bgl_30392,Anomaly
bgl_30393,Anomaly
bgl_30394,Anomaly
bgl_30395,Anomaly
bgl_30396,Anomaly
bgl_30397,Anomaly
bgl_30398,Anomaly
bgl_30399,Anomaly
bgl_30400,Normal
bgl_30401,Normal
bgl_30402,Normal
bgl_30403,Normal
bgl_30404,Normal
bgl_30405,Normal
bgl_30406,Normal
bgl_30407,Normal
bgl_30408,Normal
bgl_30409,Normal
bgl_30410,Normal
bgl_30411,Normal
bgl_30412,Normal
bgl_30413,Normal
bgl_30414,Normal
bgl_30415,Normal
bgl_30416,Normal
bgl_30417,Normal
bgl_30418,Normal
bgl_30419,Normal
bgl_30420,Normal
bgl_30421,Normal
bgl_30422,Normal
bgl_30423,Normal
bgl_30424,Normal
bgl_30425,Normal
bgl_30426,Normal
bgl_30427,Normal
bgl_30428,Normal
bgl_30429,Normal
bgl_30430,Normal
bgl_30431,Normal
bgl_30432,Normal
bgl_30433,Normal
bgl_30434,Normal
bgl_30435,Normal
bgl_30436,Normal
bgl_30437,Normal
bgl_30438,Normal
bgl_30439,Normal
bgl_30440,Normal
bgl_30441,Normal
bgl_30442,Normal
bgl_30443,Anomaly
bgl_30444,Anomaly
bgl_30445,Anomaly
bgl_30446,Anomaly
bgl_30447,Anomaly
bgl_30448,Anomaly
bgl_30449,Anomaly
bgl_30450,Anomaly
bgl_30451,Anomaly
bgl_30452,Normal
bgl_30453,Normal
bgl_30454,Normal
bgl_30455,Normal
bgl_30456,Normal
bgl_30457,Normal
bgl_30458,Normal
bgl_30459,Normal
bgl_30460,Normal
bgl_30461,Normal
bgl_30462,Anomaly
bgl_30463,Anomaly
bgl_30464,Anomaly
bgl_30465,Anomaly
bgl_30466,Anomaly
bgl_30467,Anomaly
bgl_30468,Anomaly
bgl_30469,Normal
bgl_30470,Normal
bgl_30471,Normal
bgl_30472,Normal
bgl_30473,Normal
bgl_30474,Normal
bgl_30475,Normal
bgl_30476,Anomaly
bgl_30477,Normal
bgl_30478,Normal
bgl_30479,Normal
bgl_30480,Normal
bgl_30481,Anomaly
bgl_30482,Anomaly
bgl_30483,Normal
bgl_30484,Normal
bgl_30485,Anomaly
bgl_30486,Anomaly
bgl_30487,Anomaly
bgl_30488,Anomaly
bgl_30489,Anomaly
bgl_30490,Anomaly
bgl_30491,Anomaly
bgl_30492,Anomaly
bgl_30493,Anomaly
bgl_30494,Anomaly
bgl_30495,Anomaly
bgl_30496,Anomaly
bgl_30497,Anomaly
bgl_30498,Anomaly
bgl_30499,Anomaly
bgl_30500,Anomaly
bgl_30501,Anomaly
bgl_30502,Anomaly
bgl_30503,Anomaly
bgl_30504,Anomaly
bgl_30505,Anomaly
bgl_30506,Anomaly
bgl_30507,Anomaly
bgl_30508,Anomaly
bgl_30509,Anomaly
bgl_30510,Anomaly
bgl_30511,Anomaly
bgl_30512,Anomaly
bgl_30513,Anomaly
bgl_30514,Anomaly
bgl_30515,Anomaly
bgl_30516,Anomaly
bgl_30517,Anomaly
bgl_30518,Anomaly
bgl_30519,Anomaly
bgl_30520,Anomaly
bgl_30521,Anomaly
bgl_30522,Anomaly
bgl_30523,Anomaly
bgl_30524,Anomaly
bgl_30525,Anomaly
bgl_30526,Anomaly
bgl_30527,Anomaly
bgl_30528,Anomaly
bgl_30529,Anomaly
bgl_30530,Anomaly
bgl_30531,Anomaly
bgl_30532,Anomaly
bgl_30533,Normal
bgl_30534,Anomaly
bgl_30535,Anomaly
bgl_30536,Normal
bgl_30537,Anomaly
bgl_30538,Anomaly
bgl_30539,Anomaly
bgl_30540,Anomaly
bgl_30541,Anomaly
bgl_30542,Anomaly
bgl_30543,Anomaly
bgl_30544,Anomaly
bgl_30545,Anomaly
bgl_30546,Anomaly
bgl_30547,Anomaly
bgl_30548,Anomaly
bgl_30549,Anomaly
bgl_30550,Anomaly
bgl_30551,Anomaly
bgl_30552,Anomaly
bgl_30553,Anomaly
bgl_30554,Anomaly
bgl_30555,Anomaly
bgl_30556,Anomaly
bgl_30557,Anomaly
bgl_30558,Anomaly
bgl_30559,Anomaly
bgl_30560,Anomaly
bgl_30561,Anomaly
bgl_30562,Anomaly
bgl_30563,Anomaly
bgl_30564,Anomaly
bgl_30565,Anomaly
bgl_30566,Anomaly
bgl_30567,Anomaly
bgl_30568,Anomaly
bgl_30569,Anomaly
bgl_30570,Anomaly
bgl_30571,Anomaly
bgl_30572,Anomaly
bgl_30573,Anomaly
bgl_30574,Anomaly
bgl_30575,Normal
bgl_30576,Normal
bgl_30577,Normal
bgl_30578,Normal
bgl_30579,Normal
bgl_30580,Normal
bgl_30581,Normal
bgl_30582,Normal
bgl_30583,Normal
bgl_30584,Normal
bgl_30585,Normal
bgl_30586,Normal
bgl_30587,Normal
bgl_30588,Normal
bgl_30589,Normal
bgl_30590,Normal
bgl_30591,Normal
bgl_30592,Normal
bgl_30593,Normal
bgl_30594,Normal
bgl_30595,Normal
bgl_30596,Normal
bgl_30597,Normal
bgl_30598,Normal
bgl_30599,Normal
bgl_30600,Normal
bgl_30601,Normal
bgl_30602,Normal
bgl_30603,Normal
bgl_30604,Normal
bgl_30605,Normal
bgl_30606,Normal
bgl_30607,Normal
bgl_30608,Normal
bgl_30609,Normal
bgl_30610,Normal
bgl_30611,Normal
bgl_30612,Normal
bgl_30613,Normal
bgl_30614,Normal
bgl_30615,Anomaly
bgl_30616,Anomaly
bgl_30617,Anomaly
bgl_30618,Anomaly
bgl_30619,Anomaly
bgl_30620,Anomaly
bgl_30621,Anomaly
bgl_30622,Anomaly
bgl_30623,Anomaly
bgl_30624,Anomaly
bgl_30625,Anomaly
bgl_30626,Anomaly
bgl_30627,Anomaly
bgl_30628,Anomaly
bgl_30629,Anomaly
bgl_30630,Anomaly
bgl_30631,Anomaly
bgl_30632,Anomaly
bgl_30633,Anomaly
bgl_30634,Anomaly
bgl_30635,Anomaly
bgl_30636,Anomaly
bgl_30637,Anomaly
bgl_30638,Anomaly
bgl_30639,Anomaly
bgl_30640,Anomaly
bgl_30641,Normal
bgl_30642,Normal
bgl_30643,Normal
bgl_30644,Normal
bgl_30645,Normal
bgl_30646,Normal
bgl_30647,Normal
bgl_30648,Normal
bgl_30649,Normal
bgl_30650,Normal
bgl_30651,Normal
bgl_30652,Normal
bgl_30653,Normal
bgl_30654,Normal
bgl_30655,Normal
bgl_30656,Normal
bgl_30657,Normal
bgl_30658,Normal
bgl_30659,Normal
bgl_30660,Normal
bgl_30661,Normal
bgl_30662,Normal
bgl_30663,Normal
bgl_30664,Normal
bgl_30665,Normal
bgl_30666,Normal
bgl_30667,Normal
bgl_30668,Normal
bgl_30669,Normal
bgl_30670,Normal
bgl_30671,Normal
bgl_30672,Normal
bgl_30673,Normal
bgl_30674,Anomaly
bgl_30675,Normal
bgl_30676,Anomaly
bgl_30677,Anomaly
bgl_30678,Anomaly
bgl_30679,Anomaly
bgl_30680,Anomaly
bgl_30681,Anomaly
bgl_30682,Anomaly
bgl_30683,Anomaly
bgl_30684,Anomaly
bgl_30685,Anomaly
bgl_30686,Anomaly
bgl_30687,Anomaly
bgl_30688,Anomaly
bgl_30689,Anomaly
bgl_30690,Anomaly
bgl_30691,Anomaly
bgl_30692,Anomaly
bgl_30693,Anomaly
bgl_30694,Anomaly
bgl_30695,Anomaly
bgl_30696,Anomaly
bgl_30697,Anomaly
bgl_30698,Anomaly
bgl_30699,Normal
bgl_30700,Normal
bgl_30701,Normal
bgl_30702,Normal
bgl_30703,Normal
bgl_30704,Normal
bgl_30705,Normal
bgl_30706,Normal
bgl_30707,Normal
bgl_30708,Normal
bgl_30709,Normal
bgl_30710,Normal
bgl_30711,Normal
bgl_30712,Normal
bgl_30713,Normal
bgl_30714,Normal
bgl_30715,Normal
bgl_30716,Normal
bgl_30717,Normal
bgl_30718,Normal
bgl_30719,Normal
bgl_30720,Normal
bgl_30721,Normal
bgl_30722,Normal
bgl_30723,Normal
bgl_30724,Normal
bgl_30725,Normal
bgl_30726,Normal
bgl_30727,Normal
bgl_30728,Normal
bgl_30729,Normal
bgl_30730,Normal
bgl_30731,Normal
bgl_30732,Normal
bgl_30733,Normal
bgl_30734,Normal
bgl_30735,Normal
bgl_30736,Normal
bgl_30737,Normal
bgl_30738,Normal
bgl_30739,Normal
bgl_30740,Normal
bgl_30741,Normal
bgl_30742,Normal
bgl_30743,Normal
bgl_30744,Normal
bgl_30745,Normal
bgl_30746,Normal
bgl_30747,Normal
bgl_30748,Normal
bgl_30749,Normal
bgl_30750,Normal
bgl_30751,Anomaly
bgl_30752,Anomaly
bgl_30753,Anomaly
bgl_30754,Anomaly
bgl_30755,Anomaly
bgl_30756,Normal
bgl_30757,Normal
bgl_30758,Normal
bgl_30759,Normal
bgl_30760,Normal
bgl_30761,Normal
bgl_30762,Normal
bgl_30763,Normal
bgl_30764,Normal
bgl_30765,Normal
bgl_30766,Normal
bgl_30767,Normal
bgl_30768,Normal
bgl_30769,Normal
bgl_30770,Anomaly
bgl_30771,Anomaly
bgl_30772,Normal
bgl_30773,Normal
bgl_30774,Normal
bgl_30775,Normal
bgl_30776,Normal
bgl_30777,Normal
bgl_30778,Normal
bgl_30779,Normal
bgl_30780,Normal
bgl_30781,Normal
bgl_30782,Normal
bgl_30783,Normal
bgl_30784,Normal
bgl_30785,Normal
bgl_30786,Normal
bgl_30787,Normal
bgl_30788,Normal
bgl_30789,Normal
bgl_30790,Normal
bgl_30791,Normal
bgl_30792,Normal
bgl_30793,Normal
bgl_30794,Anomaly
bgl_30795,Anomaly
bgl_30796,Anomaly
bgl_30797,Anomaly
bgl_30798,Normal
bgl_30799,Normal
bgl_30800,Normal
bgl_30801,Normal
bgl_30802,Normal
bgl_30803,Anomaly
bgl_30804,Anomaly
bgl_30805,Anomaly
bgl_30806,Anomaly
bgl_30807,Anomaly
bgl_30808,Anomaly
bgl_30809,Anomaly
bgl_30810,Anomaly
bgl_30811,Anomaly
bgl_30812,Anomaly
bgl_30813,Anomaly
bgl_30814,Anomaly
bgl_30815,Anomaly
bgl_30816,Anomaly
bgl_30817,Anomaly
bgl_30818,Anomaly
bgl_30819,Anomaly
bgl_30820,Anomaly
bgl_30821,Anomaly
bgl_30822,Anomaly
bgl_30823,Anomaly
bgl_30824,Anomaly
bgl_30825,Anomaly
bgl_30826,Anomaly
bgl_30827,Anomaly
bgl_30828,Anomaly
bgl_30829,Anomaly
bgl_30830,Anomaly
bgl_30831,Anomaly
bgl_30832,Anomaly
bgl_30833,Anomaly
bgl_30834,Normal
bgl_30835,Normal
bgl_30836,Normal
bgl_30837,Normal
bgl_30838,Normal
bgl_30839,Normal
bgl_30840,Normal
bgl_30841,Anomaly
bgl_30842,Anomaly
bgl_30843,Anomaly
bgl_30844,Anomaly
bgl_30845,Anomaly
bgl_30846,Anomaly
bgl_30847,Anomaly
bgl_30848,Anomaly
bgl_30849,Anomaly
bgl_30850,Anomaly
bgl_30851,Anomaly
bgl_30852,Anomaly
bgl_30853,Anomaly
bgl_30854,Anomaly
bgl_30855,Anomaly
bgl_30856,Normal
bgl_30857,Anomaly
bgl_30858,Anomaly
bgl_30859,Anomaly
bgl_30860,Anomaly
bgl_30861,Anomaly
bgl_30862,Normal
bgl_30863,Normal
bgl_30864,Normal
bgl_30865,Normal
bgl_30866,Normal
bgl_30867,Normal
bgl_30868,Normal
bgl_30869,Normal
bgl_30870,Normal
bgl_30871,Normal
bgl_30872,Normal
bgl_30873,Normal
bgl_30874,Normal
bgl_30875,Normal
bgl_30876,Normal
bgl_30877,Normal
bgl_30878,Normal
bgl_30879,Normal
bgl_30880,Normal
bgl_30881,Normal
bgl_30882,Normal
bgl_30883,Normal
bgl_30884,Normal
bgl_30885,Normal
bgl_30886,Normal
bgl_30887,Normal
bgl_30888,Normal
bgl_30889,Normal
bgl_30890,Normal
bgl_30891,Normal
bgl_30892,Normal
bgl_30893,Normal
bgl_30894,Normal
bgl_30895,Normal
bgl_30896,Normal
bgl_30897,Normal
bgl_30898,Normal
bgl_30899,Normal
bgl_30900,Normal
bgl_30901,Normal
bgl_30902,Normal
bgl_30903,Normal
bgl_30904,Normal
bgl_30905,Normal
bgl_30906,Normal
bgl_30907,Normal
bgl_30908,Normal
bgl_30909,Normal
bgl_30910,Normal
bgl_30911,Normal
bgl_30912,Normal
bgl_30913,Normal
bgl_30914,Normal
bgl_30915,Normal
bgl_30916,Normal
bgl_30917,Normal
bgl_30918,Normal
bgl_30919,Normal
bgl_30920,Normal
bgl_30921,Normal
bgl_30922,Normal
bgl_30923,Normal
bgl_30924,Normal
bgl_30925,Normal
bgl_30926,Normal
bgl_30927,Normal
bgl_30928,Normal
bgl_30929,Normal
bgl_30930,Normal
bgl_30931,Normal
bgl_30932,Normal
bgl_30933,Normal
bgl_30934,Normal
bgl_30935,Normal
bgl_30936,Normal
bgl_30937,Normal
bgl_30938,Normal
bgl_30939,Normal
bgl_30940,Normal
bgl_30941,Normal
bgl_30942,Normal
bgl_30943,Normal
bgl_30944,Normal
bgl_30945,Normal
bgl_30946,Normal
bgl_30947,Normal
bgl_30948,Normal
bgl_30949,Normal
bgl_30950,Normal
bgl_30951,Normal
bgl_30952,Normal
bgl_30953,Normal
bgl_30954,Normal
bgl_30955,Normal
bgl_30956,Normal
bgl_30957,Normal
bgl_30958,Normal
bgl_30959,Normal
bgl_30960,Normal
bgl_30961,Normal
bgl_30962,Normal
bgl_30963,Normal
bgl_30964,Normal
bgl_30965,Normal
bgl_30966,Normal
bgl_30967,Normal
bgl_30968,Normal
bgl_30969,Normal
bgl_30970,Normal
bgl_30971,Normal
bgl_30972,Normal
bgl_30973,Normal
bgl_30974,Normal
bgl_30975,Normal
bgl_30976,Normal
bgl_30977,Normal
bgl_30978,Normal
bgl_30979,Normal
bgl_30980,Anomaly
bgl_30981,Normal
bgl_30982,Anomaly
bgl_30983,Anomaly
bgl_30984,Anomaly
bgl_30985,Anomaly
bgl_30986,Anomaly
bgl_30987,Anomaly
bgl_30988,Anomaly
bgl_30989,Anomaly
bgl_30990,Anomaly
bgl_30991,Anomaly
bgl_30992,Anomaly
bgl_30993,Anomaly
bgl_30994,Anomaly
bgl_30995,Anomaly
bgl_30996,Anomaly
bgl_30997,Anomaly
bgl_30998,Anomaly
bgl_30999,Anomaly
bgl_31000,Anomaly
bgl_31001,Anomaly
bgl_31002,Anomaly
bgl_31003,Anomaly
bgl_31004,Anomaly
bgl_31005,Anomaly
bgl_31006,Anomaly
bgl_31007,Anomaly
bgl_31008,Anomaly
bgl_31009,Anomaly
bgl_31010,Anomaly
bgl_31011,Anomaly
bgl_31012,Anomaly
bgl_31013,Anomaly
bgl_31014,Normal
bgl_31015,Normal
bgl_31016,Normal
bgl_31017,Normal
bgl_31018,Normal
bgl_31019,Normal
bgl_31020,Normal
bgl_31021,Normal
bgl_31022,Normal
bgl_31023,Normal
bgl_31024,Normal
bgl_31025,Normal
bgl_31026,Normal
bgl_31027,Normal
bgl_31028,Normal
bgl_31029,Normal
bgl_31030,Normal
bgl_31031,Normal
bgl_31032,Normal
bgl_31033,Normal
bgl_31034,Normal
bgl_31035,Normal
bgl_31036,Normal
bgl_31037,Normal
bgl_31038,Normal
bgl_31039,Normal
bgl_31040,Normal
bgl_31041,Normal
bgl_31042,Normal
bgl_31043,Normal
bgl_31044,Normal
bgl_31045,Anomaly
bgl_31046,Anomaly
bgl_31047,Anomaly
bgl_31048,Anomaly
bgl_31049,Anomaly
bgl_31050,Anomaly
bgl_31051,Anomaly
bgl_31052,Anomaly
bgl_31053,Anomaly
bgl_31054,Anomaly
bgl_31055,Anomaly
bgl_31056,Anomaly
bgl_31057,Anomaly
bgl_31058,Anomaly
bgl_31059,Anomaly
bgl_31060,Anomaly
bgl_31061,Anomaly
bgl_31062,Anomaly
bgl_31063,Anomaly
bgl_31064,Anomaly
bgl_31065,Anomaly
bgl_31066,Anomaly
bgl_31067,Anomaly
bgl_31068,Anomaly
bgl_31069,Anomaly
bgl_31070,Anomaly
bgl_31071,Anomaly
bgl_31072,Anomaly
bgl_31073,Anomaly
bgl_31074,Anomaly
bgl_31075,Anomaly
bgl_31076,Anomaly
bgl_31077,Anomaly
bgl_31078,Anomaly
bgl_31079,Anomaly
bgl_31080,Anomaly
bgl_31081,Anomaly
bgl_31082,Normal
bgl_31083,Anomaly
bgl_31084,Anomaly
bgl_31085,Anomaly
bgl_31086,Normal
bgl_31087,Normal
bgl_31088,Normal
bgl_31089,Anomaly
bgl_31090,Anomaly
bgl_31091,Anomaly
bgl_31092,Anomaly
bgl_31093,Anomaly
bgl_31094,Anomaly
bgl_31095,Anomaly
bgl_31096,Anomaly
bgl_31097,Anomaly
bgl_31098,Normal
bgl_31099,Normal
bgl_31100,Normal
bgl_31101,Normal
bgl_31102,Normal
bgl_31103,Normal
bgl_31104,Normal
bgl_31105,Normal
bgl_31106,Normal
bgl_31107,Normal
bgl_31108,Normal
bgl_31109,Normal
bgl_31110,Normal
bgl_31111,Normal
bgl_31112,Normal
bgl_31113,Normal
bgl_31114,Normal
bgl_31115,Normal
bgl_31116,Normal
bgl_31117,Normal
bgl_31118,Normal
bgl_31119,Normal
bgl_31120,Normal
bgl_31121,Normal
bgl_31122,Normal
bgl_31123,Normal
bgl_31124,Normal
bgl_31125,Normal
bgl_31126,Normal
bgl_31127,Normal
bgl_31128,Normal
bgl_31129,Normal
bgl_31130,Normal
bgl_31131,Normal
bgl_31132,Normal
bgl_31133,Normal
bgl_31134,Normal
bgl_31135,Normal
bgl_31136,Normal
bgl_31137,Normal
bgl_31138,Normal
bgl_31139,Normal
bgl_31140,Normal
bgl_31141,Normal
bgl_31142,Normal
bgl_31143,Normal
bgl_31144,Normal
bgl_31145,Normal
bgl_31146,Normal
bgl_31147,Normal
bgl_31148,Normal
bgl_31149,Normal
bgl_31150,Normal
bgl_31151,Normal
bgl_31152,Normal
bgl_31153,Normal
bgl_31154,Normal
bgl_31155,Normal
bgl_31156,Normal
bgl_31157,Normal
bgl_31158,Normal
bgl_31159,Normal
bgl_31160,Normal
bgl_31161,Normal
bgl_31162,Normal
bgl_31163,Normal
bgl_31164,Normal
bgl_31165,Normal
bgl_31166,Normal
bgl_31167,Normal
bgl_31168,Normal
bgl_31169,Normal
bgl_31170,Normal
bgl_31171,Normal
bgl_31172,Normal
bgl_31173,Normal
bgl_31174,Normal
bgl_31175,Normal
bgl_31176,Normal
bgl_31177,Normal
bgl_31178,Normal
bgl_31179,Normal
bgl_31180,Normal
bgl_31181,Normal
bgl_31182,Normal
bgl_31183,Normal
bgl_31184,Normal
bgl_31185,Normal
bgl_31186,Normal
bgl_31187,Normal
bgl_31188,Normal
bgl_31189,Normal
bgl_31190,Normal
bgl_31191,Normal
bgl_31192,Normal
bgl_31193,Normal
bgl_31194,Normal
bgl_31195,Normal
bgl_31196,Normal
bgl_31197,Normal
bgl_31198,Normal
bgl_31199,Normal
bgl_31200,Normal
bgl_31201,Normal
bgl_31202,Normal
bgl_31203,Normal
bgl_31204,Normal
bgl_31205,Normal
bgl_31206,Normal
bgl_31207,Normal
bgl_31208,Normal
bgl_31209,Normal
bgl_31210,Normal
bgl_31211,Normal
bgl_31212,Normal
bgl_31213,Normal
bgl_31214,Normal
bgl_31215,Normal
bgl_31216,Normal
bgl_31217,Normal
bgl_31218,Normal
bgl_31219,Normal
bgl_31220,Normal
bgl_31221,Normal
bgl_31222,Normal
bgl_31223,Normal
bgl_31224,Normal
bgl_31225,Normal
bgl_31226,Normal
bgl_31227,Normal
bgl_31228,Normal
bgl_31229,Normal
bgl_31230,Normal
bgl_31231,Normal
bgl_31232,Normal
bgl_31233,Normal
bgl_31234,Normal
bgl_31235,Normal
bgl_31236,Normal
bgl_31237,Normal
bgl_31238,Normal
bgl_31239,Normal
bgl_31240,Normal
bgl_31241,Normal
bgl_31242,Normal
bgl_31243,Normal
bgl_31244,Normal
bgl_31245,Normal
bgl_31246,Normal
bgl_31247,Normal
bgl_31248,Normal
bgl_31249,Normal
bgl_31250,Normal
bgl_31251,Normal
bgl_31252,Normal
bgl_31253,Normal
bgl_31254,Normal
bgl_31255,Normal
bgl_31256,Normal
bgl_31257,Normal
bgl_31258,Normal
bgl_31259,Normal
bgl_31260,Normal
bgl_31261,Normal
bgl_31262,Normal
bgl_31263,Normal
bgl_31264,Normal
bgl_31265,Normal
bgl_31266,Normal
bgl_31267,Normal
bgl_31268,Normal
bgl_31269,Normal
bgl_31270,Normal
bgl_31271,Normal
bgl_31272,Normal
bgl_31273,Normal
bgl_31274,Normal
bgl_31275,Normal
bgl_31276,Normal
bgl_31277,Normal
bgl_31278,Normal
bgl_31279,Normal
bgl_31280,Normal
bgl_31281,Normal
bgl_31282,Normal
bgl_31283,Normal
bgl_31284,Normal
bgl_31285,Normal
bgl_31286,Normal
bgl_31287,Normal
bgl_31288,Normal
bgl_31289,Normal
bgl_31290,Normal
bgl_31291,Normal
bgl_31292,Normal
bgl_31293,Normal
bgl_31294,Normal
bgl_31295,Normal
bgl_31296,Normal
bgl_31297,Normal
bgl_31298,Normal
bgl_31299,Normal
bgl_31300,Normal
bgl_31301,Normal
bgl_31302,Normal
bgl_31303,Normal
bgl_31304,Normal
bgl_31305,Normal
bgl_31306,Normal
bgl_31307,Normal
bgl_31308,Normal
bgl_31309,Normal
bgl_31310,Normal
bgl_31311,Normal
bgl_31312,Normal
bgl_31313,Normal
bgl_31314,Normal
bgl_31315,Normal
bgl_31316,Normal
bgl_31317,Normal
bgl_31318,Normal
bgl_31319,Normal
bgl_31320,Normal
bgl_31321,Normal
bgl_31322,Normal
bgl_31323,Normal
bgl_31324,Normal
bgl_31325,Normal
bgl_31326,Normal
bgl_31327,Normal
bgl_31328,Normal
bgl_31329,Normal
bgl_31330,Normal
bgl_31331,Normal
bgl_31332,Normal
bgl_31333,Normal
bgl_31334,Normal
bgl_31335,Normal
bgl_31336,Normal
bgl_31337,Normal
bgl_31338,Normal
bgl_31339,Normal
bgl_31340,Normal
bgl_31341,Normal
bgl_31342,Normal
bgl_31343,Normal
bgl_31344,Normal
bgl_31345,Normal
bgl_31346,Normal
bgl_31347,Normal
bgl_31348,Normal
bgl_31349,Normal
bgl_31350,Normal
bgl_31351,Normal
bgl_31352,Normal
bgl_31353,Normal
bgl_31354,Normal
bgl_31355,Normal
bgl_31356,Normal
bgl_31357,Normal
bgl_31358,Normal
bgl_31359,Normal
bgl_31360,Normal
bgl_31361,Normal
bgl_31362,Normal
bgl_31363,Normal
bgl_31364,Normal
bgl_31365,Normal
bgl_31366,Normal
bgl_31367,Normal
bgl_31368,Normal
bgl_31369,Normal
bgl_31370,Normal
bgl_31371,Normal
bgl_31372,Normal
bgl_31373,Normal
bgl_31374,Normal
bgl_31375,Normal
bgl_31376,Normal
bgl_31377,Normal
bgl_31378,Normal
bgl_31379,Normal
bgl_31380,Normal
bgl_31381,Normal
bgl_31382,Normal
bgl_31383,Normal
bgl_31384,Normal
bgl_31385,Normal
bgl_31386,Normal
bgl_31387,Normal
bgl_31388,Normal
bgl_31389,Normal
bgl_31390,Normal
bgl_31391,Normal
bgl_31392,Normal
bgl_31393,Normal
bgl_31394,Normal
bgl_31395,Normal
bgl_31396,Normal
bgl_31397,Normal
bgl_31398,Normal
bgl_31399,Normal
bgl_31400,Normal
bgl_31401,Normal
bgl_31402,Normal
bgl_31403,Normal
bgl_31404,Normal
bgl_31405,Normal
bgl_31406,Normal
bgl_31407,Normal
bgl_31408,Normal
bgl_31409,Normal
bgl_31410,Normal
bgl_31411,Normal
bgl_31412,Normal
bgl_31413,Normal
bgl_31414,Normal
bgl_31415,Normal
bgl_31416,Normal
bgl_31417,Normal
bgl_31418,Normal
bgl_31419,Normal
bgl_31420,Normal
bgl_31421,Normal
bgl_31422,Normal
bgl_31423,Normal
bgl_31424,Normal
bgl_31425,Normal
bgl_31426,Normal
bgl_31427,Normal
bgl_31428,Normal
bgl_31429,Normal
bgl_31430,Normal
bgl_31431,Normal
bgl_31432,Normal
bgl_31433,Normal
bgl_31434,Normal
bgl_31435,Normal
bgl_31436,Normal
bgl_31437,Normal
bgl_31438,Normal
bgl_31439,Normal
bgl_31440,Normal
bgl_31441,Normal
bgl_31442,Normal
bgl_31443,Normal
bgl_31444,Normal
bgl_31445,Normal
bgl_31446,Normal
bgl_31447,Normal
bgl_31448,Normal
bgl_31449,Normal
bgl_31450,Normal
bgl_31451,Normal
bgl_31452,Normal
bgl_31453,Normal
bgl_31454,Normal
bgl_31455,Normal
bgl_31456,Normal
bgl_31457,Normal
bgl_31458,Normal
bgl_31459,Normal
bgl_31460,Normal
bgl_31461,Normal
bgl_31462,Normal
bgl_31463,Normal
bgl_31464,Normal
bgl_31465,Normal
bgl_31466,Normal
bgl_31467,Normal
bgl_31468,Normal
bgl_31469,Normal
bgl_31470,Normal
bgl_31471,Normal
bgl_31472,Normal
bgl_31473,Normal
bgl_31474,Normal
bgl_31475,Normal
bgl_31476,Normal
bgl_31477,Normal
bgl_31478,Normal
bgl_31479,Normal
bgl_31480,Normal
bgl_31481,Normal
bgl_31482,Normal
bgl_31483,Normal
bgl_31484,Normal
bgl_31485,Normal
bgl_31486,Normal
bgl_31487,Normal
bgl_31488,Normal
bgl_31489,Normal
bgl_31490,Normal
bgl_31491,Normal
bgl_31492,Normal
bgl_31493,Normal
bgl_31494,Normal
bgl_31495,Normal
bgl_31496,Normal
bgl_31497,Normal
bgl_31498,Normal
bgl_31499,Normal
bgl_31500,Normal
bgl_31501,Normal
bgl_31502,Normal
bgl_31503,Normal
bgl_31504,Normal
bgl_31505,Normal
bgl_31506,Normal
bgl_31507,Normal
bgl_31508,Normal
bgl_31509,Normal
bgl_31510,Normal
bgl_31511,Normal
bgl_31512,Normal
bgl_31513,Normal
bgl_31514,Normal
bgl_31515,Normal
bgl_31516,Normal
bgl_31517,Normal
bgl_31518,Normal
bgl_31519,Normal
bgl_31520,Normal
bgl_31521,Normal
bgl_31522,Normal
bgl_31523,Normal
bgl_31524,Normal
bgl_31525,Normal
bgl_31526,Normal
bgl_31527,Normal
bgl_31528,Normal
bgl_31529,Normal
bgl_31530,Normal
bgl_31531,Normal
bgl_31532,Normal
bgl_31533,Normal
bgl_31534,Normal
bgl_31535,Normal
bgl_31536,Normal
bgl_31537,Normal
bgl_31538,Normal
bgl_31539,Normal
bgl_31540,Normal
bgl_31541,Normal
bgl_31542,Normal
bgl_31543,Normal
bgl_31544,Normal
bgl_31545,Normal
bgl_31546,Normal
bgl_31547,Normal
bgl_31548,Normal
bgl_31549,Normal
bgl_31550,Normal
bgl_31551,Normal
bgl_31552,Normal
bgl_31553,Normal
bgl_31554,Normal
bgl_31555,Normal
bgl_31556,Normal
bgl_31557,Normal
bgl_31558,Normal
bgl_31559,Normal
bgl_31560,Normal
bgl_31561,Normal
bgl_31562,Normal
bgl_31563,Normal
bgl_31564,Normal
bgl_31565,Normal
bgl_31566,Normal
bgl_31567,Normal
bgl_31568,Normal
bgl_31569,Normal
bgl_31570,Normal
bgl_31571,Normal
bgl_31572,Normal
bgl_31573,Normal
bgl_31574,Normal
bgl_31575,Normal
bgl_31576,Normal
bgl_31577,Normal
bgl_31578,Normal
bgl_31579,Normal
bgl_31580,Normal
bgl_31581,Normal
bgl_31582,Normal
bgl_31583,Normal
bgl_31584,Normal
bgl_31585,Normal
bgl_31586,Normal
bgl_31587,Normal
bgl_31588,Normal
bgl_31589,Normal
bgl_31590,Normal
bgl_31591,Normal
bgl_31592,Normal
bgl_31593,Normal
bgl_31594,Normal
bgl_31595,Normal
bgl_31596,Normal
bgl_31597,Normal
bgl_31598,Normal
bgl_31599,Normal
bgl_31600,Normal
bgl_31601,Normal
bgl_31602,Normal
bgl_31603,Normal
bgl_31604,Normal
bgl_31605,Normal
bgl_31606,Normal
bgl_31607,Normal
bgl_31608,Normal
bgl_31609,Normal
bgl_31610,Normal
bgl_31611,Normal
bgl_31612,Normal
bgl_31613,Normal
bgl_31614,Normal
bgl_31615,Normal
bgl_31616,Normal
bgl_31617,Normal
bgl_31618,Normal
bgl_31619,Normal
bgl_31620,Normal
bgl_31621,Normal
bgl_31622,Normal
bgl_31623,Normal
bgl_31624,Normal
bgl_31625,Normal
bgl_31626,Normal
bgl_31627,Normal
bgl_31628,Normal
bgl_31629,Normal
bgl_31630,Normal
bgl_31631,Normal
bgl_31632,Normal
bgl_31633,Normal
bgl_31634,Normal
bgl_31635,Normal
bgl_31636,Normal
bgl_31637,Normal
bgl_31638,Normal
bgl_31639,Normal
bgl_31640,Normal
bgl_31641,Normal
bgl_31642,Normal
bgl_31643,Normal
bgl_31644,Normal
bgl_31645,Normal
bgl_31646,Normal
bgl_31647,Normal
bgl_31648,Normal
bgl_31649,Normal
bgl_31650,Normal
bgl_31651,Normal
bgl_31652,Normal
bgl_31653,Normal
bgl_31654,Normal
bgl_31655,Normal
bgl_31656,Normal
bgl_31657,Normal
bgl_31658,Normal
bgl_31659,Normal
bgl_31660,Normal
bgl_31661,Normal
bgl_31662,Normal
bgl_31663,Normal
bgl_31664,Normal
bgl_31665,Normal
bgl_31666,Normal
bgl_31667,Normal
bgl_31668,Normal
bgl_31669,Normal
bgl_31670,Normal
bgl_31671,Normal
bgl_31672,Normal
bgl_31673,Normal
bgl_31674,Normal
bgl_31675,Normal
bgl_31676,Normal
bgl_31677,Normal
bgl_31678,Normal
bgl_31679,Normal
bgl_31680,Normal
bgl_31681,Normal
bgl_31682,Normal
bgl_31683,Normal
bgl_31684,Normal
bgl_31685,Normal
bgl_31686,Normal
bgl_31687,Normal
bgl_31688,Normal
bgl_31689,Normal
bgl_31690,Normal
bgl_31691,Normal
bgl_31692,Normal
bgl_31693,Normal
bgl_31694,Normal
bgl_31695,Normal
bgl_31696,Normal
bgl_31697,Normal
bgl_31698,Normal
bgl_31699,Normal
bgl_31700,Normal
bgl_31701,Normal
bgl_31702,Normal
bgl_31703,Normal
bgl_31704,Normal
bgl_31705,Normal
bgl_31706,Normal
bgl_31707,Normal
bgl_31708,Normal
bgl_31709,Normal
bgl_31710,Normal
bgl_31711,Normal
bgl_31712,Normal
bgl_31713,Normal
bgl_31714,Normal
bgl_31715,Normal
bgl_31716,Normal
bgl_31717,Normal
bgl_31718,Normal
bgl_31719,Normal
bgl_31720,Normal
bgl_31721,Normal
bgl_31722,Normal
bgl_31723,Normal
bgl_31724,Normal
bgl_31725,Normal
bgl_31726,Normal
bgl_31727,Normal
bgl_31728,Normal
bgl_31729,Normal
bgl_31730,Normal
bgl_31731,Normal
bgl_31732,Normal
bgl_31733,Normal
bgl_31734,Normal
bgl_31735,Normal
bgl_31736,Normal
bgl_31737,Normal
bgl_31738,Normal
bgl_31739,Normal
bgl_31740,Normal
bgl_31741,Normal
bgl_31742,Normal
bgl_31743,Normal
bgl_31744,Normal
bgl_31745,Normal
bgl_31746,Normal
bgl_31747,Normal
bgl_31748,Normal
bgl_31749,Normal
bgl_31750,Normal
bgl_31751,Normal
bgl_31752,Normal
bgl_31753,Normal
bgl_31754,Normal
bgl_31755,Normal
bgl_31756,Normal
bgl_31757,Normal
bgl_31758,Normal
bgl_31759,Normal
bgl_31760,Normal
bgl_31761,Normal
bgl_31762,Normal
bgl_31763,Normal
bgl_31764,Normal
bgl_31765,Normal
bgl_31766,Normal
bgl_31767,Normal
bgl_31768,Normal
bgl_31769,Normal
bgl_31770,Normal
bgl_31771,Normal
bgl_31772,Normal
bgl_31773,Normal
bgl_31774,Normal
bgl_31775,Normal
bgl_31776,Normal
bgl_31777,Normal
bgl_31778,Normal
bgl_31779,Normal
bgl_31780,Normal
bgl_31781,Normal
bgl_31782,Normal
bgl_31783,Normal
bgl_31784,Normal
bgl_31785,Normal
bgl_31786,Normal
bgl_31787,Normal
bgl_31788,Normal
bgl_31789,Normal
bgl_31790,Normal
bgl_31791,Normal
bgl_31792,Normal
bgl_31793,Normal
bgl_31794,Normal
bgl_31795,Normal
bgl_31796,Normal
bgl_31797,Normal
bgl_31798,Normal
bgl_31799,Normal
bgl_31800,Normal
bgl_31801,Normal
bgl_31802,Normal
bgl_31803,Normal
bgl_31804,Normal
bgl_31805,Normal
bgl_31806,Normal
bgl_31807,Normal
bgl_31808,Normal
bgl_31809,Normal
bgl_31810,Normal
bgl_31811,Normal
bgl_31812,Normal
bgl_31813,Normal
bgl_31814,Normal
bgl_31815,Normal
bgl_31816,Normal
bgl_31817,Normal
bgl_31818,Normal
bgl_31819,Normal
bgl_31820,Normal
bgl_31821,Normal
bgl_31822,Normal
bgl_31823,Normal
bgl_31824,Normal
bgl_31825,Normal
bgl_31826,Normal
bgl_31827,Normal
bgl_31828,Normal
bgl_31829,Normal
bgl_31830,Normal
bgl_31831,Normal
bgl_31832,Normal
bgl_31833,Normal
bgl_31834,Normal
bgl_31835,Normal
bgl_31836,Normal
bgl_31837,Normal
bgl_31838,Normal
bgl_31839,Normal
bgl_31840,Normal
bgl_31841,Normal
bgl_31842,Normal
bgl_31843,Normal
bgl_31844,Normal
bgl_31845,Normal
bgl_31846,Normal
bgl_31847,Normal
bgl_31848,Normal
bgl_31849,Normal
bgl_31850,Normal
bgl_31851,Normal
bgl_31852,Normal
bgl_31853,Normal
bgl_31854,Normal
bgl_31855,Normal
bgl_31856,Normal
bgl_31857,Normal
bgl_31858,Normal
bgl_31859,Normal
bgl_31860,Normal
bgl_31861,Normal
bgl_31862,Normal
bgl_31863,Normal
bgl_31864,Normal
bgl_31865,Normal
bgl_31866,Normal
bgl_31867,Normal
bgl_31868,Normal
bgl_31869,Normal
bgl_31870,Normal
bgl_31871,Normal
bgl_31872,Normal
bgl_31873,Normal
bgl_31874,Normal
bgl_31875,Normal
bgl_31876,Normal
bgl_31877,Normal
bgl_31878,Normal
bgl_31879,Normal
bgl_31880,Normal
bgl_31881,Normal
bgl_31882,Normal
bgl_31883,Normal
bgl_31884,Normal
bgl_31885,Normal
bgl_31886,Normal
bgl_31887,Normal
bgl_31888,Normal
bgl_31889,Normal
bgl_31890,Normal
bgl_31891,Normal
bgl_31892,Normal
bgl_31893,Normal
bgl_31894,Normal
bgl_31895,Normal
bgl_31896,Normal
bgl_31897,Normal
bgl_31898,Normal
bgl_31899,Normal
bgl_31900,Normal
bgl_31901,Normal
bgl_31902,Normal
bgl_31903,Normal
bgl_31904,Normal
bgl_31905,Normal
bgl_31906,Normal
bgl_31907,Normal
bgl_31908,Normal
bgl_31909,Normal
bgl_31910,Normal
bgl_31911,Normal
bgl_31912,Normal
bgl_31913,Normal
bgl_31914,Normal
bgl_31915,Normal
bgl_31916,Normal
bgl_31917,Normal
bgl_31918,Normal
bgl_31919,Normal
bgl_31920,Normal
bgl_31921,Normal
bgl_31922,Normal
bgl_31923,Normal
bgl_31924,Normal
bgl_31925,Normal
bgl_31926,Normal
bgl_31927,Normal
bgl_31928,Normal
bgl_31929,Normal
bgl_31930,Normal
bgl_31931,Normal
bgl_31932,Normal
bgl_31933,Normal
bgl_31934,Normal
bgl_31935,Normal
bgl_31936,Normal
bgl_31937,Normal
bgl_31938,Normal
bgl_31939,Normal
bgl_31940,Normal
bgl_31941,Normal
bgl_31942,Normal
bgl_31943,Normal
bgl_31944,Normal
bgl_31945,Normal
bgl_31946,Normal
bgl_31947,Normal
bgl_31948,Normal
bgl_31949,Normal
bgl_31950,Normal
bgl_31951,Normal
bgl_31952,Normal
bgl_31953,Normal
bgl_31954,Normal
bgl_31955,Normal
bgl_31956,Normal
bgl_31957,Normal
bgl_31958,Normal
bgl_31959,Normal
bgl_31960,Normal
bgl_31961,Normal
bgl_31962,Normal
bgl_31963,Normal
bgl_31964,Normal
bgl_31965,Normal
bgl_31966,Normal
bgl_31967,Normal
bgl_31968,Normal
bgl_31969,Normal
bgl_31970,Normal
bgl_31971,Normal
bgl_31972,Normal
bgl_31973,Normal
bgl_31974,Normal
bgl_31975,Normal
bgl_31976,Normal
bgl_31977,Normal
bgl_31978,Normal
bgl_31979,Normal
bgl_31980,Normal
bgl_31981,Normal
bgl_31982,Normal
bgl_31983,Normal
bgl_31984,Normal
bgl_31985,Normal
bgl_31986,Normal
bgl_31987,Normal
bgl_31988,Normal
bgl_31989,Normal
bgl_31990,Normal
bgl_31991,Normal
bgl_31992,Normal
bgl_31993,Normal
bgl_31994,Normal
bgl_31995,Normal
bgl_31996,Normal
bgl_31997,Normal
bgl_31998,Normal
bgl_31999,Normal
bgl_32000,Normal
bgl_32001,Normal
bgl_32002,Normal
bgl_32003,Normal
bgl_32004,Normal
bgl_32005,Normal
bgl_32006,Normal
bgl_32007,Normal
bgl_32008,Normal
bgl_32009,Normal
bgl_32010,Normal
bgl_32011,Normal
bgl_32012,Anomaly
bgl_32013,Normal
bgl_32014,Normal
bgl_32015,Normal
bgl_32016,Normal
bgl_32017,Normal
bgl_32018,Normal
bgl_32019,Normal
bgl_32020,Normal
bgl_32021,Normal
bgl_32022,Normal
bgl_32023,Normal
bgl_32024,Normal
bgl_32025,Anomaly
bgl_32026,Normal
bgl_32027,Normal
bgl_32028,Normal
bgl_32029,Normal
bgl_32030,Anomaly
bgl_32031,Normal
bgl_32032,Normal
bgl_32033,Anomaly
bgl_32034,Normal
bgl_32035,Normal
bgl_32036,Normal
bgl_32037,Normal
bgl_32038,Normal
bgl_32039,Normal
bgl_32040,Normal
bgl_32041,Normal
bgl_32042,Normal
bgl_32043,Normal
bgl_32044,Normal
bgl_32045,Normal
bgl_32046,Normal
bgl_32047,Normal
bgl_32048,Normal
bgl_32049,Normal
bgl_32050,Normal
bgl_32051,Normal
bgl_32052,Normal
bgl_32053,Normal
bgl_32054,Normal
bgl_32055,Normal
bgl_32056,Normal
bgl_32057,Normal
bgl_32058,Normal
bgl_32059,Normal
bgl_32060,Normal
bgl_32061,Normal
bgl_32062,Normal
bgl_32063,Normal
bgl_32064,Normal
bgl_32065,Normal
bgl_32066,Normal
bgl_32067,Normal
bgl_32068,Normal
bgl_32069,Normal
bgl_32070,Normal
bgl_32071,Normal
bgl_32072,Normal
bgl_32073,Normal
bgl_32074,Normal
bgl_32075,Normal
bgl_32076,Normal
bgl_32077,Normal
bgl_32078,Normal
bgl_32079,Normal
bgl_32080,Normal
bgl_32081,Normal
bgl_32082,Normal
bgl_32083,Normal
bgl_32084,Normal
bgl_32085,Normal
bgl_32086,Normal
bgl_32087,Normal
bgl_32088,Normal
bgl_32089,Normal
bgl_32090,Normal
bgl_32091,Normal
bgl_32092,Normal
bgl_32093,Normal
bgl_32094,Normal
bgl_32095,Normal
bgl_32096,Normal
bgl_32097,Normal
bgl_32098,Normal
bgl_32099,Normal
bgl_32100,Normal
bgl_32101,Normal
bgl_32102,Normal
bgl_32103,Normal
bgl_32104,Normal
bgl_32105,Normal
bgl_32106,Normal
bgl_32107,Normal
bgl_32108,Normal
bgl_32109,Normal
bgl_32110,Normal
bgl_32111,Normal
bgl_32112,Normal
bgl_32113,Normal
bgl_32114,Normal
bgl_32115,Normal
bgl_32116,Normal
bgl_32117,Normal
bgl_32118,Normal
bgl_32119,Normal
bgl_32120,Normal
bgl_32121,Normal
bgl_32122,Normal
bgl_32123,Normal
bgl_32124,Normal
bgl_32125,Normal
bgl_32126,Normal
bgl_32127,Normal
bgl_32128,Normal
bgl_32129,Normal
bgl_32130,Normal
bgl_32131,Normal
bgl_32132,Normal
bgl_32133,Normal
bgl_32134,Normal
bgl_32135,Normal
bgl_32136,Normal
bgl_32137,Normal
bgl_32138,Normal
bgl_32139,Normal
bgl_32140,Normal
bgl_32141,Normal
bgl_32142,Normal
bgl_32143,Normal
bgl_32144,Normal
bgl_32145,Normal
bgl_32146,Normal
bgl_32147,Normal
bgl_32148,Normal
bgl_32149,Normal
bgl_32150,Normal
bgl_32151,Normal
bgl_32152,Normal
bgl_32153,Normal
bgl_32154,Normal
bgl_32155,Normal
bgl_32156,Normal
bgl_32157,Normal
bgl_32158,Normal
bgl_32159,Normal
bgl_32160,Normal
bgl_32161,Normal
bgl_32162,Normal
bgl_32163,Normal
bgl_32164,Normal
bgl_32165,Normal
bgl_32166,Normal
bgl_32167,Normal
bgl_32168,Normal
bgl_32169,Normal
bgl_32170,Normal
bgl_32171,Normal
bgl_32172,Normal
bgl_32173,Normal
bgl_32174,Normal
bgl_32175,Normal
bgl_32176,Normal
bgl_32177,Normal
bgl_32178,Normal
bgl_32179,Normal
bgl_32180,Normal
bgl_32181,Normal
bgl_32182,Normal
bgl_32183,Normal
bgl_32184,Normal
bgl_32185,Normal
bgl_32186,Normal
bgl_32187,Normal
bgl_32188,Normal
bgl_32189,Normal
bgl_32190,Normal
bgl_32191,Normal
bgl_32192,Normal
bgl_32193,Normal
bgl_32194,Normal
bgl_32195,Normal
bgl_32196,Normal
bgl_32197,Normal
bgl_32198,Normal
bgl_32199,Normal
bgl_32200,Normal
bgl_32201,Normal
bgl_32202,Normal
bgl_32203,Normal
bgl_32204,Normal
bgl_32205,Normal
bgl_32206,Normal
bgl_32207,Normal
bgl_32208,Normal
bgl_32209,Normal
bgl_32210,Normal
bgl_32211,Normal
bgl_32212,Normal
bgl_32213,Normal
bgl_32214,Normal
bgl_32215,Normal
bgl_32216,Normal
bgl_32217,Normal
bgl_32218,Normal
bgl_32219,Normal
bgl_32220,Normal
bgl_32221,Normal
bgl_32222,Normal
bgl_32223,Normal
bgl_32224,Normal
bgl_32225,Normal
bgl_32226,Normal
bgl_32227,Normal
bgl_32228,Normal
bgl_32229,Normal
bgl_32230,Normal
bgl_32231,Normal
bgl_32232,Normal
bgl_32233,Normal
bgl_32234,Normal
bgl_32235,Normal
bgl_32236,Normal
bgl_32237,Normal
bgl_32238,Normal
bgl_32239,Normal
bgl_32240,Normal
bgl_32241,Normal
bgl_32242,Normal
bgl_32243,Normal
bgl_32244,Normal
bgl_32245,Normal
bgl_32246,Normal
bgl_32247,Normal
bgl_32248,Normal
bgl_32249,Normal
bgl_32250,Normal
bgl_32251,Normal
bgl_32252,Normal
bgl_32253,Normal
bgl_32254,Normal
bgl_32255,Normal
bgl_32256,Normal
bgl_32257,Normal
bgl_32258,Normal
bgl_32259,Normal
bgl_32260,Normal
bgl_32261,Normal
bgl_32262,Normal
bgl_32263,Normal
bgl_32264,Normal
bgl_32265,Normal
bgl_32266,Normal
bgl_32267,Normal
bgl_32268,Normal
bgl_32269,Normal
bgl_32270,Normal
bgl_32271,Normal
bgl_32272,Normal
bgl_32273,Normal
bgl_32274,Normal
bgl_32275,Normal
bgl_32276,Normal
bgl_32277,Normal
bgl_32278,Normal
bgl_32279,Normal
bgl_32280,Normal
bgl_32281,Normal
bgl_32282,Normal
bgl_32283,Normal
bgl_32284,Normal
bgl_32285,Normal
bgl_32286,Normal
bgl_32287,Normal
bgl_32288,Normal
bgl_32289,Normal
bgl_32290,Normal
bgl_32291,Normal
bgl_32292,Normal
bgl_32293,Normal
bgl_32294,Normal
bgl_32295,Normal
bgl_32296,Normal
bgl_32297,Normal
bgl_32298,Normal
bgl_32299,Normal
bgl_32300,Normal
bgl_32301,Normal
bgl_32302,Normal
bgl_32303,Normal
bgl_32304,Normal
bgl_32305,Normal
bgl_32306,Normal
bgl_32307,Normal
bgl_32308,Normal
bgl_32309,Normal
bgl_32310,Normal
bgl_32311,Normal
bgl_32312,Normal
bgl_32313,Normal
bgl_32314,Normal
bgl_32315,Normal
bgl_32316,Normal
bgl_32317,Normal
bgl_32318,Normal
bgl_32319,Normal
bgl_32320,Normal
bgl_32321,Normal
bgl_32322,Normal
bgl_32323,Normal
bgl_32324,Normal
bgl_32325,Normal
bgl_32326,Normal
bgl_32327,Normal
bgl_32328,Normal
bgl_32329,Normal
bgl_32330,Normal
bgl_32331,Normal
bgl_32332,Normal
bgl_32333,Normal
bgl_32334,Normal
bgl_32335,Normal
bgl_32336,Normal
bgl_32337,Normal
bgl_32338,Normal
bgl_32339,Normal
bgl_32340,Normal
bgl_32341,Normal
bgl_32342,Normal
bgl_32343,Normal
bgl_32344,Normal
bgl_32345,Normal
bgl_32346,Normal
bgl_32347,Normal
bgl_32348,Normal
bgl_32349,Normal
bgl_32350,Normal
bgl_32351,Normal
bgl_32352,Normal
bgl_32353,Normal
bgl_32354,Normal
bgl_32355,Normal
bgl_32356,Normal
bgl_32357,Normal
bgl_32358,Normal
bgl_32359,Normal
bgl_32360,Normal
bgl_32361,Normal
bgl_32362,Normal
bgl_32363,Normal
bgl_32364,Normal
bgl_32365,Normal
bgl_32366,Normal
bgl_32367,Normal
bgl_32368,Normal
bgl_32369,Normal
bgl_32370,Normal
bgl_32371,Normal
bgl_32372,Normal
bgl_32373,Normal
bgl_32374,Normal
bgl_32375,Normal
bgl_32376,Normal
bgl_32377,Normal
bgl_32378,Normal
bgl_32379,Normal
bgl_32380,Normal
bgl_32381,Normal
bgl_32382,Normal
bgl_32383,Normal
bgl_32384,Normal
bgl_32385,Normal
bgl_32386,Normal
bgl_32387,Normal
bgl_32388,Normal
bgl_32389,Normal
bgl_32390,Normal
bgl_32391,Normal
bgl_32392,Normal
bgl_32393,Normal
bgl_32394,Normal
bgl_32395,Normal
bgl_32396,Normal
bgl_32397,Normal
bgl_32398,Normal
bgl_32399,Normal
bgl_32400,Normal
bgl_32401,Normal
bgl_32402,Normal
bgl_32403,Normal
bgl_32404,Normal
bgl_32405,Normal
bgl_32406,Normal
bgl_32407,Normal
bgl_32408,Normal
bgl_32409,Normal
bgl_32410,Normal
bgl_32411,Normal
bgl_32412,Normal
bgl_32413,Normal
bgl_32414,Normal
bgl_32415,Normal
bgl_32416,Normal
bgl_32417,Normal
bgl_32418,Normal
bgl_32419,Normal
bgl_32420,Normal
bgl_32421,Normal
bgl_32422,Normal
bgl_32423,Normal
bgl_32424,Normal
bgl_32425,Normal
bgl_32426,Normal
bgl_32427,Normal
bgl_32428,Normal
bgl_32429,Normal
bgl_32430,Normal
bgl_32431,Normal
bgl_32432,Normal
bgl_32433,Normal
bgl_32434,Normal
bgl_32435,Normal
bgl_32436,Normal
bgl_32437,Normal
bgl_32438,Normal
bgl_32439,Normal
bgl_32440,Normal
bgl_32441,Normal
bgl_32442,Normal
bgl_32443,Normal
bgl_32444,Normal
bgl_32445,Normal
bgl_32446,Normal
bgl_32447,Normal
bgl_32448,Normal
bgl_32449,Normal
bgl_32450,Normal
bgl_32451,Normal
bgl_32452,Normal
bgl_32453,Normal
bgl_32454,Normal
bgl_32455,Normal
bgl_32456,Normal
bgl_32457,Normal
bgl_32458,Normal
bgl_32459,Normal
bgl_32460,Normal
bgl_32461,Normal
bgl_32462,Normal
bgl_32463,Normal
bgl_32464,Normal
bgl_32465,Normal
bgl_32466,Normal
bgl_32467,Normal
bgl_32468,Normal
bgl_32469,Normal
bgl_32470,Normal
bgl_32471,Normal
bgl_32472,Normal
bgl_32473,Normal
bgl_32474,Normal
bgl_32475,Normal
bgl_32476,Normal
bgl_32477,Normal
bgl_32478,Normal
bgl_32479,Normal
bgl_32480,Normal
bgl_32481,Normal
bgl_32482,Normal
bgl_32483,Normal
bgl_32484,Normal
bgl_32485,Normal
bgl_32486,Normal
bgl_32487,Normal
bgl_32488,Normal
bgl_32489,Normal
bgl_32490,Normal
bgl_32491,Normal
bgl_32492,Normal
bgl_32493,Normal
bgl_32494,Normal
bgl_32495,Normal
bgl_32496,Normal
bgl_32497,Normal
bgl_32498,Normal
bgl_32499,Normal
bgl_32500,Normal
bgl_32501,Normal
bgl_32502,Normal
bgl_32503,Normal
bgl_32504,Normal
bgl_32505,Normal
bgl_32506,Normal
bgl_32507,Normal
bgl_32508,Normal
bgl_32509,Normal
bgl_32510,Normal
bgl_32511,Normal
bgl_32512,Normal
bgl_32513,Normal
bgl_32514,Normal
bgl_32515,Normal
bgl_32516,Normal
bgl_32517,Normal
bgl_32518,Normal
bgl_32519,Normal
bgl_32520,Normal
bgl_32521,Normal
bgl_32522,Normal
bgl_32523,Normal
bgl_32524,Normal
bgl_32525,Normal
bgl_32526,Normal
bgl_32527,Normal
bgl_32528,Normal
bgl_32529,Normal
bgl_32530,Normal
bgl_32531,Normal
bgl_32532,Normal
bgl_32533,Normal
bgl_32534,Normal
bgl_32535,Normal
bgl_32536,Normal
bgl_32537,Normal
bgl_32538,Normal
bgl_32539,Normal
bgl_32540,Normal
bgl_32541,Normal
bgl_32542,Normal
bgl_32543,Normal
bgl_32544,Normal
bgl_32545,Normal
bgl_32546,Normal
bgl_32547,Normal
bgl_32548,Normal
bgl_32549,Normal
bgl_32550,Normal
bgl_32551,Normal
bgl_32552,Normal
bgl_32553,Normal
bgl_32554,Normal
bgl_32555,Normal
bgl_32556,Normal
bgl_32557,Normal
bgl_32558,Normal
bgl_32559,Normal
bgl_32560,Normal
bgl_32561,Normal
bgl_32562,Normal
bgl_32563,Normal
bgl_32564,Normal
bgl_32565,Normal
bgl_32566,Normal
bgl_32567,Normal
bgl_32568,Normal
bgl_32569,Normal
bgl_32570,Normal
bgl_32571,Normal
bgl_32572,Normal
bgl_32573,Normal
bgl_32574,Normal
bgl_32575,Normal
bgl_32576,Normal
bgl_32577,Normal
bgl_32578,Normal
bgl_32579,Normal
bgl_32580,Normal
bgl_32581,Normal
bgl_32582,Normal
bgl_32583,Normal
bgl_32584,Normal
bgl_32585,Normal
bgl_32586,Normal
bgl_32587,Normal
bgl_32588,Normal
bgl_32589,Normal
bgl_32590,Normal
bgl_32591,Normal
bgl_32592,Normal
bgl_32593,Normal
bgl_32594,Normal
bgl_32595,Normal
bgl_32596,Normal
bgl_32597,Normal
bgl_32598,Normal
bgl_32599,Normal
bgl_32600,Normal
bgl_32601,Normal
bgl_32602,Normal
bgl_32603,Normal
bgl_32604,Normal
bgl_32605,Normal
bgl_32606,Normal
bgl_32607,Normal
bgl_32608,Normal
bgl_32609,Normal
bgl_32610,Normal
bgl_32611,Normal
bgl_32612,Normal
bgl_32613,Normal
bgl_32614,Normal
bgl_32615,Normal
bgl_32616,Normal
bgl_32617,Normal
bgl_32618,Normal
bgl_32619,Normal
bgl_32620,Normal
bgl_32621,Normal
bgl_32622,Normal
bgl_32623,Normal
bgl_32624,Normal
bgl_32625,Normal
bgl_32626,Normal
bgl_32627,Normal
bgl_32628,Normal
bgl_32629,Normal
bgl_32630,Normal
bgl_32631,Normal
bgl_32632,Normal
bgl_32633,Normal
bgl_32634,Normal
bgl_32635,Normal
bgl_32636,Normal
bgl_32637,Normal
bgl_32638,Normal
bgl_32639,Normal
bgl_32640,Normal
bgl_32641,Normal
bgl_32642,Normal
bgl_32643,Normal
bgl_32644,Normal
bgl_32645,Normal
bgl_32646,Normal
bgl_32647,Normal
bgl_32648,Normal
bgl_32649,Normal
bgl_32650,Normal
bgl_32651,Normal
bgl_32652,Normal
bgl_32653,Normal
bgl_32654,Normal
bgl_32655,Normal
bgl_32656,Normal
bgl_32657,Normal
bgl_32658,Normal
bgl_32659,Normal
bgl_32660,Normal
bgl_32661,Normal
bgl_32662,Normal
bgl_32663,Normal
bgl_32664,Normal
bgl_32665,Normal
bgl_32666,Normal
bgl_32667,Normal
bgl_32668,Normal
bgl_32669,Normal
bgl_32670,Normal
bgl_32671,Normal
bgl_32672,Normal
bgl_32673,Normal
bgl_32674,Normal
bgl_32675,Normal
bgl_32676,Normal
bgl_32677,Normal
bgl_32678,Normal
bgl_32679,Normal
bgl_32680,Normal
bgl_32681,Normal
bgl_32682,Normal
bgl_32683,Normal
bgl_32684,Normal
bgl_32685,Normal
bgl_32686,Normal
bgl_32687,Normal
bgl_32688,Normal
bgl_32689,Normal
bgl_32690,Normal
bgl_32691,Normal
bgl_32692,Normal
bgl_32693,Normal
bgl_32694,Normal
bgl_32695,Normal
bgl_32696,Normal
bgl_32697,Normal
bgl_32698,Normal
bgl_32699,Normal
bgl_32700,Normal
bgl_32701,Normal
bgl_32702,Normal
bgl_32703,Normal
bgl_32704,Normal
bgl_32705,Normal
bgl_32706,Normal
bgl_32707,Normal
bgl_32708,Normal
bgl_32709,Normal
bgl_32710,Normal
bgl_32711,Normal
bgl_32712,Normal
bgl_32713,Normal
bgl_32714,Normal
bgl_32715,Normal
bgl_32716,Normal
bgl_32717,Normal
bgl_32718,Normal
bgl_32719,Normal
bgl_32720,Normal
bgl_32721,Normal
bgl_32722,Normal
bgl_32723,Normal
bgl_32724,Normal
bgl_32725,Normal
bgl_32726,Normal
bgl_32727,Normal
bgl_32728,Normal
bgl_32729,Normal
bgl_32730,Normal
bgl_32731,Normal
bgl_32732,Normal
bgl_32733,Normal
bgl_32734,Normal
bgl_32735,Normal
bgl_32736,Normal
bgl_32737,Normal
bgl_32738,Normal
bgl_32739,Normal
bgl_32740,Normal
bgl_32741,Normal
bgl_32742,Normal
bgl_32743,Normal
bgl_32744,Normal
bgl_32745,Normal
bgl_32746,Normal
bgl_32747,Normal
bgl_32748,Normal
bgl_32749,Normal
bgl_32750,Normal
bgl_32751,Normal
bgl_32752,Normal
bgl_32753,Normal
bgl_32754,Normal
bgl_32755,Normal
bgl_32756,Normal
bgl_32757,Normal
bgl_32758,Normal
bgl_32759,Normal
bgl_32760,Normal
bgl_32761,Normal
bgl_32762,Normal
bgl_32763,Normal
bgl_32764,Normal
bgl_32765,Normal
bgl_32766,Normal
bgl_32767,Normal
bgl_32768,Normal
bgl_32769,Normal
bgl_32770,Normal
bgl_32771,Normal
bgl_32772,Normal
bgl_32773,Normal
bgl_32774,Normal
bgl_32775,Normal
bgl_32776,Normal
bgl_32777,Normal
bgl_32778,Normal
bgl_32779,Normal
bgl_32780,Normal
bgl_32781,Normal
bgl_32782,Normal
bgl_32783,Normal
bgl_32784,Normal
bgl_32785,Normal
bgl_32786,Normal
bgl_32787,Normal
bgl_32788,Normal
bgl_32789,Normal
bgl_32790,Normal
bgl_32791,Normal
bgl_32792,Normal
bgl_32793,Normal
bgl_32794,Normal
bgl_32795,Normal
bgl_32796,Normal
bgl_32797,Normal
bgl_32798,Normal
bgl_32799,Normal
bgl_32800,Normal
bgl_32801,Normal
bgl_32802,Normal
bgl_32803,Normal
bgl_32804,Normal
bgl_32805,Normal
bgl_32806,Normal
bgl_32807,Normal
bgl_32808,Normal
bgl_32809,Normal
bgl_32810,Normal
bgl_32811,Normal
bgl_32812,Normal
bgl_32813,Normal
bgl_32814,Normal
bgl_32815,Normal
bgl_32816,Normal
bgl_32817,Normal
bgl_32818,Normal
bgl_32819,Normal
bgl_32820,Normal
bgl_32821,Normal
bgl_32822,Normal
bgl_32823,Normal
bgl_32824,Normal
bgl_32825,Normal
bgl_32826,Normal
bgl_32827,Normal
bgl_32828,Normal
bgl_32829,Normal
bgl_32830,Normal
bgl_32831,Normal
bgl_32832,Normal
bgl_32833,Normal
bgl_32834,Normal
bgl_32835,Normal
bgl_32836,Normal
bgl_32837,Normal
bgl_32838,Normal
bgl_32839,Normal
bgl_32840,Normal
bgl_32841,Normal
bgl_32842,Normal
bgl_32843,Normal
bgl_32844,Normal
bgl_32845,Normal
bgl_32846,Normal
bgl_32847,Normal
bgl_32848,Normal
bgl_32849,Normal
bgl_32850,Normal
bgl_32851,Normal
bgl_32852,Normal
bgl_32853,Normal
bgl_32854,Normal
bgl_32855,Normal
bgl_32856,Normal
bgl_32857,Normal
bgl_32858,Normal
bgl_32859,Normal
bgl_32860,Normal
bgl_32861,Normal
bgl_32862,Normal
bgl_32863,Normal
bgl_32864,Normal
bgl_32865,Normal
bgl_32866,Normal
bgl_32867,Normal
bgl_32868,Normal
bgl_32869,Normal
bgl_32870,Normal
bgl_32871,Normal
bgl_32872,Normal
bgl_32873,Normal
bgl_32874,Normal
bgl_32875,Normal
bgl_32876,Normal
bgl_32877,Normal
bgl_32878,Normal
bgl_32879,Normal
bgl_32880,Normal
bgl_32881,Normal
bgl_32882,Normal
bgl_32883,Normal
bgl_32884,Normal
bgl_32885,Normal
bgl_32886,Normal
bgl_32887,Normal
bgl_32888,Normal
bgl_32889,Normal
bgl_32890,Normal
bgl_32891,Normal
bgl_32892,Normal
bgl_32893,Normal
bgl_32894,Normal
bgl_32895,Normal
bgl_32896,Normal
bgl_32897,Normal
bgl_32898,Normal
bgl_32899,Normal
bgl_32900,Normal
bgl_32901,Normal
bgl_32902,Normal
bgl_32903,Normal
bgl_32904,Normal
bgl_32905,Normal
bgl_32906,Normal
bgl_32907,Normal
bgl_32908,Normal
bgl_32909,Normal
bgl_32910,Normal
bgl_32911,Normal
bgl_32912,Normal
bgl_32913,Normal
bgl_32914,Normal
bgl_32915,Normal
bgl_32916,Normal
bgl_32917,Normal
bgl_32918,Normal
bgl_32919,Normal
bgl_32920,Normal
bgl_32921,Normal
bgl_32922,Normal
bgl_32923,Normal
bgl_32924,Normal
bgl_32925,Normal
bgl_32926,Normal
bgl_32927,Normal
bgl_32928,Normal
bgl_32929,Normal
bgl_32930,Normal
bgl_32931,Normal
bgl_32932,Normal
bgl_32933,Normal
bgl_32934,Normal
bgl_32935,Normal
bgl_32936,Anomaly
bgl_32937,Normal
bgl_32938,Normal
bgl_32939,Normal
bgl_32940,Normal
bgl_32941,Normal
bgl_32942,Anomaly
bgl_32943,Anomaly
bgl_32944,Anomaly
bgl_32945,Anomaly
bgl_32946,Anomaly
bgl_32947,Anomaly
bgl_32948,Anomaly
bgl_32949,Anomaly
bgl_32950,Anomaly
bgl_32951,Anomaly
bgl_32952,Anomaly
bgl_32953,Anomaly
bgl_32954,Normal
bgl_32955,Normal
bgl_32956,Normal
bgl_32957,Normal
bgl_32958,Normal
bgl_32959,Anomaly
bgl_32960,Anomaly
bgl_32961,Anomaly
bgl_32962,Anomaly
bgl_32963,Anomaly
bgl_32964,Anomaly
bgl_32965,Anomaly
bgl_32966,Anomaly
bgl_32967,Anomaly
bgl_32968,Anomaly
bgl_32969,Anomaly
bgl_32970,Normal
bgl_32971,Normal
bgl_32972,Normal
bgl_32973,Normal
bgl_32974,Normal
bgl_32975,Normal
bgl_32976,Normal
bgl_32977,Normal
bgl_32978,Normal
bgl_32979,Normal
bgl_32980,Normal
bgl_32981,Normal
bgl_32982,Normal
bgl_32983,Normal
bgl_32984,Normal
bgl_32985,Normal
bgl_32986,Normal
bgl_32987,Normal
bgl_32988,Normal
bgl_32989,Normal
bgl_32990,Normal
bgl_32991,Normal
bgl_32992,Normal
bgl_32993,Normal
bgl_32994,Normal
bgl_32995,Normal
bgl_32996,Normal
bgl_32997,Normal
bgl_32998,Normal
bgl_32999,Normal
bgl_33000,Normal
bgl_33001,Normal
bgl_33002,Anomaly
bgl_33003,Normal
bgl_33004,Anomaly
bgl_33005,Normal
bgl_33006,Normal
bgl_33007,Normal
bgl_33008,Normal
bgl_33009,Normal
bgl_33010,Normal
bgl_33011,Anomaly
bgl_33012,Normal
bgl_33013,Normal
bgl_33014,Normal
bgl_33015,Normal
bgl_33016,Normal
bgl_33017,Normal
bgl_33018,Normal
bgl_33019,Normal
bgl_33020,Normal
bgl_33021,Normal
bgl_33022,Normal
bgl_33023,Normal
bgl_33024,Normal
bgl_33025,Anomaly
bgl_33026,Normal
bgl_33027,Normal
bgl_33028,Normal
bgl_33029,Normal
bgl_33030,Normal
bgl_33031,Normal
bgl_33032,Normal
bgl_33033,Normal
bgl_33034,Normal
bgl_33035,Normal
bgl_33036,Normal
bgl_33037,Normal
bgl_33038,Normal
bgl_33039,Normal
bgl_33040,Normal
bgl_33041,Normal
bgl_33042,Normal
bgl_33043,Anomaly
bgl_33044,Anomaly
bgl_33045,Normal
bgl_33046,Normal
bgl_33047,Normal
bgl_33048,Normal
bgl_33049,Normal
bgl_33050,Normal
bgl_33051,Anomaly
bgl_33052,Normal
bgl_33053,Normal
bgl_33054,Normal
bgl_33055,Anomaly
bgl_33056,Anomaly
bgl_33057,Anomaly
bgl_33058,Anomaly
bgl_33059,Anomaly
bgl_33060,Anomaly
bgl_33061,Anomaly
bgl_33062,Anomaly
bgl_33063,Anomaly
bgl_33064,Anomaly
bgl_33065,Anomaly
bgl_33066,Anomaly
bgl_33067,Anomaly
bgl_33068,Anomaly
bgl_33069,Anomaly
bgl_33070,Anomaly
bgl_33071,Anomaly
bgl_33072,Anomaly
bgl_33073,Anomaly
bgl_33074,Anomaly
bgl_33075,Anomaly
bgl_33076,Anomaly
bgl_33077,Anomaly
bgl_33078,Anomaly
bgl_33079,Anomaly
bgl_33080,Anomaly
bgl_33081,Anomaly
bgl_33082,Anomaly
bgl_33083,Anomaly
bgl_33084,Anomaly
bgl_33085,Anomaly
bgl_33086,Anomaly
bgl_33087,Anomaly
bgl_33088,Anomaly
bgl_33089,Normal
bgl_33090,Anomaly
bgl_33091,Anomaly
bgl_33092,Anomaly
bgl_33093,Anomaly
bgl_33094,Anomaly
bgl_33095,Anomaly
bgl_33096,Anomaly
bgl_33097,Anomaly
bgl_33098,Anomaly
bgl_33099,Anomaly
bgl_33100,Anomaly
bgl_33101,Normal
bgl_33102,Normal
bgl_33103,Normal
bgl_33104,Normal
bgl_33105,Normal
bgl_33106,Anomaly
bgl_33107,Normal
bgl_33108,Normal
bgl_33109,Normal
bgl_33110,Normal
bgl_33111,Normal
bgl_33112,Normal
bgl_33113,Normal
bgl_33114,Normal
bgl_33115,Anomaly
bgl_33116,Anomaly
bgl_33117,Anomaly
bgl_33118,Anomaly
bgl_33119,Normal
bgl_33120,Anomaly
bgl_33121,Normal
bgl_33122,Normal
bgl_33123,Normal
bgl_33124,Normal
bgl_33125,Normal
bgl_33126,Normal
bgl_33127,Normal
bgl_33128,Normal
bgl_33129,Normal
bgl_33130,Normal
bgl_33131,Normal
bgl_33132,Normal
bgl_33133,Normal
bgl_33134,Normal
bgl_33135,Normal
bgl_33136,Normal
bgl_33137,Normal
bgl_33138,Normal
bgl_33139,Normal
bgl_33140,Normal
bgl_33141,Normal
bgl_33142,Normal
bgl_33143,Normal
bgl_33144,Normal
bgl_33145,Normal
bgl_33146,Normal
bgl_33147,Normal
bgl_33148,Normal
bgl_33149,Normal
bgl_33150,Normal
bgl_33151,Normal
bgl_33152,Normal
bgl_33153,Normal
bgl_33154,Normal
bgl_33155,Normal
bgl_33156,Normal
bgl_33157,Normal
bgl_33158,Normal
bgl_33159,Normal
bgl_33160,Normal
bgl_33161,Normal
bgl_33162,Normal
bgl_33163,Normal
bgl_33164,Normal
bgl_33165,Normal
bgl_33166,Normal
bgl_33167,Normal
bgl_33168,Normal
bgl_33169,Normal
bgl_33170,Normal
bgl_33171,Anomaly
bgl_33172,Anomaly
bgl_33173,Normal
bgl_33174,Anomaly
bgl_33175,Anomaly
bgl_33176,Anomaly
bgl_33177,Anomaly
bgl_33178,Anomaly
bgl_33179,Anomaly
bgl_33180,Anomaly
bgl_33181,Anomaly
bgl_33182,Anomaly
bgl_33183,Anomaly
bgl_33184,Anomaly
bgl_33185,Anomaly
bgl_33186,Anomaly
bgl_33187,Anomaly
bgl_33188,Anomaly
bgl_33189,Anomaly
bgl_33190,Anomaly
bgl_33191,Anomaly
bgl_33192,Anomaly
bgl_33193,Anomaly
bgl_33194,Anomaly
bgl_33195,Anomaly
bgl_33196,Anomaly
bgl_33197,Anomaly
bgl_33198,Anomaly
bgl_33199,Anomaly
bgl_33200,Anomaly
bgl_33201,Anomaly
bgl_33202,Anomaly
bgl_33203,Anomaly
bgl_33204,Anomaly
bgl_33205,Anomaly
bgl_33206,Anomaly
bgl_33207,Anomaly
bgl_33208,Anomaly
bgl_33209,Normal
bgl_33210,Normal
bgl_33211,Normal
bgl_33212,Normal
bgl_33213,Normal
bgl_33214,Normal
bgl_33215,Normal
bgl_33216,Normal
bgl_33217,Normal
bgl_33218,Normal
bgl_33219,Normal
bgl_33220,Normal
bgl_33221,Normal
bgl_33222,Normal
bgl_33223,Normal
bgl_33224,Normal
bgl_33225,Normal
bgl_33226,Normal
bgl_33227,Anomaly
bgl_33228,Anomaly
bgl_33229,Anomaly
bgl_33230,Anomaly
bgl_33231,Anomaly
bgl_33232,Anomaly
bgl_33233,Normal
bgl_33234,Normal
bgl_33235,Normal
bgl_33236,Normal
bgl_33237,Normal
bgl_33238,Anomaly
bgl_33239,Anomaly
bgl_33240,Anomaly
bgl_33241,Anomaly
bgl_33242,Anomaly
bgl_33243,Anomaly
bgl_33244,Anomaly
bgl_33245,Normal
bgl_33246,Normal
bgl_33247,Normal
bgl_33248,Normal
bgl_33249,Normal
bgl_33250,Normal
bgl_33251,Anomaly
bgl_33252,Anomaly
bgl_33253,Anomaly
bgl_33254,Anomaly
bgl_33255,Anomaly
bgl_33256,Anomaly
bgl_33257,Anomaly
bgl_33258,Anomaly
bgl_33259,Anomaly
bgl_33260,Anomaly
bgl_33261,Anomaly
bgl_33262,Anomaly
bgl_33263,Anomaly
bgl_33264,Anomaly
bgl_33265,Anomaly
bgl_33266,Anomaly
bgl_33267,Anomaly
bgl_33268,Anomaly
bgl_33269,Anomaly
bgl_33270,Anomaly
bgl_33271,Anomaly
bgl_33272,Anomaly
bgl_33273,Anomaly
bgl_33274,Anomaly
bgl_33275,Anomaly
bgl_33276,Anomaly
bgl_33277,Anomaly
bgl_33278,Anomaly
bgl_33279,Anomaly
bgl_33280,Anomaly
bgl_33281,Anomaly
bgl_33282,Anomaly
bgl_33283,Anomaly
bgl_33284,Anomaly
bgl_33285,Anomaly
bgl_33286,Anomaly
bgl_33287,Anomaly
bgl_33288,Anomaly
bgl_33289,Anomaly
bgl_33290,Anomaly
bgl_33291,Anomaly
bgl_33292,Anomaly
bgl_33293,Normal
bgl_33294,Normal
bgl_33295,Normal
bgl_33296,Normal
bgl_33297,Normal
bgl_33298,Normal
bgl_33299,Normal
bgl_33300,Normal
bgl_33301,Normal
bgl_33302,Normal
bgl_33303,Normal
bgl_33304,Normal
bgl_33305,Normal
bgl_33306,Normal
bgl_33307,Anomaly
bgl_33308,Anomaly
bgl_33309,Anomaly
bgl_33310,Anomaly
bgl_33311,Anomaly
bgl_33312,Anomaly
bgl_33313,Anomaly
bgl_33314,Anomaly
bgl_33315,Anomaly
bgl_33316,Anomaly
bgl_33317,Anomaly
bgl_33318,Anomaly
bgl_33319,Anomaly
bgl_33320,Anomaly
bgl_33321,Anomaly
bgl_33322,Anomaly
bgl_33323,Anomaly
bgl_33324,Anomaly
bgl_33325,Anomaly
bgl_33326,Anomaly
bgl_33327,Anomaly
bgl_33328,Anomaly
bgl_33329,Anomaly
bgl_33330,Anomaly
bgl_33331,Anomaly
bgl_33332,Anomaly
bgl_33333,Anomaly
bgl_33334,Anomaly
bgl_33335,Anomaly
bgl_33336,Anomaly
bgl_33337,Anomaly
bgl_33338,Anomaly
bgl_33339,Anomaly
bgl_33340,Anomaly
bgl_33341,Anomaly
bgl_33342,Anomaly
bgl_33343,Anomaly
bgl_33344,Anomaly
bgl_33345,Anomaly
bgl_33346,Anomaly
bgl_33347,Anomaly
bgl_33348,Anomaly
bgl_33349,Anomaly
bgl_33350,Normal
bgl_33351,Anomaly
bgl_33352,Anomaly
bgl_33353,Anomaly
bgl_33354,Anomaly
bgl_33355,Anomaly
bgl_33356,Anomaly
bgl_33357,Anomaly
bgl_33358,Anomaly
bgl_33359,Anomaly
bgl_33360,Anomaly
bgl_33361,Anomaly
bgl_33362,Anomaly
bgl_33363,Anomaly
bgl_33364,Anomaly
bgl_33365,Anomaly
bgl_33366,Anomaly
bgl_33367,Anomaly
bgl_33368,Anomaly
bgl_33369,Anomaly
bgl_33370,Anomaly
bgl_33371,Anomaly
bgl_33372,Anomaly
bgl_33373,Anomaly
bgl_33374,Anomaly
bgl_33375,Anomaly
bgl_33376,Anomaly
bgl_33377,Anomaly
bgl_33378,Anomaly
bgl_33379,Anomaly
bgl_33380,Anomaly
bgl_33381,Anomaly
bgl_33382,Anomaly
bgl_33383,Anomaly
bgl_33384,Anomaly
bgl_33385,Anomaly
bgl_33386,Anomaly
bgl_33387,Anomaly
bgl_33388,Anomaly
bgl_33389,Anomaly
bgl_33390,Anomaly
bgl_33391,Anomaly
bgl_33392,Anomaly
bgl_33393,Anomaly
bgl_33394,Anomaly
bgl_33395,Anomaly
bgl_33396,Anomaly
bgl_33397,Anomaly
bgl_33398,Anomaly
bgl_33399,Anomaly
bgl_33400,Anomaly
bgl_33401,Anomaly
bgl_33402,Anomaly
bgl_33403,Anomaly
bgl_33404,Anomaly
bgl_33405,Anomaly
bgl_33406,Anomaly
bgl_33407,Anomaly
bgl_33408,Anomaly
bgl_33409,Anomaly
bgl_33410,Anomaly
bgl_33411,Anomaly
bgl_33412,Anomaly
bgl_33413,Anomaly
bgl_33414,Anomaly
bgl_33415,Normal
bgl_33416,Normal
bgl_33417,Normal
bgl_33418,Normal
bgl_33419,Normal
bgl_33420,Normal
bgl_33421,Normal
bgl_33422,Normal
bgl_33423,Normal
bgl_33424,Normal
bgl_33425,Anomaly
bgl_33426,Normal
bgl_33427,Normal
bgl_33428,Normal
bgl_33429,Normal
bgl_33430,Normal
bgl_33431,Normal
bgl_33432,Normal
bgl_33433,Normal
bgl_33434,Normal
bgl_33435,Normal
bgl_33436,Normal
bgl_33437,Normal
bgl_33438,Anomaly
bgl_33439,Normal
bgl_33440,Normal
bgl_33441,Normal
bgl_33442,Normal
bgl_33443,Normal
bgl_33444,Normal
bgl_33445,Normal
bgl_33446,Normal
bgl_33447,Normal
bgl_33448,Normal
bgl_33449,Normal
bgl_33450,Normal
bgl_33451,Normal
bgl_33452,Normal
bgl_33453,Normal
bgl_33454,Normal
bgl_33455,Normal
bgl_33456,Normal
bgl_33457,Normal
bgl_33458,Normal
bgl_33459,Normal
bgl_33460,Anomaly
bgl_33461,Normal
bgl_33462,Normal
bgl_33463,Normal
bgl_33464,Normal
bgl_33465,Normal
bgl_33466,Normal
bgl_33467,Normal
bgl_33468,Normal
bgl_33469,Normal
bgl_33470,Normal
bgl_33471,Normal
bgl_33472,Normal
bgl_33473,Normal
bgl_33474,Normal
bgl_33475,Normal
bgl_33476,Normal
bgl_33477,Normal
bgl_33478,Normal
bgl_33479,Normal
bgl_33480,Anomaly
bgl_33481,Anomaly
bgl_33482,Anomaly
bgl_33483,Anomaly
bgl_33484,Anomaly
bgl_33485,Anomaly
bgl_33486,Anomaly
bgl_33487,Anomaly
bgl_33488,Anomaly
bgl_33489,Anomaly
bgl_33490,Anomaly
bgl_33491,Anomaly
bgl_33492,Anomaly
bgl_33493,Anomaly
bgl_33494,Anomaly
bgl_33495,Anomaly
bgl_33496,Anomaly
bgl_33497,Anomaly
bgl_33498,Anomaly
bgl_33499,Anomaly
bgl_33500,Anomaly
bgl_33501,Anomaly
bgl_33502,Anomaly
bgl_33503,Anomaly
bgl_33504,Anomaly
bgl_33505,Anomaly
bgl_33506,Anomaly
bgl_33507,Anomaly
bgl_33508,Anomaly
bgl_33509,Anomaly
bgl_33510,Anomaly
bgl_33511,Anomaly
bgl_33512,Anomaly
bgl_33513,Normal
bgl_33514,Normal
bgl_33515,Normal
bgl_33516,Normal
bgl_33517,Normal
bgl_33518,Normal
bgl_33519,Normal
bgl_33520,Anomaly
bgl_33521,Anomaly
bgl_33522,Anomaly
bgl_33523,Anomaly
bgl_33524,Anomaly
bgl_33525,Anomaly
bgl_33526,Anomaly
bgl_33527,Normal
bgl_33528,Normal
bgl_33529,Normal
bgl_33530,Normal
bgl_33531,Anomaly
bgl_33532,Normal
bgl_33533,Normal
bgl_33534,Normal
bgl_33535,Normal
bgl_33536,Normal
bgl_33537,Normal
bgl_33538,Normal
bgl_33539,Normal
bgl_33540,Normal
bgl_33541,Normal
bgl_33542,Normal
bgl_33543,Normal
bgl_33544,Normal
bgl_33545,Normal
bgl_33546,Normal
bgl_33547,Normal
bgl_33548,Anomaly
bgl_33549,Anomaly
bgl_33550,Anomaly
bgl_33551,Anomaly
bgl_33552,Normal
bgl_33553,Normal
bgl_33554,Normal
bgl_33555,Normal
bgl_33556,Normal
bgl_33557,Normal
bgl_33558,Normal
bgl_33559,Normal
bgl_33560,Normal
bgl_33561,Normal
bgl_33562,Normal
bgl_33563,Normal
bgl_33564,Normal
bgl_33565,Normal
bgl_33566,Normal
bgl_33567,Normal
bgl_33568,Normal
bgl_33569,Normal
bgl_33570,Normal
bgl_33571,Normal
bgl_33572,Normal
bgl_33573,Normal
bgl_33574,Normal
bgl_33575,Normal
bgl_33576,Normal
bgl_33577,Normal
bgl_33578,Normal
bgl_33579,Normal
bgl_33580,Normal
bgl_33581,Normal
bgl_33582,Normal
bgl_33583,Normal
bgl_33584,Normal
bgl_33585,Normal
bgl_33586,Normal
bgl_33587,Normal
bgl_33588,Normal
bgl_33589,Normal
bgl_33590,Normal
bgl_33591,Normal
bgl_33592,Anomaly
bgl_33593,Normal
bgl_33594,Anomaly
bgl_33595,Anomaly
bgl_33596,Anomaly
bgl_33597,Anomaly
bgl_33598,Anomaly
bgl_33599,Anomaly
bgl_33600,Anomaly
bgl_33601,Anomaly
bgl_33602,Anomaly
bgl_33603,Anomaly
bgl_33604,Anomaly
bgl_33605,Anomaly
bgl_33606,Normal
bgl_33607,Normal
bgl_33608,Normal
bgl_33609,Normal
bgl_33610,Normal
bgl_33611,Normal
bgl_33612,Normal
bgl_33613,Normal
bgl_33614,Anomaly
bgl_33615,Normal
bgl_33616,Normal
bgl_33617,Normal
bgl_33618,Normal
bgl_33619,Normal
bgl_33620,Normal
bgl_33621,Normal
bgl_33622,Normal
bgl_33623,Normal
bgl_33624,Normal
bgl_33625,Normal
bgl_33626,Normal
bgl_33627,Normal
bgl_33628,Normal
bgl_33629,Normal
bgl_33630,Normal
bgl_33631,Normal
bgl_33632,Normal
bgl_33633,Normal
bgl_33634,Normal
bgl_33635,Normal
bgl_33636,Normal
bgl_33637,Normal
bgl_33638,Normal
bgl_33639,Normal
bgl_33640,Normal
bgl_33641,Normal
bgl_33642,Normal
bgl_33643,Normal
bgl_33644,Normal
bgl_33645,Anomaly
bgl_33646,Anomaly
bgl_33647,Anomaly
bgl_33648,Anomaly
bgl_33649,Normal
bgl_33650,Anomaly
bgl_33651,Anomaly
bgl_33652,Anomaly
bgl_33653,Anomaly
bgl_33654,Anomaly
bgl_33655,Anomaly
bgl_33656,Anomaly
bgl_33657,Anomaly
bgl_33658,Normal
bgl_33659,Anomaly
bgl_33660,Anomaly
bgl_33661,Anomaly
bgl_33662,Anomaly
bgl_33663,Normal
bgl_33664,Normal
bgl_33665,Normal
bgl_33666,Normal
bgl_33667,Normal
bgl_33668,Normal
bgl_33669,Normal
bgl_33670,Normal
bgl_33671,Normal
bgl_33672,Anomaly
bgl_33673,Anomaly
bgl_33674,Anomaly
bgl_33675,Anomaly
bgl_33676,Anomaly
bgl_33677,Anomaly
bgl_33678,Anomaly
bgl_33679,Anomaly
bgl_33680,Anomaly
bgl_33681,Anomaly
bgl_33682,Anomaly
bgl_33683,Anomaly
bgl_33684,Anomaly
bgl_33685,Anomaly
bgl_33686,Anomaly
bgl_33687,Anomaly
bgl_33688,Normal
bgl_33689,Normal
bgl_33690,Normal
bgl_33691,Normal
bgl_33692,Normal
bgl_33693,Normal
bgl_33694,Normal
bgl_33695,Normal
bgl_33696,Normal
bgl_33697,Anomaly
bgl_33698,Anomaly
bgl_33699,Anomaly
bgl_33700,Anomaly
bgl_33701,Anomaly
bgl_33702,Anomaly
bgl_33703,Anomaly
bgl_33704,Anomaly
bgl_33705,Anomaly
bgl_33706,Anomaly
bgl_33707,Anomaly
bgl_33708,Anomaly
bgl_33709,Anomaly
bgl_33710,Anomaly
bgl_33711,Normal
bgl_33712,Anomaly
bgl_33713,Anomaly
bgl_33714,Anomaly
bgl_33715,Anomaly
bgl_33716,Anomaly
bgl_33717,Anomaly
bgl_33718,Anomaly
bgl_33719,Anomaly
bgl_33720,Anomaly
bgl_33721,Anomaly
bgl_33722,Anomaly
bgl_33723,Anomaly
bgl_33724,Anomaly
bgl_33725,Anomaly
bgl_33726,Anomaly
bgl_33727,Normal
bgl_33728,Anomaly
bgl_33729,Anomaly
bgl_33730,Anomaly
bgl_33731,Anomaly
bgl_33732,Anomaly
bgl_33733,Anomaly
bgl_33734,Anomaly
bgl_33735,Anomaly
bgl_33736,Anomaly
bgl_33737,Anomaly
bgl_33738,Normal
bgl_33739,Anomaly
bgl_33740,Normal
bgl_33741,Normal
bgl_33742,Normal
bgl_33743,Anomaly
bgl_33744,Anomaly
bgl_33745,Anomaly
bgl_33746,Anomaly
bgl_33747,Anomaly
bgl_33748,Normal
bgl_33749,Anomaly
bgl_33750,Anomaly
bgl_33751,Anomaly
bgl_33752,Anomaly
bgl_33753,Anomaly
bgl_33754,Normal
bgl_33755,Normal
bgl_33756,Normal
bgl_33757,Normal
bgl_33758,Normal
bgl_33759,Normal
bgl_33760,Normal
bgl_33761,Anomaly
bgl_33762,Anomaly
bgl_33763,Anomaly
bgl_33764,Anomaly
bgl_33765,Anomaly
bgl_33766,Anomaly
bgl_33767,Anomaly
bgl_33768,Anomaly
bgl_33769,Anomaly
bgl_33770,Anomaly
bgl_33771,Anomaly
bgl_33772,Normal
bgl_33773,Normal
bgl_33774,Normal
bgl_33775,Normal
bgl_33776,Normal
bgl_33777,Normal
bgl_33778,Normal
bgl_33779,Normal
bgl_33780,Normal
bgl_33781,Normal
bgl_33782,Normal
bgl_33783,Normal
bgl_33784,Normal
bgl_33785,Normal
bgl_33786,Normal
bgl_33787,Normal
bgl_33788,Normal
bgl_33789,Normal
bgl_33790,Normal
bgl_33791,Normal
bgl_33792,Normal
bgl_33793,Normal
bgl_33794,Normal
bgl_33795,Normal
bgl_33796,Normal
bgl_33797,Normal
bgl_33798,Normal
bgl_33799,Normal
bgl_33800,Normal
bgl_33801,Normal
bgl_33802,Normal
bgl_33803,Normal
bgl_33804,Normal
bgl_33805,Normal
bgl_33806,Normal
bgl_33807,Normal
bgl_33808,Normal
bgl_33809,Normal
bgl_33810,Normal
bgl_33811,Normal
bgl_33812,Normal
bgl_33813,Normal
bgl_33814,Normal
bgl_33815,Normal
bgl_33816,Normal
bgl_33817,Normal
bgl_33818,Normal
bgl_33819,Normal
bgl_33820,Normal
bgl_33821,Normal
bgl_33822,Normal
bgl_33823,Normal
bgl_33824,Normal
bgl_33825,Normal
bgl_33826,Normal
bgl_33827,Normal
bgl_33828,Normal
bgl_33829,Normal
bgl_33830,Normal
bgl_33831,Normal
bgl_33832,Normal
bgl_33833,Normal
bgl_33834,Normal
bgl_33835,Normal
bgl_33836,Normal
bgl_33837,Normal
bgl_33838,Normal
bgl_33839,Normal
bgl_33840,Normal
bgl_33841,Normal
bgl_33842,Normal
bgl_33843,Normal
bgl_33844,Normal
bgl_33845,Normal
bgl_33846,Normal
bgl_33847,Normal
bgl_33848,Normal
bgl_33849,Normal
bgl_33850,Normal
bgl_33851,Normal
bgl_33852,Normal
bgl_33853,Normal
bgl_33854,Normal
bgl_33855,Normal
bgl_33856,Normal
bgl_33857,Normal
bgl_33858,Normal
bgl_33859,Normal
bgl_33860,Normal
bgl_33861,Normal
bgl_33862,Normal
bgl_33863,Normal
bgl_33864,Anomaly
bgl_33865,Normal
bgl_33866,Normal
bgl_33867,Normal
bgl_33868,Normal
bgl_33869,Normal
bgl_33870,Normal
bgl_33871,Normal
bgl_33872,Normal
bgl_33873,Normal
bgl_33874,Normal
bgl_33875,Normal
bgl_33876,Normal
bgl_33877,Normal
bgl_33878,Anomaly
bgl_33879,Anomaly
bgl_33880,Normal
bgl_33881,Normal
bgl_33882,Normal
bgl_33883,Normal
bgl_33884,Normal
bgl_33885,Normal
bgl_33886,Normal
bgl_33887,Normal
bgl_33888,Normal
bgl_33889,Normal
bgl_33890,Normal
bgl_33891,Normal
bgl_33892,Normal
bgl_33893,Normal
bgl_33894,Normal
bgl_33895,Normal
bgl_33896,Normal
bgl_33897,Anomaly
bgl_33898,Normal
bgl_33899,Anomaly
bgl_33900,Normal
bgl_33901,Anomaly
bgl_33902,Normal
bgl_33903,Normal
bgl_33904,Anomaly
bgl_33905,Normal
bgl_33906,Normal
bgl_33907,Normal
bgl_33908,Normal
bgl_33909,Normal
bgl_33910,Normal
bgl_33911,Normal
bgl_33912,Normal
bgl_33913,Normal
bgl_33914,Normal
bgl_33915,Normal
bgl_33916,Normal
bgl_33917,Normal
bgl_33918,Normal
bgl_33919,Normal
bgl_33920,Normal
bgl_33921,Normal
bgl_33922,Normal
bgl_33923,Normal
bgl_33924,Normal
bgl_33925,Normal
bgl_33926,Normal
bgl_33927,Normal
bgl_33928,Normal
bgl_33929,Normal
bgl_33930,Normal
bgl_33931,Normal
bgl_33932,Normal
bgl_33933,Normal
bgl_33934,Normal
bgl_33935,Normal
bgl_33936,Normal
bgl_33937,Normal
bgl_33938,Normal
bgl_33939,Normal
bgl_33940,Normal
bgl_33941,Normal
bgl_33942,Normal
bgl_33943,Normal
bgl_33944,Normal
bgl_33945,Normal
bgl_33946,Normal
bgl_33947,Normal
bgl_33948,Normal
bgl_33949,Normal
bgl_33950,Normal
bgl_33951,Normal
bgl_33952,Normal
bgl_33953,Normal
bgl_33954,Normal
bgl_33955,Normal
bgl_33956,Normal
bgl_33957,Normal
bgl_33958,Normal
bgl_33959,Normal
bgl_33960,Normal
bgl_33961,Normal
bgl_33962,Normal
bgl_33963,Normal
bgl_33964,Normal
bgl_33965,Normal
bgl_33966,Normal
bgl_33967,Normal
bgl_33968,Normal
bgl_33969,Normal
bgl_33970,Normal
bgl_33971,Normal
bgl_33972,Normal
bgl_33973,Normal
bgl_33974,Normal
bgl_33975,Normal
bgl_33976,Normal
bgl_33977,Normal
bgl_33978,Normal
bgl_33979,Normal
bgl_33980,Normal
bgl_33981,Normal
bgl_33982,Normal
bgl_33983,Normal
bgl_33984,Normal
bgl_33985,Normal
bgl_33986,Normal
bgl_33987,Normal
bgl_33988,Normal
bgl_33989,Normal
bgl_33990,Normal
bgl_33991,Normal
bgl_33992,Normal
bgl_33993,Normal
bgl_33994,Normal
bgl_33995,Normal
bgl_33996,Normal
bgl_33997,Normal
bgl_33998,Normal
bgl_33999,Normal
bgl_34000,Normal
bgl_34001,Normal
bgl_34002,Normal
bgl_34003,Normal
bgl_34004,Normal
bgl_34005,Normal
bgl_34006,Normal
bgl_34007,Normal
bgl_34008,Normal
bgl_34009,Normal
bgl_34010,Normal
bgl_34011,Normal
bgl_34012,Normal
bgl_34013,Normal
bgl_34014,Normal
bgl_34015,Normal
bgl_34016,Normal
bgl_34017,Normal
bgl_34018,Normal
bgl_34019,Normal
bgl_34020,Normal
bgl_34021,Normal
bgl_34022,Normal
bgl_34023,Normal
bgl_34024,Normal
bgl_34025,Normal
bgl_34026,Normal
bgl_34027,Normal
bgl_34028,Normal
bgl_34029,Normal
bgl_34030,Normal
bgl_34031,Normal
bgl_34032,Normal
bgl_34033,Normal
bgl_34034,Normal
bgl_34035,Normal
bgl_34036,Normal
bgl_34037,Normal
bgl_34038,Normal
bgl_34039,Normal
bgl_34040,Normal
bgl_34041,Normal
bgl_34042,Normal
bgl_34043,Normal
bgl_34044,Normal
bgl_34045,Normal
bgl_34046,Normal
bgl_34047,Normal
bgl_34048,Normal
bgl_34049,Normal
bgl_34050,Normal
bgl_34051,Normal
bgl_34052,Normal
bgl_34053,Normal
bgl_34054,Normal
bgl_34055,Normal
bgl_34056,Normal
bgl_34057,Normal
bgl_34058,Normal
bgl_34059,Normal
bgl_34060,Normal
bgl_34061,Normal
bgl_34062,Normal
bgl_34063,Normal
bgl_34064,Normal
bgl_34065,Normal
bgl_34066,Normal
bgl_34067,Normal
bgl_34068,Normal
bgl_34069,Normal
bgl_34070,Normal
bgl_34071,Normal
bgl_34072,Normal
bgl_34073,Normal
bgl_34074,Normal
bgl_34075,Normal
bgl_34076,Normal
bgl_34077,Normal
bgl_34078,Normal
bgl_34079,Normal
bgl_34080,Normal
bgl_34081,Normal
bgl_34082,Normal
bgl_34083,Normal
bgl_34084,Normal
bgl_34085,Normal
bgl_34086,Normal
bgl_34087,Normal
bgl_34088,Normal
bgl_34089,Normal
bgl_34090,Normal
bgl_34091,Normal
bgl_34092,Normal
bgl_34093,Normal
bgl_34094,Normal
bgl_34095,Normal
bgl_34096,Normal
bgl_34097,Normal
bgl_34098,Normal
bgl_34099,Normal
bgl_34100,Normal
bgl_34101,Normal
bgl_34102,Normal
bgl_34103,Normal
bgl_34104,Normal
bgl_34105,Normal
bgl_34106,Normal
bgl_34107,Normal
bgl_34108,Normal
bgl_34109,Normal
bgl_34110,Normal
bgl_34111,Normal
bgl_34112,Normal
bgl_34113,Normal
bgl_34114,Normal
bgl_34115,Normal
bgl_34116,Normal
bgl_34117,Normal
bgl_34118,Normal
bgl_34119,Normal
bgl_34120,Normal
bgl_34121,Normal
bgl_34122,Normal
bgl_34123,Normal
bgl_34124,Normal
bgl_34125,Normal
bgl_34126,Normal
bgl_34127,Normal
bgl_34128,Normal
bgl_34129,Normal
bgl_34130,Normal
bgl_34131,Normal
bgl_34132,Normal
bgl_34133,Normal
bgl_34134,Normal
bgl_34135,Normal
bgl_34136,Normal
bgl_34137,Normal
bgl_34138,Normal
bgl_34139,Normal
bgl_34140,Normal
bgl_34141,Normal
bgl_34142,Normal
bgl_34143,Normal
bgl_34144,Normal
bgl_34145,Normal
bgl_34146,Normal
bgl_34147,Normal
bgl_34148,Normal
bgl_34149,Normal
bgl_34150,Normal
bgl_34151,Normal
bgl_34152,Normal
bgl_34153,Normal
bgl_34154,Normal
bgl_34155,Normal
bgl_34156,Normal
bgl_34157,Normal
bgl_34158,Normal
bgl_34159,Normal
bgl_34160,Normal
bgl_34161,Normal
bgl_34162,Normal
bgl_34163,Normal
bgl_34164,Normal
bgl_34165,Normal
bgl_34166,Normal
bgl_34167,Normal
bgl_34168,Normal
bgl_34169,Normal
bgl_34170,Normal
bgl_34171,Normal
bgl_34172,Normal
bgl_34173,Normal
bgl_34174,Normal
bgl_34175,Normal
bgl_34176,Normal
bgl_34177,Normal
bgl_34178,Normal
bgl_34179,Normal
bgl_34180,Normal
bgl_34181,Normal
bgl_34182,Normal
bgl_34183,Normal
bgl_34184,Normal
bgl_34185,Normal
bgl_34186,Normal
bgl_34187,Normal
bgl_34188,Normal
bgl_34189,Normal
bgl_34190,Normal
bgl_34191,Normal
bgl_34192,Normal
bgl_34193,Normal
bgl_34194,Normal
bgl_34195,Normal
bgl_34196,Normal
bgl_34197,Normal
bgl_34198,Normal
bgl_34199,Normal
bgl_34200,Normal
bgl_34201,Normal
bgl_34202,Normal
bgl_34203,Normal
bgl_34204,Normal
bgl_34205,Normal
bgl_34206,Normal
bgl_34207,Normal
bgl_34208,Normal
bgl_34209,Normal
bgl_34210,Normal
bgl_34211,Normal
bgl_34212,Normal
bgl_34213,Normal
bgl_34214,Normal
bgl_34215,Normal
bgl_34216,Normal
bgl_34217,Normal
bgl_34218,Normal
bgl_34219,Normal
bgl_34220,Normal
bgl_34221,Normal
bgl_34222,Normal
bgl_34223,Normal
bgl_34224,Normal
bgl_34225,Normal
bgl_34226,Normal
bgl_34227,Normal
bgl_34228,Normal
bgl_34229,Normal
bgl_34230,Normal
bgl_34231,Normal
bgl_34232,Normal
bgl_34233,Normal
bgl_34234,Normal
bgl_34235,Normal
bgl_34236,Normal
bgl_34237,Normal
bgl_34238,Normal
bgl_34239,Normal
bgl_34240,Normal
bgl_34241,Normal
bgl_34242,Normal
bgl_34243,Normal
bgl_34244,Normal
bgl_34245,Normal
bgl_34246,Normal
bgl_34247,Normal
bgl_34248,Normal
bgl_34249,Normal
bgl_34250,Normal
bgl_34251,Normal
bgl_34252,Normal
bgl_34253,Normal
bgl_34254,Normal
bgl_34255,Normal
bgl_34256,Normal
bgl_34257,Normal
bgl_34258,Normal
bgl_34259,Normal
bgl_34260,Normal
bgl_34261,Normal
bgl_34262,Normal
bgl_34263,Normal
bgl_34264,Normal
bgl_34265,Normal
bgl_34266,Normal
bgl_34267,Normal
bgl_34268,Normal
bgl_34269,Normal
bgl_34270,Normal
bgl_34271,Normal
bgl_34272,Normal
bgl_34273,Normal
bgl_34274,Normal
bgl_34275,Normal
bgl_34276,Normal
bgl_34277,Normal
bgl_34278,Normal
bgl_34279,Normal
bgl_34280,Normal
bgl_34281,Normal
bgl_34282,Normal
bgl_34283,Normal
bgl_34284,Normal
bgl_34285,Normal
bgl_34286,Normal
bgl_34287,Normal
bgl_34288,Normal
bgl_34289,Normal
bgl_34290,Normal
bgl_34291,Normal
bgl_34292,Normal
bgl_34293,Normal
bgl_34294,Normal
bgl_34295,Normal
bgl_34296,Normal
bgl_34297,Normal
bgl_34298,Normal
bgl_34299,Normal
bgl_34300,Normal
bgl_34301,Normal
bgl_34302,Normal
bgl_34303,Normal
bgl_34304,Normal
bgl_34305,Normal
bgl_34306,Normal
bgl_34307,Normal
bgl_34308,Normal
bgl_34309,Normal
bgl_34310,Normal
bgl_34311,Normal
bgl_34312,Normal
bgl_34313,Normal
bgl_34314,Normal
bgl_34315,Normal
bgl_34316,Normal
bgl_34317,Normal
bgl_34318,Normal
bgl_34319,Normal
bgl_34320,Normal
bgl_34321,Normal
bgl_34322,Normal
bgl_34323,Normal
bgl_34324,Normal
bgl_34325,Normal
bgl_34326,Normal
bgl_34327,Normal
bgl_34328,Normal
bgl_34329,Normal
bgl_34330,Normal
bgl_34331,Normal
bgl_34332,Normal
bgl_34333,Normal
bgl_34334,Normal
bgl_34335,Normal
bgl_34336,Normal
bgl_34337,Normal
bgl_34338,Normal
bgl_34339,Normal
bgl_34340,Normal
bgl_34341,Normal
bgl_34342,Normal
bgl_34343,Normal
bgl_34344,Normal
bgl_34345,Normal
bgl_34346,Normal
bgl_34347,Normal
bgl_34348,Normal
bgl_34349,Normal
bgl_34350,Normal
bgl_34351,Normal
bgl_34352,Normal
bgl_34353,Normal
bgl_34354,Normal
bgl_34355,Normal
bgl_34356,Normal
bgl_34357,Normal
bgl_34358,Normal
bgl_34359,Normal
bgl_34360,Normal
bgl_34361,Normal
bgl_34362,Normal
bgl_34363,Normal
bgl_34364,Normal
bgl_34365,Normal
bgl_34366,Normal
bgl_34367,Normal
bgl_34368,Normal
bgl_34369,Normal
bgl_34370,Normal
bgl_34371,Normal
bgl_34372,Normal
bgl_34373,Normal
bgl_34374,Normal
bgl_34375,Normal
bgl_34376,Normal
bgl_34377,Normal
bgl_34378,Normal
bgl_34379,Normal
bgl_34380,Normal
bgl_34381,Normal
bgl_34382,Normal
bgl_34383,Normal
bgl_34384,Normal
bgl_34385,Normal
bgl_34386,Normal
bgl_34387,Normal
bgl_34388,Normal
bgl_34389,Normal
bgl_34390,Normal
bgl_34391,Normal
bgl_34392,Normal
bgl_34393,Normal
bgl_34394,Normal
bgl_34395,Normal
bgl_34396,Normal
bgl_34397,Normal
bgl_34398,Normal
bgl_34399,Normal
bgl_34400,Normal
bgl_34401,Normal
bgl_34402,Normal
bgl_34403,Normal
bgl_34404,Normal
bgl_34405,Normal
bgl_34406,Normal
bgl_34407,Normal
bgl_34408,Normal
bgl_34409,Normal
bgl_34410,Normal
bgl_34411,Normal
bgl_34412,Normal
bgl_34413,Normal
bgl_34414,Normal
bgl_34415,Normal
bgl_34416,Normal
bgl_34417,Normal
bgl_34418,Normal
bgl_34419,Normal
bgl_34420,Normal
bgl_34421,Normal
bgl_34422,Normal
bgl_34423,Normal
bgl_34424,Normal
bgl_34425,Normal
bgl_34426,Normal
bgl_34427,Normal
bgl_34428,Normal
bgl_34429,Normal
bgl_34430,Normal
bgl_34431,Normal
bgl_34432,Normal
bgl_34433,Normal
bgl_34434,Normal
bgl_34435,Normal
bgl_34436,Normal
bgl_34437,Normal
bgl_34438,Normal
bgl_34439,Normal
bgl_34440,Normal
bgl_34441,Normal
bgl_34442,Normal
bgl_34443,Normal
bgl_34444,Normal
bgl_34445,Normal
bgl_34446,Normal
bgl_34447,Normal
bgl_34448,Normal
bgl_34449,Normal
bgl_34450,Normal
bgl_34451,Normal
bgl_34452,Normal
bgl_34453,Normal
bgl_34454,Normal
bgl_34455,Normal
bgl_34456,Normal
bgl_34457,Normal
bgl_34458,Normal
bgl_34459,Normal
bgl_34460,Normal
bgl_34461,Normal
bgl_34462,Normal
bgl_34463,Normal
bgl_34464,Normal
bgl_34465,Normal
bgl_34466,Normal
bgl_34467,Normal
bgl_34468,Normal
bgl_34469,Normal
bgl_34470,Normal
bgl_34471,Normal
bgl_34472,Normal
bgl_34473,Normal
bgl_34474,Normal
bgl_34475,Normal
bgl_34476,Normal
bgl_34477,Normal
bgl_34478,Normal
bgl_34479,Normal
bgl_34480,Normal
bgl_34481,Normal
bgl_34482,Normal
bgl_34483,Normal
bgl_34484,Normal
bgl_34485,Normal
bgl_34486,Normal
bgl_34487,Normal
bgl_34488,Normal
bgl_34489,Normal
bgl_34490,Normal
bgl_34491,Normal
bgl_34492,Normal
bgl_34493,Normal
bgl_34494,Normal
bgl_34495,Normal
bgl_34496,Normal
bgl_34497,Normal
bgl_34498,Normal
bgl_34499,Normal
bgl_34500,Normal
bgl_34501,Normal
bgl_34502,Normal
bgl_34503,Normal
bgl_34504,Normal
bgl_34505,Normal
bgl_34506,Normal
bgl_34507,Normal
bgl_34508,Normal
bgl_34509,Normal
bgl_34510,Normal
bgl_34511,Normal
bgl_34512,Normal
bgl_34513,Normal
bgl_34514,Normal
bgl_34515,Normal
bgl_34516,Normal
bgl_34517,Normal
bgl_34518,Normal
bgl_34519,Normal
bgl_34520,Normal
bgl_34521,Normal
bgl_34522,Normal
bgl_34523,Normal
bgl_34524,Normal
bgl_34525,Normal
bgl_34526,Normal
bgl_34527,Normal
bgl_34528,Normal
bgl_34529,Normal
bgl_34530,Normal
bgl_34531,Normal
bgl_34532,Normal
bgl_34533,Normal
bgl_34534,Normal
bgl_34535,Normal
bgl_34536,Normal
bgl_34537,Normal
bgl_34538,Normal
bgl_34539,Normal
bgl_34540,Normal
bgl_34541,Normal
bgl_34542,Normal
bgl_34543,Normal
bgl_34544,Normal
bgl_34545,Normal
bgl_34546,Normal
bgl_34547,Normal
bgl_34548,Normal
bgl_34549,Normal
bgl_34550,Normal
bgl_34551,Normal
bgl_34552,Normal
bgl_34553,Normal
bgl_34554,Normal
bgl_34555,Normal
bgl_34556,Normal
bgl_34557,Normal
bgl_34558,Normal
bgl_34559,Normal
bgl_34560,Normal
bgl_34561,Normal
bgl_34562,Normal
bgl_34563,Normal
bgl_34564,Normal
bgl_34565,Normal
bgl_34566,Normal
bgl_34567,Normal
bgl_34568,Normal
bgl_34569,Normal
bgl_34570,Normal
bgl_34571,Normal
bgl_34572,Normal
bgl_34573,Normal
bgl_34574,Normal
bgl_34575,Normal
bgl_34576,Normal
bgl_34577,Normal
bgl_34578,Normal
bgl_34579,Normal
bgl_34580,Normal
bgl_34581,Normal
bgl_34582,Normal
bgl_34583,Normal
bgl_34584,Normal
bgl_34585,Normal
bgl_34586,Normal
bgl_34587,Normal
bgl_34588,Normal
bgl_34589,Normal
bgl_34590,Normal
bgl_34591,Normal
bgl_34592,Normal
bgl_34593,Normal
bgl_34594,Normal
bgl_34595,Normal
bgl_34596,Normal
bgl_34597,Normal
bgl_34598,Normal
bgl_34599,Normal
bgl_34600,Normal
bgl_34601,Normal
bgl_34602,Normal
bgl_34603,Normal
bgl_34604,Normal
bgl_34605,Normal
bgl_34606,Normal
bgl_34607,Normal
bgl_34608,Normal
bgl_34609,Normal
bgl_34610,Normal
bgl_34611,Normal
bgl_34612,Normal
bgl_34613,Normal
bgl_34614,Normal
bgl_34615,Normal
bgl_34616,Normal
bgl_34617,Normal
bgl_34618,Normal
bgl_34619,Normal
bgl_34620,Normal
bgl_34621,Normal
bgl_34622,Normal
bgl_34623,Normal
bgl_34624,Normal
bgl_34625,Normal
bgl_34626,Normal
bgl_34627,Normal
bgl_34628,Normal
bgl_34629,Normal
bgl_34630,Normal
bgl_34631,Normal
bgl_34632,Normal
bgl_34633,Normal
bgl_34634,Normal
bgl_34635,Normal
bgl_34636,Normal
bgl_34637,Normal
bgl_34638,Normal
bgl_34639,Normal
bgl_34640,Anomaly
bgl_34641,Normal
bgl_34642,Normal
bgl_34643,Normal
bgl_34644,Normal
bgl_34645,Normal
bgl_34646,Normal
bgl_34647,Normal
bgl_34648,Normal
bgl_34649,Normal
bgl_34650,Normal
bgl_34651,Normal
bgl_34652,Normal
bgl_34653,Normal
bgl_34654,Anomaly
bgl_34655,Normal
bgl_34656,Normal
bgl_34657,Normal
bgl_34658,Normal
bgl_34659,Normal
bgl_34660,Anomaly
bgl_34661,Normal
bgl_34662,Normal
bgl_34663,Normal
bgl_34664,Normal
bgl_34665,Normal
bgl_34666,Normal
bgl_34667,Normal
bgl_34668,Normal
bgl_34669,Normal
bgl_34670,Normal
bgl_34671,Normal
bgl_34672,Normal
bgl_34673,Normal
bgl_34674,Normal
bgl_34675,Normal
bgl_34676,Normal
bgl_34677,Normal
bgl_34678,Normal
bgl_34679,Normal
bgl_34680,Normal
bgl_34681,Normal
bgl_34682,Normal
bgl_34683,Normal
bgl_34684,Normal
bgl_34685,Normal
bgl_34686,Normal
bgl_34687,Normal
bgl_34688,Normal
bgl_34689,Normal
bgl_34690,Normal
bgl_34691,Normal
bgl_34692,Normal
bgl_34693,Normal
bgl_34694,Normal
bgl_34695,Normal
bgl_34696,Normal
bgl_34697,Normal
bgl_34698,Normal
bgl_34699,Normal
bgl_34700,Normal
bgl_34701,Normal
bgl_34702,Normal
bgl_34703,Normal
bgl_34704,Normal
bgl_34705,Normal
bgl_34706,Normal
bgl_34707,Normal
bgl_34708,Normal
bgl_34709,Normal
bgl_34710,Normal
bgl_34711,Normal
bgl_34712,Normal
bgl_34713,Normal
bgl_34714,Normal
bgl_34715,Normal
bgl_34716,Normal
bgl_34717,Anomaly
bgl_34718,Anomaly
bgl_34719,Anomaly
bgl_34720,Anomaly
bgl_34721,Anomaly
bgl_34722,Anomaly
bgl_34723,Anomaly
bgl_34724,Anomaly
bgl_34725,Anomaly
bgl_34726,Anomaly
bgl_34727,Anomaly
bgl_34728,Normal
bgl_34729,Normal
bgl_34730,Normal
bgl_34731,Normal
bgl_34732,Normal
bgl_34733,Normal
bgl_34734,Normal
bgl_34735,Normal
bgl_34736,Normal
bgl_34737,Normal
bgl_34738,Normal
bgl_34739,Normal
bgl_34740,Normal
bgl_34741,Normal
bgl_34742,Normal
bgl_34743,Normal
bgl_34744,Normal
bgl_34745,Normal
bgl_34746,Normal
bgl_34747,Normal
bgl_34748,Normal
bgl_34749,Normal
bgl_34750,Normal
bgl_34751,Normal
bgl_34752,Normal
bgl_34753,Normal
bgl_34754,Normal
bgl_34755,Normal
bgl_34756,Normal
bgl_34757,Normal
bgl_34758,Normal
bgl_34759,Normal
bgl_34760,Normal
bgl_34761,Normal
bgl_34762,Normal
bgl_34763,Normal
bgl_34764,Normal
bgl_34765,Normal
bgl_34766,Normal
bgl_34767,Normal
bgl_34768,Normal
bgl_34769,Normal
bgl_34770,Normal
bgl_34771,Normal
bgl_34772,Normal
bgl_34773,Normal
bgl_34774,Normal
bgl_34775,Normal
bgl_34776,Normal
bgl_34777,Normal
bgl_34778,Normal
bgl_34779,Normal
bgl_34780,Normal
bgl_34781,Normal
bgl_34782,Normal
bgl_34783,Normal
bgl_34784,Normal
bgl_34785,Normal
bgl_34786,Normal
bgl_34787,Normal
bgl_34788,Normal
bgl_34789,Normal
bgl_34790,Normal
bgl_34791,Normal
bgl_34792,Normal
bgl_34793,Normal
bgl_34794,Normal
bgl_34795,Normal
bgl_34796,Normal
bgl_34797,Normal
bgl_34798,Normal
bgl_34799,Normal
bgl_34800,Normal
bgl_34801,Normal
bgl_34802,Normal
bgl_34803,Normal
bgl_34804,Normal
bgl_34805,Normal
bgl_34806,Normal
bgl_34807,Normal
bgl_34808,Normal
bgl_34809,Normal
bgl_34810,Normal
bgl_34811,Normal
bgl_34812,Normal
bgl_34813,Normal
bgl_34814,Normal
bgl_34815,Normal
bgl_34816,Normal
bgl_34817,Normal
bgl_34818,Normal
bgl_34819,Normal
bgl_34820,Normal
bgl_34821,Normal
bgl_34822,Normal
bgl_34823,Normal
bgl_34824,Normal
bgl_34825,Normal
bgl_34826,Normal
bgl_34827,Normal
bgl_34828,Normal
bgl_34829,Normal
bgl_34830,Normal
bgl_34831,Normal
bgl_34832,Normal
bgl_34833,Normal
bgl_34834,Normal
bgl_34835,Normal
bgl_34836,Normal
bgl_34837,Normal
bgl_34838,Normal
bgl_34839,Normal
bgl_34840,Normal
bgl_34841,Normal
bgl_34842,Normal
bgl_34843,Normal
bgl_34844,Normal
bgl_34845,Normal
bgl_34846,Normal
bgl_34847,Normal
bgl_34848,Normal
bgl_34849,Normal
bgl_34850,Normal
bgl_34851,Normal
bgl_34852,Normal
bgl_34853,Normal
bgl_34854,Normal
bgl_34855,Normal
bgl_34856,Normal
bgl_34857,Normal
bgl_34858,Normal
bgl_34859,Normal
bgl_34860,Normal
bgl_34861,Normal
bgl_34862,Normal
bgl_34863,Normal
bgl_34864,Normal
bgl_34865,Normal
bgl_34866,Normal
bgl_34867,Normal
bgl_34868,Normal
bgl_34869,Normal
bgl_34870,Normal
bgl_34871,Normal
bgl_34872,Normal
bgl_34873,Normal
bgl_34874,Normal
bgl_34875,Normal
bgl_34876,Normal
bgl_34877,Normal
bgl_34878,Normal
bgl_34879,Normal
bgl_34880,Normal
bgl_34881,Normal
bgl_34882,Normal
bgl_34883,Normal
bgl_34884,Normal
bgl_34885,Normal
bgl_34886,Normal
bgl_34887,Normal
bgl_34888,Normal
bgl_34889,Normal
bgl_34890,Normal
bgl_34891,Normal
bgl_34892,Normal
bgl_34893,Normal
bgl_34894,Anomaly
bgl_34895,Normal
bgl_34896,Normal
bgl_34897,Normal
bgl_34898,Normal
bgl_34899,Normal
bgl_34900,Normal
bgl_34901,Normal
bgl_34902,Normal
bgl_34903,Normal
bgl_34904,Normal
bgl_34905,Normal
bgl_34906,Anomaly
bgl_34907,Anomaly
bgl_34908,Normal
bgl_34909,Normal
bgl_34910,Normal
bgl_34911,Normal
bgl_34912,Normal
bgl_34913,Normal
bgl_34914,Normal
bgl_34915,Normal
bgl_34916,Normal
bgl_34917,Normal
bgl_34918,Normal
bgl_34919,Normal
bgl_34920,Normal
bgl_34921,Normal
bgl_34922,Normal
bgl_34923,Normal
bgl_34924,Normal
bgl_34925,Normal
bgl_34926,Normal
bgl_34927,Normal
bgl_34928,Normal
bgl_34929,Normal
bgl_34930,Normal
bgl_34931,Normal
bgl_34932,Normal
bgl_34933,Normal
bgl_34934,Normal
bgl_34935,Normal
bgl_34936,Normal
bgl_34937,Normal
bgl_34938,Normal
bgl_34939,Normal
bgl_34940,Normal
bgl_34941,Normal
bgl_34942,Normal
bgl_34943,Normal
bgl_34944,Anomaly
bgl_34945,Normal
bgl_34946,Normal
bgl_34947,Normal
bgl_34948,Normal
bgl_34949,Normal
bgl_34950,Normal
bgl_34951,Anomaly
bgl_34952,Anomaly
bgl_34953,Normal
bgl_34954,Normal
bgl_34955,Normal
bgl_34956,Normal
bgl_34957,Normal
bgl_34958,Normal
bgl_34959,Anomaly
bgl_34960,Normal
bgl_34961,Normal
bgl_34962,Anomaly
bgl_34963,Anomaly
bgl_34964,Normal
bgl_34965,Anomaly
bgl_34966,Normal
bgl_34967,Normal
bgl_34968,Normal
bgl_34969,Normal
bgl_34970,Normal
bgl_34971,Anomaly
bgl_34972,Normal
bgl_34973,Normal
bgl_34974,Anomaly
bgl_34975,Anomaly
bgl_34976,Normal
bgl_34977,Normal
bgl_34978,Normal
bgl_34979,Normal
bgl_34980,Normal
bgl_34981,Normal
bgl_34982,Normal
bgl_34983,Anomaly
bgl_34984,Normal
bgl_34985,Anomaly
bgl_34986,Anomaly
bgl_34987,Normal
bgl_34988,Normal
bgl_34989,Anomaly
bgl_34990,Normal
bgl_34991,Normal
bgl_34992,Normal
bgl_34993,Anomaly
bgl_34994,Normal
bgl_34995,Normal
bgl_34996,Normal
bgl_34997,Normal
bgl_34998,Normal
bgl_34999,Normal
bgl_35000,Anomaly
bgl_35001,Normal
bgl_35002,Anomaly
bgl_35003,Normal
bgl_35004,Normal
bgl_35005,Normal
bgl_35006,Normal
bgl_35007,Normal
bgl_35008,Normal
bgl_35009,Normal
bgl_35010,Anomaly
bgl_35011,Normal
bgl_35012,Normal
bgl_35013,Normal
bgl_35014,Normal
bgl_35015,Normal
bgl_35016,Normal
bgl_35017,Normal
bgl_35018,Normal
bgl_35019,Normal
bgl_35020,Normal
bgl_35021,Normal
bgl_35022,Normal
bgl_35023,Normal
bgl_35024,Normal
bgl_35025,Normal
bgl_35026,Normal
bgl_35027,Anomaly
bgl_35028,Normal
bgl_35029,Normal
bgl_35030,Anomaly
bgl_35031,Anomaly
bgl_35032,Normal
bgl_35033,Anomaly
bgl_35034,Anomaly
bgl_35035,Anomaly
bgl_35036,Normal
bgl_35037,Anomaly
bgl_35038,Normal
bgl_35039,Anomaly
bgl_35040,Normal
bgl_35041,Normal
bgl_35042,Normal
bgl_35043,Normal
bgl_35044,Normal
bgl_35045,Anomaly
bgl_35046,Anomaly
bgl_35047,Anomaly
bgl_35048,Anomaly
bgl_35049,Anomaly
bgl_35050,Anomaly
bgl_35051,Normal
bgl_35052,Normal
bgl_35053,Normal
bgl_35054,Normal
bgl_35055,Normal
bgl_35056,Anomaly
bgl_35057,Anomaly
bgl_35058,Normal
bgl_35059,Anomaly
bgl_35060,Normal
bgl_35061,Normal
bgl_35062,Normal
bgl_35063,Normal
bgl_35064,Normal
bgl_35065,Normal
bgl_35066,Normal
bgl_35067,Normal
bgl_35068,Normal
bgl_35069,Normal
bgl_35070,Normal
bgl_35071,Normal
bgl_35072,Normal
bgl_35073,Normal
bgl_35074,Normal
bgl_35075,Normal
bgl_35076,Normal
bgl_35077,Normal
bgl_35078,Normal
bgl_35079,Normal
bgl_35080,Normal
bgl_35081,Normal
bgl_35082,Normal
bgl_35083,Normal
bgl_35084,Normal
bgl_35085,Normal
bgl_35086,Normal
bgl_35087,Normal
bgl_35088,Normal
bgl_35089,Normal
bgl_35090,Normal
bgl_35091,Normal
bgl_35092,Normal
bgl_35093,Normal
bgl_35094,Normal
bgl_35095,Normal
bgl_35096,Normal
bgl_35097,Normal
bgl_35098,Normal
bgl_35099,Normal
bgl_35100,Normal
bgl_35101,Normal
bgl_35102,Normal
bgl_35103,Normal
bgl_35104,Normal
bgl_35105,Normal
bgl_35106,Normal
bgl_35107,Normal
bgl_35108,Anomaly
bgl_35109,Anomaly
bgl_35110,Anomaly
bgl_35111,Normal
bgl_35112,Anomaly
bgl_35113,Normal
bgl_35114,Anomaly
bgl_35115,Normal
bgl_35116,Normal
bgl_35117,Normal
bgl_35118,Normal
bgl_35119,Normal
bgl_35120,Normal
bgl_35121,Normal
bgl_35122,Normal
bgl_35123,Normal
bgl_35124,Normal
bgl_35125,Normal
bgl_35126,Normal
bgl_35127,Normal
bgl_35128,Normal
bgl_35129,Normal
bgl_35130,Normal
bgl_35131,Normal
bgl_35132,Normal
bgl_35133,Normal
bgl_35134,Normal
bgl_35135,Normal
bgl_35136,Normal
bgl_35137,Normal
bgl_35138,Normal
bgl_35139,Normal
bgl_35140,Normal
bgl_35141,Normal
bgl_35142,Normal
bgl_35143,Normal
bgl_35144,Normal
bgl_35145,Normal
bgl_35146,Normal
bgl_35147,Normal
bgl_35148,Anomaly
bgl_35149,Anomaly
bgl_35150,Anomaly
bgl_35151,Anomaly
bgl_35152,Anomaly
bgl_35153,Anomaly
bgl_35154,Anomaly
bgl_35155,Anomaly
bgl_35156,Anomaly
bgl_35157,Anomaly
bgl_35158,Anomaly
bgl_35159,Anomaly
bgl_35160,Anomaly
bgl_35161,Anomaly
bgl_35162,Anomaly
bgl_35163,Anomaly
bgl_35164,Anomaly
bgl_35165,Anomaly
bgl_35166,Anomaly
bgl_35167,Anomaly
bgl_35168,Anomaly
bgl_35169,Anomaly
bgl_35170,Normal
bgl_35171,Normal
bgl_35172,Normal
bgl_35173,Normal
bgl_35174,Normal
bgl_35175,Normal
bgl_35176,Normal
bgl_35177,Normal
bgl_35178,Normal
bgl_35179,Normal
bgl_35180,Anomaly
bgl_35181,Anomaly
bgl_35182,Anomaly
bgl_35183,Anomaly
bgl_35184,Anomaly
bgl_35185,Anomaly
bgl_35186,Anomaly
bgl_35187,Anomaly
bgl_35188,Anomaly
bgl_35189,Anomaly
bgl_35190,Normal
bgl_35191,Normal
bgl_35192,Normal
bgl_35193,Normal
bgl_35194,Normal
bgl_35195,Normal
bgl_35196,Normal
bgl_35197,Normal
bgl_35198,Normal
bgl_35199,Normal
bgl_35200,Normal
bgl_35201,Normal
bgl_35202,Anomaly
bgl_35203,Normal
bgl_35204,Anomaly
bgl_35205,Normal
bgl_35206,Normal
bgl_35207,Normal
bgl_35208,Normal
bgl_35209,Normal
bgl_35210,Normal
bgl_35211,Normal
bgl_35212,Normal
bgl_35213,Normal
bgl_35214,Normal
bgl_35215,Normal
bgl_35216,Normal
bgl_35217,Normal
bgl_35218,Normal
bgl_35219,Normal
bgl_35220,Normal
bgl_35221,Normal
bgl_35222,Normal
bgl_35223,Normal
bgl_35224,Normal
bgl_35225,Normal
bgl_35226,Normal
bgl_35227,Normal
bgl_35228,Normal
bgl_35229,Normal
bgl_35230,Normal
bgl_35231,Normal
bgl_35232,Normal
bgl_35233,Normal
bgl_35234,Normal
bgl_35235,Normal
bgl_35236,Normal
bgl_35237,Normal
bgl_35238,Anomaly
bgl_35239,Anomaly
bgl_35240,Normal
bgl_35241,Normal
bgl_35242,Normal
bgl_35243,Normal
bgl_35244,Normal
bgl_35245,Normal
bgl_35246,Normal
bgl_35247,Normal
bgl_35248,Normal
bgl_35249,Normal
bgl_35250,Normal
bgl_35251,Normal
bgl_35252,Normal
bgl_35253,Normal
bgl_35254,Normal
bgl_35255,Normal
bgl_35256,Normal
bgl_35257,Anomaly
bgl_35258,Anomaly
bgl_35259,Anomaly
bgl_35260,Anomaly
bgl_35261,Anomaly
bgl_35262,Anomaly
bgl_35263,Anomaly
bgl_35264,Anomaly
bgl_35265,Anomaly
bgl_35266,Anomaly
bgl_35267,Normal
bgl_35268,Normal
bgl_35269,Normal
bgl_35270,Anomaly
bgl_35271,Normal
bgl_35272,Normal
bgl_35273,Normal
bgl_35274,Normal
bgl_35275,Normal
bgl_35276,Normal
bgl_35277,Normal
bgl_35278,Normal
bgl_35279,Anomaly
bgl_35280,Normal
bgl_35281,Normal
bgl_35282,Normal
bgl_35283,Normal
bgl_35284,Normal
bgl_35285,Normal
bgl_35286,Normal
bgl_35287,Normal
bgl_35288,Normal
bgl_35289,Normal
bgl_35290,Normal
bgl_35291,Anomaly
bgl_35292,Anomaly
bgl_35293,Anomaly
bgl_35294,Normal
bgl_35295,Normal
bgl_35296,Normal
bgl_35297,Normal
bgl_35298,Normal
bgl_35299,Normal
bgl_35300,Normal
bgl_35301,Normal
bgl_35302,Normal
bgl_35303,Normal
bgl_35304,Normal
bgl_35305,Normal
bgl_35306,Normal
bgl_35307,Anomaly
bgl_35308,Anomaly
bgl_35309,Anomaly
bgl_35310,Anomaly
bgl_35311,Anomaly
bgl_35312,Anomaly
bgl_35313,Anomaly
bgl_35314,Anomaly
bgl_35315,Anomaly
bgl_35316,Normal
bgl_35317,Normal
bgl_35318,Normal
bgl_35319,Normal
bgl_35320,Anomaly
bgl_35321,Anomaly
bgl_35322,Anomaly
bgl_35323,Anomaly
bgl_35324,Normal
bgl_35325,Normal
bgl_35326,Normal
bgl_35327,Normal
bgl_35328,Normal
bgl_35329,Anomaly
bgl_35330,Anomaly
bgl_35331,Anomaly
bgl_35332,Anomaly
bgl_35333,Anomaly
bgl_35334,Anomaly
bgl_35335,Normal
bgl_35336,Normal
bgl_35337,Normal
bgl_35338,Normal
bgl_35339,Normal
bgl_35340,Normal
bgl_35341,Normal
bgl_35342,Normal
bgl_35343,Normal
bgl_35344,Normal
bgl_35345,Normal
bgl_35346,Normal
bgl_35347,Normal
bgl_35348,Normal
bgl_35349,Normal
bgl_35350,Normal
bgl_35351,Normal
bgl_35352,Normal
bgl_35353,Normal
bgl_35354,Normal
bgl_35355,Normal
bgl_35356,Normal
bgl_35357,Normal
bgl_35358,Normal
bgl_35359,Normal
bgl_35360,Normal
bgl_35361,Normal
bgl_35362,Normal
bgl_35363,Normal
bgl_35364,Normal
bgl_35365,Normal
bgl_35366,Normal
bgl_35367,Normal
bgl_35368,Normal
bgl_35369,Normal
bgl_35370,Normal
bgl_35371,Normal
bgl_35372,Normal
bgl_35373,Normal
bgl_35374,Normal
bgl_35375,Normal
bgl_35376,Normal
bgl_35377,Normal
bgl_35378,Normal
bgl_35379,Normal
bgl_35380,Normal
bgl_35381,Normal
bgl_35382,Normal
bgl_35383,Normal
bgl_35384,Normal
bgl_35385,Normal
bgl_35386,Normal
bgl_35387,Normal
bgl_35388,Normal
bgl_35389,Normal
bgl_35390,Normal
bgl_35391,Normal
bgl_35392,Normal
bgl_35393,Anomaly
bgl_35394,Anomaly
bgl_35395,Anomaly
bgl_35396,Normal
bgl_35397,Normal
bgl_35398,Normal
bgl_35399,Normal
bgl_35400,Normal
bgl_35401,Normal
bgl_35402,Normal
bgl_35403,Normal
bgl_35404,Normal
bgl_35405,Normal
bgl_35406,Normal
bgl_35407,Normal
bgl_35408,Normal
bgl_35409,Normal
bgl_35410,Normal
bgl_35411,Normal
bgl_35412,Normal
bgl_35413,Anomaly
bgl_35414,Anomaly
bgl_35415,Normal
bgl_35416,Normal
bgl_35417,Normal
bgl_35418,Normal
bgl_35419,Normal
bgl_35420,Normal
bgl_35421,Normal
bgl_35422,Normal
bgl_35423,Normal
bgl_35424,Normal
bgl_35425,Normal
bgl_35426,Normal
bgl_35427,Normal
bgl_35428,Normal
bgl_35429,Normal
bgl_35430,Normal
bgl_35431,Normal
bgl_35432,Normal
bgl_35433,Normal
bgl_35434,Normal
bgl_35435,Normal
bgl_35436,Normal
bgl_35437,Normal
bgl_35438,Normal
bgl_35439,Normal
bgl_35440,Normal
bgl_35441,Normal
bgl_35442,Normal
bgl_35443,Normal
bgl_35444,Normal
bgl_35445,Normal
bgl_35446,Normal
bgl_35447,Normal
bgl_35448,Normal
bgl_35449,Normal
bgl_35450,Normal
bgl_35451,Normal
bgl_35452,Normal
bgl_35453,Normal
bgl_35454,Normal
bgl_35455,Normal
bgl_35456,Normal
bgl_35457,Normal
bgl_35458,Normal
bgl_35459,Normal
bgl_35460,Normal
bgl_35461,Normal
bgl_35462,Normal
bgl_35463,Normal
bgl_35464,Normal
bgl_35465,Normal
bgl_35466,Normal
bgl_35467,Normal
bgl_35468,Normal
bgl_35469,Normal
bgl_35470,Normal
bgl_35471,Normal
bgl_35472,Normal
bgl_35473,Normal
bgl_35474,Normal
bgl_35475,Normal
bgl_35476,Normal
bgl_35477,Normal
bgl_35478,Normal
bgl_35479,Normal
bgl_35480,Normal
bgl_35481,Normal
bgl_35482,Normal
bgl_35483,Normal
bgl_35484,Normal
bgl_35485,Normal
bgl_35486,Anomaly
bgl_35487,Normal
bgl_35488,Normal
bgl_35489,Anomaly
bgl_35490,Normal
bgl_35491,Normal
bgl_35492,Normal
bgl_35493,Normal
bgl_35494,Normal
bgl_35495,Normal
bgl_35496,Normal
bgl_35497,Normal
bgl_35498,Normal
bgl_35499,Normal
bgl_35500,Normal
bgl_35501,Normal
bgl_35502,Anomaly
bgl_35503,Anomaly
bgl_35504,Anomaly
bgl_35505,Anomaly
bgl_35506,Anomaly
bgl_35507,Normal
bgl_35508,Normal
bgl_35509,Normal
bgl_35510,Normal
bgl_35511,Normal
bgl_35512,Normal
bgl_35513,Normal
bgl_35514,Normal
bgl_35515,Normal
bgl_35516,Normal
bgl_35517,Normal
bgl_35518,Normal
bgl_35519,Normal
bgl_35520,Normal
bgl_35521,Normal
bgl_35522,Normal
bgl_35523,Normal
bgl_35524,Normal
bgl_35525,Anomaly
bgl_35526,Anomaly
bgl_35527,Anomaly
bgl_35528,Normal
bgl_35529,Anomaly
bgl_35530,Anomaly
bgl_35531,Anomaly
bgl_35532,Anomaly
bgl_35533,Anomaly
bgl_35534,Anomaly
bgl_35535,Anomaly
bgl_35536,Anomaly
bgl_35537,Anomaly
bgl_35538,Anomaly
bgl_35539,Anomaly
bgl_35540,Normal
bgl_35541,Normal
bgl_35542,Normal
bgl_35543,Normal
bgl_35544,Normal
bgl_35545,Normal
bgl_35546,Normal
bgl_35547,Normal
bgl_35548,Normal
bgl_35549,Anomaly
bgl_35550,Normal
bgl_35551,Normal
bgl_35552,Normal
bgl_35553,Normal
bgl_35554,Anomaly
bgl_35555,Anomaly
bgl_35556,Normal
bgl_35557,Normal
bgl_35558,Normal
bgl_35559,Normal
bgl_35560,Normal
bgl_35561,Normal
bgl_35562,Normal
bgl_35563,Normal
bgl_35564,Normal
bgl_35565,Normal
bgl_35566,Normal
bgl_35567,Normal
bgl_35568,Normal
bgl_35569,Normal
bgl_35570,Anomaly
bgl_35571,Normal
bgl_35572,Normal
bgl_35573,Normal
bgl_35574,Anomaly
bgl_35575,Normal
bgl_35576,Normal
bgl_35577,Normal
bgl_35578,Normal
bgl_35579,Anomaly
bgl_35580,Normal
bgl_35581,Normal
bgl_35582,Normal
bgl_35583,Anomaly
bgl_35584,Normal
bgl_35585,Normal
bgl_35586,Normal
bgl_35587,Normal
bgl_35588,Normal
bgl_35589,Normal
bgl_35590,Normal
bgl_35591,Normal
bgl_35592,Normal
bgl_35593,Normal
bgl_35594,Normal
bgl_35595,Normal
bgl_35596,Normal
bgl_35597,Normal
bgl_35598,Normal
bgl_35599,Normal
bgl_35600,Anomaly
bgl_35601,Normal
bgl_35602,Normal
bgl_35603,Normal
bgl_35604,Anomaly
bgl_35605,Normal
bgl_35606,Normal
bgl_35607,Normal
bgl_35608,Anomaly
bgl_35609,Normal
bgl_35610,Normal
bgl_35611,Normal
bgl_35612,Normal
bgl_35613,Anomaly
bgl_35614,Anomaly
bgl_35615,Normal
bgl_35616,Normal
bgl_35617,Normal
bgl_35618,Anomaly
bgl_35619,Normal
bgl_35620,Normal
bgl_35621,Normal
bgl_35622,Normal
bgl_35623,Normal
bgl_35624,Anomaly
bgl_35625,Normal
bgl_35626,Normal
bgl_35627,Normal
bgl_35628,Anomaly
bgl_35629,Normal
bgl_35630,Normal
bgl_35631,Normal
bgl_35632,Normal
bgl_35633,Normal
bgl_35634,Normal
bgl_35635,Normal
bgl_35636,Normal
bgl_35637,Normal
bgl_35638,Normal
bgl_35639,Normal
bgl_35640,Normal
bgl_35641,Normal
bgl_35642,Normal
bgl_35643,Normal
bgl_35644,Normal
bgl_35645,Normal
bgl_35646,Normal
bgl_35647,Normal
bgl_35648,Normal
bgl_35649,Normal
bgl_35650,Normal
bgl_35651,Normal
bgl_35652,Normal
bgl_35653,Normal
bgl_35654,Normal
bgl_35655,Normal
bgl_35656,Normal
bgl_35657,Anomaly
bgl_35658,Anomaly
bgl_35659,Anomaly
bgl_35660,Anomaly
bgl_35661,Anomaly
bgl_35662,Anomaly
bgl_35663,Anomaly
bgl_35664,Anomaly
bgl_35665,Anomaly
bgl_35666,Anomaly
bgl_35667,Anomaly
bgl_35668,Anomaly
bgl_35669,Normal
bgl_35670,Normal
bgl_35671,Normal
bgl_35672,Normal
bgl_35673,Normal
bgl_35674,Normal
bgl_35675,Normal
bgl_35676,Normal
bgl_35677,Normal
bgl_35678,Normal
bgl_35679,Normal
bgl_35680,Anomaly
bgl_35681,Normal
bgl_35682,Normal
bgl_35683,Normal
bgl_35684,Anomaly
bgl_35685,Normal
bgl_35686,Normal
bgl_35687,Normal
bgl_35688,Normal
bgl_35689,Anomaly
bgl_35690,Normal
bgl_35691,Normal
bgl_35692,Normal
bgl_35693,Normal
bgl_35694,Normal
bgl_35695,Normal
bgl_35696,Normal
bgl_35697,Normal
bgl_35698,Normal
bgl_35699,Normal
bgl_35700,Normal
bgl_35701,Normal
bgl_35702,Normal
bgl_35703,Normal
bgl_35704,Normal
bgl_35705,Normal
bgl_35706,Normal
bgl_35707,Normal
bgl_35708,Normal
bgl_35709,Normal
bgl_35710,Normal
bgl_35711,Normal
bgl_35712,Normal
bgl_35713,Normal
bgl_35714,Normal
bgl_35715,Normal
bgl_35716,Normal
bgl_35717,Normal
bgl_35718,Normal
bgl_35719,Normal
bgl_35720,Normal
bgl_35721,Normal
bgl_35722,Normal
bgl_35723,Normal
bgl_35724,Normal
bgl_35725,Normal
bgl_35726,Normal
bgl_35727,Normal
bgl_35728,Normal
bgl_35729,Normal
bgl_35730,Normal
bgl_35731,Normal
bgl_35732,Normal
bgl_35733,Normal
bgl_35734,Normal
bgl_35735,Normal
bgl_35736,Normal
bgl_35737,Normal
bgl_35738,Normal
bgl_35739,Normal
bgl_35740,Normal
bgl_35741,Normal
bgl_35742,Normal
bgl_35743,Normal
bgl_35744,Normal
bgl_35745,Normal
bgl_35746,Normal
bgl_35747,Normal
bgl_35748,Normal
bgl_35749,Normal
bgl_35750,Normal
bgl_35751,Normal
bgl_35752,Normal
bgl_35753,Normal
bgl_35754,Normal
bgl_35755,Anomaly
bgl_35756,Normal
bgl_35757,Normal
bgl_35758,Normal
bgl_35759,Normal
bgl_35760,Normal
bgl_35761,Normal
bgl_35762,Normal
bgl_35763,Normal
bgl_35764,Normal
bgl_35765,Normal
bgl_35766,Normal
bgl_35767,Normal
bgl_35768,Normal
bgl_35769,Normal
bgl_35770,Normal
bgl_35771,Normal
bgl_35772,Normal
bgl_35773,Normal
bgl_35774,Normal
bgl_35775,Normal
bgl_35776,Normal
bgl_35777,Normal
bgl_35778,Normal
bgl_35779,Normal
bgl_35780,Normal
bgl_35781,Normal
bgl_35782,Normal
bgl_35783,Normal
bgl_35784,Normal
bgl_35785,Normal
bgl_35786,Normal
bgl_35787,Normal
bgl_35788,Normal
bgl_35789,Normal
bgl_35790,Normal
bgl_35791,Normal
bgl_35792,Anomaly
bgl_35793,Anomaly
bgl_35794,Anomaly
bgl_35795,Normal
bgl_35796,Normal
bgl_35797,Normal
bgl_35798,Anomaly
bgl_35799,Anomaly
bgl_35800,Normal
bgl_35801,Normal
bgl_35802,Normal
bgl_35803,Normal
bgl_35804,Normal
bgl_35805,Normal
bgl_35806,Normal
bgl_35807,Normal
bgl_35808,Normal
bgl_35809,Normal
bgl_35810,Normal
bgl_35811,Normal
bgl_35812,Normal
bgl_35813,Normal
bgl_35814,Normal
bgl_35815,Normal
bgl_35816,Normal
bgl_35817,Normal
bgl_35818,Normal
bgl_35819,Normal
bgl_35820,Normal
bgl_35821,Normal
bgl_35822,Normal
bgl_35823,Normal
bgl_35824,Normal
bgl_35825,Normal
bgl_35826,Normal
bgl_35827,Normal
bgl_35828,Normal
bgl_35829,Normal
bgl_35830,Normal
bgl_35831,Normal
bgl_35832,Normal
bgl_35833,Normal
bgl_35834,Normal
bgl_35835,Normal
bgl_35836,Normal
bgl_35837,Normal
bgl_35838,Normal
bgl_35839,Normal
bgl_35840,Normal
bgl_35841,Anomaly
bgl_35842,Anomaly
bgl_35843,Anomaly
bgl_35844,Anomaly
bgl_35845,Anomaly
bgl_35846,Anomaly
bgl_35847,Anomaly
bgl_35848,Anomaly
bgl_35849,Anomaly
bgl_35850,Normal
bgl_35851,Normal
bgl_35852,Normal
bgl_35853,Normal
bgl_35854,Normal
bgl_35855,Anomaly
bgl_35856,Normal
bgl_35857,Normal
bgl_35858,Normal
bgl_35859,Normal
bgl_35860,Normal
bgl_35861,Normal
bgl_35862,Normal
bgl_35863,Normal
bgl_35864,Normal
bgl_35865,Normal
bgl_35866,Normal
bgl_35867,Normal
bgl_35868,Normal
bgl_35869,Normal
bgl_35870,Normal
bgl_35871,Normal
bgl_35872,Normal
bgl_35873,Normal
bgl_35874,Normal
bgl_35875,Normal
bgl_35876,Normal
bgl_35877,Normal
bgl_35878,Normal
bgl_35879,Normal
bgl_35880,Normal
bgl_35881,Normal
bgl_35882,Normal
bgl_35883,Normal
bgl_35884,Normal
bgl_35885,Normal
bgl_35886,Normal
bgl_35887,Normal
bgl_35888,Normal
bgl_35889,Normal
bgl_35890,Normal
bgl_35891,Normal
bgl_35892,Normal
bgl_35893,Normal
bgl_35894,Normal
bgl_35895,Normal
bgl_35896,Normal
bgl_35897,Normal
bgl_35898,Normal
bgl_35899,Normal
bgl_35900,Normal
bgl_35901,Normal
bgl_35902,Normal
bgl_35903,Normal
bgl_35904,Normal
bgl_35905,Normal
bgl_35906,Normal
bgl_35907,Normal
bgl_35908,Normal
bgl_35909,Normal
bgl_35910,Normal
bgl_35911,Normal
bgl_35912,Normal
bgl_35913,Normal
bgl_35914,Normal
bgl_35915,Normal
bgl_35916,Normal
bgl_35917,Normal
bgl_35918,Normal
bgl_35919,Normal
bgl_35920,Normal
bgl_35921,Normal
bgl_35922,Normal
bgl_35923,Normal
bgl_35924,Normal
bgl_35925,Normal
bgl_35926,Normal
bgl_35927,Normal
bgl_35928,Normal
bgl_35929,Normal
bgl_35930,Normal
bgl_35931,Normal
bgl_35932,Normal
bgl_35933,Normal
bgl_35934,Normal
bgl_35935,Normal
bgl_35936,Normal
bgl_35937,Normal
bgl_35938,Normal
bgl_35939,Normal
bgl_35940,Normal
bgl_35941,Normal
bgl_35942,Normal
bgl_35943,Normal
bgl_35944,Normal
bgl_35945,Normal
bgl_35946,Normal
bgl_35947,Normal
bgl_35948,Normal
bgl_35949,Normal
bgl_35950,Normal
bgl_35951,Normal
bgl_35952,Normal
bgl_35953,Normal
bgl_35954,Normal
bgl_35955,Normal
bgl_35956,Normal
bgl_35957,Normal
bgl_35958,Normal
bgl_35959,Normal
bgl_35960,Normal
bgl_35961,Normal
bgl_35962,Normal
bgl_35963,Normal
bgl_35964,Normal
bgl_35965,Normal
bgl_35966,Normal
bgl_35967,Normal
bgl_35968,Normal
bgl_35969,Normal
bgl_35970,Normal
bgl_35971,Normal
bgl_35972,Normal
bgl_35973,Normal
bgl_35974,Normal
bgl_35975,Normal
bgl_35976,Normal
bgl_35977,Normal
bgl_35978,Normal
bgl_35979,Normal
bgl_35980,Normal
bgl_35981,Normal
bgl_35982,Normal
bgl_35983,Normal
bgl_35984,Normal
bgl_35985,Normal
bgl_35986,Normal
bgl_35987,Normal
bgl_35988,Normal
bgl_35989,Normal
bgl_35990,Normal
bgl_35991,Anomaly
bgl_35992,Anomaly
bgl_35993,Anomaly
bgl_35994,Anomaly
bgl_35995,Anomaly
bgl_35996,Anomaly
bgl_35997,Anomaly
bgl_35998,Anomaly
bgl_35999,Anomaly
bgl_36000,Anomaly
bgl_36001,Anomaly
bgl_36002,Anomaly
bgl_36003,Normal
bgl_36004,Normal
bgl_36005,Normal
bgl_36006,Normal
bgl_36007,Normal
bgl_36008,Normal
bgl_36009,Normal
bgl_36010,Normal
bgl_36011,Normal
bgl_36012,Normal
bgl_36013,Normal
bgl_36014,Anomaly
bgl_36015,Normal
bgl_36016,Normal
bgl_36017,Normal
bgl_36018,Normal
bgl_36019,Normal
bgl_36020,Normal
bgl_36021,Normal
bgl_36022,Normal
bgl_36023,Normal
bgl_36024,Normal
bgl_36025,Normal
bgl_36026,Normal
bgl_36027,Normal
bgl_36028,Normal
bgl_36029,Normal
bgl_36030,Normal
bgl_36031,Normal
bgl_36032,Normal
bgl_36033,Normal
bgl_36034,Normal
bgl_36035,Normal
bgl_36036,Normal
bgl_36037,Normal
bgl_36038,Normal
bgl_36039,Normal
bgl_36040,Normal
bgl_36041,Normal
bgl_36042,Normal
bgl_36043,Normal
bgl_36044,Normal
bgl_36045,Normal
bgl_36046,Normal
bgl_36047,Normal
bgl_36048,Normal
bgl_36049,Normal
bgl_36050,Normal
bgl_36051,Normal
bgl_36052,Normal
bgl_36053,Normal
bgl_36054,Normal
bgl_36055,Normal
bgl_36056,Normal
bgl_36057,Normal
bgl_36058,Normal
bgl_36059,Normal
bgl_36060,Normal
bgl_36061,Normal
bgl_36062,Normal
bgl_36063,Normal
bgl_36064,Normal
bgl_36065,Normal
bgl_36066,Normal
bgl_36067,Normal
bgl_36068,Normal
bgl_36069,Normal
bgl_36070,Normal
bgl_36071,Normal
bgl_36072,Normal
bgl_36073,Normal
bgl_36074,Normal
bgl_36075,Normal
bgl_36076,Normal
bgl_36077,Normal
bgl_36078,Normal
bgl_36079,Normal
bgl_36080,Normal
bgl_36081,Normal
bgl_36082,Normal
bgl_36083,Normal
bgl_36084,Normal
bgl_36085,Normal
bgl_36086,Normal
bgl_36087,Normal
bgl_36088,Normal
bgl_36089,Normal
bgl_36090,Normal
bgl_36091,Normal
bgl_36092,Normal
bgl_36093,Normal
bgl_36094,Normal
bgl_36095,Normal
bgl_36096,Normal
bgl_36097,Normal
bgl_36098,Normal
bgl_36099,Normal
bgl_36100,Normal
bgl_36101,Normal
bgl_36102,Normal
bgl_36103,Normal
bgl_36104,Normal
bgl_36105,Normal
bgl_36106,Normal
bgl_36107,Normal
bgl_36108,Normal
bgl_36109,Normal
bgl_36110,Normal
bgl_36111,Normal
bgl_36112,Normal
bgl_36113,Normal
bgl_36114,Normal
bgl_36115,Normal
bgl_36116,Normal
bgl_36117,Normal
bgl_36118,Normal
bgl_36119,Normal
bgl_36120,Normal
bgl_36121,Normal
bgl_36122,Normal
bgl_36123,Normal
bgl_36124,Normal
bgl_36125,Normal
bgl_36126,Normal
bgl_36127,Normal
bgl_36128,Normal
bgl_36129,Normal
bgl_36130,Normal
bgl_36131,Normal
bgl_36132,Normal
bgl_36133,Normal
bgl_36134,Normal
bgl_36135,Normal
bgl_36136,Normal
bgl_36137,Normal
bgl_36138,Normal
bgl_36139,Normal
bgl_36140,Normal
bgl_36141,Normal
bgl_36142,Normal
bgl_36143,Normal
bgl_36144,Normal
bgl_36145,Normal
bgl_36146,Normal
bgl_36147,Normal
bgl_36148,Normal
bgl_36149,Normal
bgl_36150,Normal
bgl_36151,Normal
bgl_36152,Normal
bgl_36153,Normal
bgl_36154,Normal
bgl_36155,Normal
bgl_36156,Normal
bgl_36157,Normal
bgl_36158,Normal
bgl_36159,Normal
bgl_36160,Normal
bgl_36161,Normal
bgl_36162,Normal
bgl_36163,Normal
bgl_36164,Normal
bgl_36165,Normal
bgl_36166,Normal
bgl_36167,Normal
bgl_36168,Normal
bgl_36169,Normal
bgl_36170,Normal
bgl_36171,Normal
bgl_36172,Normal
bgl_36173,Normal
bgl_36174,Normal
bgl_36175,Normal
bgl_36176,Normal
bgl_36177,Normal
bgl_36178,Normal
bgl_36179,Normal
bgl_36180,Normal
bgl_36181,Normal
bgl_36182,Normal
bgl_36183,Normal
bgl_36184,Anomaly
bgl_36185,Anomaly
bgl_36186,Anomaly
bgl_36187,Anomaly
bgl_36188,Normal
bgl_36189,Normal
bgl_36190,Normal
bgl_36191,Normal
bgl_36192,Normal
bgl_36193,Normal
bgl_36194,Normal
bgl_36195,Normal
bgl_36196,Normal
bgl_36197,Normal
bgl_36198,Normal
bgl_36199,Normal
bgl_36200,Normal
bgl_36201,Normal
bgl_36202,Normal
bgl_36203,Normal
bgl_36204,Normal
bgl_36205,Normal
bgl_36206,Normal
bgl_36207,Normal
bgl_36208,Normal
bgl_36209,Normal
bgl_36210,Normal
bgl_36211,Normal
bgl_36212,Normal
bgl_36213,Normal
bgl_36214,Normal
bgl_36215,Normal
bgl_36216,Normal
bgl_36217,Normal
bgl_36218,Normal
bgl_36219,Normal
bgl_36220,Normal
bgl_36221,Normal
bgl_36222,Anomaly
bgl_36223,Anomaly
bgl_36224,Anomaly
bgl_36225,Normal
bgl_36226,Normal
bgl_36227,Normal
bgl_36228,Normal
bgl_36229,Normal
bgl_36230,Normal
bgl_36231,Normal
bgl_36232,Normal
bgl_36233,Normal
bgl_36234,Normal
bgl_36235,Anomaly
bgl_36236,Normal
bgl_36237,Normal
bgl_36238,Normal
bgl_36239,Normal
bgl_36240,Normal
bgl_36241,Normal
bgl_36242,Normal
bgl_36243,Normal
bgl_36244,Normal
bgl_36245,Normal
bgl_36246,Normal
bgl_36247,Normal
bgl_36248,Normal
bgl_36249,Normal
bgl_36250,Normal
bgl_36251,Normal
bgl_36252,Normal
bgl_36253,Normal
bgl_36254,Normal
bgl_36255,Normal
bgl_36256,Normal
bgl_36257,Normal
bgl_36258,Normal
bgl_36259,Normal
bgl_36260,Normal
bgl_36261,Normal
bgl_36262,Normal
bgl_36263,Normal
bgl_36264,Normal
bgl_36265,Normal
bgl_36266,Normal
bgl_36267,Normal
bgl_36268,Normal
bgl_36269,Normal
bgl_36270,Normal
bgl_36271,Normal
bgl_36272,Normal
bgl_36273,Normal
bgl_36274,Normal
bgl_36275,Normal
bgl_36276,Normal
bgl_36277,Normal
bgl_36278,Normal
bgl_36279,Normal
bgl_36280,Normal
bgl_36281,Normal
bgl_36282,Normal
bgl_36283,Normal
bgl_36284,Normal
bgl_36285,Normal
bgl_36286,Normal
bgl_36287,Normal
bgl_36288,Normal
bgl_36289,Normal
bgl_36290,Normal
bgl_36291,Normal
bgl_36292,Normal
bgl_36293,Normal
bgl_36294,Normal
bgl_36295,Normal
bgl_36296,Normal
bgl_36297,Normal
bgl_36298,Normal
bgl_36299,Normal
bgl_36300,Normal
bgl_36301,Normal
bgl_36302,Normal
bgl_36303,Normal
bgl_36304,Normal
bgl_36305,Normal
bgl_36306,Normal
bgl_36307,Normal
bgl_36308,Normal
bgl_36309,Normal
bgl_36310,Normal
bgl_36311,Normal
bgl_36312,Normal
bgl_36313,Normal
bgl_36314,Normal
bgl_36315,Normal
bgl_36316,Normal
bgl_36317,Normal
bgl_36318,Normal
bgl_36319,Normal
bgl_36320,Normal
bgl_36321,Normal
bgl_36322,Normal
bgl_36323,Normal
bgl_36324,Normal
bgl_36325,Normal
bgl_36326,Normal
bgl_36327,Normal
bgl_36328,Normal
bgl_36329,Normal
bgl_36330,Normal
bgl_36331,Normal
bgl_36332,Normal
bgl_36333,Normal
bgl_36334,Normal
bgl_36335,Normal
bgl_36336,Normal
bgl_36337,Normal
bgl_36338,Normal
bgl_36339,Normal
bgl_36340,Normal
bgl_36341,Normal
bgl_36342,Normal
bgl_36343,Normal
bgl_36344,Normal
bgl_36345,Normal
bgl_36346,Normal
bgl_36347,Normal
bgl_36348,Normal
bgl_36349,Normal
bgl_36350,Normal
bgl_36351,Normal
bgl_36352,Normal
bgl_36353,Anomaly
bgl_36354,Normal
bgl_36355,Anomaly
bgl_36356,Normal
bgl_36357,Anomaly
bgl_36358,Normal
bgl_36359,Normal
bgl_36360,Normal
bgl_36361,Anomaly
bgl_36362,Normal
bgl_36363,Normal
bgl_36364,Anomaly
bgl_36365,Normal
bgl_36366,Anomaly
bgl_36367,Normal
bgl_36368,Normal
bgl_36369,Normal
bgl_36370,Normal
bgl_36371,Normal
bgl_36372,Normal
bgl_36373,Normal
bgl_36374,Normal
bgl_36375,Normal
bgl_36376,Normal
bgl_36377,Normal
bgl_36378,Normal
bgl_36379,Normal
bgl_36380,Normal
bgl_36381,Normal
bgl_36382,Anomaly
bgl_36383,Anomaly
bgl_36384,Normal
bgl_36385,Normal
bgl_36386,Normal
bgl_36387,Normal
bgl_36388,Normal
bgl_36389,Normal
bgl_36390,Anomaly
bgl_36391,Normal
bgl_36392,Anomaly
bgl_36393,Normal
bgl_36394,Normal
bgl_36395,Normal
bgl_36396,Normal
bgl_36397,Normal
bgl_36398,Normal
bgl_36399,Normal
bgl_36400,Normal
bgl_36401,Normal
bgl_36402,Normal
bgl_36403,Normal
bgl_36404,Normal
bgl_36405,Normal
bgl_36406,Normal
bgl_36407,Normal
bgl_36408,Normal
bgl_36409,Normal
bgl_36410,Normal
bgl_36411,Normal
bgl_36412,Normal
bgl_36413,Normal
bgl_36414,Normal
bgl_36415,Normal
bgl_36416,Anomaly
bgl_36417,Anomaly
bgl_36418,Normal
bgl_36419,Anomaly
bgl_36420,Anomaly
bgl_36421,Normal
bgl_36422,Normal
bgl_36423,Normal
bgl_36424,Normal
bgl_36425,Normal
bgl_36426,Normal
bgl_36427,Normal
bgl_36428,Normal
bgl_36429,Normal
bgl_36430,Normal
bgl_36431,Normal
bgl_36432,Normal
bgl_36433,Normal
bgl_36434,Normal
bgl_36435,Normal
bgl_36436,Anomaly
bgl_36437,Anomaly
bgl_36438,Normal
bgl_36439,Normal
bgl_36440,Normal
bgl_36441,Normal
bgl_36442,Normal
bgl_36443,Normal
bgl_36444,Normal
bgl_36445,Normal
bgl_36446,Normal
bgl_36447,Normal
bgl_36448,Normal
bgl_36449,Normal
bgl_36450,Normal
bgl_36451,Normal
bgl_36452,Normal
bgl_36453,Normal
bgl_36454,Normal
bgl_36455,Normal
bgl_36456,Normal
bgl_36457,Normal
bgl_36458,Normal
bgl_36459,Normal
bgl_36460,Normal
bgl_36461,Normal
bgl_36462,Normal
bgl_36463,Normal
bgl_36464,Normal
bgl_36465,Normal
bgl_36466,Anomaly
bgl_36467,Anomaly
bgl_36468,Normal
bgl_36469,Normal
bgl_36470,Normal
bgl_36471,Anomaly
bgl_36472,Normal
bgl_36473,Normal
bgl_36474,Normal
bgl_36475,Normal
bgl_36476,Normal
bgl_36477,Normal
bgl_36478,Normal
bgl_36479,Normal
bgl_36480,Normal
bgl_36481,Normal
bgl_36482,Normal
bgl_36483,Normal
bgl_36484,Normal
bgl_36485,Normal
bgl_36486,Normal
bgl_36487,Normal
bgl_36488,Normal
bgl_36489,Normal
bgl_36490,Normal
bgl_36491,Normal
bgl_36492,Normal
bgl_36493,Normal
bgl_36494,Normal
bgl_36495,Normal
bgl_36496,Normal
bgl_36497,Normal
bgl_36498,Normal
bgl_36499,Normal
bgl_36500,Normal
bgl_36501,Normal
bgl_36502,Normal
bgl_36503,Normal
bgl_36504,Normal
bgl_36505,Normal
bgl_36506,Normal
bgl_36507,Anomaly
bgl_36508,Normal
bgl_36509,Normal
bgl_36510,Normal
bgl_36511,Normal
bgl_36512,Normal
bgl_36513,Normal
bgl_36514,Normal
bgl_36515,Normal
bgl_36516,Normal
bgl_36517,Normal
bgl_36518,Normal
bgl_36519,Normal
bgl_36520,Normal
bgl_36521,Anomaly
bgl_36522,Normal
bgl_36523,Normal
bgl_36524,Normal
bgl_36525,Normal
bgl_36526,Normal
bgl_36527,Normal
bgl_36528,Normal
bgl_36529,Normal
bgl_36530,Normal
bgl_36531,Normal
bgl_36532,Anomaly
bgl_36533,Normal
bgl_36534,Normal
bgl_36535,Normal
bgl_36536,Normal
bgl_36537,Anomaly
bgl_36538,Normal
bgl_36539,Anomaly
bgl_36540,Normal
bgl_36541,Anomaly
bgl_36542,Normal
bgl_36543,Normal
bgl_36544,Anomaly
bgl_36545,Anomaly
bgl_36546,Anomaly
bgl_36547,Anomaly
bgl_36548,Anomaly
bgl_36549,Anomaly
bgl_36550,Anomaly
bgl_36551,Anomaly
bgl_36552,Normal
bgl_36553,Normal
bgl_36554,Normal
bgl_36555,Normal
bgl_36556,Normal
bgl_36557,Normal
bgl_36558,Normal
bgl_36559,Normal
bgl_36560,Anomaly
bgl_36561,Anomaly
bgl_36562,Normal
bgl_36563,Normal
bgl_36564,Normal
bgl_36565,Normal
bgl_36566,Normal
bgl_36567,Normal
bgl_36568,Normal
bgl_36569,Normal
bgl_36570,Normal
bgl_36571,Normal
bgl_36572,Normal
bgl_36573,Normal
bgl_36574,Normal
bgl_36575,Normal
bgl_36576,Normal
bgl_36577,Normal
bgl_36578,Anomaly
bgl_36579,Anomaly
bgl_36580,Anomaly
bgl_36581,Anomaly
bgl_36582,Anomaly
bgl_36583,Anomaly
bgl_36584,Anomaly
bgl_36585,Anomaly
bgl_36586,Anomaly
bgl_36587,Anomaly
bgl_36588,Anomaly
bgl_36589,Anomaly
bgl_36590,Anomaly
bgl_36591,Anomaly
bgl_36592,Anomaly
bgl_36593,Anomaly
bgl_36594,Anomaly
bgl_36595,Anomaly
bgl_36596,Anomaly
bgl_36597,Anomaly
bgl_36598,Anomaly
bgl_36599,Anomaly
bgl_36600,Anomaly
bgl_36601,Anomaly
bgl_36602,Normal
bgl_36603,Anomaly
bgl_36604,Normal
bgl_36605,Normal
bgl_36606,Normal
bgl_36607,Anomaly
bgl_36608,Normal
bgl_36609,Anomaly
bgl_36610,Normal
bgl_36611,Normal
bgl_36612,Normal
bgl_36613,Normal
bgl_36614,Normal
bgl_36615,Normal
bgl_36616,Normal
bgl_36617,Normal
bgl_36618,Normal
bgl_36619,Normal
bgl_36620,Normal
bgl_36621,Normal
bgl_36622,Normal
bgl_36623,Normal
bgl_36624,Normal
bgl_36625,Normal
bgl_36626,Normal
bgl_36627,Normal
bgl_36628,Normal
bgl_36629,Normal
bgl_36630,Normal
bgl_36631,Normal
bgl_36632,Normal
bgl_36633,Normal
bgl_36634,Normal
bgl_36635,Normal
bgl_36636,Normal
bgl_36637,Normal
bgl_36638,Normal
bgl_36639,Anomaly
bgl_36640,Normal
bgl_36641,Normal
bgl_36642,Normal
bgl_36643,Normal
bgl_36644,Normal
bgl_36645,Normal
bgl_36646,Normal
bgl_36647,Normal
bgl_36648,Normal
bgl_36649,Normal
bgl_36650,Normal
bgl_36651,Normal
bgl_36652,Normal
bgl_36653,Normal
bgl_36654,Normal
bgl_36655,Normal
bgl_36656,Normal
bgl_36657,Normal
bgl_36658,Normal
bgl_36659,Normal
bgl_36660,Normal
bgl_36661,Normal
bgl_36662,Normal
bgl_36663,Normal
bgl_36664,Normal
bgl_36665,Normal
bgl_36666,Normal
bgl_36667,Normal
bgl_36668,Normal
bgl_36669,Normal
bgl_36670,Normal
bgl_36671,Normal
bgl_36672,Normal
bgl_36673,Normal
bgl_36674,Normal
bgl_36675,Normal
bgl_36676,Normal
bgl_36677,Normal
bgl_36678,Normal
bgl_36679,Normal
bgl_36680,Normal
bgl_36681,Normal
bgl_36682,Normal
bgl_36683,Normal
bgl_36684,Normal
bgl_36685,Normal
bgl_36686,Normal
bgl_36687,Normal
bgl_36688,Normal
bgl_36689,Normal
bgl_36690,Normal
bgl_36691,Normal
bgl_36692,Normal
bgl_36693,Normal
bgl_36694,Normal
bgl_36695,Normal
bgl_36696,Normal
bgl_36697,Normal
bgl_36698,Normal
bgl_36699,Normal
bgl_36700,Normal
bgl_36701,Normal
bgl_36702,Normal
bgl_36703,Normal
bgl_36704,Normal
bgl_36705,Normal
bgl_36706,Normal
bgl_36707,Normal
bgl_36708,Normal
bgl_36709,Normal
bgl_36710,Normal
bgl_36711,Normal
bgl_36712,Normal
bgl_36713,Normal
bgl_36714,Normal
bgl_36715,Normal
bgl_36716,Anomaly
bgl_36717,Anomaly
bgl_36718,Normal
bgl_36719,Normal
bgl_36720,Normal
bgl_36721,Normal
bgl_36722,Normal
bgl_36723,Normal
bgl_36724,Normal
bgl_36725,Normal
bgl_36726,Normal
bgl_36727,Normal
bgl_36728,Normal
bgl_36729,Normal
bgl_36730,Normal
bgl_36731,Normal
bgl_36732,Normal
bgl_36733,Normal
bgl_36734,Normal
bgl_36735,Normal
bgl_36736,Normal
bgl_36737,Normal
bgl_36738,Normal
bgl_36739,Normal
bgl_36740,Normal
bgl_36741,Normal
bgl_36742,Normal
bgl_36743,Normal
bgl_36744,Normal
bgl_36745,Normal
bgl_36746,Normal
bgl_36747,Normal
bgl_36748,Normal
bgl_36749,Normal
bgl_36750,Normal
bgl_36751,Normal
bgl_36752,Normal
bgl_36753,Normal
bgl_36754,Normal
bgl_36755,Normal
bgl_36756,Normal
bgl_36757,Normal
bgl_36758,Normal
bgl_36759,Normal
bgl_36760,Normal
bgl_36761,Normal
bgl_36762,Normal
bgl_36763,Normal
bgl_36764,Normal
bgl_36765,Normal
bgl_36766,Normal
bgl_36767,Normal
bgl_36768,Normal
bgl_36769,Normal
bgl_36770,Normal
bgl_36771,Normal
bgl_36772,Normal
bgl_36773,Normal
bgl_36774,Normal
bgl_36775,Normal
bgl_36776,Normal
bgl_36777,Normal
bgl_36778,Normal
bgl_36779,Normal
bgl_36780,Normal
bgl_36781,Normal
bgl_36782,Normal
bgl_36783,Normal
bgl_36784,Normal
bgl_36785,Normal
bgl_36786,Normal
bgl_36787,Normal
bgl_36788,Normal
bgl_36789,Normal
bgl_36790,Normal
bgl_36791,Normal
bgl_36792,Normal
bgl_36793,Normal
bgl_36794,Normal
bgl_36795,Normal
bgl_36796,Normal
bgl_36797,Normal
bgl_36798,Normal
bgl_36799,Normal
bgl_36800,Normal
bgl_36801,Normal
bgl_36802,Normal
bgl_36803,Normal
bgl_36804,Normal
bgl_36805,Normal
bgl_36806,Anomaly
bgl_36807,Normal
bgl_36808,Anomaly
bgl_36809,Anomaly
bgl_36810,Normal
bgl_36811,Anomaly
bgl_36812,Normal
bgl_36813,Normal
bgl_36814,Anomaly
bgl_36815,Normal
bgl_36816,Normal
bgl_36817,Anomaly
bgl_36818,Anomaly
bgl_36819,Normal
bgl_36820,Normal
bgl_36821,Normal
bgl_36822,Normal
bgl_36823,Normal
bgl_36824,Normal
bgl_36825,Normal
bgl_36826,Normal
bgl_36827,Normal
bgl_36828,Normal
bgl_36829,Normal
bgl_36830,Normal
bgl_36831,Normal
bgl_36832,Normal
bgl_36833,Normal
bgl_36834,Normal
bgl_36835,Normal
bgl_36836,Normal
bgl_36837,Normal
bgl_36838,Normal
bgl_36839,Normal
bgl_36840,Normal
bgl_36841,Normal
bgl_36842,Normal
bgl_36843,Normal
bgl_36844,Normal
bgl_36845,Normal
bgl_36846,Normal
bgl_36847,Normal
bgl_36848,Normal
bgl_36849,Normal
bgl_36850,Normal
bgl_36851,Normal
bgl_36852,Anomaly
bgl_36853,Normal
bgl_36854,Normal
bgl_36855,Normal
bgl_36856,Normal
bgl_36857,Normal
bgl_36858,Normal
bgl_36859,Normal
bgl_36860,Normal
bgl_36861,Normal
bgl_36862,Normal
bgl_36863,Normal
bgl_36864,Normal
bgl_36865,Normal
bgl_36866,Normal
bgl_36867,Normal
bgl_36868,Normal
bgl_36869,Normal
bgl_36870,Normal
bgl_36871,Normal
bgl_36872,Normal
bgl_36873,Normal
bgl_36874,Normal
bgl_36875,Normal
bgl_36876,Normal
bgl_36877,Normal
bgl_36878,Normal
bgl_36879,Normal
bgl_36880,Normal
bgl_36881,Normal
bgl_36882,Normal
bgl_36883,Normal
bgl_36884,Normal
bgl_36885,Normal
bgl_36886,Normal
bgl_36887,Normal
bgl_36888,Normal
bgl_36889,Normal
bgl_36890,Normal
bgl_36891,Normal
bgl_36892,Normal
bgl_36893,Normal
bgl_36894,Normal
bgl_36895,Normal
bgl_36896,Normal
bgl_36897,Normal
bgl_36898,Normal
bgl_36899,Normal
bgl_36900,Normal
bgl_36901,Normal
bgl_36902,Normal
bgl_36903,Normal
bgl_36904,Normal
bgl_36905,Normal
bgl_36906,Anomaly
bgl_36907,Normal
bgl_36908,Normal
bgl_36909,Normal
bgl_36910,Normal
bgl_36911,Normal
bgl_36912,Normal
bgl_36913,Normal
bgl_36914,Normal
bgl_36915,Normal
bgl_36916,Normal
bgl_36917,Normal
bgl_36918,Normal
bgl_36919,Normal
bgl_36920,Normal
bgl_36921,Normal
bgl_36922,Normal
bgl_36923,Normal
bgl_36924,Normal
bgl_36925,Normal
bgl_36926,Normal
bgl_36927,Normal
bgl_36928,Normal
bgl_36929,Normal
bgl_36930,Normal
bgl_36931,Normal
bgl_36932,Normal
bgl_36933,Normal
bgl_36934,Normal
bgl_36935,Normal
bgl_36936,Normal
bgl_36937,Normal
bgl_36938,Normal
bgl_36939,Normal
bgl_36940,Normal
bgl_36941,Normal
bgl_36942,Normal
bgl_36943,Normal
bgl_36944,Normal
bgl_36945,Normal
bgl_36946,Normal
bgl_36947,Normal
bgl_36948,Normal
bgl_36949,Normal
bgl_36950,Normal
bgl_36951,Normal
bgl_36952,Normal
bgl_36953,Normal
bgl_36954,Normal
bgl_36955,Normal
bgl_36956,Normal
bgl_36957,Normal
bgl_36958,Normal
bgl_36959,Normal
bgl_36960,Normal
bgl_36961,Normal
bgl_36962,Normal
bgl_36963,Normal
bgl_36964,Normal
bgl_36965,Normal
bgl_36966,Normal
bgl_36967,Normal
bgl_36968,Normal
bgl_36969,Normal
bgl_36970,Normal
bgl_36971,Normal
bgl_36972,Normal
bgl_36973,Normal
bgl_36974,Normal
bgl_36975,Normal
bgl_36976,Normal
bgl_36977,Normal
bgl_36978,Normal
bgl_36979,Normal
bgl_36980,Normal
bgl_36981,Normal
bgl_36982,Normal
bgl_36983,Normal
bgl_36984,Normal
bgl_36985,Normal
bgl_36986,Normal
bgl_36987,Normal
bgl_36988,Normal
bgl_36989,Normal
bgl_36990,Normal
bgl_36991,Normal
bgl_36992,Normal
bgl_36993,Normal
bgl_36994,Normal
bgl_36995,Normal
bgl_36996,Normal
bgl_36997,Normal
bgl_36998,Normal
bgl_36999,Normal
bgl_37000,Normal
bgl_37001,Normal
bgl_37002,Normal
bgl_37003,Normal
bgl_37004,Normal
bgl_37005,Normal
bgl_37006,Normal
bgl_37007,Normal
bgl_37008,Normal
bgl_37009,Normal
bgl_37010,Normal
bgl_37011,Normal
bgl_37012,Normal
bgl_37013,Normal
bgl_37014,Normal
bgl_37015,Normal
bgl_37016,Normal
bgl_37017,Normal
bgl_37018,Normal
bgl_37019,Normal
bgl_37020,Normal
bgl_37021,Normal
bgl_37022,Normal
bgl_37023,Normal
bgl_37024,Normal
bgl_37025,Normal
bgl_37026,Normal
bgl_37027,Normal
bgl_37028,Normal
bgl_37029,Normal
bgl_37030,Normal
bgl_37031,Normal
bgl_37032,Normal
bgl_37033,Normal
bgl_37034,Normal
bgl_37035,Normal
bgl_37036,Normal
bgl_37037,Normal
bgl_37038,Normal
bgl_37039,Normal
bgl_37040,Normal
bgl_37041,Normal
bgl_37042,Normal
bgl_37043,Normal
bgl_37044,Normal
bgl_37045,Normal
bgl_37046,Normal
bgl_37047,Normal
bgl_37048,Normal
bgl_37049,Normal
bgl_37050,Normal
bgl_37051,Normal
bgl_37052,Normal
bgl_37053,Normal
bgl_37054,Normal
bgl_37055,Normal
bgl_37056,Normal
bgl_37057,Normal
bgl_37058,Normal
bgl_37059,Normal
bgl_37060,Normal
bgl_37061,Normal
bgl_37062,Normal
bgl_37063,Normal
bgl_37064,Normal
bgl_37065,Normal
bgl_37066,Normal
bgl_37067,Normal
bgl_37068,Normal
bgl_37069,Normal
bgl_37070,Normal
bgl_37071,Normal
bgl_37072,Normal
bgl_37073,Normal
bgl_37074,Normal
bgl_37075,Normal
bgl_37076,Normal
bgl_37077,Normal
bgl_37078,Normal
bgl_37079,Normal
bgl_37080,Normal
bgl_37081,Normal
bgl_37082,Normal
bgl_37083,Normal
bgl_37084,Normal
bgl_37085,Normal
bgl_37086,Normal
bgl_37087,Normal
bgl_37088,Normal
bgl_37089,Normal
bgl_37090,Normal
bgl_37091,Normal
bgl_37092,Normal
bgl_37093,Normal
bgl_37094,Normal
bgl_37095,Normal
bgl_37096,Normal
bgl_37097,Normal
bgl_37098,Normal
bgl_37099,Normal
bgl_37100,Normal
bgl_37101,Normal
bgl_37102,Normal
bgl_37103,Normal
bgl_37104,Normal
bgl_37105,Normal
bgl_37106,Normal
bgl_37107,Normal
bgl_37108,Normal
bgl_37109,Normal
bgl_37110,Normal
bgl_37111,Normal
bgl_37112,Normal
bgl_37113,Normal
bgl_37114,Normal
bgl_37115,Normal
bgl_37116,Normal
bgl_37117,Normal
bgl_37118,Normal
bgl_37119,Normal
bgl_37120,Normal
bgl_37121,Normal
bgl_37122,Normal
bgl_37123,Normal
bgl_37124,Normal
bgl_37125,Normal
bgl_37126,Normal
bgl_37127,Normal
bgl_37128,Normal
bgl_37129,Normal
bgl_37130,Normal
bgl_37131,Normal
bgl_37132,Normal
bgl_37133,Normal
bgl_37134,Normal
bgl_37135,Normal
bgl_37136,Normal
bgl_37137,Normal
bgl_37138,Normal
bgl_37139,Normal
bgl_37140,Normal
bgl_37141,Normal
bgl_37142,Normal
bgl_37143,Normal
bgl_37144,Normal
bgl_37145,Normal
bgl_37146,Normal
bgl_37147,Normal
bgl_37148,Normal
bgl_37149,Normal
bgl_37150,Normal
bgl_37151,Normal
bgl_37152,Normal
bgl_37153,Normal
bgl_37154,Normal
bgl_37155,Normal
bgl_37156,Normal
bgl_37157,Normal
bgl_37158,Normal
bgl_37159,Normal
bgl_37160,Normal
bgl_37161,Normal
bgl_37162,Normal
bgl_37163,Normal
bgl_37164,Normal
bgl_37165,Normal
bgl_37166,Normal
bgl_37167,Normal
bgl_37168,Normal
bgl_37169,Normal
bgl_37170,Normal
bgl_37171,Normal
bgl_37172,Normal
bgl_37173,Normal
bgl_37174,Normal
bgl_37175,Normal
bgl_37176,Normal
bgl_37177,Normal
bgl_37178,Normal
bgl_37179,Normal
bgl_37180,Normal
bgl_37181,Normal
bgl_37182,Normal
bgl_37183,Normal
bgl_37184,Normal
bgl_37185,Normal
bgl_37186,Normal
bgl_37187,Normal
bgl_37188,Normal
bgl_37189,Normal
bgl_37190,Normal
bgl_37191,Normal
bgl_37192,Normal
bgl_37193,Normal
bgl_37194,Normal
bgl_37195,Normal
bgl_37196,Normal
bgl_37197,Normal
bgl_37198,Normal
bgl_37199,Normal
bgl_37200,Normal
bgl_37201,Normal
bgl_37202,Normal
bgl_37203,Normal
bgl_37204,Normal
bgl_37205,Normal
bgl_37206,Normal
bgl_37207,Normal
bgl_37208,Normal
bgl_37209,Normal
bgl_37210,Normal
bgl_37211,Normal
bgl_37212,Normal
bgl_37213,Normal
bgl_37214,Normal
bgl_37215,Normal
bgl_37216,Normal
bgl_37217,Normal
bgl_37218,Normal
bgl_37219,Normal
bgl_37220,Normal
bgl_37221,Normal
bgl_37222,Normal
bgl_37223,Normal
bgl_37224,Normal
bgl_37225,Normal
bgl_37226,Normal
bgl_37227,Normal
bgl_37228,Normal
bgl_37229,Normal
bgl_37230,Normal
bgl_37231,Normal
bgl_37232,Normal
bgl_37233,Normal
bgl_37234,Normal
bgl_37235,Normal
bgl_37236,Normal
bgl_37237,Normal
bgl_37238,Normal
bgl_37239,Normal
bgl_37240,Normal
bgl_37241,Normal
bgl_37242,Normal
bgl_37243,Normal
bgl_37244,Normal
bgl_37245,Normal
bgl_37246,Normal
bgl_37247,Normal
bgl_37248,Normal
bgl_37249,Normal
bgl_37250,Normal
bgl_37251,Normal
bgl_37252,Normal
bgl_37253,Normal
bgl_37254,Normal
bgl_37255,Normal
bgl_37256,Normal
bgl_37257,Normal
bgl_37258,Normal
bgl_37259,Normal
bgl_37260,Normal
bgl_37261,Normal
bgl_37262,Normal
bgl_37263,Normal
bgl_37264,Normal
bgl_37265,Normal
bgl_37266,Normal
bgl_37267,Normal
bgl_37268,Normal
bgl_37269,Normal
bgl_37270,Normal
bgl_37271,Normal
bgl_37272,Normal
bgl_37273,Normal
bgl_37274,Normal
bgl_37275,Normal
bgl_37276,Normal
bgl_37277,Normal
bgl_37278,Normal
bgl_37279,Normal
bgl_37280,Normal
bgl_37281,Normal
bgl_37282,Normal
bgl_37283,Normal
bgl_37284,Normal
bgl_37285,Normal
bgl_37286,Normal
bgl_37287,Normal
bgl_37288,Normal
bgl_37289,Normal
bgl_37290,Normal
bgl_37291,Normal
bgl_37292,Normal
bgl_37293,Normal
bgl_37294,Normal
bgl_37295,Normal
bgl_37296,Normal
bgl_37297,Normal
bgl_37298,Normal
bgl_37299,Normal
bgl_37300,Normal
bgl_37301,Normal
bgl_37302,Normal
bgl_37303,Normal
bgl_37304,Normal
bgl_37305,Normal
bgl_37306,Normal
bgl_37307,Normal
bgl_37308,Normal
bgl_37309,Normal
bgl_37310,Normal
bgl_37311,Normal
bgl_37312,Normal
bgl_37313,Normal
bgl_37314,Normal
bgl_37315,Normal
bgl_37316,Normal
bgl_37317,Normal
bgl_37318,Normal
bgl_37319,Normal
bgl_37320,Normal
bgl_37321,Normal
bgl_37322,Normal
bgl_37323,Normal
bgl_37324,Normal
bgl_37325,Normal
bgl_37326,Normal
bgl_37327,Normal
bgl_37328,Normal
bgl_37329,Normal
bgl_37330,Normal
bgl_37331,Normal
bgl_37332,Normal
bgl_37333,Normal
bgl_37334,Normal
bgl_37335,Normal
bgl_37336,Normal
bgl_37337,Normal
bgl_37338,Normal
bgl_37339,Normal
bgl_37340,Normal
bgl_37341,Normal
bgl_37342,Normal
bgl_37343,Normal
bgl_37344,Normal
bgl_37345,Normal
bgl_37346,Normal
bgl_37347,Normal
bgl_37348,Normal
bgl_37349,Normal
bgl_37350,Normal
bgl_37351,Normal
bgl_37352,Normal
bgl_37353,Normal
bgl_37354,Normal
bgl_37355,Normal
bgl_37356,Normal
bgl_37357,Normal
bgl_37358,Normal
bgl_37359,Normal
bgl_37360,Normal
bgl_37361,Normal
bgl_37362,Normal
bgl_37363,Normal
bgl_37364,Normal
bgl_37365,Normal
bgl_37366,Normal
bgl_37367,Normal
bgl_37368,Normal
bgl_37369,Normal
bgl_37370,Normal
bgl_37371,Normal
bgl_37372,Normal
bgl_37373,Normal
bgl_37374,Normal
bgl_37375,Normal
bgl_37376,Normal
bgl_37377,Normal
bgl_37378,Normal
bgl_37379,Normal
bgl_37380,Normal
bgl_37381,Normal
bgl_37382,Normal
bgl_37383,Normal
bgl_37384,Normal
bgl_37385,Normal
bgl_37386,Normal
bgl_37387,Normal
bgl_37388,Normal
bgl_37389,Normal
bgl_37390,Normal
bgl_37391,Normal
bgl_37392,Normal
bgl_37393,Normal
bgl_37394,Normal
bgl_37395,Normal
bgl_37396,Normal
bgl_37397,Normal
bgl_37398,Normal
bgl_37399,Normal
bgl_37400,Normal
bgl_37401,Normal
bgl_37402,Normal
bgl_37403,Normal
bgl_37404,Normal
bgl_37405,Normal
bgl_37406,Normal
bgl_37407,Normal
bgl_37408,Normal
bgl_37409,Normal
bgl_37410,Normal
bgl_37411,Normal
bgl_37412,Normal
bgl_37413,Normal
bgl_37414,Normal
bgl_37415,Normal
bgl_37416,Normal
bgl_37417,Normal
bgl_37418,Normal
bgl_37419,Normal
bgl_37420,Normal
bgl_37421,Normal
bgl_37422,Normal
bgl_37423,Normal
bgl_37424,Normal
bgl_37425,Normal
bgl_37426,Normal
bgl_37427,Normal
bgl_37428,Normal
bgl_37429,Normal
bgl_37430,Normal
bgl_37431,Normal
bgl_37432,Normal
bgl_37433,Normal
bgl_37434,Normal
bgl_37435,Normal
bgl_37436,Normal
bgl_37437,Normal
bgl_37438,Normal
bgl_37439,Normal
bgl_37440,Normal
bgl_37441,Normal
bgl_37442,Normal
bgl_37443,Normal
bgl_37444,Normal
bgl_37445,Normal
bgl_37446,Normal
bgl_37447,Normal
bgl_37448,Normal
bgl_37449,Normal
bgl_37450,Normal
bgl_37451,Normal
bgl_37452,Normal
bgl_37453,Normal
bgl_37454,Normal
bgl_37455,Normal
bgl_37456,Normal
bgl_37457,Normal
bgl_37458,Normal
bgl_37459,Normal
bgl_37460,Normal
bgl_37461,Normal
bgl_37462,Normal
bgl_37463,Normal
bgl_37464,Normal
bgl_37465,Normal
bgl_37466,Normal
bgl_37467,Normal
bgl_37468,Normal
bgl_37469,Normal
bgl_37470,Normal
bgl_37471,Normal
bgl_37472,Normal
bgl_37473,Normal
bgl_37474,Normal
bgl_37475,Normal
bgl_37476,Normal
bgl_37477,Normal
bgl_37478,Normal
bgl_37479,Normal
bgl_37480,Normal
bgl_37481,Normal
bgl_37482,Normal
bgl_37483,Normal
bgl_37484,Normal
bgl_37485,Normal
bgl_37486,Normal
bgl_37487,Normal
bgl_37488,Normal
bgl_37489,Normal
bgl_37490,Normal
bgl_37491,Normal
bgl_37492,Normal
bgl_37493,Normal
bgl_37494,Normal
bgl_37495,Normal
bgl_37496,Normal
bgl_37497,Normal
bgl_37498,Normal
bgl_37499,Normal
bgl_37500,Normal
bgl_37501,Normal
bgl_37502,Normal
bgl_37503,Normal
bgl_37504,Normal
bgl_37505,Normal
bgl_37506,Normal
bgl_37507,Normal
bgl_37508,Normal
bgl_37509,Normal
bgl_37510,Normal
bgl_37511,Normal
bgl_37512,Normal
bgl_37513,Normal
bgl_37514,Normal
bgl_37515,Normal
bgl_37516,Normal
bgl_37517,Normal
bgl_37518,Normal
bgl_37519,Normal
bgl_37520,Normal
bgl_37521,Normal
bgl_37522,Normal
bgl_37523,Normal
bgl_37524,Normal
bgl_37525,Normal
bgl_37526,Normal
bgl_37527,Normal
bgl_37528,Normal
bgl_37529,Normal
bgl_37530,Normal
bgl_37531,Normal
bgl_37532,Normal
bgl_37533,Normal
bgl_37534,Normal
bgl_37535,Normal
bgl_37536,Normal
bgl_37537,Normal
bgl_37538,Normal
bgl_37539,Normal
bgl_37540,Normal
bgl_37541,Normal
bgl_37542,Normal
bgl_37543,Normal
bgl_37544,Normal
bgl_37545,Normal
bgl_37546,Normal
bgl_37547,Normal
bgl_37548,Normal
bgl_37549,Normal
bgl_37550,Normal
bgl_37551,Normal
bgl_37552,Normal
bgl_37553,Normal
bgl_37554,Normal
bgl_37555,Normal
bgl_37556,Normal
bgl_37557,Normal
bgl_37558,Normal
bgl_37559,Normal
bgl_37560,Normal
bgl_37561,Normal
bgl_37562,Normal
bgl_37563,Normal
bgl_37564,Normal
bgl_37565,Normal
bgl_37566,Normal
bgl_37567,Normal
bgl_37568,Normal
bgl_37569,Normal
bgl_37570,Normal
bgl_37571,Normal
bgl_37572,Normal
bgl_37573,Normal
bgl_37574,Normal
bgl_37575,Normal
bgl_37576,Normal
bgl_37577,Normal
bgl_37578,Normal
bgl_37579,Normal
bgl_37580,Normal
bgl_37581,Normal
bgl_37582,Normal
bgl_37583,Normal
bgl_37584,Normal
bgl_37585,Normal
bgl_37586,Normal
bgl_37587,Normal
bgl_37588,Normal
bgl_37589,Normal
bgl_37590,Normal
bgl_37591,Normal
bgl_37592,Normal
bgl_37593,Normal
bgl_37594,Normal
bgl_37595,Normal
bgl_37596,Normal
bgl_37597,Normal
bgl_37598,Normal
bgl_37599,Normal
bgl_37600,Normal
bgl_37601,Normal
bgl_37602,Normal
bgl_37603,Normal
bgl_37604,Normal
bgl_37605,Normal
bgl_37606,Normal
bgl_37607,Normal
bgl_37608,Normal
bgl_37609,Normal
bgl_37610,Normal
bgl_37611,Normal
bgl_37612,Normal
bgl_37613,Normal
bgl_37614,Normal
bgl_37615,Normal
bgl_37616,Normal
bgl_37617,Normal
bgl_37618,Normal
bgl_37619,Normal
bgl_37620,Normal
bgl_37621,Normal
bgl_37622,Normal
bgl_37623,Normal
bgl_37624,Normal
bgl_37625,Normal
bgl_37626,Normal
bgl_37627,Normal
bgl_37628,Normal
bgl_37629,Normal
bgl_37630,Normal
bgl_37631,Normal
bgl_37632,Normal
bgl_37633,Normal
bgl_37634,Normal
bgl_37635,Normal
bgl_37636,Normal
bgl_37637,Normal
bgl_37638,Normal
bgl_37639,Normal
bgl_37640,Normal
bgl_37641,Normal
bgl_37642,Normal
bgl_37643,Normal
bgl_37644,Normal
bgl_37645,Normal
bgl_37646,Normal
bgl_37647,Normal
bgl_37648,Normal
bgl_37649,Normal
bgl_37650,Normal
bgl_37651,Normal
bgl_37652,Normal
bgl_37653,Normal
bgl_37654,Normal
bgl_37655,Normal
bgl_37656,Normal
bgl_37657,Normal
bgl_37658,Normal
bgl_37659,Normal
bgl_37660,Normal
bgl_37661,Normal
bgl_37662,Normal
bgl_37663,Normal
bgl_37664,Normal
bgl_37665,Normal
bgl_37666,Normal
bgl_37667,Normal
bgl_37668,Normal
bgl_37669,Normal
bgl_37670,Normal
bgl_37671,Normal
bgl_37672,Normal
bgl_37673,Normal
bgl_37674,Normal
bgl_37675,Normal
bgl_37676,Normal
bgl_37677,Normal
bgl_37678,Normal
bgl_37679,Normal
bgl_37680,Normal
bgl_37681,Normal
bgl_37682,Normal
bgl_37683,Normal
bgl_37684,Normal
bgl_37685,Normal
bgl_37686,Normal
bgl_37687,Normal
bgl_37688,Normal
bgl_37689,Normal
bgl_37690,Normal
bgl_37691,Normal
bgl_37692,Normal
bgl_37693,Normal
bgl_37694,Normal
bgl_37695,Normal
bgl_37696,Normal
bgl_37697,Normal
bgl_37698,Normal
bgl_37699,Normal
bgl_37700,Normal
bgl_37701,Normal
bgl_37702,Normal
bgl_37703,Normal
bgl_37704,Normal
bgl_37705,Normal
bgl_37706,Normal
bgl_37707,Normal
bgl_37708,Normal
bgl_37709,Normal
bgl_37710,Normal
bgl_37711,Normal
bgl_37712,Normal
bgl_37713,Normal
bgl_37714,Normal
bgl_37715,Normal
bgl_37716,Normal
bgl_37717,Normal
bgl_37718,Normal
bgl_37719,Normal
bgl_37720,Normal
bgl_37721,Normal
bgl_37722,Normal
bgl_37723,Normal
bgl_37724,Normal
bgl_37725,Normal
bgl_37726,Normal
bgl_37727,Normal
bgl_37728,Normal
bgl_37729,Normal
bgl_37730,Normal
bgl_37731,Normal
bgl_37732,Normal
bgl_37733,Normal
bgl_37734,Normal
bgl_37735,Normal
bgl_37736,Normal
bgl_37737,Normal
bgl_37738,Normal
bgl_37739,Normal
bgl_37740,Normal
bgl_37741,Normal
bgl_37742,Normal
bgl_37743,Normal
bgl_37744,Normal
bgl_37745,Normal
bgl_37746,Normal
bgl_37747,Normal
bgl_37748,Normal
bgl_37749,Normal
bgl_37750,Normal
bgl_37751,Normal
bgl_37752,Normal
bgl_37753,Normal
bgl_37754,Normal
bgl_37755,Normal
bgl_37756,Normal
bgl_37757,Normal
bgl_37758,Normal
bgl_37759,Normal
bgl_37760,Normal
bgl_37761,Normal
bgl_37762,Normal
bgl_37763,Normal
bgl_37764,Normal
bgl_37765,Normal
bgl_37766,Normal
bgl_37767,Normal
bgl_37768,Normal
bgl_37769,Normal
bgl_37770,Normal
bgl_37771,Normal
bgl_37772,Normal
bgl_37773,Normal
bgl_37774,Normal
bgl_37775,Normal
bgl_37776,Normal
bgl_37777,Normal
bgl_37778,Normal
bgl_37779,Normal
bgl_37780,Normal
bgl_37781,Normal
bgl_37782,Normal
bgl_37783,Normal
bgl_37784,Normal
bgl_37785,Normal
bgl_37786,Normal
bgl_37787,Normal
bgl_37788,Normal
bgl_37789,Normal
bgl_37790,Normal
bgl_37791,Normal
bgl_37792,Normal
bgl_37793,Normal
bgl_37794,Normal
bgl_37795,Normal
bgl_37796,Normal
bgl_37797,Normal
bgl_37798,Normal
bgl_37799,Normal
bgl_37800,Normal
bgl_37801,Normal
bgl_37802,Normal
bgl_37803,Normal
bgl_37804,Normal
bgl_37805,Normal
bgl_37806,Normal
bgl_37807,Normal
bgl_37808,Normal
bgl_37809,Normal
bgl_37810,Normal
bgl_37811,Normal
bgl_37812,Normal
bgl_37813,Normal
bgl_37814,Normal
bgl_37815,Normal
bgl_37816,Normal
bgl_37817,Normal
bgl_37818,Normal
bgl_37819,Normal
bgl_37820,Normal
bgl_37821,Normal
bgl_37822,Normal
bgl_37823,Normal
bgl_37824,Normal
bgl_37825,Normal
bgl_37826,Normal
bgl_37827,Normal
bgl_37828,Normal
bgl_37829,Normal
bgl_37830,Normal
bgl_37831,Normal
bgl_37832,Normal
bgl_37833,Normal
bgl_37834,Normal
bgl_37835,Normal
bgl_37836,Normal
bgl_37837,Normal
bgl_37838,Normal
bgl_37839,Normal
bgl_37840,Normal
bgl_37841,Normal
bgl_37842,Normal
bgl_37843,Normal
bgl_37844,Normal
bgl_37845,Normal
bgl_37846,Normal
bgl_37847,Normal
bgl_37848,Normal
bgl_37849,Normal
bgl_37850,Normal
bgl_37851,Normal
bgl_37852,Normal
bgl_37853,Normal
bgl_37854,Normal
bgl_37855,Normal
bgl_37856,Normal
bgl_37857,Normal
bgl_37858,Normal
bgl_37859,Normal
bgl_37860,Normal
bgl_37861,Normal
bgl_37862,Normal
bgl_37863,Normal
bgl_37864,Normal
bgl_37865,Normal
bgl_37866,Normal
bgl_37867,Normal
bgl_37868,Normal
bgl_37869,Normal
bgl_37870,Normal
bgl_37871,Normal
bgl_37872,Normal
bgl_37873,Normal
bgl_37874,Normal
bgl_37875,Normal
bgl_37876,Normal
bgl_37877,Normal
bgl_37878,Normal
bgl_37879,Normal
bgl_37880,Normal
bgl_37881,Normal
bgl_37882,Normal
bgl_37883,Normal
bgl_37884,Normal
bgl_37885,Normal
bgl_37886,Normal
bgl_37887,Normal
bgl_37888,Normal
bgl_37889,Normal
bgl_37890,Normal
bgl_37891,Normal
bgl_37892,Normal
bgl_37893,Normal
bgl_37894,Normal
bgl_37895,Normal
bgl_37896,Normal
bgl_37897,Normal
bgl_37898,Normal
bgl_37899,Normal
bgl_37900,Normal
bgl_37901,Normal
bgl_37902,Normal
bgl_37903,Normal
bgl_37904,Normal
bgl_37905,Normal
bgl_37906,Normal
bgl_37907,Normal
bgl_37908,Normal
bgl_37909,Normal
bgl_37910,Normal
bgl_37911,Normal
bgl_37912,Normal
bgl_37913,Normal
bgl_37914,Normal
bgl_37915,Normal
bgl_37916,Normal
bgl_37917,Normal
bgl_37918,Normal
bgl_37919,Normal
bgl_37920,Normal
bgl_37921,Normal
bgl_37922,Normal
bgl_37923,Normal
bgl_37924,Normal
bgl_37925,Normal
bgl_37926,Normal
bgl_37927,Normal
bgl_37928,Normal
bgl_37929,Normal
bgl_37930,Normal
bgl_37931,Normal
bgl_37932,Normal
bgl_37933,Normal
bgl_37934,Normal
bgl_37935,Normal
bgl_37936,Normal
bgl_37937,Normal
bgl_37938,Normal
bgl_37939,Normal
bgl_37940,Normal
bgl_37941,Normal
bgl_37942,Normal
bgl_37943,Normal
bgl_37944,Normal
bgl_37945,Normal
bgl_37946,Normal
bgl_37947,Normal
bgl_37948,Normal
bgl_37949,Normal
bgl_37950,Normal
bgl_37951,Normal
bgl_37952,Normal
bgl_37953,Normal
bgl_37954,Normal
bgl_37955,Normal
bgl_37956,Normal
bgl_37957,Normal
bgl_37958,Normal
bgl_37959,Normal
bgl_37960,Normal
bgl_37961,Normal
bgl_37962,Normal
bgl_37963,Normal
bgl_37964,Normal
bgl_37965,Normal
bgl_37966,Normal
bgl_37967,Normal
bgl_37968,Normal
bgl_37969,Normal
bgl_37970,Normal
bgl_37971,Normal
bgl_37972,Normal
bgl_37973,Normal
bgl_37974,Normal
bgl_37975,Normal
bgl_37976,Normal
bgl_37977,Normal
bgl_37978,Normal
bgl_37979,Normal
bgl_37980,Normal
bgl_37981,Normal
bgl_37982,Normal
bgl_37983,Normal
bgl_37984,Normal
bgl_37985,Normal
bgl_37986,Normal
bgl_37987,Normal
bgl_37988,Normal
bgl_37989,Normal
bgl_37990,Normal
bgl_37991,Normal
bgl_37992,Normal
bgl_37993,Normal
bgl_37994,Normal
bgl_37995,Normal
bgl_37996,Normal
bgl_37997,Normal
bgl_37998,Normal
bgl_37999,Normal
bgl_38000,Normal
bgl_38001,Normal
bgl_38002,Normal
bgl_38003,Normal
bgl_38004,Normal
bgl_38005,Normal
bgl_38006,Normal
bgl_38007,Normal
bgl_38008,Normal
bgl_38009,Normal
bgl_38010,Normal
bgl_38011,Normal
bgl_38012,Normal
bgl_38013,Normal
bgl_38014,Normal
bgl_38015,Normal
bgl_38016,Normal
bgl_38017,Normal
bgl_38018,Normal
bgl_38019,Normal
bgl_38020,Normal
bgl_38021,Normal
bgl_38022,Normal
bgl_38023,Normal
bgl_38024,Normal
bgl_38025,Normal
bgl_38026,Normal
bgl_38027,Normal
bgl_38028,Normal
bgl_38029,Normal
bgl_38030,Normal
bgl_38031,Normal
bgl_38032,Normal
bgl_38033,Normal
bgl_38034,Normal
bgl_38035,Normal
bgl_38036,Normal
bgl_38037,Normal
bgl_38038,Normal
bgl_38039,Normal
bgl_38040,Normal
bgl_38041,Normal
bgl_38042,Normal
bgl_38043,Normal
bgl_38044,Normal
bgl_38045,Normal
bgl_38046,Normal
bgl_38047,Normal
bgl_38048,Normal
bgl_38049,Normal
bgl_38050,Normal
bgl_38051,Normal
bgl_38052,Normal
bgl_38053,Normal
bgl_38054,Normal
bgl_38055,Normal
bgl_38056,Normal
bgl_38057,Normal
bgl_38058,Normal
bgl_38059,Normal
bgl_38060,Normal
bgl_38061,Normal
bgl_38062,Normal
bgl_38063,Normal
bgl_38064,Normal
bgl_38065,Normal
bgl_38066,Normal
bgl_38067,Normal
bgl_38068,Normal
bgl_38069,Normal
bgl_38070,Normal
bgl_38071,Normal
bgl_38072,Normal
bgl_38073,Normal
bgl_38074,Normal
bgl_38075,Normal
bgl_38076,Normal
bgl_38077,Normal
bgl_38078,Normal
bgl_38079,Normal
bgl_38080,Normal
bgl_38081,Normal
bgl_38082,Normal
bgl_38083,Normal
bgl_38084,Normal
bgl_38085,Normal
bgl_38086,Normal
bgl_38087,Normal
bgl_38088,Normal
bgl_38089,Normal
bgl_38090,Normal
bgl_38091,Normal
bgl_38092,Normal
bgl_38093,Normal
bgl_38094,Normal
bgl_38095,Normal
bgl_38096,Normal
bgl_38097,Normal
bgl_38098,Normal
bgl_38099,Normal
bgl_38100,Normal
bgl_38101,Normal
bgl_38102,Normal
bgl_38103,Normal
bgl_38104,Normal
bgl_38105,Normal
bgl_38106,Normal
bgl_38107,Normal
bgl_38108,Normal
bgl_38109,Normal
bgl_38110,Normal
bgl_38111,Normal
bgl_38112,Normal
bgl_38113,Normal
bgl_38114,Normal
bgl_38115,Normal
bgl_38116,Normal
bgl_38117,Normal
bgl_38118,Normal
bgl_38119,Normal
bgl_38120,Normal
bgl_38121,Normal
bgl_38122,Normal
bgl_38123,Normal
bgl_38124,Normal
bgl_38125,Normal
bgl_38126,Normal
bgl_38127,Normal
bgl_38128,Normal
bgl_38129,Normal
bgl_38130,Normal
bgl_38131,Normal
bgl_38132,Normal
bgl_38133,Normal
bgl_38134,Normal
bgl_38135,Normal
bgl_38136,Normal
bgl_38137,Normal
bgl_38138,Normal
bgl_38139,Normal
bgl_38140,Normal
bgl_38141,Normal
bgl_38142,Normal
bgl_38143,Normal
bgl_38144,Normal
bgl_38145,Normal
bgl_38146,Normal
bgl_38147,Normal
bgl_38148,Normal
bgl_38149,Normal
bgl_38150,Normal
bgl_38151,Normal
bgl_38152,Normal
bgl_38153,Normal
bgl_38154,Normal
bgl_38155,Normal
bgl_38156,Normal
bgl_38157,Normal
bgl_38158,Normal
bgl_38159,Normal
bgl_38160,Normal
bgl_38161,Normal
bgl_38162,Normal
bgl_38163,Normal
bgl_38164,Normal
bgl_38165,Normal
bgl_38166,Normal
bgl_38167,Normal
bgl_38168,Normal
bgl_38169,Normal
bgl_38170,Normal
bgl_38171,Normal
bgl_38172,Normal
bgl_38173,Normal
bgl_38174,Normal
bgl_38175,Normal
bgl_38176,Normal
bgl_38177,Normal
bgl_38178,Normal
bgl_38179,Normal
bgl_38180,Normal
bgl_38181,Normal
bgl_38182,Normal
bgl_38183,Normal
bgl_38184,Normal
bgl_38185,Normal
bgl_38186,Normal
bgl_38187,Normal
bgl_38188,Normal
bgl_38189,Normal
bgl_38190,Normal
bgl_38191,Normal
bgl_38192,Normal
bgl_38193,Normal
bgl_38194,Normal
bgl_38195,Normal
bgl_38196,Normal
bgl_38197,Normal
bgl_38198,Normal
bgl_38199,Normal
bgl_38200,Normal
bgl_38201,Normal
bgl_38202,Normal
bgl_38203,Normal
bgl_38204,Normal
bgl_38205,Normal
bgl_38206,Normal
bgl_38207,Normal
bgl_38208,Normal
bgl_38209,Normal
bgl_38210,Normal
bgl_38211,Normal
bgl_38212,Normal
bgl_38213,Normal
bgl_38214,Normal
bgl_38215,Normal
bgl_38216,Normal
bgl_38217,Normal
bgl_38218,Normal
bgl_38219,Normal
bgl_38220,Normal
bgl_38221,Normal
bgl_38222,Normal
bgl_38223,Normal
bgl_38224,Normal
bgl_38225,Normal
bgl_38226,Normal
bgl_38227,Normal
bgl_38228,Normal
bgl_38229,Normal
bgl_38230,Normal
bgl_38231,Normal
bgl_38232,Normal
bgl_38233,Normal
bgl_38234,Normal
bgl_38235,Normal
bgl_38236,Normal
bgl_38237,Normal
bgl_38238,Normal
bgl_38239,Normal
bgl_38240,Normal
bgl_38241,Normal
bgl_38242,Normal
bgl_38243,Normal
bgl_38244,Normal
bgl_38245,Normal
bgl_38246,Normal
bgl_38247,Normal
bgl_38248,Normal
bgl_38249,Normal
bgl_38250,Normal
bgl_38251,Normal
bgl_38252,Normal
bgl_38253,Normal
bgl_38254,Normal
bgl_38255,Normal
bgl_38256,Normal
bgl_38257,Normal
bgl_38258,Normal
bgl_38259,Normal
bgl_38260,Normal
bgl_38261,Normal
bgl_38262,Normal
bgl_38263,Normal
bgl_38264,Normal
bgl_38265,Normal
bgl_38266,Normal
bgl_38267,Normal
bgl_38268,Normal
bgl_38269,Normal
bgl_38270,Normal
bgl_38271,Normal
bgl_38272,Normal
bgl_38273,Normal
bgl_38274,Normal
bgl_38275,Normal
bgl_38276,Normal
bgl_38277,Normal
bgl_38278,Normal
bgl_38279,Normal
bgl_38280,Normal
bgl_38281,Normal
bgl_38282,Normal
bgl_38283,Normal
bgl_38284,Normal
bgl_38285,Normal
bgl_38286,Normal
bgl_38287,Normal
bgl_38288,Normal
bgl_38289,Normal
bgl_38290,Normal
bgl_38291,Normal
bgl_38292,Normal
bgl_38293,Normal
bgl_38294,Normal
bgl_38295,Normal
bgl_38296,Normal
bgl_38297,Normal
bgl_38298,Normal
bgl_38299,Normal
bgl_38300,Normal
bgl_38301,Normal
bgl_38302,Normal
bgl_38303,Normal
bgl_38304,Normal
bgl_38305,Normal
bgl_38306,Normal
bgl_38307,Normal
bgl_38308,Normal
bgl_38309,Normal
bgl_38310,Normal
bgl_38311,Normal
bgl_38312,Normal
bgl_38313,Normal
bgl_38314,Normal
bgl_38315,Normal
bgl_38316,Normal
bgl_38317,Normal
bgl_38318,Normal
bgl_38319,Normal
bgl_38320,Normal
bgl_38321,Normal
bgl_38322,Normal
bgl_38323,Normal
bgl_38324,Normal
bgl_38325,Normal
bgl_38326,Normal
bgl_38327,Normal
bgl_38328,Normal
bgl_38329,Normal
bgl_38330,Normal
bgl_38331,Normal
bgl_38332,Normal
bgl_38333,Normal
bgl_38334,Normal
bgl_38335,Normal
bgl_38336,Normal
bgl_38337,Normal
bgl_38338,Normal
bgl_38339,Normal
bgl_38340,Normal
bgl_38341,Normal
bgl_38342,Normal
bgl_38343,Normal
bgl_38344,Normal
bgl_38345,Normal
bgl_38346,Normal
bgl_38347,Normal
bgl_38348,Normal
bgl_38349,Normal
bgl_38350,Normal
bgl_38351,Normal
bgl_38352,Normal
bgl_38353,Normal
bgl_38354,Normal
bgl_38355,Normal
bgl_38356,Normal
bgl_38357,Normal
bgl_38358,Normal
bgl_38359,Normal
bgl_38360,Normal
bgl_38361,Normal
bgl_38362,Normal
bgl_38363,Normal
bgl_38364,Normal
bgl_38365,Normal
bgl_38366,Normal
bgl_38367,Normal
bgl_38368,Normal
bgl_38369,Normal
bgl_38370,Normal
bgl_38371,Normal
bgl_38372,Normal
bgl_38373,Normal
bgl_38374,Normal
bgl_38375,Normal
bgl_38376,Normal
bgl_38377,Normal
bgl_38378,Normal
bgl_38379,Normal
bgl_38380,Normal
bgl_38381,Normal
bgl_38382,Normal
bgl_38383,Normal
bgl_38384,Normal
bgl_38385,Normal
bgl_38386,Normal
bgl_38387,Normal
bgl_38388,Normal
bgl_38389,Normal
bgl_38390,Normal
bgl_38391,Normal
bgl_38392,Normal
bgl_38393,Normal
bgl_38394,Normal
bgl_38395,Normal
bgl_38396,Normal
bgl_38397,Normal
bgl_38398,Normal
bgl_38399,Normal
bgl_38400,Normal
bgl_38401,Normal
bgl_38402,Normal
bgl_38403,Normal
bgl_38404,Normal
bgl_38405,Normal
bgl_38406,Normal
bgl_38407,Normal
bgl_38408,Normal
bgl_38409,Normal
bgl_38410,Normal
bgl_38411,Normal
bgl_38412,Normal
bgl_38413,Normal
bgl_38414,Normal
bgl_38415,Normal
bgl_38416,Normal
bgl_38417,Normal
bgl_38418,Normal
bgl_38419,Normal
bgl_38420,Normal
bgl_38421,Normal
bgl_38422,Normal
bgl_38423,Normal
bgl_38424,Normal
bgl_38425,Normal
bgl_38426,Normal
bgl_38427,Normal
bgl_38428,Normal
bgl_38429,Normal
bgl_38430,Normal
bgl_38431,Normal
bgl_38432,Normal
bgl_38433,Normal
bgl_38434,Normal
bgl_38435,Normal
bgl_38436,Normal
bgl_38437,Normal
bgl_38438,Normal
bgl_38439,Normal
bgl_38440,Normal
bgl_38441,Normal
bgl_38442,Normal
bgl_38443,Normal
bgl_38444,Normal
bgl_38445,Normal
bgl_38446,Normal
bgl_38447,Normal
bgl_38448,Normal
bgl_38449,Normal
bgl_38450,Normal
bgl_38451,Normal
bgl_38452,Normal
bgl_38453,Normal
bgl_38454,Normal
bgl_38455,Normal
bgl_38456,Normal
bgl_38457,Normal
bgl_38458,Normal
bgl_38459,Normal
bgl_38460,Normal
bgl_38461,Normal
bgl_38462,Normal
bgl_38463,Normal
bgl_38464,Normal
bgl_38465,Normal
bgl_38466,Normal
bgl_38467,Normal
bgl_38468,Normal
bgl_38469,Normal
bgl_38470,Normal
bgl_38471,Normal
bgl_38472,Normal
bgl_38473,Normal
bgl_38474,Normal
bgl_38475,Normal
bgl_38476,Normal
bgl_38477,Normal
bgl_38478,Normal
bgl_38479,Normal
bgl_38480,Normal
bgl_38481,Normal
bgl_38482,Normal
bgl_38483,Normal
bgl_38484,Normal
bgl_38485,Normal
bgl_38486,Normal
bgl_38487,Normal
bgl_38488,Normal
bgl_38489,Normal
bgl_38490,Normal
bgl_38491,Normal
bgl_38492,Normal
bgl_38493,Normal
bgl_38494,Normal
bgl_38495,Normal
bgl_38496,Normal
bgl_38497,Normal
bgl_38498,Normal
bgl_38499,Normal
bgl_38500,Normal
bgl_38501,Normal
bgl_38502,Normal
bgl_38503,Normal
bgl_38504,Normal
bgl_38505,Normal
bgl_38506,Normal
bgl_38507,Normal
bgl_38508,Normal
bgl_38509,Normal
bgl_38510,Normal
bgl_38511,Normal
bgl_38512,Normal
bgl_38513,Normal
bgl_38514,Normal
bgl_38515,Normal
bgl_38516,Normal
bgl_38517,Normal
bgl_38518,Normal
bgl_38519,Normal
bgl_38520,Normal
bgl_38521,Normal
bgl_38522,Normal
bgl_38523,Normal
bgl_38524,Normal
bgl_38525,Normal
bgl_38526,Normal
bgl_38527,Normal
bgl_38528,Normal
bgl_38529,Normal
bgl_38530,Normal
bgl_38531,Normal
bgl_38532,Normal
bgl_38533,Normal
bgl_38534,Normal
bgl_38535,Normal
bgl_38536,Normal
bgl_38537,Normal
bgl_38538,Normal
bgl_38539,Normal
bgl_38540,Normal
bgl_38541,Normal
bgl_38542,Normal
bgl_38543,Normal
bgl_38544,Normal
bgl_38545,Normal
bgl_38546,Normal
bgl_38547,Normal
bgl_38548,Normal
bgl_38549,Normal
bgl_38550,Normal
bgl_38551,Normal
bgl_38552,Normal
bgl_38553,Normal
bgl_38554,Normal
bgl_38555,Normal
bgl_38556,Normal
bgl_38557,Normal
bgl_38558,Normal
bgl_38559,Normal
bgl_38560,Normal
bgl_38561,Normal
bgl_38562,Normal
bgl_38563,Normal
bgl_38564,Normal
bgl_38565,Normal
bgl_38566,Normal
bgl_38567,Normal
bgl_38568,Normal
bgl_38569,Normal
bgl_38570,Normal
bgl_38571,Normal
bgl_38572,Normal
bgl_38573,Normal
bgl_38574,Normal
bgl_38575,Normal
bgl_38576,Normal
bgl_38577,Normal
bgl_38578,Normal
bgl_38579,Normal
bgl_38580,Normal
bgl_38581,Normal
bgl_38582,Normal
bgl_38583,Normal
bgl_38584,Normal
bgl_38585,Normal
bgl_38586,Normal
bgl_38587,Normal
bgl_38588,Normal
bgl_38589,Normal
bgl_38590,Normal
bgl_38591,Normal
bgl_38592,Normal
bgl_38593,Normal
bgl_38594,Normal
bgl_38595,Normal
bgl_38596,Normal
bgl_38597,Normal
bgl_38598,Normal
bgl_38599,Normal
bgl_38600,Normal
bgl_38601,Normal
bgl_38602,Normal
bgl_38603,Normal
bgl_38604,Normal
bgl_38605,Normal
bgl_38606,Normal
bgl_38607,Normal
bgl_38608,Normal
bgl_38609,Normal
bgl_38610,Normal
bgl_38611,Normal
bgl_38612,Normal
bgl_38613,Normal
bgl_38614,Normal
bgl_38615,Normal
bgl_38616,Normal
bgl_38617,Normal
bgl_38618,Normal
bgl_38619,Normal
bgl_38620,Normal
bgl_38621,Normal
bgl_38622,Normal
bgl_38623,Normal
bgl_38624,Normal
bgl_38625,Normal
bgl_38626,Normal
bgl_38627,Normal
bgl_38628,Normal
bgl_38629,Normal
bgl_38630,Normal
bgl_38631,Normal
bgl_38632,Normal
bgl_38633,Normal
bgl_38634,Normal
bgl_38635,Normal
bgl_38636,Normal
bgl_38637,Normal
bgl_38638,Normal
bgl_38639,Normal
bgl_38640,Normal
bgl_38641,Normal
bgl_38642,Normal
bgl_38643,Normal
bgl_38644,Normal
bgl_38645,Normal
bgl_38646,Normal
bgl_38647,Normal
bgl_38648,Normal
bgl_38649,Normal
bgl_38650,Normal
bgl_38651,Normal
bgl_38652,Normal
bgl_38653,Normal
bgl_38654,Normal
bgl_38655,Normal
bgl_38656,Normal
bgl_38657,Normal
bgl_38658,Normal
bgl_38659,Normal
bgl_38660,Normal
bgl_38661,Normal
bgl_38662,Normal
bgl_38663,Normal
bgl_38664,Normal
bgl_38665,Normal
bgl_38666,Normal
bgl_38667,Normal
bgl_38668,Normal
bgl_38669,Normal
bgl_38670,Normal
bgl_38671,Normal
bgl_38672,Normal
bgl_38673,Normal
bgl_38674,Normal
bgl_38675,Normal
bgl_38676,Normal
bgl_38677,Normal
bgl_38678,Normal
bgl_38679,Normal
bgl_38680,Normal
bgl_38681,Normal
bgl_38682,Normal
bgl_38683,Normal
bgl_38684,Normal
bgl_38685,Normal
bgl_38686,Normal
bgl_38687,Normal
bgl_38688,Normal
bgl_38689,Normal
bgl_38690,Normal
bgl_38691,Normal
bgl_38692,Normal
bgl_38693,Normal
bgl_38694,Normal
bgl_38695,Normal
bgl_38696,Normal
bgl_38697,Normal
bgl_38698,Normal
bgl_38699,Normal
bgl_38700,Normal
bgl_38701,Normal
bgl_38702,Normal
bgl_38703,Normal
bgl_38704,Normal
bgl_38705,Normal
bgl_38706,Normal
bgl_38707,Normal
bgl_38708,Normal
bgl_38709,Normal
bgl_38710,Normal
bgl_38711,Normal
bgl_38712,Normal
bgl_38713,Normal
bgl_38714,Normal
bgl_38715,Normal
bgl_38716,Normal
bgl_38717,Normal
bgl_38718,Normal
bgl_38719,Normal
bgl_38720,Normal
bgl_38721,Normal
bgl_38722,Normal
bgl_38723,Normal
bgl_38724,Normal
bgl_38725,Normal
bgl_38726,Normal
bgl_38727,Normal
bgl_38728,Normal
bgl_38729,Normal
bgl_38730,Normal
bgl_38731,Normal
bgl_38732,Normal
bgl_38733,Normal
bgl_38734,Normal
bgl_38735,Normal
bgl_38736,Normal
bgl_38737,Normal
bgl_38738,Normal
bgl_38739,Normal
bgl_38740,Normal
bgl_38741,Normal
bgl_38742,Normal
bgl_38743,Normal
bgl_38744,Normal
bgl_38745,Normal
bgl_38746,Normal
bgl_38747,Normal
bgl_38748,Normal
bgl_38749,Normal
bgl_38750,Normal
bgl_38751,Normal
bgl_38752,Normal
bgl_38753,Normal
bgl_38754,Normal
bgl_38755,Normal
bgl_38756,Normal
bgl_38757,Normal
bgl_38758,Normal
bgl_38759,Normal
bgl_38760,Normal
bgl_38761,Normal
bgl_38762,Normal
bgl_38763,Normal
bgl_38764,Normal
bgl_38765,Normal
bgl_38766,Normal
bgl_38767,Normal
bgl_38768,Normal
bgl_38769,Normal
bgl_38770,Normal
bgl_38771,Normal
bgl_38772,Normal
bgl_38773,Normal
bgl_38774,Normal
bgl_38775,Normal
bgl_38776,Normal
bgl_38777,Normal
bgl_38778,Normal
bgl_38779,Normal
bgl_38780,Normal
bgl_38781,Normal
bgl_38782,Normal
bgl_38783,Normal
bgl_38784,Normal
bgl_38785,Normal
bgl_38786,Normal
bgl_38787,Normal
bgl_38788,Normal
bgl_38789,Normal
bgl_38790,Normal
bgl_38791,Normal
bgl_38792,Normal
bgl_38793,Normal
bgl_38794,Normal
bgl_38795,Normal
bgl_38796,Normal
bgl_38797,Normal
bgl_38798,Normal
bgl_38799,Normal
bgl_38800,Normal
bgl_38801,Normal
bgl_38802,Normal
bgl_38803,Normal
bgl_38804,Normal
bgl_38805,Normal
bgl_38806,Normal
bgl_38807,Normal
bgl_38808,Normal
bgl_38809,Normal
bgl_38810,Normal
bgl_38811,Normal
bgl_38812,Normal
bgl_38813,Normal
bgl_38814,Normal
bgl_38815,Normal
bgl_38816,Normal
bgl_38817,Normal
bgl_38818,Normal
bgl_38819,Normal
bgl_38820,Normal
bgl_38821,Normal
bgl_38822,Normal
bgl_38823,Normal
bgl_38824,Normal
bgl_38825,Normal
bgl_38826,Normal
bgl_38827,Normal
bgl_38828,Normal
bgl_38829,Normal
bgl_38830,Normal
bgl_38831,Normal
bgl_38832,Normal
bgl_38833,Normal
bgl_38834,Normal
bgl_38835,Normal
bgl_38836,Normal
bgl_38837,Normal
bgl_38838,Normal
bgl_38839,Normal
bgl_38840,Normal
bgl_38841,Normal
bgl_38842,Normal
bgl_38843,Normal
bgl_38844,Normal
bgl_38845,Normal
bgl_38846,Normal
bgl_38847,Normal
bgl_38848,Normal
bgl_38849,Anomaly
bgl_38850,Normal
bgl_38851,Normal
bgl_38852,Normal
bgl_38853,Normal
bgl_38854,Normal
bgl_38855,Normal
bgl_38856,Normal
bgl_38857,Normal
bgl_38858,Normal
bgl_38859,Normal
bgl_38860,Normal
bgl_38861,Normal
bgl_38862,Normal
bgl_38863,Normal
bgl_38864,Normal
bgl_38865,Normal
bgl_38866,Normal
bgl_38867,Normal
bgl_38868,Normal
bgl_38869,Normal
bgl_38870,Normal
bgl_38871,Normal
bgl_38872,Normal
bgl_38873,Normal
bgl_38874,Normal
bgl_38875,Normal
bgl_38876,Normal
bgl_38877,Normal
bgl_38878,Normal
bgl_38879,Normal
bgl_38880,Normal
bgl_38881,Normal
bgl_38882,Normal
bgl_38883,Normal
bgl_38884,Normal
bgl_38885,Normal
bgl_38886,Normal
bgl_38887,Normal
bgl_38888,Normal
bgl_38889,Normal
bgl_38890,Normal
bgl_38891,Normal
bgl_38892,Normal
bgl_38893,Normal
bgl_38894,Normal
bgl_38895,Normal
bgl_38896,Normal
bgl_38897,Normal
bgl_38898,Normal
bgl_38899,Normal
bgl_38900,Normal
bgl_38901,Normal
bgl_38902,Normal
bgl_38903,Normal
bgl_38904,Normal
bgl_38905,Normal
bgl_38906,Normal
bgl_38907,Normal
bgl_38908,Normal
bgl_38909,Normal
bgl_38910,Normal
bgl_38911,Normal
bgl_38912,Normal
bgl_38913,Normal
bgl_38914,Normal
bgl_38915,Normal
bgl_38916,Normal
bgl_38917,Normal
bgl_38918,Normal
bgl_38919,Normal
bgl_38920,Normal
bgl_38921,Normal
bgl_38922,Normal
bgl_38923,Normal
bgl_38924,Normal
bgl_38925,Normal
bgl_38926,Normal
bgl_38927,Normal
bgl_38928,Normal
bgl_38929,Normal
bgl_38930,Normal
bgl_38931,Normal
bgl_38932,Normal
bgl_38933,Normal
bgl_38934,Normal
bgl_38935,Normal
bgl_38936,Normal
bgl_38937,Normal
bgl_38938,Normal
bgl_38939,Normal
bgl_38940,Normal
bgl_38941,Normal
bgl_38942,Normal
bgl_38943,Normal
bgl_38944,Normal
bgl_38945,Normal
bgl_38946,Normal
bgl_38947,Normal
bgl_38948,Normal
bgl_38949,Normal
bgl_38950,Normal
bgl_38951,Normal
bgl_38952,Normal
bgl_38953,Normal
bgl_38954,Normal
bgl_38955,Normal
bgl_38956,Normal
bgl_38957,Normal
bgl_38958,Normal
bgl_38959,Normal
bgl_38960,Normal
bgl_38961,Normal
bgl_38962,Normal
bgl_38963,Normal
bgl_38964,Normal
bgl_38965,Normal
bgl_38966,Normal
bgl_38967,Normal
bgl_38968,Normal
bgl_38969,Normal
bgl_38970,Normal
bgl_38971,Normal
bgl_38972,Normal
bgl_38973,Normal
bgl_38974,Normal
bgl_38975,Normal
bgl_38976,Normal
bgl_38977,Normal
bgl_38978,Normal
bgl_38979,Normal
bgl_38980,Normal
bgl_38981,Normal
bgl_38982,Normal
bgl_38983,Normal
bgl_38984,Normal
bgl_38985,Normal
bgl_38986,Normal
bgl_38987,Normal
bgl_38988,Normal
bgl_38989,Normal
bgl_38990,Normal
bgl_38991,Normal
bgl_38992,Normal
bgl_38993,Normal
bgl_38994,Normal
bgl_38995,Normal
bgl_38996,Normal
bgl_38997,Normal
bgl_38998,Normal
bgl_38999,Normal
bgl_39000,Normal
bgl_39001,Normal
bgl_39002,Normal
bgl_39003,Normal
bgl_39004,Normal
bgl_39005,Normal
bgl_39006,Normal
bgl_39007,Normal
bgl_39008,Normal
bgl_39009,Normal
bgl_39010,Normal
bgl_39011,Normal
bgl_39012,Normal
bgl_39013,Normal
bgl_39014,Normal
bgl_39015,Normal
bgl_39016,Normal
bgl_39017,Normal
bgl_39018,Normal
bgl_39019,Normal
bgl_39020,Normal
bgl_39021,Normal
bgl_39022,Normal
bgl_39023,Normal
bgl_39024,Normal
bgl_39025,Normal
bgl_39026,Normal
bgl_39027,Normal
bgl_39028,Normal
bgl_39029,Normal
bgl_39030,Normal
bgl_39031,Normal
bgl_39032,Normal
bgl_39033,Normal
bgl_39034,Normal
bgl_39035,Normal
bgl_39036,Normal
bgl_39037,Normal
bgl_39038,Normal
bgl_39039,Normal
bgl_39040,Normal
bgl_39041,Normal
bgl_39042,Normal
bgl_39043,Normal
bgl_39044,Normal
bgl_39045,Normal
bgl_39046,Normal
bgl_39047,Normal
bgl_39048,Normal
bgl_39049,Normal
bgl_39050,Normal
bgl_39051,Normal
bgl_39052,Normal
bgl_39053,Normal
bgl_39054,Normal
bgl_39055,Normal
bgl_39056,Normal
bgl_39057,Normal
bgl_39058,Normal
bgl_39059,Normal
bgl_39060,Normal
bgl_39061,Normal
bgl_39062,Normal
bgl_39063,Normal
bgl_39064,Normal
bgl_39065,Normal
bgl_39066,Normal
bgl_39067,Normal
bgl_39068,Normal
bgl_39069,Normal
bgl_39070,Normal
bgl_39071,Normal
bgl_39072,Normal
bgl_39073,Normal
bgl_39074,Normal
bgl_39075,Normal
bgl_39076,Normal
bgl_39077,Normal
bgl_39078,Normal
bgl_39079,Normal
bgl_39080,Normal
bgl_39081,Normal
bgl_39082,Normal
bgl_39083,Normal
bgl_39084,Normal
bgl_39085,Normal
bgl_39086,Normal
bgl_39087,Normal
bgl_39088,Normal
bgl_39089,Normal
bgl_39090,Normal
bgl_39091,Normal
bgl_39092,Normal
bgl_39093,Normal
bgl_39094,Normal
bgl_39095,Normal
bgl_39096,Normal
bgl_39097,Normal
bgl_39098,Normal
bgl_39099,Normal
bgl_39100,Normal
bgl_39101,Normal
bgl_39102,Normal
bgl_39103,Normal
bgl_39104,Normal
bgl_39105,Normal
bgl_39106,Normal
bgl_39107,Normal
bgl_39108,Normal
bgl_39109,Normal
bgl_39110,Normal
bgl_39111,Normal
bgl_39112,Normal
bgl_39113,Normal
bgl_39114,Normal
bgl_39115,Normal
bgl_39116,Normal
bgl_39117,Normal
bgl_39118,Normal
bgl_39119,Normal
bgl_39120,Normal
bgl_39121,Normal
bgl_39122,Normal
bgl_39123,Normal
bgl_39124,Normal
bgl_39125,Normal
bgl_39126,Normal
bgl_39127,Normal
bgl_39128,Normal
bgl_39129,Normal
bgl_39130,Normal
bgl_39131,Normal
bgl_39132,Normal
bgl_39133,Normal
bgl_39134,Normal
bgl_39135,Normal
bgl_39136,Normal
bgl_39137,Normal
bgl_39138,Normal
bgl_39139,Normal
bgl_39140,Normal
bgl_39141,Normal
bgl_39142,Normal
bgl_39143,Normal
bgl_39144,Normal
bgl_39145,Normal
bgl_39146,Normal
bgl_39147,Normal
bgl_39148,Normal
bgl_39149,Normal
bgl_39150,Normal
bgl_39151,Normal
bgl_39152,Normal
bgl_39153,Normal
bgl_39154,Normal
bgl_39155,Normal
bgl_39156,Normal
bgl_39157,Normal
bgl_39158,Normal
bgl_39159,Normal
bgl_39160,Normal
bgl_39161,Normal
bgl_39162,Normal
bgl_39163,Normal
bgl_39164,Normal
bgl_39165,Normal
bgl_39166,Normal
bgl_39167,Normal
bgl_39168,Normal
bgl_39169,Normal
bgl_39170,Normal
bgl_39171,Normal
bgl_39172,Normal
bgl_39173,Normal
bgl_39174,Normal
bgl_39175,Normal
bgl_39176,Normal
bgl_39177,Normal
bgl_39178,Normal
bgl_39179,Normal
bgl_39180,Normal
bgl_39181,Normal
bgl_39182,Normal
bgl_39183,Normal
bgl_39184,Normal
bgl_39185,Normal
bgl_39186,Normal
bgl_39187,Normal
bgl_39188,Normal
bgl_39189,Normal
bgl_39190,Normal
bgl_39191,Normal
bgl_39192,Normal
bgl_39193,Normal
bgl_39194,Normal
bgl_39195,Normal
bgl_39196,Normal
bgl_39197,Normal
bgl_39198,Normal
bgl_39199,Normal
bgl_39200,Normal
bgl_39201,Normal
bgl_39202,Normal
bgl_39203,Normal
bgl_39204,Normal
bgl_39205,Normal
bgl_39206,Normal
bgl_39207,Normal
bgl_39208,Normal
bgl_39209,Normal
bgl_39210,Normal
bgl_39211,Normal
bgl_39212,Normal
bgl_39213,Normal
bgl_39214,Normal
bgl_39215,Normal
bgl_39216,Normal
bgl_39217,Normal
bgl_39218,Normal
bgl_39219,Normal
bgl_39220,Normal
bgl_39221,Normal
bgl_39222,Normal
bgl_39223,Normal
bgl_39224,Normal
bgl_39225,Normal
bgl_39226,Normal
bgl_39227,Normal
bgl_39228,Normal
bgl_39229,Normal
bgl_39230,Normal
bgl_39231,Normal
bgl_39232,Normal
bgl_39233,Normal
bgl_39234,Normal
bgl_39235,Normal
bgl_39236,Normal
bgl_39237,Normal
bgl_39238,Normal
bgl_39239,Normal
bgl_39240,Normal
bgl_39241,Normal
bgl_39242,Normal
bgl_39243,Normal
bgl_39244,Normal
bgl_39245,Normal
bgl_39246,Normal
bgl_39247,Normal
bgl_39248,Normal
bgl_39249,Normal
bgl_39250,Normal
bgl_39251,Normal
bgl_39252,Normal
bgl_39253,Normal
bgl_39254,Normal
bgl_39255,Normal
bgl_39256,Normal
bgl_39257,Normal
bgl_39258,Normal
bgl_39259,Normal
bgl_39260,Normal
bgl_39261,Normal
bgl_39262,Normal
bgl_39263,Normal
bgl_39264,Normal
bgl_39265,Normal
bgl_39266,Normal
bgl_39267,Normal
bgl_39268,Normal
bgl_39269,Normal
bgl_39270,Normal
bgl_39271,Normal
bgl_39272,Normal
bgl_39273,Normal
bgl_39274,Normal
bgl_39275,Normal
bgl_39276,Normal
bgl_39277,Normal
bgl_39278,Normal
bgl_39279,Normal
bgl_39280,Normal
bgl_39281,Normal
bgl_39282,Normal
bgl_39283,Normal
bgl_39284,Normal
bgl_39285,Normal
bgl_39286,Normal
bgl_39287,Normal
bgl_39288,Normal
bgl_39289,Normal
bgl_39290,Normal
bgl_39291,Normal
bgl_39292,Normal
bgl_39293,Normal
bgl_39294,Normal
bgl_39295,Normal
bgl_39296,Normal
bgl_39297,Normal
bgl_39298,Normal
bgl_39299,Normal
bgl_39300,Normal
bgl_39301,Normal
bgl_39302,Normal
bgl_39303,Normal
bgl_39304,Normal
bgl_39305,Normal
bgl_39306,Normal
bgl_39307,Normal
bgl_39308,Normal
bgl_39309,Normal
bgl_39310,Normal
bgl_39311,Normal
bgl_39312,Normal
bgl_39313,Normal
bgl_39314,Normal
bgl_39315,Normal
bgl_39316,Normal
bgl_39317,Normal
bgl_39318,Normal
bgl_39319,Normal
bgl_39320,Normal
bgl_39321,Normal
bgl_39322,Normal
bgl_39323,Normal
bgl_39324,Normal
bgl_39325,Normal
bgl_39326,Normal
bgl_39327,Normal
bgl_39328,Normal
bgl_39329,Normal
bgl_39330,Normal
bgl_39331,Normal
bgl_39332,Normal
bgl_39333,Normal
bgl_39334,Normal
bgl_39335,Normal
bgl_39336,Normal
bgl_39337,Normal
bgl_39338,Normal
bgl_39339,Normal
bgl_39340,Normal
bgl_39341,Normal
bgl_39342,Normal
bgl_39343,Normal
bgl_39344,Normal
bgl_39345,Normal
bgl_39346,Normal
bgl_39347,Normal
bgl_39348,Normal
bgl_39349,Normal
bgl_39350,Normal
bgl_39351,Normal
bgl_39352,Normal
bgl_39353,Normal
bgl_39354,Normal
bgl_39355,Normal
bgl_39356,Normal
bgl_39357,Normal
bgl_39358,Normal
bgl_39359,Normal
bgl_39360,Normal
bgl_39361,Normal
bgl_39362,Normal
bgl_39363,Normal
bgl_39364,Normal
bgl_39365,Normal
bgl_39366,Normal
bgl_39367,Normal
bgl_39368,Normal
bgl_39369,Normal
bgl_39370,Normal
bgl_39371,Normal
bgl_39372,Normal
bgl_39373,Normal
bgl_39374,Normal
bgl_39375,Normal
bgl_39376,Normal
bgl_39377,Normal
bgl_39378,Normal
bgl_39379,Normal
bgl_39380,Normal
bgl_39381,Normal
bgl_39382,Normal
bgl_39383,Normal
bgl_39384,Normal
bgl_39385,Normal
bgl_39386,Normal
bgl_39387,Normal
bgl_39388,Normal
bgl_39389,Normal
bgl_39390,Normal
bgl_39391,Normal
bgl_39392,Normal
bgl_39393,Normal
bgl_39394,Normal
bgl_39395,Normal
bgl_39396,Normal
bgl_39397,Normal
bgl_39398,Normal
bgl_39399,Normal
bgl_39400,Normal
bgl_39401,Normal
bgl_39402,Normal
bgl_39403,Normal
bgl_39404,Normal
bgl_39405,Normal
bgl_39406,Normal
bgl_39407,Normal
bgl_39408,Normal
bgl_39409,Normal
bgl_39410,Normal
bgl_39411,Normal
bgl_39412,Normal
bgl_39413,Normal
bgl_39414,Normal
bgl_39415,Normal
bgl_39416,Normal
bgl_39417,Normal
bgl_39418,Normal
bgl_39419,Normal
bgl_39420,Normal
bgl_39421,Normal
bgl_39422,Normal
bgl_39423,Normal
bgl_39424,Normal
bgl_39425,Normal
bgl_39426,Normal
bgl_39427,Normal
bgl_39428,Normal
bgl_39429,Normal
bgl_39430,Normal
bgl_39431,Normal
bgl_39432,Normal
bgl_39433,Normal
bgl_39434,Normal
bgl_39435,Normal
bgl_39436,Normal
bgl_39437,Normal
bgl_39438,Normal
bgl_39439,Normal
bgl_39440,Normal
bgl_39441,Normal
bgl_39442,Normal
bgl_39443,Normal
bgl_39444,Normal
bgl_39445,Normal
bgl_39446,Normal
bgl_39447,Normal
bgl_39448,Normal
bgl_39449,Normal
bgl_39450,Normal
bgl_39451,Normal
bgl_39452,Normal
bgl_39453,Normal
bgl_39454,Normal
bgl_39455,Normal
bgl_39456,Normal
bgl_39457,Normal
bgl_39458,Normal
bgl_39459,Normal
bgl_39460,Normal
bgl_39461,Normal
bgl_39462,Normal
bgl_39463,Normal
bgl_39464,Normal
bgl_39465,Normal
bgl_39466,Normal
bgl_39467,Normal
bgl_39468,Normal
bgl_39469,Normal
bgl_39470,Normal
bgl_39471,Normal
bgl_39472,Normal
bgl_39473,Normal
bgl_39474,Normal
bgl_39475,Normal
bgl_39476,Normal
bgl_39477,Normal
bgl_39478,Normal
bgl_39479,Normal
bgl_39480,Normal
bgl_39481,Normal
bgl_39482,Normal
bgl_39483,Normal
bgl_39484,Normal
bgl_39485,Normal
bgl_39486,Normal
bgl_39487,Normal
bgl_39488,Normal
bgl_39489,Normal
bgl_39490,Normal
bgl_39491,Normal
bgl_39492,Normal
bgl_39493,Normal
bgl_39494,Normal
bgl_39495,Normal
bgl_39496,Normal
bgl_39497,Normal
bgl_39498,Normal
bgl_39499,Normal
bgl_39500,Normal
bgl_39501,Normal
bgl_39502,Normal
bgl_39503,Normal
bgl_39504,Normal
bgl_39505,Normal
bgl_39506,Normal
bgl_39507,Normal
bgl_39508,Normal
bgl_39509,Normal
bgl_39510,Normal
bgl_39511,Normal
bgl_39512,Normal
bgl_39513,Normal
bgl_39514,Normal
bgl_39515,Normal
bgl_39516,Normal
bgl_39517,Normal
bgl_39518,Normal
bgl_39519,Normal
bgl_39520,Normal
bgl_39521,Normal
bgl_39522,Normal
bgl_39523,Normal
bgl_39524,Normal
bgl_39525,Normal
bgl_39526,Normal
bgl_39527,Normal
bgl_39528,Normal
bgl_39529,Normal
bgl_39530,Normal
bgl_39531,Normal
bgl_39532,Normal
bgl_39533,Normal
bgl_39534,Normal
bgl_39535,Normal
bgl_39536,Normal
bgl_39537,Normal
bgl_39538,Normal
bgl_39539,Normal
bgl_39540,Normal
bgl_39541,Normal
bgl_39542,Normal
bgl_39543,Normal
bgl_39544,Normal
bgl_39545,Normal
bgl_39546,Normal
bgl_39547,Normal
bgl_39548,Normal
bgl_39549,Normal
bgl_39550,Normal
bgl_39551,Normal
bgl_39552,Normal
bgl_39553,Normal
bgl_39554,Normal
bgl_39555,Normal
bgl_39556,Normal
bgl_39557,Normal
bgl_39558,Normal
bgl_39559,Normal
bgl_39560,Normal
bgl_39561,Normal
bgl_39562,Normal
bgl_39563,Normal
bgl_39564,Normal
bgl_39565,Normal
bgl_39566,Normal
bgl_39567,Normal
bgl_39568,Normal
bgl_39569,Normal
bgl_39570,Normal
bgl_39571,Normal
bgl_39572,Normal
bgl_39573,Normal
bgl_39574,Normal
bgl_39575,Normal
bgl_39576,Normal
bgl_39577,Normal
bgl_39578,Normal
bgl_39579,Normal
bgl_39580,Normal
bgl_39581,Normal
bgl_39582,Normal
bgl_39583,Normal
bgl_39584,Normal
bgl_39585,Normal
bgl_39586,Normal
bgl_39587,Normal
bgl_39588,Normal
bgl_39589,Normal
bgl_39590,Normal
bgl_39591,Normal
bgl_39592,Normal
bgl_39593,Normal
bgl_39594,Normal
bgl_39595,Normal
bgl_39596,Normal
bgl_39597,Normal
bgl_39598,Normal
bgl_39599,Normal
bgl_39600,Normal
bgl_39601,Normal
bgl_39602,Normal
bgl_39603,Normal
bgl_39604,Normal
bgl_39605,Normal
bgl_39606,Normal
bgl_39607,Normal
bgl_39608,Normal
bgl_39609,Normal
bgl_39610,Normal
bgl_39611,Normal
bgl_39612,Normal
bgl_39613,Normal
bgl_39614,Normal
bgl_39615,Normal
bgl_39616,Normal
bgl_39617,Normal
bgl_39618,Normal
bgl_39619,Normal
bgl_39620,Normal
bgl_39621,Normal
bgl_39622,Normal
bgl_39623,Normal
bgl_39624,Normal
bgl_39625,Normal
bgl_39626,Normal
bgl_39627,Normal
bgl_39628,Normal
bgl_39629,Normal
bgl_39630,Normal
bgl_39631,Normal
bgl_39632,Normal
bgl_39633,Normal
bgl_39634,Normal
bgl_39635,Normal
bgl_39636,Normal
bgl_39637,Normal
bgl_39638,Normal
bgl_39639,Normal
bgl_39640,Normal
bgl_39641,Normal
bgl_39642,Normal
bgl_39643,Normal
bgl_39644,Normal
bgl_39645,Normal
bgl_39646,Normal
bgl_39647,Normal
bgl_39648,Normal
bgl_39649,Normal
bgl_39650,Normal
bgl_39651,Normal
bgl_39652,Normal
bgl_39653,Normal
bgl_39654,Normal
bgl_39655,Normal
bgl_39656,Normal
bgl_39657,Normal
bgl_39658,Normal
bgl_39659,Normal
bgl_39660,Normal
bgl_39661,Normal
bgl_39662,Normal
bgl_39663,Normal
bgl_39664,Normal
bgl_39665,Normal
bgl_39666,Normal
bgl_39667,Normal
bgl_39668,Normal
bgl_39669,Normal
bgl_39670,Normal
bgl_39671,Normal
bgl_39672,Normal
bgl_39673,Normal
bgl_39674,Normal
bgl_39675,Normal
bgl_39676,Normal
bgl_39677,Normal
bgl_39678,Normal
bgl_39679,Normal
bgl_39680,Normal
bgl_39681,Normal
bgl_39682,Normal
bgl_39683,Normal
bgl_39684,Normal
bgl_39685,Normal
bgl_39686,Normal
bgl_39687,Normal
bgl_39688,Normal
bgl_39689,Normal
bgl_39690,Normal
bgl_39691,Normal
bgl_39692,Normal
bgl_39693,Normal
bgl_39694,Normal
bgl_39695,Normal
bgl_39696,Normal
bgl_39697,Normal
bgl_39698,Normal
bgl_39699,Normal
bgl_39700,Normal
bgl_39701,Normal
bgl_39702,Normal
bgl_39703,Normal
bgl_39704,Normal
bgl_39705,Normal
bgl_39706,Normal
bgl_39707,Normal
bgl_39708,Normal
bgl_39709,Normal
bgl_39710,Normal
bgl_39711,Normal
bgl_39712,Normal
bgl_39713,Normal
bgl_39714,Normal
bgl_39715,Normal
bgl_39716,Normal
bgl_39717,Normal
bgl_39718,Normal
bgl_39719,Normal
bgl_39720,Normal
bgl_39721,Normal
bgl_39722,Normal
bgl_39723,Normal
bgl_39724,Normal
bgl_39725,Normal
bgl_39726,Normal
bgl_39727,Normal
bgl_39728,Normal
bgl_39729,Normal
bgl_39730,Normal
bgl_39731,Normal
bgl_39732,Normal
bgl_39733,Normal
bgl_39734,Normal
bgl_39735,Normal
bgl_39736,Normal
bgl_39737,Normal
bgl_39738,Normal
bgl_39739,Normal
bgl_39740,Normal
bgl_39741,Normal
bgl_39742,Normal
bgl_39743,Normal
bgl_39744,Normal
bgl_39745,Normal
bgl_39746,Normal
bgl_39747,Normal
bgl_39748,Normal
bgl_39749,Normal
bgl_39750,Normal
bgl_39751,Normal
bgl_39752,Normal
bgl_39753,Normal
bgl_39754,Normal
bgl_39755,Normal
bgl_39756,Normal
bgl_39757,Normal
bgl_39758,Normal
bgl_39759,Normal
bgl_39760,Normal
bgl_39761,Normal
bgl_39762,Normal
bgl_39763,Normal
bgl_39764,Normal
bgl_39765,Normal
bgl_39766,Normal
bgl_39767,Normal
bgl_39768,Normal
bgl_39769,Normal
bgl_39770,Normal
bgl_39771,Normal
bgl_39772,Normal
bgl_39773,Normal
bgl_39774,Normal
bgl_39775,Normal
bgl_39776,Normal
bgl_39777,Normal
bgl_39778,Normal
bgl_39779,Normal
bgl_39780,Normal
bgl_39781,Normal
bgl_39782,Normal
bgl_39783,Normal
bgl_39784,Normal
bgl_39785,Normal
bgl_39786,Normal
bgl_39787,Normal
bgl_39788,Normal
bgl_39789,Normal
bgl_39790,Normal
bgl_39791,Normal
bgl_39792,Normal
bgl_39793,Normal
bgl_39794,Normal
bgl_39795,Normal
bgl_39796,Normal
bgl_39797,Normal
bgl_39798,Normal
bgl_39799,Normal
bgl_39800,Normal
bgl_39801,Normal
bgl_39802,Normal
bgl_39803,Normal
bgl_39804,Normal
bgl_39805,Normal
bgl_39806,Normal
bgl_39807,Normal
bgl_39808,Normal
bgl_39809,Normal
bgl_39810,Normal
bgl_39811,Normal
bgl_39812,Normal
bgl_39813,Normal
bgl_39814,Normal
bgl_39815,Normal
bgl_39816,Normal
bgl_39817,Normal
bgl_39818,Normal
bgl_39819,Normal
bgl_39820,Normal
bgl_39821,Normal
bgl_39822,Normal
bgl_39823,Normal
bgl_39824,Normal
bgl_39825,Normal
bgl_39826,Normal
bgl_39827,Normal
bgl_39828,Normal
bgl_39829,Normal
bgl_39830,Normal
bgl_39831,Normal
bgl_39832,Normal
bgl_39833,Normal
bgl_39834,Normal
bgl_39835,Normal
bgl_39836,Normal
bgl_39837,Normal
bgl_39838,Normal
bgl_39839,Normal
bgl_39840,Normal
bgl_39841,Normal
bgl_39842,Normal
bgl_39843,Normal
bgl_39844,Normal
bgl_39845,Normal
bgl_39846,Normal
bgl_39847,Normal
bgl_39848,Normal
bgl_39849,Normal
bgl_39850,Normal
bgl_39851,Normal
bgl_39852,Normal
bgl_39853,Normal
bgl_39854,Normal
bgl_39855,Normal
bgl_39856,Normal
bgl_39857,Normal
bgl_39858,Normal
bgl_39859,Normal
bgl_39860,Normal
bgl_39861,Normal
bgl_39862,Normal
bgl_39863,Normal
bgl_39864,Normal
bgl_39865,Normal
bgl_39866,Normal
bgl_39867,Normal
bgl_39868,Normal
bgl_39869,Normal
bgl_39870,Normal
bgl_39871,Normal
bgl_39872,Normal
bgl_39873,Normal
bgl_39874,Normal
bgl_39875,Normal
bgl_39876,Normal
bgl_39877,Normal
bgl_39878,Normal
bgl_39879,Normal
bgl_39880,Normal
bgl_39881,Normal
bgl_39882,Normal
bgl_39883,Normal
bgl_39884,Normal
bgl_39885,Normal
bgl_39886,Normal
bgl_39887,Normal
bgl_39888,Normal
bgl_39889,Normal
bgl_39890,Normal
bgl_39891,Normal
bgl_39892,Normal
bgl_39893,Normal
bgl_39894,Normal
bgl_39895,Normal
bgl_39896,Normal
bgl_39897,Normal
bgl_39898,Normal
bgl_39899,Normal
bgl_39900,Normal
bgl_39901,Normal
bgl_39902,Normal
bgl_39903,Normal
bgl_39904,Normal
bgl_39905,Normal
bgl_39906,Normal
bgl_39907,Normal
bgl_39908,Normal
bgl_39909,Normal
bgl_39910,Normal
bgl_39911,Normal
bgl_39912,Normal
bgl_39913,Normal
bgl_39914,Normal
bgl_39915,Normal
bgl_39916,Normal
bgl_39917,Normal
bgl_39918,Normal
bgl_39919,Normal
bgl_39920,Normal
bgl_39921,Normal
bgl_39922,Normal
bgl_39923,Normal
bgl_39924,Normal
bgl_39925,Normal
bgl_39926,Normal
bgl_39927,Normal
bgl_39928,Normal
bgl_39929,Normal
bgl_39930,Normal
bgl_39931,Normal
bgl_39932,Normal
bgl_39933,Normal
bgl_39934,Normal
bgl_39935,Normal
bgl_39936,Normal
bgl_39937,Normal
bgl_39938,Normal
bgl_39939,Normal
bgl_39940,Normal
bgl_39941,Normal
bgl_39942,Normal
bgl_39943,Normal
bgl_39944,Normal
bgl_39945,Normal
bgl_39946,Normal
bgl_39947,Normal
bgl_39948,Normal
bgl_39949,Normal
bgl_39950,Normal
bgl_39951,Normal
bgl_39952,Normal
bgl_39953,Normal
bgl_39954,Normal
bgl_39955,Normal
bgl_39956,Normal
bgl_39957,Normal
bgl_39958,Normal
bgl_39959,Normal
bgl_39960,Normal
bgl_39961,Normal
bgl_39962,Normal
bgl_39963,Normal
bgl_39964,Normal
bgl_39965,Normal
bgl_39966,Normal
bgl_39967,Normal
bgl_39968,Normal
bgl_39969,Normal
bgl_39970,Normal
bgl_39971,Normal
bgl_39972,Normal
bgl_39973,Normal
bgl_39974,Normal
bgl_39975,Normal
bgl_39976,Normal
bgl_39977,Normal
bgl_39978,Normal
bgl_39979,Normal
bgl_39980,Normal
bgl_39981,Normal
bgl_39982,Normal
bgl_39983,Normal
bgl_39984,Normal
bgl_39985,Normal
bgl_39986,Normal
bgl_39987,Normal
bgl_39988,Normal
bgl_39989,Normal
bgl_39990,Normal
bgl_39991,Normal
bgl_39992,Normal
bgl_39993,Normal
bgl_39994,Normal
bgl_39995,Normal
bgl_39996,Normal
bgl_39997,Normal
bgl_39998,Normal
bgl_39999,Normal
bgl_40000,Normal
bgl_40001,Normal
bgl_40002,Normal
bgl_40003,Normal
bgl_40004,Normal
bgl_40005,Normal
bgl_40006,Normal
bgl_40007,Normal
bgl_40008,Normal
bgl_40009,Normal
bgl_40010,Normal
bgl_40011,Anomaly
bgl_40012,Normal
bgl_40013,Anomaly
bgl_40014,Anomaly
bgl_40015,Normal
bgl_40016,Normal
bgl_40017,Normal
bgl_40018,Normal
bgl_40019,Normal
bgl_40020,Normal
bgl_40021,Normal
bgl_40022,Normal
bgl_40023,Normal
bgl_40024,Normal
bgl_40025,Normal
bgl_40026,Normal
bgl_40027,Normal
bgl_40028,Normal
bgl_40029,Normal
bgl_40030,Normal
bgl_40031,Normal
bgl_40032,Normal
bgl_40033,Normal
bgl_40034,Normal
bgl_40035,Normal
bgl_40036,Normal
bgl_40037,Normal
bgl_40038,Normal
bgl_40039,Normal
bgl_40040,Normal
bgl_40041,Normal
bgl_40042,Normal
bgl_40043,Normal
bgl_40044,Normal
bgl_40045,Normal
bgl_40046,Normal
bgl_40047,Normal
bgl_40048,Normal
bgl_40049,Normal
bgl_40050,Normal
bgl_40051,Normal
bgl_40052,Normal
bgl_40053,Normal
bgl_40054,Normal
bgl_40055,Normal
bgl_40056,Normal
bgl_40057,Normal
bgl_40058,Normal
bgl_40059,Normal
bgl_40060,Normal
bgl_40061,Normal
bgl_40062,Normal
bgl_40063,Normal
bgl_40064,Normal
bgl_40065,Normal
bgl_40066,Normal
bgl_40067,Normal
bgl_40068,Normal
bgl_40069,Normal
bgl_40070,Normal
bgl_40071,Normal
bgl_40072,Normal
bgl_40073,Normal
bgl_40074,Normal
bgl_40075,Normal
bgl_40076,Normal
bgl_40077,Normal
bgl_40078,Normal
bgl_40079,Normal
bgl_40080,Normal
bgl_40081,Normal
bgl_40082,Normal
bgl_40083,Normal
bgl_40084,Normal
bgl_40085,Normal
bgl_40086,Normal
bgl_40087,Normal
bgl_40088,Normal
bgl_40089,Normal
bgl_40090,Normal
bgl_40091,Normal
bgl_40092,Normal
bgl_40093,Normal
bgl_40094,Normal
bgl_40095,Normal
bgl_40096,Normal
bgl_40097,Normal
bgl_40098,Normal
bgl_40099,Normal
bgl_40100,Normal
bgl_40101,Normal
bgl_40102,Normal
bgl_40103,Normal
bgl_40104,Normal
bgl_40105,Normal
bgl_40106,Normal
bgl_40107,Normal
bgl_40108,Normal
bgl_40109,Normal
bgl_40110,Normal
bgl_40111,Normal
bgl_40112,Normal
bgl_40113,Normal
bgl_40114,Normal
bgl_40115,Normal
bgl_40116,Normal
bgl_40117,Normal
bgl_40118,Normal
bgl_40119,Normal
bgl_40120,Normal
bgl_40121,Normal
bgl_40122,Normal
bgl_40123,Normal
bgl_40124,Normal
bgl_40125,Normal
bgl_40126,Normal
bgl_40127,Normal
bgl_40128,Normal
bgl_40129,Normal
bgl_40130,Normal
bgl_40131,Normal
bgl_40132,Normal
bgl_40133,Normal
bgl_40134,Normal
bgl_40135,Normal
bgl_40136,Normal
bgl_40137,Normal
bgl_40138,Normal
bgl_40139,Normal
bgl_40140,Normal
bgl_40141,Normal
bgl_40142,Normal
bgl_40143,Normal
bgl_40144,Normal
bgl_40145,Normal
bgl_40146,Normal
bgl_40147,Normal
bgl_40148,Normal
bgl_40149,Normal
bgl_40150,Normal
bgl_40151,Normal
bgl_40152,Normal
bgl_40153,Normal
bgl_40154,Normal
bgl_40155,Normal
bgl_40156,Normal
bgl_40157,Normal
bgl_40158,Normal
bgl_40159,Normal
bgl_40160,Normal
bgl_40161,Normal
bgl_40162,Normal
bgl_40163,Normal
bgl_40164,Normal
bgl_40165,Normal
bgl_40166,Normal
bgl_40167,Normal
bgl_40168,Normal
bgl_40169,Normal
bgl_40170,Normal
bgl_40171,Normal
bgl_40172,Normal
bgl_40173,Normal
bgl_40174,Normal
bgl_40175,Normal
bgl_40176,Normal
bgl_40177,Normal
bgl_40178,Normal
bgl_40179,Normal
bgl_40180,Normal
bgl_40181,Normal
bgl_40182,Normal
bgl_40183,Normal
bgl_40184,Normal
bgl_40185,Normal
bgl_40186,Normal
bgl_40187,Normal
bgl_40188,Normal
bgl_40189,Normal
bgl_40190,Normal
bgl_40191,Normal
bgl_40192,Normal
bgl_40193,Normal
bgl_40194,Normal
bgl_40195,Normal
bgl_40196,Normal
bgl_40197,Normal
bgl_40198,Normal
bgl_40199,Normal
bgl_40200,Anomaly
bgl_40201,Normal
bgl_40202,Normal
bgl_40203,Normal
bgl_40204,Normal
bgl_40205,Normal
bgl_40206,Normal
bgl_40207,Normal
bgl_40208,Normal
bgl_40209,Normal
bgl_40210,Normal
bgl_40211,Normal
bgl_40212,Normal
bgl_40213,Normal
bgl_40214,Normal
bgl_40215,Normal
bgl_40216,Normal
bgl_40217,Normal
bgl_40218,Normal
bgl_40219,Normal
bgl_40220,Anomaly
bgl_40221,Normal
bgl_40222,Normal
bgl_40223,Normal
bgl_40224,Normal
bgl_40225,Normal
bgl_40226,Normal
bgl_40227,Normal
bgl_40228,Normal
bgl_40229,Normal
bgl_40230,Normal
bgl_40231,Anomaly
bgl_40232,Normal
bgl_40233,Normal
bgl_40234,Normal
bgl_40235,Normal
bgl_40236,Normal
bgl_40237,Normal
bgl_40238,Normal
bgl_40239,Normal
bgl_40240,Normal
bgl_40241,Normal
bgl_40242,Normal
bgl_40243,Normal
bgl_40244,Normal
bgl_40245,Normal
bgl_40246,Normal
bgl_40247,Anomaly
bgl_40248,Normal
bgl_40249,Normal
bgl_40250,Normal
bgl_40251,Normal
bgl_40252,Normal
bgl_40253,Normal
bgl_40254,Normal
bgl_40255,Normal
bgl_40256,Normal
bgl_40257,Normal
bgl_40258,Normal
bgl_40259,Normal
bgl_40260,Normal
bgl_40261,Normal
bgl_40262,Normal
bgl_40263,Normal
bgl_40264,Normal
bgl_40265,Normal
bgl_40266,Normal
bgl_40267,Normal
bgl_40268,Normal
bgl_40269,Normal
bgl_40270,Normal
bgl_40271,Normal
bgl_40272,Normal
bgl_40273,Normal
bgl_40274,Normal
bgl_40275,Normal
bgl_40276,Normal
bgl_40277,Normal
bgl_40278,Normal
bgl_40279,Normal
bgl_40280,Normal
bgl_40281,Normal
bgl_40282,Normal
bgl_40283,Normal
bgl_40284,Normal
bgl_40285,Normal
bgl_40286,Normal
bgl_40287,Normal
bgl_40288,Normal
bgl_40289,Normal
bgl_40290,Normal
bgl_40291,Normal
bgl_40292,Normal
bgl_40293,Normal
bgl_40294,Normal
bgl_40295,Normal
bgl_40296,Normal
bgl_40297,Normal
bgl_40298,Normal
bgl_40299,Normal
bgl_40300,Normal
bgl_40301,Normal
bgl_40302,Normal
bgl_40303,Normal
bgl_40304,Normal
bgl_40305,Normal
bgl_40306,Normal
bgl_40307,Normal
bgl_40308,Normal
bgl_40309,Normal
bgl_40310,Normal
bgl_40311,Normal
bgl_40312,Normal
bgl_40313,Normal
bgl_40314,Normal
bgl_40315,Normal
bgl_40316,Normal
bgl_40317,Normal
bgl_40318,Normal
bgl_40319,Normal
bgl_40320,Normal
bgl_40321,Normal
bgl_40322,Normal
bgl_40323,Normal
bgl_40324,Normal
bgl_40325,Normal
bgl_40326,Normal
bgl_40327,Normal
bgl_40328,Normal
bgl_40329,Normal
bgl_40330,Normal
bgl_40331,Normal
bgl_40332,Normal
bgl_40333,Anomaly
bgl_40334,Normal
bgl_40335,Normal
bgl_40336,Anomaly
bgl_40337,Anomaly
bgl_40338,Normal
bgl_40339,Normal
bgl_40340,Normal
bgl_40341,Normal
bgl_40342,Normal
bgl_40343,Normal
bgl_40344,Normal
bgl_40345,Normal
bgl_40346,Normal
bgl_40347,Normal
bgl_40348,Normal
bgl_40349,Normal
bgl_40350,Normal
bgl_40351,Normal
bgl_40352,Normal
bgl_40353,Normal
bgl_40354,Normal
bgl_40355,Normal
bgl_40356,Normal
bgl_40357,Normal
bgl_40358,Normal
bgl_40359,Normal
bgl_40360,Normal
bgl_40361,Normal
bgl_40362,Normal
bgl_40363,Normal
bgl_40364,Normal
bgl_40365,Normal
bgl_40366,Normal
bgl_40367,Normal
bgl_40368,Normal
bgl_40369,Normal
bgl_40370,Normal
bgl_40371,Normal
bgl_40372,Normal
bgl_40373,Normal
bgl_40374,Normal
bgl_40375,Normal
bgl_40376,Normal
bgl_40377,Normal
bgl_40378,Normal
bgl_40379,Normal
bgl_40380,Normal
bgl_40381,Normal
bgl_40382,Normal
bgl_40383,Normal
bgl_40384,Normal
bgl_40385,Normal
bgl_40386,Normal
bgl_40387,Normal
bgl_40388,Normal
bgl_40389,Normal
bgl_40390,Normal
bgl_40391,Normal
bgl_40392,Normal
bgl_40393,Normal
bgl_40394,Normal
bgl_40395,Normal
bgl_40396,Normal
bgl_40397,Normal
bgl_40398,Normal
bgl_40399,Normal
bgl_40400,Normal
bgl_40401,Normal
bgl_40402,Normal
bgl_40403,Normal
bgl_40404,Normal
bgl_40405,Normal
bgl_40406,Normal
bgl_40407,Normal
bgl_40408,Normal
bgl_40409,Normal
bgl_40410,Normal
bgl_40411,Normal
bgl_40412,Normal
bgl_40413,Normal
bgl_40414,Normal
bgl_40415,Normal
bgl_40416,Normal
bgl_40417,Normal
bgl_40418,Normal
bgl_40419,Normal
bgl_40420,Normal
bgl_40421,Normal
bgl_40422,Normal
bgl_40423,Normal
bgl_40424,Normal
bgl_40425,Normal
bgl_40426,Normal
bgl_40427,Normal
bgl_40428,Normal
bgl_40429,Normal
bgl_40430,Normal
bgl_40431,Normal
bgl_40432,Normal
bgl_40433,Normal
bgl_40434,Normal
bgl_40435,Normal
bgl_40436,Normal
bgl_40437,Normal
bgl_40438,Normal
bgl_40439,Normal
bgl_40440,Normal
bgl_40441,Normal
bgl_40442,Normal
bgl_40443,Normal
bgl_40444,Normal
bgl_40445,Normal
bgl_40446,Normal
bgl_40447,Normal
bgl_40448,Normal
bgl_40449,Normal
bgl_40450,Normal
bgl_40451,Normal
bgl_40452,Normal
bgl_40453,Normal
bgl_40454,Normal
bgl_40455,Normal
bgl_40456,Normal
bgl_40457,Normal
bgl_40458,Normal
bgl_40459,Normal
bgl_40460,Normal
bgl_40461,Normal
bgl_40462,Normal
bgl_40463,Normal
bgl_40464,Normal
bgl_40465,Normal
bgl_40466,Normal
bgl_40467,Normal
bgl_40468,Normal
bgl_40469,Normal
bgl_40470,Normal
bgl_40471,Normal
bgl_40472,Normal
bgl_40473,Normal
bgl_40474,Normal
bgl_40475,Normal
bgl_40476,Normal
bgl_40477,Normal
bgl_40478,Normal
bgl_40479,Normal
bgl_40480,Normal
bgl_40481,Anomaly
bgl_40482,Normal
bgl_40483,Anomaly
bgl_40484,Normal
bgl_40485,Normal
bgl_40486,Normal
bgl_40487,Normal
bgl_40488,Normal
bgl_40489,Normal
bgl_40490,Normal
bgl_40491,Normal
bgl_40492,Normal
bgl_40493,Normal
bgl_40494,Normal
bgl_40495,Normal
bgl_40496,Normal
bgl_40497,Normal
bgl_40498,Normal
bgl_40499,Normal
bgl_40500,Normal
bgl_40501,Normal
bgl_40502,Normal
bgl_40503,Normal
bgl_40504,Normal
bgl_40505,Normal
bgl_40506,Normal
bgl_40507,Normal
bgl_40508,Normal
bgl_40509,Normal
bgl_40510,Normal
bgl_40511,Normal
bgl_40512,Normal
bgl_40513,Normal
bgl_40514,Normal
bgl_40515,Normal
bgl_40516,Normal
bgl_40517,Normal
bgl_40518,Normal
bgl_40519,Normal
bgl_40520,Normal
bgl_40521,Normal
bgl_40522,Normal
bgl_40523,Normal
bgl_40524,Normal
bgl_40525,Normal
bgl_40526,Normal
bgl_40527,Normal
bgl_40528,Normal
bgl_40529,Normal
bgl_40530,Normal
bgl_40531,Normal
bgl_40532,Normal
bgl_40533,Normal
bgl_40534,Normal
bgl_40535,Normal
bgl_40536,Normal
bgl_40537,Normal
bgl_40538,Normal
bgl_40539,Normal
bgl_40540,Normal
bgl_40541,Normal
bgl_40542,Normal
bgl_40543,Normal
bgl_40544,Normal
bgl_40545,Normal
bgl_40546,Normal
bgl_40547,Normal
bgl_40548,Normal
bgl_40549,Normal
bgl_40550,Normal
bgl_40551,Normal
bgl_40552,Normal
bgl_40553,Normal
bgl_40554,Normal
bgl_40555,Normal
bgl_40556,Normal
bgl_40557,Normal
bgl_40558,Normal
bgl_40559,Normal
bgl_40560,Normal
bgl_40561,Normal
bgl_40562,Normal
bgl_40563,Normal
bgl_40564,Normal
bgl_40565,Normal
bgl_40566,Normal
bgl_40567,Normal
bgl_40568,Normal
bgl_40569,Normal
bgl_40570,Normal
bgl_40571,Normal
bgl_40572,Normal
bgl_40573,Normal
bgl_40574,Normal
bgl_40575,Normal
bgl_40576,Normal
bgl_40577,Normal
bgl_40578,Normal
bgl_40579,Normal
bgl_40580,Normal
bgl_40581,Normal
bgl_40582,Normal
bgl_40583,Normal
bgl_40584,Normal
bgl_40585,Normal
bgl_40586,Normal
bgl_40587,Normal
bgl_40588,Normal
bgl_40589,Normal
bgl_40590,Normal
bgl_40591,Normal
bgl_40592,Normal
bgl_40593,Normal
bgl_40594,Normal
bgl_40595,Normal
bgl_40596,Normal
bgl_40597,Normal
bgl_40598,Normal
bgl_40599,Normal
bgl_40600,Normal
bgl_40601,Normal
bgl_40602,Normal
bgl_40603,Normal
bgl_40604,Normal
bgl_40605,Normal
bgl_40606,Normal
bgl_40607,Normal
bgl_40608,Normal
bgl_40609,Normal
bgl_40610,Normal
bgl_40611,Normal
bgl_40612,Normal
bgl_40613,Normal
bgl_40614,Normal
bgl_40615,Normal
bgl_40616,Normal
bgl_40617,Normal
bgl_40618,Normal
bgl_40619,Normal
bgl_40620,Normal
bgl_40621,Normal
bgl_40622,Normal
bgl_40623,Normal
bgl_40624,Normal
bgl_40625,Normal
bgl_40626,Normal
bgl_40627,Normal
bgl_40628,Normal
bgl_40629,Normal
bgl_40630,Normal
bgl_40631,Normal
bgl_40632,Normal
bgl_40633,Normal
bgl_40634,Normal
bgl_40635,Normal
bgl_40636,Normal
bgl_40637,Normal
bgl_40638,Normal
bgl_40639,Normal
bgl_40640,Normal
bgl_40641,Normal
bgl_40642,Normal
bgl_40643,Normal
bgl_40644,Normal
bgl_40645,Normal
bgl_40646,Normal
bgl_40647,Normal
bgl_40648,Normal
bgl_40649,Normal
bgl_40650,Normal
bgl_40651,Normal
bgl_40652,Normal
bgl_40653,Normal
bgl_40654,Normal
bgl_40655,Normal
bgl_40656,Normal
bgl_40657,Normal
bgl_40658,Normal
bgl_40659,Normal
bgl_40660,Normal
bgl_40661,Normal
bgl_40662,Normal
bgl_40663,Normal
bgl_40664,Normal
bgl_40665,Normal
bgl_40666,Normal
bgl_40667,Normal
bgl_40668,Normal
bgl_40669,Normal
bgl_40670,Normal
bgl_40671,Normal
bgl_40672,Normal
bgl_40673,Normal
bgl_40674,Normal
bgl_40675,Normal
bgl_40676,Normal
bgl_40677,Normal
bgl_40678,Normal
bgl_40679,Normal
bgl_40680,Normal
bgl_40681,Normal
bgl_40682,Normal
bgl_40683,Normal
bgl_40684,Normal
bgl_40685,Normal
bgl_40686,Normal
bgl_40687,Normal
bgl_40688,Normal
bgl_40689,Normal
bgl_40690,Normal
bgl_40691,Normal
bgl_40692,Normal
bgl_40693,Normal
bgl_40694,Normal
bgl_40695,Normal
bgl_40696,Normal
bgl_40697,Normal
bgl_40698,Normal
bgl_40699,Normal
bgl_40700,Normal
bgl_40701,Normal
bgl_40702,Normal
bgl_40703,Normal
bgl_40704,Normal
bgl_40705,Normal
bgl_40706,Normal
bgl_40707,Normal
bgl_40708,Normal
bgl_40709,Normal
bgl_40710,Normal
bgl_40711,Normal
bgl_40712,Normal
bgl_40713,Normal
bgl_40714,Normal
bgl_40715,Normal
bgl_40716,Normal
bgl_40717,Normal
bgl_40718,Normal
bgl_40719,Normal
bgl_40720,Normal
bgl_40721,Normal
bgl_40722,Normal
bgl_40723,Normal
bgl_40724,Normal
bgl_40725,Normal
bgl_40726,Normal
bgl_40727,Normal
bgl_40728,Normal
bgl_40729,Normal
bgl_40730,Normal
bgl_40731,Normal
bgl_40732,Normal
bgl_40733,Normal
bgl_40734,Normal
bgl_40735,Normal
bgl_40736,Normal
bgl_40737,Normal
bgl_40738,Normal
bgl_40739,Anomaly
bgl_40740,Anomaly
bgl_40741,Anomaly
bgl_40742,Anomaly
bgl_40743,Anomaly
bgl_40744,Anomaly
bgl_40745,Anomaly
bgl_40746,Anomaly
bgl_40747,Anomaly
bgl_40748,Anomaly
bgl_40749,Anomaly
bgl_40750,Anomaly
bgl_40751,Normal
bgl_40752,Normal
bgl_40753,Normal
bgl_40754,Normal
bgl_40755,Normal
bgl_40756,Normal
bgl_40757,Normal
bgl_40758,Normal
bgl_40759,Normal
bgl_40760,Normal
bgl_40761,Normal
bgl_40762,Normal
bgl_40763,Normal
bgl_40764,Normal
bgl_40765,Normal
bgl_40766,Normal
bgl_40767,Normal
bgl_40768,Normal
bgl_40769,Normal
bgl_40770,Normal
bgl_40771,Normal
bgl_40772,Normal
bgl_40773,Normal
bgl_40774,Normal
bgl_40775,Normal
bgl_40776,Normal
bgl_40777,Normal
bgl_40778,Normal
bgl_40779,Normal
bgl_40780,Normal
bgl_40781,Normal
bgl_40782,Normal
bgl_40783,Anomaly
bgl_40784,Anomaly
bgl_40785,Anomaly
bgl_40786,Anomaly
bgl_40787,Anomaly
bgl_40788,Anomaly
bgl_40789,Anomaly
bgl_40790,Anomaly
bgl_40791,Anomaly
bgl_40792,Anomaly
bgl_40793,Anomaly
bgl_40794,Normal
bgl_40795,Normal
bgl_40796,Normal
bgl_40797,Normal
bgl_40798,Normal
bgl_40799,Normal
bgl_40800,Normal
bgl_40801,Normal
bgl_40802,Normal
bgl_40803,Normal
bgl_40804,Normal
bgl_40805,Normal
bgl_40806,Normal
bgl_40807,Normal
bgl_40808,Normal
bgl_40809,Normal
bgl_40810,Normal
bgl_40811,Normal
bgl_40812,Normal
bgl_40813,Normal
bgl_40814,Normal
bgl_40815,Normal
bgl_40816,Normal
bgl_40817,Normal
bgl_40818,Normal
bgl_40819,Normal
bgl_40820,Normal
bgl_40821,Normal
bgl_40822,Normal
bgl_40823,Normal
bgl_40824,Normal
bgl_40825,Normal
bgl_40826,Normal
bgl_40827,Normal
bgl_40828,Normal
bgl_40829,Normal
bgl_40830,Normal
bgl_40831,Normal
bgl_40832,Normal
bgl_40833,Normal
bgl_40834,Normal
bgl_40835,Normal
bgl_40836,Normal
bgl_40837,Normal
bgl_40838,Normal
bgl_40839,Normal
bgl_40840,Normal
bgl_40841,Normal
bgl_40842,Normal
bgl_40843,Normal
bgl_40844,Normal
bgl_40845,Normal
bgl_40846,Normal
bgl_40847,Normal
bgl_40848,Normal
bgl_40849,Normal
bgl_40850,Normal
bgl_40851,Normal
bgl_40852,Normal
bgl_40853,Normal
bgl_40854,Normal
bgl_40855,Normal
bgl_40856,Normal
bgl_40857,Normal
bgl_40858,Normal
bgl_40859,Normal
bgl_40860,Normal
bgl_40861,Normal
bgl_40862,Normal
bgl_40863,Normal
bgl_40864,Normal
bgl_40865,Normal
bgl_40866,Normal
bgl_40867,Normal
bgl_40868,Normal
bgl_40869,Normal
bgl_40870,Normal
bgl_40871,Normal
bgl_40872,Normal
bgl_40873,Normal
bgl_40874,Normal
bgl_40875,Normal
bgl_40876,Normal
bgl_40877,Normal
bgl_40878,Normal
bgl_40879,Normal
bgl_40880,Normal
bgl_40881,Normal
bgl_40882,Normal
bgl_40883,Normal
bgl_40884,Normal
bgl_40885,Normal
bgl_40886,Anomaly
bgl_40887,Anomaly
bgl_40888,Anomaly
bgl_40889,Anomaly
bgl_40890,Anomaly
bgl_40891,Anomaly
bgl_40892,Anomaly
bgl_40893,Anomaly
bgl_40894,Anomaly
bgl_40895,Anomaly
bgl_40896,Anomaly
bgl_40897,Normal
bgl_40898,Normal
bgl_40899,Normal
bgl_40900,Normal
bgl_40901,Normal
bgl_40902,Anomaly
bgl_40903,Normal
bgl_40904,Normal
bgl_40905,Normal
bgl_40906,Normal
bgl_40907,Normal
bgl_40908,Normal
bgl_40909,Normal
bgl_40910,Normal
bgl_40911,Normal
bgl_40912,Normal
bgl_40913,Normal
bgl_40914,Normal
bgl_40915,Normal
bgl_40916,Normal
bgl_40917,Normal
bgl_40918,Normal
bgl_40919,Normal
bgl_40920,Normal
bgl_40921,Normal
bgl_40922,Normal
bgl_40923,Normal
bgl_40924,Normal
bgl_40925,Normal
bgl_40926,Normal
bgl_40927,Normal
bgl_40928,Normal
bgl_40929,Normal
bgl_40930,Normal
bgl_40931,Normal
bgl_40932,Normal
bgl_40933,Normal
bgl_40934,Normal
bgl_40935,Normal
bgl_40936,Normal
bgl_40937,Normal
bgl_40938,Normal
bgl_40939,Normal
bgl_40940,Normal
bgl_40941,Normal
bgl_40942,Normal
bgl_40943,Normal
bgl_40944,Normal
bgl_40945,Normal
bgl_40946,Normal
bgl_40947,Normal
bgl_40948,Normal
bgl_40949,Normal
bgl_40950,Normal
bgl_40951,Normal
bgl_40952,Normal
bgl_40953,Normal
bgl_40954,Normal
bgl_40955,Normal
bgl_40956,Normal
bgl_40957,Normal
bgl_40958,Normal
bgl_40959,Normal
bgl_40960,Normal
bgl_40961,Normal
bgl_40962,Normal
bgl_40963,Normal
bgl_40964,Normal
bgl_40965,Normal
bgl_40966,Normal
bgl_40967,Normal
bgl_40968,Normal
bgl_40969,Normal
bgl_40970,Normal
bgl_40971,Normal
bgl_40972,Normal
bgl_40973,Normal
bgl_40974,Normal
bgl_40975,Normal
bgl_40976,Normal
bgl_40977,Normal
bgl_40978,Normal
bgl_40979,Normal
bgl_40980,Normal
bgl_40981,Normal
bgl_40982,Normal
bgl_40983,Normal
bgl_40984,Normal
bgl_40985,Normal
bgl_40986,Normal
bgl_40987,Normal
bgl_40988,Normal
bgl_40989,Normal
bgl_40990,Normal
bgl_40991,Normal
bgl_40992,Normal
bgl_40993,Normal
bgl_40994,Normal
bgl_40995,Normal
bgl_40996,Normal
bgl_40997,Normal
bgl_40998,Normal
bgl_40999,Normal
bgl_41000,Normal
bgl_41001,Normal
bgl_41002,Normal
bgl_41003,Normal
bgl_41004,Normal
bgl_41005,Normal
bgl_41006,Normal
bgl_41007,Normal
bgl_41008,Normal
bgl_41009,Normal
bgl_41010,Normal
bgl_41011,Normal
bgl_41012,Normal
bgl_41013,Normal
bgl_41014,Normal
bgl_41015,Normal
bgl_41016,Normal
bgl_41017,Normal
bgl_41018,Normal
bgl_41019,Normal
bgl_41020,Normal
bgl_41021,Normal
bgl_41022,Normal
bgl_41023,Normal
bgl_41024,Normal
bgl_41025,Normal
bgl_41026,Normal
bgl_41027,Normal
bgl_41028,Normal
bgl_41029,Normal
bgl_41030,Normal
bgl_41031,Normal
bgl_41032,Normal
bgl_41033,Normal
bgl_41034,Normal
bgl_41035,Normal
bgl_41036,Normal
bgl_41037,Normal
bgl_41038,Normal
bgl_41039,Normal
bgl_41040,Normal
bgl_41041,Normal
bgl_41042,Normal
bgl_41043,Normal
bgl_41044,Normal
bgl_41045,Normal
bgl_41046,Normal
bgl_41047,Normal
bgl_41048,Normal
bgl_41049,Normal
bgl_41050,Normal
bgl_41051,Normal
bgl_41052,Normal
bgl_41053,Normal
bgl_41054,Normal
bgl_41055,Normal
bgl_41056,Normal
bgl_41057,Normal
bgl_41058,Normal
bgl_41059,Normal
bgl_41060,Normal
bgl_41061,Normal
bgl_41062,Normal
bgl_41063,Normal
bgl_41064,Normal
bgl_41065,Normal
bgl_41066,Normal
bgl_41067,Normal
bgl_41068,Normal
bgl_41069,Normal
bgl_41070,Normal
bgl_41071,Normal
bgl_41072,Normal
bgl_41073,Normal
bgl_41074,Normal
bgl_41075,Normal
bgl_41076,Normal
bgl_41077,Normal
bgl_41078,Normal
bgl_41079,Normal
bgl_41080,Normal
bgl_41081,Normal
bgl_41082,Normal
bgl_41083,Normal
bgl_41084,Normal
bgl_41085,Normal
bgl_41086,Normal
bgl_41087,Normal
bgl_41088,Normal
bgl_41089,Normal
bgl_41090,Normal
bgl_41091,Normal
bgl_41092,Normal
bgl_41093,Normal
bgl_41094,Normal
bgl_41095,Normal
bgl_41096,Normal
bgl_41097,Normal
bgl_41098,Normal
bgl_41099,Normal
bgl_41100,Normal
bgl_41101,Normal
bgl_41102,Normal
bgl_41103,Normal
bgl_41104,Normal
bgl_41105,Normal
bgl_41106,Normal
bgl_41107,Normal
bgl_41108,Normal
bgl_41109,Normal
bgl_41110,Normal
bgl_41111,Normal
bgl_41112,Normal
bgl_41113,Normal
bgl_41114,Normal
bgl_41115,Normal
bgl_41116,Normal
bgl_41117,Normal
bgl_41118,Normal
bgl_41119,Normal
bgl_41120,Normal
bgl_41121,Normal
bgl_41122,Normal
bgl_41123,Normal
bgl_41124,Normal
bgl_41125,Normal
bgl_41126,Normal
bgl_41127,Normal
bgl_41128,Normal
bgl_41129,Normal
bgl_41130,Normal
bgl_41131,Normal
bgl_41132,Normal
bgl_41133,Normal
bgl_41134,Normal
bgl_41135,Normal
bgl_41136,Normal
bgl_41137,Normal
bgl_41138,Normal
bgl_41139,Normal
bgl_41140,Normal
bgl_41141,Normal
bgl_41142,Normal
bgl_41143,Normal
bgl_41144,Normal
bgl_41145,Normal
bgl_41146,Normal
bgl_41147,Normal
bgl_41148,Normal
bgl_41149,Normal
bgl_41150,Normal
bgl_41151,Normal
bgl_41152,Normal
bgl_41153,Normal
bgl_41154,Normal
bgl_41155,Normal
bgl_41156,Normal
bgl_41157,Normal
bgl_41158,Normal
bgl_41159,Normal
bgl_41160,Normal
bgl_41161,Normal
bgl_41162,Normal
bgl_41163,Normal
bgl_41164,Normal
bgl_41165,Normal
bgl_41166,Normal
bgl_41167,Normal
bgl_41168,Normal
bgl_41169,Normal
bgl_41170,Normal
bgl_41171,Normal
bgl_41172,Normal
bgl_41173,Normal
bgl_41174,Normal
bgl_41175,Normal
bgl_41176,Normal
bgl_41177,Normal
bgl_41178,Normal
bgl_41179,Normal
bgl_41180,Normal
bgl_41181,Normal
bgl_41182,Normal
bgl_41183,Normal
bgl_41184,Normal
bgl_41185,Normal
bgl_41186,Normal
bgl_41187,Normal
bgl_41188,Normal
bgl_41189,Normal
bgl_41190,Normal
bgl_41191,Normal
bgl_41192,Normal
bgl_41193,Normal
bgl_41194,Normal
bgl_41195,Normal
bgl_41196,Normal
bgl_41197,Normal
bgl_41198,Normal
bgl_41199,Normal
bgl_41200,Normal
bgl_41201,Normal
bgl_41202,Normal
bgl_41203,Normal
bgl_41204,Normal
bgl_41205,Normal
bgl_41206,Normal
bgl_41207,Normal
bgl_41208,Normal
bgl_41209,Normal
bgl_41210,Normal
bgl_41211,Normal
bgl_41212,Normal
bgl_41213,Normal
bgl_41214,Normal
bgl_41215,Normal
bgl_41216,Normal
bgl_41217,Normal
bgl_41218,Normal
bgl_41219,Normal
bgl_41220,Normal
bgl_41221,Normal
bgl_41222,Normal
bgl_41223,Normal
bgl_41224,Normal
bgl_41225,Normal
bgl_41226,Normal
bgl_41227,Normal
bgl_41228,Normal
bgl_41229,Normal
bgl_41230,Normal
bgl_41231,Normal
bgl_41232,Normal
bgl_41233,Normal
bgl_41234,Normal
bgl_41235,Normal
bgl_41236,Normal
bgl_41237,Normal
bgl_41238,Normal
bgl_41239,Normal
bgl_41240,Normal
bgl_41241,Normal
bgl_41242,Normal
bgl_41243,Normal
bgl_41244,Normal
bgl_41245,Normal
bgl_41246,Normal
bgl_41247,Normal
bgl_41248,Normal
bgl_41249,Normal
bgl_41250,Normal
bgl_41251,Normal
bgl_41252,Normal
bgl_41253,Normal
bgl_41254,Normal
bgl_41255,Normal
bgl_41256,Normal
bgl_41257,Normal
bgl_41258,Normal
bgl_41259,Normal
bgl_41260,Normal
bgl_41261,Normal
bgl_41262,Normal
bgl_41263,Normal
bgl_41264,Normal
bgl_41265,Normal
bgl_41266,Normal
bgl_41267,Normal
bgl_41268,Normal
bgl_41269,Normal
bgl_41270,Normal
bgl_41271,Normal
bgl_41272,Normal
bgl_41273,Normal
bgl_41274,Normal
bgl_41275,Normal
bgl_41276,Normal
bgl_41277,Normal
bgl_41278,Normal
bgl_41279,Normal
bgl_41280,Normal
bgl_41281,Normal
bgl_41282,Normal
bgl_41283,Normal
bgl_41284,Normal
bgl_41285,Normal
bgl_41286,Normal
bgl_41287,Normal
bgl_41288,Normal
bgl_41289,Normal
bgl_41290,Normal
bgl_41291,Normal
bgl_41292,Normal
bgl_41293,Normal
bgl_41294,Normal
bgl_41295,Normal
bgl_41296,Normal
bgl_41297,Normal
bgl_41298,Normal
bgl_41299,Normal
bgl_41300,Normal
bgl_41301,Normal
bgl_41302,Normal
bgl_41303,Normal
bgl_41304,Normal
bgl_41305,Normal
bgl_41306,Normal
bgl_41307,Normal
bgl_41308,Normal
bgl_41309,Normal
bgl_41310,Normal
bgl_41311,Normal
bgl_41312,Normal
bgl_41313,Normal
bgl_41314,Normal
bgl_41315,Normal
bgl_41316,Normal
bgl_41317,Normal
bgl_41318,Normal
bgl_41319,Normal
bgl_41320,Normal
bgl_41321,Normal
bgl_41322,Normal
bgl_41323,Normal
bgl_41324,Normal
bgl_41325,Normal
bgl_41326,Normal
bgl_41327,Normal
bgl_41328,Normal
bgl_41329,Normal
bgl_41330,Normal
bgl_41331,Normal
bgl_41332,Normal
bgl_41333,Normal
bgl_41334,Normal
bgl_41335,Normal
bgl_41336,Normal
bgl_41337,Normal
bgl_41338,Normal
bgl_41339,Normal
bgl_41340,Normal
bgl_41341,Normal
bgl_41342,Normal
bgl_41343,Normal
bgl_41344,Normal
bgl_41345,Normal
bgl_41346,Normal
bgl_41347,Normal
bgl_41348,Normal
bgl_41349,Normal
bgl_41350,Normal
bgl_41351,Normal
bgl_41352,Normal
bgl_41353,Normal
bgl_41354,Normal
bgl_41355,Normal
bgl_41356,Normal
bgl_41357,Normal
bgl_41358,Normal
bgl_41359,Normal
bgl_41360,Normal
bgl_41361,Normal
bgl_41362,Normal
bgl_41363,Normal
bgl_41364,Normal
bgl_41365,Normal
bgl_41366,Normal
bgl_41367,Normal
bgl_41368,Normal
bgl_41369,Normal
bgl_41370,Normal
bgl_41371,Normal
bgl_41372,Normal
bgl_41373,Normal
bgl_41374,Normal
bgl_41375,Normal
bgl_41376,Normal
bgl_41377,Normal
bgl_41378,Normal
bgl_41379,Normal
bgl_41380,Normal
bgl_41381,Normal
bgl_41382,Normal
bgl_41383,Normal
bgl_41384,Normal
bgl_41385,Normal
bgl_41386,Normal
bgl_41387,Normal
bgl_41388,Normal
bgl_41389,Normal
bgl_41390,Normal
bgl_41391,Normal
bgl_41392,Normal
bgl_41393,Normal
bgl_41394,Normal
bgl_41395,Anomaly
bgl_41396,Normal
bgl_41397,Anomaly
bgl_41398,Anomaly
bgl_41399,Anomaly
bgl_41400,Anomaly
bgl_41401,Anomaly
bgl_41402,Anomaly
bgl_41403,Anomaly
bgl_41404,Anomaly
bgl_41405,Anomaly
bgl_41406,Anomaly
bgl_41407,Anomaly
bgl_41408,Anomaly
bgl_41409,Anomaly
bgl_41410,Anomaly
bgl_41411,Normal
bgl_41412,Normal
bgl_41413,Normal
bgl_41414,Normal
bgl_41415,Normal
bgl_41416,Normal
bgl_41417,Normal
bgl_41418,Normal
bgl_41419,Normal
bgl_41420,Normal
bgl_41421,Normal
bgl_41422,Normal
bgl_41423,Normal
bgl_41424,Normal
bgl_41425,Normal
bgl_41426,Normal
bgl_41427,Normal
bgl_41428,Normal
bgl_41429,Normal
bgl_41430,Normal
bgl_41431,Normal
bgl_41432,Normal
bgl_41433,Normal
bgl_41434,Normal
bgl_41435,Normal
bgl_41436,Normal
bgl_41437,Normal
bgl_41438,Normal
bgl_41439,Normal
bgl_41440,Normal
bgl_41441,Normal
bgl_41442,Normal
bgl_41443,Normal
bgl_41444,Normal
bgl_41445,Normal
bgl_41446,Normal
bgl_41447,Normal
bgl_41448,Normal
bgl_41449,Normal
bgl_41450,Normal
bgl_41451,Normal
bgl_41452,Normal
bgl_41453,Normal
bgl_41454,Normal
bgl_41455,Normal
bgl_41456,Normal
bgl_41457,Normal
bgl_41458,Normal
bgl_41459,Normal
bgl_41460,Normal
bgl_41461,Normal
bgl_41462,Normal
bgl_41463,Normal
bgl_41464,Normal
bgl_41465,Normal
bgl_41466,Normal
bgl_41467,Normal
bgl_41468,Normal
bgl_41469,Normal
bgl_41470,Normal
bgl_41471,Normal
bgl_41472,Normal
bgl_41473,Normal
bgl_41474,Normal
bgl_41475,Normal
bgl_41476,Normal
bgl_41477,Normal
bgl_41478,Normal
bgl_41479,Normal
bgl_41480,Normal
bgl_41481,Normal
bgl_41482,Normal
bgl_41483,Normal
bgl_41484,Normal
bgl_41485,Normal
bgl_41486,Normal
bgl_41487,Normal
bgl_41488,Normal
bgl_41489,Normal
bgl_41490,Normal
bgl_41491,Normal
bgl_41492,Normal
bgl_41493,Normal
bgl_41494,Normal
bgl_41495,Normal
bgl_41496,Normal
bgl_41497,Normal
bgl_41498,Normal
bgl_41499,Normal
bgl_41500,Normal
bgl_41501,Normal
bgl_41502,Normal
bgl_41503,Normal
bgl_41504,Normal
bgl_41505,Normal
bgl_41506,Normal
bgl_41507,Normal
bgl_41508,Normal
bgl_41509,Normal
bgl_41510,Normal
bgl_41511,Normal
bgl_41512,Normal
bgl_41513,Normal
bgl_41514,Normal
bgl_41515,Normal
bgl_41516,Normal
bgl_41517,Normal
bgl_41518,Normal
bgl_41519,Normal
bgl_41520,Normal
bgl_41521,Normal
bgl_41522,Normal
bgl_41523,Normal
bgl_41524,Normal
bgl_41525,Normal
bgl_41526,Normal
bgl_41527,Normal
bgl_41528,Normal
bgl_41529,Normal
bgl_41530,Normal
bgl_41531,Normal
bgl_41532,Normal
bgl_41533,Normal
bgl_41534,Normal
bgl_41535,Normal
bgl_41536,Normal
bgl_41537,Normal
bgl_41538,Normal
bgl_41539,Normal
bgl_41540,Normal
bgl_41541,Normal
bgl_41542,Normal
bgl_41543,Normal
bgl_41544,Normal
bgl_41545,Normal
bgl_41546,Normal
bgl_41547,Normal
bgl_41548,Normal
bgl_41549,Normal
bgl_41550,Anomaly
bgl_41551,Normal
bgl_41552,Normal
bgl_41553,Anomaly
bgl_41554,Normal
bgl_41555,Normal
bgl_41556,Normal
bgl_41557,Normal
bgl_41558,Normal
bgl_41559,Normal
bgl_41560,Normal
bgl_41561,Normal
bgl_41562,Normal
bgl_41563,Normal
bgl_41564,Normal
bgl_41565,Normal
bgl_41566,Normal
bgl_41567,Normal
bgl_41568,Normal
bgl_41569,Normal
bgl_41570,Normal
bgl_41571,Normal
bgl_41572,Normal
bgl_41573,Anomaly
bgl_41574,Anomaly
bgl_41575,Normal
bgl_41576,Normal
bgl_41577,Normal
bgl_41578,Anomaly
bgl_41579,Normal
bgl_41580,Anomaly
bgl_41581,Normal
bgl_41582,Normal
bgl_41583,Normal
bgl_41584,Normal
bgl_41585,Normal
bgl_41586,Normal
bgl_41587,Normal
bgl_41588,Normal
bgl_41589,Normal
bgl_41590,Normal
bgl_41591,Normal
bgl_41592,Normal
bgl_41593,Normal
bgl_41594,Normal
bgl_41595,Normal
bgl_41596,Normal
bgl_41597,Normal
bgl_41598,Normal
bgl_41599,Normal
bgl_41600,Normal
bgl_41601,Normal
bgl_41602,Anomaly
bgl_41603,Normal
bgl_41604,Normal
bgl_41605,Anomaly
bgl_41606,Normal
bgl_41607,Anomaly
bgl_41608,Normal
bgl_41609,Anomaly
bgl_41610,Normal
bgl_41611,Normal
bgl_41612,Anomaly
bgl_41613,Normal
bgl_41614,Normal
bgl_41615,Normal
bgl_41616,Normal
bgl_41617,Normal
bgl_41618,Normal
bgl_41619,Normal
bgl_41620,Normal
bgl_41621,Normal
bgl_41622,Normal
bgl_41623,Normal
bgl_41624,Normal
bgl_41625,Normal
bgl_41626,Normal
bgl_41627,Normal
bgl_41628,Normal
bgl_41629,Normal
bgl_41630,Normal
bgl_41631,Normal
bgl_41632,Anomaly
bgl_41633,Anomaly
bgl_41634,Anomaly
bgl_41635,Anomaly
bgl_41636,Anomaly
bgl_41637,Anomaly
bgl_41638,Anomaly
bgl_41639,Anomaly
bgl_41640,Anomaly
bgl_41641,Anomaly
bgl_41642,Anomaly
bgl_41643,Anomaly
bgl_41644,Anomaly
bgl_41645,Normal
bgl_41646,Normal
bgl_41647,Anomaly
bgl_41648,Normal
bgl_41649,Normal
bgl_41650,Normal
bgl_41651,Normal
bgl_41652,Normal
bgl_41653,Normal
bgl_41654,Normal
bgl_41655,Normal
bgl_41656,Normal
bgl_41657,Normal
bgl_41658,Normal
bgl_41659,Normal
bgl_41660,Normal
bgl_41661,Normal
bgl_41662,Normal
bgl_41663,Normal
bgl_41664,Normal
bgl_41665,Normal
bgl_41666,Normal
bgl_41667,Normal
bgl_41668,Normal
bgl_41669,Normal
bgl_41670,Normal
bgl_41671,Normal
bgl_41672,Normal
bgl_41673,Normal
bgl_41674,Normal
bgl_41675,Normal
bgl_41676,Normal
bgl_41677,Normal
bgl_41678,Normal
bgl_41679,Normal
bgl_41680,Normal
bgl_41681,Normal
bgl_41682,Normal
bgl_41683,Normal
bgl_41684,Normal
bgl_41685,Normal
bgl_41686,Normal
bgl_41687,Normal
bgl_41688,Normal
bgl_41689,Normal
bgl_41690,Normal
bgl_41691,Normal
bgl_41692,Normal
bgl_41693,Normal
bgl_41694,Normal
bgl_41695,Normal
bgl_41696,Normal
bgl_41697,Normal
bgl_41698,Normal
bgl_41699,Normal
bgl_41700,Normal
bgl_41701,Normal
bgl_41702,Normal
bgl_41703,Normal
bgl_41704,Normal
bgl_41705,Normal
bgl_41706,Normal
bgl_41707,Normal
bgl_41708,Normal
bgl_41709,Normal
bgl_41710,Normal
bgl_41711,Normal
bgl_41712,Normal
bgl_41713,Normal
bgl_41714,Normal
bgl_41715,Normal
bgl_41716,Normal
bgl_41717,Normal
bgl_41718,Normal
bgl_41719,Normal
bgl_41720,Normal
bgl_41721,Normal
bgl_41722,Normal
bgl_41723,Normal
bgl_41724,Normal
bgl_41725,Normal
bgl_41726,Normal
bgl_41727,Normal
bgl_41728,Normal
bgl_41729,Normal
bgl_41730,Normal
bgl_41731,Normal
bgl_41732,Normal
bgl_41733,Normal
bgl_41734,Anomaly
bgl_41735,Normal
bgl_41736,Normal
bgl_41737,Normal
bgl_41738,Normal
bgl_41739,Anomaly
bgl_41740,Anomaly
bgl_41741,Anomaly
bgl_41742,Anomaly
bgl_41743,Anomaly
bgl_41744,Anomaly
bgl_41745,Anomaly
bgl_41746,Anomaly
bgl_41747,Anomaly
bgl_41748,Anomaly
bgl_41749,Anomaly
bgl_41750,Anomaly
bgl_41751,Anomaly
bgl_41752,Anomaly
bgl_41753,Anomaly
bgl_41754,Anomaly
bgl_41755,Anomaly
bgl_41756,Anomaly
bgl_41757,Anomaly
bgl_41758,Anomaly
bgl_41759,Anomaly
bgl_41760,Anomaly
bgl_41761,Anomaly
bgl_41762,Anomaly
bgl_41763,Anomaly
bgl_41764,Anomaly
bgl_41765,Anomaly
bgl_41766,Anomaly
bgl_41767,Anomaly
bgl_41768,Anomaly
bgl_41769,Anomaly
bgl_41770,Anomaly
bgl_41771,Anomaly
bgl_41772,Anomaly
bgl_41773,Anomaly
bgl_41774,Anomaly
bgl_41775,Anomaly
bgl_41776,Anomaly
bgl_41777,Anomaly
bgl_41778,Anomaly
bgl_41779,Anomaly
bgl_41780,Anomaly
bgl_41781,Anomaly
bgl_41782,Anomaly
bgl_41783,Normal
bgl_41784,Normal
bgl_41785,Anomaly
bgl_41786,Anomaly
bgl_41787,Anomaly
bgl_41788,Anomaly
bgl_41789,Anomaly
bgl_41790,Anomaly
bgl_41791,Anomaly
bgl_41792,Anomaly
bgl_41793,Anomaly
bgl_41794,Anomaly
bgl_41795,Anomaly
bgl_41796,Normal
bgl_41797,Normal
bgl_41798,Anomaly
bgl_41799,Anomaly
bgl_41800,Anomaly
bgl_41801,Normal
bgl_41802,Normal
bgl_41803,Normal
bgl_41804,Anomaly
bgl_41805,Anomaly
bgl_41806,Anomaly
bgl_41807,Anomaly
bgl_41808,Anomaly
bgl_41809,Normal
bgl_41810,Normal
bgl_41811,Anomaly
bgl_41812,Anomaly
bgl_41813,Normal
bgl_41814,Normal
bgl_41815,Anomaly
bgl_41816,Anomaly
bgl_41817,Anomaly
bgl_41818,Anomaly
bgl_41819,Anomaly
bgl_41820,Anomaly
bgl_41821,Normal
bgl_41822,Normal
bgl_41823,Normal
bgl_41824,Anomaly
bgl_41825,Anomaly
bgl_41826,Anomaly
bgl_41827,Anomaly
bgl_41828,Anomaly
bgl_41829,Anomaly
bgl_41830,Normal
bgl_41831,Anomaly
bgl_41832,Anomaly
bgl_41833,Normal
bgl_41834,Anomaly
bgl_41835,Anomaly
bgl_41836,Anomaly
bgl_41837,Anomaly
bgl_41838,Anomaly
bgl_41839,Anomaly
bgl_41840,Anomaly
bgl_41841,Anomaly
bgl_41842,Anomaly
bgl_41843,Anomaly
bgl_41844,Anomaly
bgl_41845,Anomaly
bgl_41846,Normal
bgl_41847,Anomaly
bgl_41848,Anomaly
bgl_41849,Anomaly
bgl_41850,Anomaly
bgl_41851,Anomaly
bgl_41852,Anomaly
bgl_41853,Anomaly
bgl_41854,Normal
bgl_41855,Normal
bgl_41856,Normal
bgl_41857,Normal
bgl_41858,Anomaly
bgl_41859,Anomaly
bgl_41860,Normal
bgl_41861,Normal
bgl_41862,Normal
bgl_41863,Normal
bgl_41864,Normal
bgl_41865,Normal
bgl_41866,Normal
bgl_41867,Normal
bgl_41868,Normal
bgl_41869,Normal
bgl_41870,Normal
bgl_41871,Normal
bgl_41872,Normal
bgl_41873,Normal
bgl_41874,Anomaly
bgl_41875,Anomaly
bgl_41876,Anomaly
bgl_41877,Anomaly
bgl_41878,Anomaly
bgl_41879,Anomaly
bgl_41880,Anomaly
bgl_41881,Anomaly
bgl_41882,Normal
bgl_41883,Normal
bgl_41884,Normal
bgl_41885,Normal
bgl_41886,Normal
bgl_41887,Anomaly
bgl_41888,Normal
bgl_41889,Normal
bgl_41890,Normal
bgl_41891,Normal
bgl_41892,Normal
bgl_41893,Normal
bgl_41894,Normal
bgl_41895,Normal
bgl_41896,Normal
bgl_41897,Normal
bgl_41898,Normal
bgl_41899,Normal
bgl_41900,Normal
bgl_41901,Normal
bgl_41902,Normal
bgl_41903,Normal
bgl_41904,Normal
bgl_41905,Normal
bgl_41906,Normal
bgl_41907,Normal
bgl_41908,Normal
bgl_41909,Normal
bgl_41910,Normal
bgl_41911,Normal
bgl_41912,Normal
bgl_41913,Normal
bgl_41914,Normal
bgl_41915,Normal
bgl_41916,Normal
bgl_41917,Normal
bgl_41918,Normal
bgl_41919,Normal
bgl_41920,Normal
bgl_41921,Anomaly
bgl_41922,Normal
bgl_41923,Normal
bgl_41924,Normal
bgl_41925,Normal
bgl_41926,Normal
bgl_41927,Normal
bgl_41928,Normal
bgl_41929,Normal
bgl_41930,Normal
bgl_41931,Normal
bgl_41932,Normal
bgl_41933,Normal
bgl_41934,Normal
bgl_41935,Normal
bgl_41936,Normal
bgl_41937,Normal
bgl_41938,Normal
bgl_41939,Normal
bgl_41940,Normal
bgl_41941,Normal
bgl_41942,Normal
bgl_41943,Normal
bgl_41944,Normal
bgl_41945,Normal
bgl_41946,Normal
bgl_41947,Normal
bgl_41948,Normal
bgl_41949,Normal
bgl_41950,Normal
bgl_41951,Normal
bgl_41952,Normal
bgl_41953,Normal
bgl_41954,Anomaly
bgl_41955,Normal
bgl_41956,Anomaly
bgl_41957,Normal
bgl_41958,Anomaly
bgl_41959,Normal
bgl_41960,Normal
bgl_41961,Normal
bgl_41962,Anomaly
bgl_41963,Anomaly
bgl_41964,Normal
bgl_41965,Anomaly
bgl_41966,Normal
bgl_41967,Normal
bgl_41968,Normal
bgl_41969,Normal
bgl_41970,Normal
bgl_41971,Normal
bgl_41972,Normal
bgl_41973,Normal
bgl_41974,Normal
bgl_41975,Normal
bgl_41976,Normal
bgl_41977,Normal
bgl_41978,Normal
bgl_41979,Normal
bgl_41980,Normal
bgl_41981,Normal
bgl_41982,Normal
bgl_41983,Normal
bgl_41984,Normal
bgl_41985,Normal
bgl_41986,Normal
bgl_41987,Normal
bgl_41988,Normal
bgl_41989,Normal
bgl_41990,Normal
bgl_41991,Normal
bgl_41992,Normal
bgl_41993,Normal
bgl_41994,Normal
bgl_41995,Normal
bgl_41996,Normal
bgl_41997,Normal
bgl_41998,Normal
bgl_41999,Normal
bgl_42000,Normal
bgl_42001,Normal
bgl_42002,Normal
bgl_42003,Normal
bgl_42004,Normal
bgl_42005,Anomaly
bgl_42006,Anomaly
bgl_42007,Anomaly
bgl_42008,Normal
bgl_42009,Normal
bgl_42010,Anomaly
bgl_42011,Anomaly
bgl_42012,Anomaly
bgl_42013,Normal
bgl_42014,Normal
bgl_42015,Normal
bgl_42016,Normal
bgl_42017,Normal
bgl_42018,Normal
bgl_42019,Normal
bgl_42020,Normal
bgl_42021,Normal
bgl_42022,Normal
bgl_42023,Normal
bgl_42024,Normal
bgl_42025,Normal
bgl_42026,Normal
bgl_42027,Normal
bgl_42028,Normal
bgl_42029,Normal
bgl_42030,Normal
bgl_42031,Normal
bgl_42032,Normal
bgl_42033,Normal
bgl_42034,Normal
bgl_42035,Anomaly
bgl_42036,Anomaly
bgl_42037,Anomaly
bgl_42038,Anomaly
bgl_42039,Anomaly
bgl_42040,Anomaly
bgl_42041,Anomaly
bgl_42042,Anomaly
bgl_42043,Anomaly
bgl_42044,Anomaly
bgl_42045,Anomaly
bgl_42046,Normal
bgl_42047,Normal
bgl_42048,Normal
bgl_42049,Normal
bgl_42050,Normal
bgl_42051,Normal
bgl_42052,Normal
bgl_42053,Normal
bgl_42054,Normal
bgl_42055,Normal
bgl_42056,Normal
bgl_42057,Normal
bgl_42058,Normal
bgl_42059,Normal
bgl_42060,Normal
bgl_42061,Normal
bgl_42062,Normal
bgl_42063,Normal
bgl_42064,Normal
bgl_42065,Normal
bgl_42066,Normal
bgl_42067,Normal
bgl_42068,Normal
bgl_42069,Normal
bgl_42070,Normal
bgl_42071,Normal
bgl_42072,Normal
bgl_42073,Normal
bgl_42074,Normal
bgl_42075,Normal
bgl_42076,Normal
bgl_42077,Normal
bgl_42078,Normal
bgl_42079,Normal
bgl_42080,Anomaly
bgl_42081,Anomaly
bgl_42082,Normal
bgl_42083,Normal
bgl_42084,Normal
bgl_42085,Normal
bgl_42086,Normal
bgl_42087,Normal
bgl_42088,Normal
bgl_42089,Normal
bgl_42090,Normal
bgl_42091,Normal
bgl_42092,Normal
bgl_42093,Normal
bgl_42094,Normal
bgl_42095,Normal
bgl_42096,Normal
bgl_42097,Normal
bgl_42098,Normal
bgl_42099,Normal
bgl_42100,Normal
bgl_42101,Normal
bgl_42102,Normal
bgl_42103,Normal
bgl_42104,Normal
bgl_42105,Normal
bgl_42106,Normal
bgl_42107,Normal
bgl_42108,Normal
bgl_42109,Normal
bgl_42110,Normal
bgl_42111,Normal
bgl_42112,Normal
bgl_42113,Normal
bgl_42114,Normal
bgl_42115,Normal
bgl_42116,Normal
bgl_42117,Normal
bgl_42118,Normal
bgl_42119,Normal
bgl_42120,Normal
bgl_42121,Normal
bgl_42122,Normal
bgl_42123,Normal
bgl_42124,Normal
bgl_42125,Normal
bgl_42126,Normal
bgl_42127,Normal
bgl_42128,Normal
bgl_42129,Normal
bgl_42130,Normal
bgl_42131,Normal
bgl_42132,Normal
bgl_42133,Normal
bgl_42134,Normal
bgl_42135,Normal
bgl_42136,Normal
bgl_42137,Normal
bgl_42138,Normal
bgl_42139,Normal
bgl_42140,Normal
bgl_42141,Normal
bgl_42142,Normal
bgl_42143,Normal
bgl_42144,Normal
bgl_42145,Normal
bgl_42146,Normal
bgl_42147,Normal
bgl_42148,Normal
bgl_42149,Normal
bgl_42150,Normal
bgl_42151,Normal
bgl_42152,Normal
bgl_42153,Normal
bgl_42154,Normal
bgl_42155,Normal
bgl_42156,Normal
bgl_42157,Normal
bgl_42158,Normal
bgl_42159,Normal
bgl_42160,Normal
bgl_42161,Normal
bgl_42162,Normal
bgl_42163,Normal
bgl_42164,Normal
bgl_42165,Normal
bgl_42166,Normal
bgl_42167,Normal
bgl_42168,Normal
bgl_42169,Normal
bgl_42170,Normal
bgl_42171,Normal
bgl_42172,Normal
bgl_42173,Normal
bgl_42174,Normal
bgl_42175,Normal
bgl_42176,Normal
bgl_42177,Normal
bgl_42178,Normal
bgl_42179,Normal
bgl_42180,Normal
bgl_42181,Normal
bgl_42182,Normal
bgl_42183,Normal
bgl_42184,Normal
bgl_42185,Normal
bgl_42186,Normal
bgl_42187,Normal
bgl_42188,Normal
bgl_42189,Normal
bgl_42190,Normal
bgl_42191,Normal
bgl_42192,Anomaly
bgl_42193,Normal
bgl_42194,Normal
bgl_42195,Normal
bgl_42196,Normal
bgl_42197,Normal
bgl_42198,Anomaly
bgl_42199,Normal
bgl_42200,Normal
bgl_42201,Normal
bgl_42202,Normal
bgl_42203,Normal
bgl_42204,Normal
bgl_42205,Anomaly
bgl_42206,Anomaly
bgl_42207,Anomaly
bgl_42208,Anomaly
bgl_42209,Anomaly
bgl_42210,Anomaly
bgl_42211,Anomaly
bgl_42212,Anomaly
bgl_42213,Anomaly
bgl_42214,Anomaly
bgl_42215,Anomaly
bgl_42216,Anomaly
bgl_42217,Anomaly
bgl_42218,Anomaly
bgl_42219,Anomaly
bgl_42220,Anomaly
bgl_42221,Anomaly
bgl_42222,Anomaly
bgl_42223,Anomaly
bgl_42224,Anomaly
bgl_42225,Anomaly
bgl_42226,Anomaly
bgl_42227,Anomaly
bgl_42228,Anomaly
bgl_42229,Anomaly
bgl_42230,Anomaly
bgl_42231,Anomaly
bgl_42232,Normal
bgl_42233,Normal
bgl_42234,Normal
bgl_42235,Normal
bgl_42236,Anomaly
bgl_42237,Anomaly
bgl_42238,Anomaly
bgl_42239,Anomaly
bgl_42240,Anomaly
bgl_42241,Anomaly
bgl_42242,Anomaly
bgl_42243,Anomaly
bgl_42244,Anomaly
bgl_42245,Anomaly
bgl_42246,Anomaly
bgl_42247,Anomaly
bgl_42248,Anomaly
bgl_42249,Anomaly
bgl_42250,Anomaly
bgl_42251,Anomaly
bgl_42252,Anomaly
bgl_42253,Anomaly
bgl_42254,Anomaly
bgl_42255,Anomaly
bgl_42256,Anomaly
bgl_42257,Anomaly
bgl_42258,Normal
bgl_42259,Normal
bgl_42260,Anomaly
bgl_42261,Normal
bgl_42262,Normal
bgl_42263,Normal
bgl_42264,Normal
bgl_42265,Normal
bgl_42266,Normal
bgl_42267,Normal
bgl_42268,Normal
bgl_42269,Normal
bgl_42270,Normal
bgl_42271,Normal
bgl_42272,Normal
bgl_42273,Normal
bgl_42274,Normal
bgl_42275,Normal
bgl_42276,Normal
bgl_42277,Normal
bgl_42278,Normal
bgl_42279,Normal
bgl_42280,Normal
bgl_42281,Normal
bgl_42282,Normal
bgl_42283,Normal
bgl_42284,Normal
bgl_42285,Normal
bgl_42286,Normal
bgl_42287,Normal
bgl_42288,Normal
bgl_42289,Normal
bgl_42290,Normal
bgl_42291,Normal
bgl_42292,Normal
bgl_42293,Normal
bgl_42294,Normal
bgl_42295,Normal
bgl_42296,Normal
bgl_42297,Normal
bgl_42298,Normal
bgl_42299,Normal
bgl_42300,Normal
bgl_42301,Normal
bgl_42302,Normal
bgl_42303,Normal
bgl_42304,Normal
bgl_42305,Normal
bgl_42306,Normal
bgl_42307,Normal
bgl_42308,Normal
bgl_42309,Normal
bgl_42310,Normal
bgl_42311,Normal
bgl_42312,Normal
bgl_42313,Normal
bgl_42314,Normal
bgl_42315,Normal
bgl_42316,Normal
bgl_42317,Normal
bgl_42318,Normal
bgl_42319,Normal
bgl_42320,Normal
bgl_42321,Normal
bgl_42322,Anomaly
bgl_42323,Normal
bgl_42324,Normal
bgl_42325,Normal
bgl_42326,Normal
bgl_42327,Normal
bgl_42328,Normal
bgl_42329,Anomaly
bgl_42330,Anomaly
bgl_42331,Normal
bgl_42332,Normal
bgl_42333,Normal
bgl_42334,Normal
bgl_42335,Normal
bgl_42336,Normal
bgl_42337,Normal
bgl_42338,Normal
bgl_42339,Normal
bgl_42340,Normal
bgl_42341,Normal
bgl_42342,Normal
bgl_42343,Anomaly
bgl_42344,Anomaly
bgl_42345,Normal
bgl_42346,Normal
bgl_42347,Normal
bgl_42348,Normal
bgl_42349,Normal
bgl_42350,Normal
bgl_42351,Normal
bgl_42352,Normal
bgl_42353,Normal
bgl_42354,Normal
bgl_42355,Anomaly
bgl_42356,Anomaly
bgl_42357,Normal
bgl_42358,Normal
bgl_42359,Normal
bgl_42360,Normal
bgl_42361,Normal
bgl_42362,Normal
bgl_42363,Normal
bgl_42364,Normal
bgl_42365,Normal
bgl_42366,Normal
bgl_42367,Normal
bgl_42368,Normal
bgl_42369,Normal
bgl_42370,Normal
bgl_42371,Normal
bgl_42372,Normal
bgl_42373,Normal
bgl_42374,Normal
bgl_42375,Normal
bgl_42376,Normal
bgl_42377,Normal
bgl_42378,Normal
bgl_42379,Normal
bgl_42380,Normal
bgl_42381,Normal
bgl_42382,Normal
bgl_42383,Anomaly
bgl_42384,Anomaly
bgl_42385,Anomaly
bgl_42386,Anomaly
bgl_42387,Anomaly
bgl_42388,Anomaly
bgl_42389,Anomaly
bgl_42390,Anomaly
bgl_42391,Anomaly
bgl_42392,Anomaly
bgl_42393,Anomaly
bgl_42394,Anomaly
bgl_42395,Anomaly
bgl_42396,Anomaly
bgl_42397,Anomaly
bgl_42398,Anomaly
bgl_42399,Anomaly
bgl_42400,Anomaly
bgl_42401,Normal
bgl_42402,Normal
bgl_42403,Normal
bgl_42404,Normal
bgl_42405,Normal
bgl_42406,Normal
bgl_42407,Normal
bgl_42408,Anomaly
bgl_42409,Anomaly
bgl_42410,Anomaly
bgl_42411,Anomaly
bgl_42412,Anomaly
bgl_42413,Anomaly
bgl_42414,Anomaly
bgl_42415,Anomaly
bgl_42416,Anomaly
bgl_42417,Anomaly
bgl_42418,Normal
bgl_42419,Normal
bgl_42420,Normal
bgl_42421,Normal
bgl_42422,Normal
bgl_42423,Normal
bgl_42424,Normal
bgl_42425,Normal
bgl_42426,Normal
bgl_42427,Normal
bgl_42428,Normal
bgl_42429,Normal
bgl_42430,Normal
bgl_42431,Normal
bgl_42432,Normal
bgl_42433,Normal
bgl_42434,Normal
bgl_42435,Normal
bgl_42436,Normal
bgl_42437,Normal
bgl_42438,Normal
bgl_42439,Normal
bgl_42440,Normal
bgl_42441,Normal
bgl_42442,Normal
bgl_42443,Normal
bgl_42444,Normal
bgl_42445,Normal
bgl_42446,Normal
bgl_42447,Normal
bgl_42448,Normal
bgl_42449,Normal
bgl_42450,Normal
bgl_42451,Anomaly
bgl_42452,Anomaly
bgl_42453,Anomaly
bgl_42454,Anomaly
bgl_42455,Anomaly
bgl_42456,Anomaly
bgl_42457,Anomaly
bgl_42458,Anomaly
bgl_42459,Anomaly
bgl_42460,Anomaly
bgl_42461,Anomaly
bgl_42462,Normal
bgl_42463,Normal
bgl_42464,Normal
bgl_42465,Normal
bgl_42466,Normal
bgl_42467,Normal
bgl_42468,Normal
bgl_42469,Normal
bgl_42470,Normal
bgl_42471,Normal
bgl_42472,Normal
bgl_42473,Normal
bgl_42474,Normal
bgl_42475,Normal
bgl_42476,Normal
bgl_42477,Normal
bgl_42478,Normal
bgl_42479,Anomaly
bgl_42480,Anomaly
bgl_42481,Anomaly
bgl_42482,Anomaly
bgl_42483,Anomaly
bgl_42484,Anomaly
bgl_42485,Anomaly
bgl_42486,Anomaly
bgl_42487,Anomaly
bgl_42488,Anomaly
bgl_42489,Anomaly
bgl_42490,Normal
bgl_42491,Normal
bgl_42492,Normal
bgl_42493,Normal
bgl_42494,Normal
bgl_42495,Normal
bgl_42496,Normal
bgl_42497,Normal
bgl_42498,Normal
bgl_42499,Normal
bgl_42500,Anomaly
bgl_42501,Anomaly
bgl_42502,Anomaly
bgl_42503,Anomaly
bgl_42504,Anomaly
bgl_42505,Anomaly
bgl_42506,Anomaly
bgl_42507,Anomaly
bgl_42508,Anomaly
bgl_42509,Anomaly
bgl_42510,Anomaly
bgl_42511,Anomaly
bgl_42512,Normal
bgl_42513,Normal
bgl_42514,Normal
bgl_42515,Normal
bgl_42516,Normal
bgl_42517,Normal
bgl_42518,Normal
bgl_42519,Normal
bgl_42520,Normal
bgl_42521,Normal
bgl_42522,Normal
bgl_42523,Normal
bgl_42524,Normal
bgl_42525,Normal
bgl_42526,Normal
bgl_42527,Normal
bgl_42528,Normal
bgl_42529,Normal
bgl_42530,Normal
bgl_42531,Normal
bgl_42532,Normal
bgl_42533,Normal
bgl_42534,Normal
bgl_42535,Normal
bgl_42536,Normal
bgl_42537,Normal
bgl_42538,Normal
bgl_42539,Normal
bgl_42540,Normal
bgl_42541,Normal
bgl_42542,Normal
bgl_42543,Normal
bgl_42544,Normal
bgl_42545,Normal
bgl_42546,Normal
bgl_42547,Normal
bgl_42548,Normal
bgl_42549,Normal
bgl_42550,Normal
bgl_42551,Normal
bgl_42552,Normal
bgl_42553,Normal
bgl_42554,Normal
bgl_42555,Normal
bgl_42556,Anomaly
bgl_42557,Anomaly
bgl_42558,Anomaly
bgl_42559,Anomaly
bgl_42560,Anomaly
bgl_42561,Anomaly
bgl_42562,Anomaly
bgl_42563,Anomaly
bgl_42564,Anomaly
bgl_42565,Anomaly
bgl_42566,Anomaly
bgl_42567,Anomaly
bgl_42568,Anomaly
bgl_42569,Anomaly
bgl_42570,Anomaly
bgl_42571,Normal
bgl_42572,Normal
bgl_42573,Normal
bgl_42574,Normal
bgl_42575,Normal
bgl_42576,Normal
bgl_42577,Normal
bgl_42578,Normal
bgl_42579,Normal
bgl_42580,Anomaly
bgl_42581,Anomaly
bgl_42582,Normal
bgl_42583,Anomaly
bgl_42584,Anomaly
bgl_42585,Anomaly
bgl_42586,Anomaly
bgl_42587,Anomaly
bgl_42588,Anomaly
bgl_42589,Anomaly
bgl_42590,Anomaly
bgl_42591,Anomaly
bgl_42592,Anomaly
bgl_42593,Anomaly
bgl_42594,Anomaly
bgl_42595,Anomaly
bgl_42596,Normal
bgl_42597,Anomaly
bgl_42598,Anomaly
bgl_42599,Anomaly
bgl_42600,Anomaly
bgl_42601,Anomaly
bgl_42602,Anomaly
bgl_42603,Anomaly
bgl_42604,Anomaly
bgl_42605,Anomaly
bgl_42606,Anomaly
bgl_42607,Anomaly
bgl_42608,Anomaly
bgl_42609,Anomaly
bgl_42610,Anomaly
bgl_42611,Anomaly
bgl_42612,Anomaly
bgl_42613,Anomaly
bgl_42614,Anomaly
bgl_42615,Anomaly
bgl_42616,Anomaly
bgl_42617,Anomaly
bgl_42618,Anomaly
bgl_42619,Anomaly
bgl_42620,Anomaly
bgl_42621,Anomaly
bgl_42622,Anomaly
bgl_42623,Anomaly
bgl_42624,Anomaly
bgl_42625,Anomaly
bgl_42626,Anomaly
bgl_42627,Anomaly
bgl_42628,Anomaly
bgl_42629,Anomaly
bgl_42630,Anomaly
bgl_42631,Anomaly
bgl_42632,Anomaly
bgl_42633,Anomaly
bgl_42634,Normal
bgl_42635,Anomaly
bgl_42636,Anomaly
bgl_42637,Anomaly
bgl_42638,Anomaly
bgl_42639,Anomaly
bgl_42640,Anomaly
bgl_42641,Anomaly
bgl_42642,Anomaly
bgl_42643,Anomaly
bgl_42644,Anomaly
bgl_42645,Anomaly
bgl_42646,Anomaly
bgl_42647,Normal
bgl_42648,Anomaly
bgl_42649,Normal
bgl_42650,Anomaly
bgl_42651,Anomaly
bgl_42652,Anomaly
bgl_42653,Anomaly
bgl_42654,Anomaly
bgl_42655,Anomaly
bgl_42656,Anomaly
bgl_42657,Anomaly
bgl_42658,Anomaly
bgl_42659,Anomaly
bgl_42660,Anomaly
bgl_42661,Anomaly
bgl_42662,Anomaly
bgl_42663,Anomaly
bgl_42664,Anomaly
bgl_42665,Anomaly
bgl_42666,Anomaly
bgl_42667,Anomaly
bgl_42668,Anomaly
bgl_42669,Anomaly
bgl_42670,Anomaly
bgl_42671,Anomaly
bgl_42672,Anomaly
bgl_42673,Normal
bgl_42674,Normal
bgl_42675,Anomaly
bgl_42676,Anomaly
bgl_42677,Anomaly
bgl_42678,Anomaly
bgl_42679,Anomaly
bgl_42680,Anomaly
bgl_42681,Normal
bgl_42682,Anomaly
bgl_42683,Anomaly
bgl_42684,Anomaly
bgl_42685,Anomaly
bgl_42686,Anomaly
bgl_42687,Anomaly
bgl_42688,Anomaly
bgl_42689,Anomaly
bgl_42690,Anomaly
bgl_42691,Anomaly
bgl_42692,Anomaly
bgl_42693,Anomaly
bgl_42694,Normal
bgl_42695,Normal
bgl_42696,Normal
bgl_42697,Anomaly
bgl_42698,Normal
bgl_42699,Normal
bgl_42700,Anomaly
bgl_42701,Normal
bgl_42702,Normal
bgl_42703,Normal
bgl_42704,Anomaly
bgl_42705,Normal
bgl_42706,Normal
bgl_42707,Normal
bgl_42708,Normal
bgl_42709,Normal
bgl_42710,Normal
bgl_42711,Anomaly
bgl_42712,Anomaly
bgl_42713,Anomaly
bgl_42714,Anomaly
bgl_42715,Anomaly
bgl_42716,Anomaly
bgl_42717,Normal
bgl_42718,Normal
bgl_42719,Normal
bgl_42720,Normal
bgl_42721,Normal
bgl_42722,Normal
bgl_42723,Normal
bgl_42724,Normal
bgl_42725,Normal
bgl_42726,Normal
bgl_42727,Normal
bgl_42728,Normal
bgl_42729,Normal
bgl_42730,Normal
bgl_42731,Normal
bgl_42732,Normal
bgl_42733,Normal
bgl_42734,Normal
bgl_42735,Normal
bgl_42736,Normal
bgl_42737,Normal
bgl_42738,Normal
bgl_42739,Normal
bgl_42740,Normal
bgl_42741,Normal
bgl_42742,Normal
bgl_42743,Normal
bgl_42744,Anomaly
bgl_42745,Anomaly
bgl_42746,Anomaly
bgl_42747,Normal
bgl_42748,Normal
bgl_42749,Normal
bgl_42750,Normal
bgl_42751,Normal
bgl_42752,Normal
bgl_42753,Normal
bgl_42754,Normal
bgl_42755,Normal
bgl_42756,Normal
bgl_42757,Normal
bgl_42758,Normal
bgl_42759,Normal
bgl_42760,Normal
bgl_42761,Normal
bgl_42762,Anomaly
bgl_42763,Anomaly
bgl_42764,Anomaly
bgl_42765,Anomaly
bgl_42766,Anomaly
bgl_42767,Anomaly
bgl_42768,Anomaly
bgl_42769,Anomaly
bgl_42770,Anomaly
bgl_42771,Anomaly
bgl_42772,Anomaly
bgl_42773,Anomaly
bgl_42774,Anomaly
bgl_42775,Anomaly
bgl_42776,Anomaly
bgl_42777,Normal
bgl_42778,Normal
bgl_42779,Normal
bgl_42780,Normal
bgl_42781,Normal
bgl_42782,Normal
bgl_42783,Normal
bgl_42784,Normal
bgl_42785,Normal
bgl_42786,Normal
bgl_42787,Normal
bgl_42788,Normal
bgl_42789,Normal
bgl_42790,Normal
bgl_42791,Normal
bgl_42792,Normal
bgl_42793,Normal
bgl_42794,Normal
bgl_42795,Normal
bgl_42796,Normal
bgl_42797,Normal
bgl_42798,Normal
bgl_42799,Normal
bgl_42800,Normal
bgl_42801,Normal
bgl_42802,Normal
bgl_42803,Normal
bgl_42804,Normal
bgl_42805,Normal
bgl_42806,Normal
bgl_42807,Normal
bgl_42808,Normal
bgl_42809,Normal
bgl_42810,Normal
bgl_42811,Normal
bgl_42812,Normal
bgl_42813,Normal
bgl_42814,Normal
bgl_42815,Normal
bgl_42816,Normal
bgl_42817,Normal
bgl_42818,Anomaly
bgl_42819,Normal
bgl_42820,Normal
bgl_42821,Normal
bgl_42822,Normal
bgl_42823,Normal
bgl_42824,Normal
bgl_42825,Normal
bgl_42826,Normal
bgl_42827,Normal
bgl_42828,Normal
bgl_42829,Normal
bgl_42830,Normal
bgl_42831,Normal
bgl_42832,Normal
bgl_42833,Normal
bgl_42834,Normal
bgl_42835,Normal
bgl_42836,Normal
bgl_42837,Normal
bgl_42838,Normal
bgl_42839,Normal
bgl_42840,Normal
bgl_42841,Normal
bgl_42842,Normal
bgl_42843,Normal
bgl_42844,Normal
bgl_42845,Normal
bgl_42846,Normal
bgl_42847,Normal
bgl_42848,Normal
bgl_42849,Normal
bgl_42850,Normal
bgl_42851,Normal
bgl_42852,Normal
bgl_42853,Normal
bgl_42854,Normal
bgl_42855,Normal
bgl_42856,Normal
bgl_42857,Normal
bgl_42858,Normal
bgl_42859,Normal
bgl_42860,Normal
bgl_42861,Normal
bgl_42862,Normal
bgl_42863,Normal
bgl_42864,Normal
bgl_42865,Normal
bgl_42866,Normal
bgl_42867,Normal
bgl_42868,Normal
bgl_42869,Normal
bgl_42870,Normal
bgl_42871,Normal
bgl_42872,Normal
bgl_42873,Normal
bgl_42874,Normal
bgl_42875,Normal
bgl_42876,Normal
bgl_42877,Normal
bgl_42878,Normal
bgl_42879,Normal
bgl_42880,Normal
bgl_42881,Normal
bgl_42882,Normal
bgl_42883,Normal
bgl_42884,Normal
bgl_42885,Normal
bgl_42886,Normal
bgl_42887,Normal
bgl_42888,Anomaly
bgl_42889,Normal
bgl_42890,Normal
bgl_42891,Normal
bgl_42892,Normal
bgl_42893,Normal
bgl_42894,Normal
bgl_42895,Normal
bgl_42896,Normal
bgl_42897,Normal
bgl_42898,Normal
bgl_42899,Normal
bgl_42900,Normal
bgl_42901,Normal
bgl_42902,Normal
bgl_42903,Normal
bgl_42904,Normal
bgl_42905,Normal
bgl_42906,Normal
bgl_42907,Normal
bgl_42908,Normal
bgl_42909,Normal
bgl_42910,Normal
bgl_42911,Normal
bgl_42912,Normal
bgl_42913,Normal
bgl_42914,Normal
bgl_42915,Normal
bgl_42916,Normal
bgl_42917,Normal
bgl_42918,Normal
bgl_42919,Normal
bgl_42920,Normal
bgl_42921,Normal
bgl_42922,Normal
bgl_42923,Normal
bgl_42924,Normal
bgl_42925,Normal
bgl_42926,Normal
bgl_42927,Normal
bgl_42928,Normal
bgl_42929,Normal
bgl_42930,Normal
bgl_42931,Normal
bgl_42932,Normal
bgl_42933,Normal
bgl_42934,Normal
bgl_42935,Normal
bgl_42936,Normal
bgl_42937,Normal
bgl_42938,Normal
bgl_42939,Normal
bgl_42940,Normal
bgl_42941,Normal
bgl_42942,Normal
bgl_42943,Normal
bgl_42944,Normal
bgl_42945,Normal
bgl_42946,Normal
bgl_42947,Normal
bgl_42948,Normal
bgl_42949,Normal
bgl_42950,Normal
bgl_42951,Normal
bgl_42952,Normal
bgl_42953,Normal
bgl_42954,Normal
bgl_42955,Normal
bgl_42956,Normal
bgl_42957,Normal
bgl_42958,Normal
bgl_42959,Normal
bgl_42960,Normal
bgl_42961,Normal
bgl_42962,Normal
bgl_42963,Normal
bgl_42964,Normal
bgl_42965,Normal
bgl_42966,Normal
bgl_42967,Normal
bgl_42968,Normal
bgl_42969,Normal
bgl_42970,Normal
bgl_42971,Normal
bgl_42972,Normal
bgl_42973,Normal
bgl_42974,Normal
bgl_42975,Normal
bgl_42976,Normal
bgl_42977,Normal
bgl_42978,Normal
bgl_42979,Normal
bgl_42980,Normal
bgl_42981,Normal
bgl_42982,Normal
bgl_42983,Normal
bgl_42984,Normal
bgl_42985,Normal
bgl_42986,Normal
bgl_42987,Normal
bgl_42988,Normal
bgl_42989,Normal
bgl_42990,Normal
bgl_42991,Normal
bgl_42992,Normal
bgl_42993,Normal
bgl_42994,Normal
bgl_42995,Normal
bgl_42996,Normal
bgl_42997,Normal
bgl_42998,Normal
bgl_42999,Normal
bgl_43000,Normal
bgl_43001,Normal
bgl_43002,Normal
bgl_43003,Normal
bgl_43004,Normal
bgl_43005,Normal
bgl_43006,Normal
bgl_43007,Normal
bgl_43008,Normal
bgl_43009,Normal
bgl_43010,Normal
bgl_43011,Normal
bgl_43012,Normal
bgl_43013,Normal
bgl_43014,Normal
bgl_43015,Normal
bgl_43016,Normal
bgl_43017,Normal
bgl_43018,Normal
bgl_43019,Normal
bgl_43020,Normal
bgl_43021,Normal
bgl_43022,Normal
bgl_43023,Normal
bgl_43024,Normal
bgl_43025,Normal
bgl_43026,Normal
bgl_43027,Normal
bgl_43028,Normal
bgl_43029,Normal
bgl_43030,Normal
bgl_43031,Normal
bgl_43032,Normal
bgl_43033,Normal
bgl_43034,Normal
bgl_43035,Normal
bgl_43036,Normal
bgl_43037,Normal
bgl_43038,Normal
bgl_43039,Normal
bgl_43040,Normal
bgl_43041,Normal
bgl_43042,Normal
bgl_43043,Normal
bgl_43044,Normal
bgl_43045,Normal
bgl_43046,Normal
bgl_43047,Normal
bgl_43048,Normal
bgl_43049,Normal
bgl_43050,Normal
bgl_43051,Normal
bgl_43052,Normal
bgl_43053,Normal
bgl_43054,Normal
bgl_43055,Normal
bgl_43056,Normal
bgl_43057,Normal
bgl_43058,Normal
bgl_43059,Normal
bgl_43060,Normal
bgl_43061,Normal
bgl_43062,Normal
bgl_43063,Normal
bgl_43064,Normal
bgl_43065,Normal
bgl_43066,Normal
bgl_43067,Normal
bgl_43068,Normal
bgl_43069,Normal
bgl_43070,Normal
bgl_43071,Normal
bgl_43072,Normal
bgl_43073,Normal
bgl_43074,Normal
bgl_43075,Normal
bgl_43076,Normal
bgl_43077,Normal
bgl_43078,Normal
bgl_43079,Normal
bgl_43080,Normal
bgl_43081,Normal
bgl_43082,Normal
bgl_43083,Normal
bgl_43084,Normal
bgl_43085,Normal
bgl_43086,Normal
bgl_43087,Normal
bgl_43088,Normal
bgl_43089,Normal
bgl_43090,Normal
bgl_43091,Normal
bgl_43092,Normal
bgl_43093,Normal
bgl_43094,Normal
bgl_43095,Normal
bgl_43096,Normal
bgl_43097,Normal
bgl_43098,Normal
bgl_43099,Normal
bgl_43100,Normal
bgl_43101,Normal
bgl_43102,Normal
bgl_43103,Normal
bgl_43104,Normal
bgl_43105,Normal
bgl_43106,Normal
bgl_43107,Normal
bgl_43108,Normal
bgl_43109,Normal
bgl_43110,Normal
bgl_43111,Normal
bgl_43112,Normal
bgl_43113,Normal
bgl_43114,Normal
bgl_43115,Normal
bgl_43116,Normal
bgl_43117,Normal
bgl_43118,Normal
bgl_43119,Normal
bgl_43120,Normal
bgl_43121,Normal
bgl_43122,Normal
bgl_43123,Normal
bgl_43124,Normal
bgl_43125,Normal
bgl_43126,Normal
bgl_43127,Normal
bgl_43128,Normal
bgl_43129,Normal
bgl_43130,Normal
bgl_43131,Normal
bgl_43132,Normal
bgl_43133,Normal
bgl_43134,Normal
bgl_43135,Normal
bgl_43136,Normal
bgl_43137,Normal
bgl_43138,Normal
bgl_43139,Normal
bgl_43140,Normal
bgl_43141,Normal
bgl_43142,Normal
bgl_43143,Normal
bgl_43144,Normal
bgl_43145,Normal
bgl_43146,Normal
bgl_43147,Normal
bgl_43148,Normal
bgl_43149,Normal
bgl_43150,Normal
bgl_43151,Normal
bgl_43152,Normal
bgl_43153,Normal
bgl_43154,Normal
bgl_43155,Normal
bgl_43156,Normal
bgl_43157,Normal
bgl_43158,Normal
bgl_43159,Normal
bgl_43160,Normal
bgl_43161,Normal
bgl_43162,Normal
bgl_43163,Normal
bgl_43164,Normal
bgl_43165,Normal
bgl_43166,Normal
bgl_43167,Normal
bgl_43168,Normal
bgl_43169,Normal
bgl_43170,Normal
bgl_43171,Normal
bgl_43172,Normal
bgl_43173,Normal
bgl_43174,Normal
bgl_43175,Normal
bgl_43176,Normal
bgl_43177,Normal
bgl_43178,Normal
bgl_43179,Normal
bgl_43180,Normal
bgl_43181,Normal
bgl_43182,Normal
bgl_43183,Normal
bgl_43184,Normal
bgl_43185,Normal
bgl_43186,Normal
bgl_43187,Normal
bgl_43188,Normal
bgl_43189,Normal
bgl_43190,Normal
bgl_43191,Normal
bgl_43192,Normal
bgl_43193,Normal
bgl_43194,Normal
bgl_43195,Normal
bgl_43196,Normal
bgl_43197,Normal
bgl_43198,Normal
bgl_43199,Normal
bgl_43200,Normal
bgl_43201,Normal
bgl_43202,Normal
bgl_43203,Normal
bgl_43204,Normal
bgl_43205,Normal
bgl_43206,Normal
bgl_43207,Normal
bgl_43208,Normal
bgl_43209,Normal
bgl_43210,Normal
bgl_43211,Normal
bgl_43212,Normal
bgl_43213,Normal
bgl_43214,Normal
bgl_43215,Normal
bgl_43216,Normal
bgl_43217,Normal
bgl_43218,Normal
bgl_43219,Normal
bgl_43220,Normal
bgl_43221,Normal
bgl_43222,Normal
bgl_43223,Normal
bgl_43224,Normal
bgl_43225,Normal
bgl_43226,Normal
bgl_43227,Normal
bgl_43228,Normal
bgl_43229,Normal
bgl_43230,Normal
bgl_43231,Normal
bgl_43232,Normal
bgl_43233,Normal
bgl_43234,Normal
bgl_43235,Normal
bgl_43236,Normal
bgl_43237,Normal
bgl_43238,Normal
bgl_43239,Normal
bgl_43240,Normal
bgl_43241,Normal
bgl_43242,Normal
bgl_43243,Normal
bgl_43244,Normal
bgl_43245,Normal
bgl_43246,Normal
bgl_43247,Normal
bgl_43248,Normal
bgl_43249,Normal
bgl_43250,Normal
bgl_43251,Normal
bgl_43252,Normal
bgl_43253,Normal
bgl_43254,Normal
bgl_43255,Normal
bgl_43256,Normal
bgl_43257,Normal
bgl_43258,Normal
bgl_43259,Normal
bgl_43260,Normal
bgl_43261,Normal
bgl_43262,Normal
bgl_43263,Normal
bgl_43264,Normal
bgl_43265,Normal
bgl_43266,Normal
bgl_43267,Normal
bgl_43268,Normal
bgl_43269,Normal
bgl_43270,Normal
bgl_43271,Normal
bgl_43272,Normal
bgl_43273,Normal
bgl_43274,Normal
bgl_43275,Normal
bgl_43276,Normal
bgl_43277,Normal
bgl_43278,Normal
bgl_43279,Normal
bgl_43280,Normal
bgl_43281,Normal
bgl_43282,Normal
bgl_43283,Normal
bgl_43284,Normal
bgl_43285,Normal
bgl_43286,Normal
bgl_43287,Normal
bgl_43288,Normal
bgl_43289,Normal
bgl_43290,Normal
bgl_43291,Normal
bgl_43292,Normal
bgl_43293,Normal
bgl_43294,Normal
bgl_43295,Normal
bgl_43296,Normal
bgl_43297,Normal
bgl_43298,Normal
bgl_43299,Normal
bgl_43300,Normal
bgl_43301,Normal
bgl_43302,Normal
bgl_43303,Normal
bgl_43304,Normal
bgl_43305,Normal
bgl_43306,Normal
bgl_43307,Normal
bgl_43308,Normal
bgl_43309,Normal
bgl_43310,Normal
bgl_43311,Normal
bgl_43312,Normal
bgl_43313,Normal
bgl_43314,Normal
bgl_43315,Normal
bgl_43316,Normal
bgl_43317,Normal
bgl_43318,Normal
bgl_43319,Normal
bgl_43320,Normal
bgl_43321,Normal
bgl_43322,Normal
bgl_43323,Normal
bgl_43324,Normal
bgl_43325,Normal
bgl_43326,Normal
bgl_43327,Normal
bgl_43328,Normal
bgl_43329,Normal
bgl_43330,Normal
bgl_43331,Normal
bgl_43332,Normal
bgl_43333,Normal
bgl_43334,Normal
bgl_43335,Normal
bgl_43336,Normal
bgl_43337,Normal
bgl_43338,Normal
bgl_43339,Normal
bgl_43340,Normal
bgl_43341,Normal
bgl_43342,Normal
bgl_43343,Normal
bgl_43344,Normal
bgl_43345,Normal
bgl_43346,Normal
bgl_43347,Normal
bgl_43348,Normal
bgl_43349,Normal
bgl_43350,Normal
bgl_43351,Normal
bgl_43352,Normal
bgl_43353,Normal
bgl_43354,Normal
bgl_43355,Normal
bgl_43356,Normal
bgl_43357,Normal
bgl_43358,Normal
bgl_43359,Normal
bgl_43360,Normal
bgl_43361,Normal
bgl_43362,Normal
bgl_43363,Normal
bgl_43364,Normal
bgl_43365,Normal
bgl_43366,Normal
bgl_43367,Normal
bgl_43368,Normal
bgl_43369,Normal
bgl_43370,Normal
bgl_43371,Normal
bgl_43372,Normal
bgl_43373,Normal
bgl_43374,Normal
bgl_43375,Normal
bgl_43376,Normal
bgl_43377,Normal
bgl_43378,Normal
bgl_43379,Normal
bgl_43380,Normal
bgl_43381,Normal
bgl_43382,Normal
bgl_43383,Normal
bgl_43384,Normal
bgl_43385,Normal
bgl_43386,Normal
bgl_43387,Normal
bgl_43388,Normal
bgl_43389,Normal
bgl_43390,Normal
bgl_43391,Normal
bgl_43392,Normal
bgl_43393,Normal
bgl_43394,Normal
bgl_43395,Normal
bgl_43396,Normal
bgl_43397,Normal
bgl_43398,Normal
bgl_43399,Normal
bgl_43400,Normal
bgl_43401,Normal
bgl_43402,Normal
bgl_43403,Normal
bgl_43404,Normal
bgl_43405,Normal
bgl_43406,Normal
bgl_43407,Normal
bgl_43408,Normal
bgl_43409,Normal
bgl_43410,Normal
bgl_43411,Normal
bgl_43412,Normal
bgl_43413,Normal
bgl_43414,Normal
bgl_43415,Normal
bgl_43416,Normal
bgl_43417,Normal
bgl_43418,Normal
bgl_43419,Normal
bgl_43420,Normal
bgl_43421,Normal
bgl_43422,Normal
bgl_43423,Normal
bgl_43424,Normal
bgl_43425,Normal
bgl_43426,Normal
bgl_43427,Normal
bgl_43428,Normal
bgl_43429,Normal
bgl_43430,Normal
bgl_43431,Normal
bgl_43432,Normal
bgl_43433,Normal
bgl_43434,Normal
bgl_43435,Normal
bgl_43436,Normal
bgl_43437,Normal
bgl_43438,Normal
bgl_43439,Normal
bgl_43440,Normal
bgl_43441,Normal
bgl_43442,Normal
bgl_43443,Normal
bgl_43444,Normal
bgl_43445,Normal
bgl_43446,Normal
bgl_43447,Normal
bgl_43448,Normal
bgl_43449,Normal
bgl_43450,Normal
bgl_43451,Normal
bgl_43452,Normal
bgl_43453,Normal
bgl_43454,Normal
bgl_43455,Normal
bgl_43456,Normal
bgl_43457,Normal
bgl_43458,Normal
bgl_43459,Normal
bgl_43460,Normal
bgl_43461,Normal
bgl_43462,Normal
bgl_43463,Normal
bgl_43464,Normal
bgl_43465,Normal
bgl_43466,Normal
bgl_43467,Normal
bgl_43468,Normal
bgl_43469,Normal
bgl_43470,Normal
bgl_43471,Normal
bgl_43472,Normal
bgl_43473,Normal
bgl_43474,Normal
bgl_43475,Normal
bgl_43476,Normal
bgl_43477,Normal
bgl_43478,Normal
bgl_43479,Normal
bgl_43480,Normal
bgl_43481,Normal
bgl_43482,Normal
bgl_43483,Normal
bgl_43484,Normal
bgl_43485,Normal
bgl_43486,Normal
bgl_43487,Normal
bgl_43488,Normal
bgl_43489,Normal
bgl_43490,Normal
bgl_43491,Normal
bgl_43492,Normal
bgl_43493,Normal
bgl_43494,Normal
bgl_43495,Normal
bgl_43496,Normal
bgl_43497,Normal
bgl_43498,Normal
bgl_43499,Normal
bgl_43500,Normal
bgl_43501,Normal
bgl_43502,Normal
bgl_43503,Normal
bgl_43504,Normal
bgl_43505,Normal
bgl_43506,Normal
bgl_43507,Normal
bgl_43508,Normal
bgl_43509,Normal
bgl_43510,Normal
bgl_43511,Normal
bgl_43512,Normal
bgl_43513,Normal
bgl_43514,Normal
bgl_43515,Normal
bgl_43516,Normal
bgl_43517,Normal
bgl_43518,Normal
bgl_43519,Normal
bgl_43520,Normal
bgl_43521,Normal
bgl_43522,Normal
bgl_43523,Normal
bgl_43524,Normal
bgl_43525,Normal
bgl_43526,Normal
bgl_43527,Normal
bgl_43528,Normal
bgl_43529,Normal
bgl_43530,Normal
bgl_43531,Normal
bgl_43532,Normal
bgl_43533,Normal
bgl_43534,Normal
bgl_43535,Normal
bgl_43536,Normal
bgl_43537,Normal
bgl_43538,Normal
bgl_43539,Normal
bgl_43540,Normal
bgl_43541,Normal
bgl_43542,Normal
bgl_43543,Normal
bgl_43544,Normal
bgl_43545,Normal
bgl_43546,Normal
bgl_43547,Normal
bgl_43548,Normal
bgl_43549,Normal
bgl_43550,Normal
bgl_43551,Normal
bgl_43552,Normal
bgl_43553,Normal
bgl_43554,Normal
bgl_43555,Normal
bgl_43556,Normal
bgl_43557,Normal
bgl_43558,Normal
bgl_43559,Normal
bgl_43560,Normal
bgl_43561,Normal
bgl_43562,Normal
bgl_43563,Normal
bgl_43564,Normal
bgl_43565,Normal
bgl_43566,Normal
bgl_43567,Normal
bgl_43568,Normal
bgl_43569,Normal
bgl_43570,Normal
bgl_43571,Normal
bgl_43572,Normal
bgl_43573,Normal
bgl_43574,Normal
bgl_43575,Normal
bgl_43576,Normal
bgl_43577,Normal
bgl_43578,Normal
bgl_43579,Normal
bgl_43580,Normal
bgl_43581,Normal
bgl_43582,Normal
bgl_43583,Normal
bgl_43584,Normal
bgl_43585,Normal
bgl_43586,Normal
bgl_43587,Normal
bgl_43588,Normal
bgl_43589,Normal
bgl_43590,Normal
bgl_43591,Normal
bgl_43592,Normal
bgl_43593,Normal
bgl_43594,Normal
bgl_43595,Normal
bgl_43596,Normal
bgl_43597,Normal
bgl_43598,Normal
bgl_43599,Normal
bgl_43600,Normal
bgl_43601,Normal
bgl_43602,Normal
bgl_43603,Normal
bgl_43604,Normal
bgl_43605,Normal
bgl_43606,Normal
bgl_43607,Normal
bgl_43608,Normal
bgl_43609,Normal
bgl_43610,Normal
bgl_43611,Normal
bgl_43612,Normal
bgl_43613,Normal
bgl_43614,Normal
bgl_43615,Normal
bgl_43616,Normal
bgl_43617,Normal
bgl_43618,Normal
bgl_43619,Normal
bgl_43620,Normal
bgl_43621,Normal
bgl_43622,Normal
bgl_43623,Normal
bgl_43624,Normal
bgl_43625,Normal
bgl_43626,Normal
bgl_43627,Normal
bgl_43628,Normal
bgl_43629,Normal
bgl_43630,Normal
bgl_43631,Normal
bgl_43632,Normal
bgl_43633,Normal
bgl_43634,Normal
bgl_43635,Normal
bgl_43636,Normal
bgl_43637,Normal
bgl_43638,Normal
bgl_43639,Normal
bgl_43640,Normal
bgl_43641,Normal
bgl_43642,Normal
bgl_43643,Normal
bgl_43644,Normal
bgl_43645,Normal
bgl_43646,Normal
bgl_43647,Normal
bgl_43648,Normal
bgl_43649,Normal
bgl_43650,Normal
bgl_43651,Normal
bgl_43652,Normal
bgl_43653,Normal
bgl_43654,Normal
bgl_43655,Normal
bgl_43656,Normal
bgl_43657,Normal
bgl_43658,Normal
bgl_43659,Normal
bgl_43660,Normal
bgl_43661,Normal
bgl_43662,Normal
bgl_43663,Normal
bgl_43664,Normal
bgl_43665,Normal
bgl_43666,Normal
bgl_43667,Normal
bgl_43668,Normal
bgl_43669,Normal
bgl_43670,Normal
bgl_43671,Normal
bgl_43672,Normal
bgl_43673,Normal
bgl_43674,Normal
bgl_43675,Normal
bgl_43676,Normal
bgl_43677,Normal
bgl_43678,Normal
bgl_43679,Normal
bgl_43680,Normal
bgl_43681,Normal
bgl_43682,Normal
bgl_43683,Normal
bgl_43684,Normal
bgl_43685,Normal
bgl_43686,Normal
bgl_43687,Normal
bgl_43688,Normal
bgl_43689,Normal
bgl_43690,Normal
bgl_43691,Normal
bgl_43692,Normal
bgl_43693,Normal
bgl_43694,Normal
bgl_43695,Normal
bgl_43696,Normal
bgl_43697,Normal
bgl_43698,Normal
bgl_43699,Normal
bgl_43700,Normal
bgl_43701,Normal
bgl_43702,Normal
bgl_43703,Normal
bgl_43704,Normal
bgl_43705,Normal
bgl_43706,Normal
bgl_43707,Normal
bgl_43708,Normal
bgl_43709,Normal
bgl_43710,Normal
bgl_43711,Normal
bgl_43712,Normal
bgl_43713,Normal
bgl_43714,Normal
bgl_43715,Normal
bgl_43716,Normal
bgl_43717,Normal
bgl_43718,Normal
bgl_43719,Normal
bgl_43720,Normal
bgl_43721,Normal
bgl_43722,Normal
bgl_43723,Normal
bgl_43724,Normal
bgl_43725,Normal
bgl_43726,Normal
bgl_43727,Normal
bgl_43728,Normal
bgl_43729,Normal
bgl_43730,Normal
bgl_43731,Normal
bgl_43732,Normal
bgl_43733,Normal
bgl_43734,Normal
bgl_43735,Normal
bgl_43736,Normal
bgl_43737,Normal
bgl_43738,Normal
bgl_43739,Normal
bgl_43740,Normal
bgl_43741,Normal
bgl_43742,Normal
bgl_43743,Normal
bgl_43744,Normal
bgl_43745,Normal
bgl_43746,Normal
bgl_43747,Normal
bgl_43748,Normal
bgl_43749,Normal
bgl_43750,Normal
bgl_43751,Normal
bgl_43752,Normal
bgl_43753,Normal
bgl_43754,Normal
bgl_43755,Normal
bgl_43756,Normal
bgl_43757,Normal
bgl_43758,Normal
bgl_43759,Normal
bgl_43760,Normal
bgl_43761,Normal
bgl_43762,Normal
bgl_43763,Normal
bgl_43764,Normal
bgl_43765,Normal
bgl_43766,Normal
bgl_43767,Normal
bgl_43768,Normal
bgl_43769,Normal
bgl_43770,Normal
bgl_43771,Normal
bgl_43772,Normal
bgl_43773,Normal
bgl_43774,Normal
bgl_43775,Normal
bgl_43776,Normal
bgl_43777,Normal
bgl_43778,Normal
bgl_43779,Normal
bgl_43780,Normal
bgl_43781,Normal
bgl_43782,Normal
bgl_43783,Normal
bgl_43784,Normal
bgl_43785,Normal
bgl_43786,Normal
bgl_43787,Normal
bgl_43788,Normal
bgl_43789,Normal
bgl_43790,Normal
bgl_43791,Normal
bgl_43792,Normal
bgl_43793,Normal
bgl_43794,Normal
bgl_43795,Normal
bgl_43796,Normal
bgl_43797,Normal
bgl_43798,Normal
bgl_43799,Normal
bgl_43800,Normal
bgl_43801,Normal
bgl_43802,Normal
bgl_43803,Normal
bgl_43804,Normal
bgl_43805,Normal
bgl_43806,Normal
bgl_43807,Normal
bgl_43808,Normal
bgl_43809,Normal
bgl_43810,Normal
bgl_43811,Normal
bgl_43812,Normal
bgl_43813,Normal
bgl_43814,Normal
bgl_43815,Normal
bgl_43816,Normal
bgl_43817,Normal
bgl_43818,Normal
bgl_43819,Normal
bgl_43820,Normal
bgl_43821,Normal
bgl_43822,Normal
bgl_43823,Normal
bgl_43824,Normal
bgl_43825,Normal
bgl_43826,Normal
bgl_43827,Normal
bgl_43828,Normal
bgl_43829,Normal
bgl_43830,Normal
bgl_43831,Normal
bgl_43832,Normal
bgl_43833,Normal
bgl_43834,Normal
bgl_43835,Normal
bgl_43836,Normal
bgl_43837,Normal
bgl_43838,Normal
bgl_43839,Normal
bgl_43840,Normal
bgl_43841,Normal
bgl_43842,Normal
bgl_43843,Normal
bgl_43844,Normal
bgl_43845,Normal
bgl_43846,Normal
bgl_43847,Normal
bgl_43848,Normal
bgl_43849,Normal
bgl_43850,Normal
bgl_43851,Normal
bgl_43852,Normal
bgl_43853,Normal
bgl_43854,Normal
bgl_43855,Normal
bgl_43856,Normal
bgl_43857,Normal
bgl_43858,Normal
bgl_43859,Normal
bgl_43860,Normal
bgl_43861,Normal
bgl_43862,Normal
bgl_43863,Normal
bgl_43864,Normal
bgl_43865,Normal
bgl_43866,Normal
bgl_43867,Normal
bgl_43868,Normal
bgl_43869,Normal
bgl_43870,Normal
bgl_43871,Normal
bgl_43872,Normal
bgl_43873,Normal
bgl_43874,Normal
bgl_43875,Normal
bgl_43876,Normal
bgl_43877,Normal
bgl_43878,Normal
bgl_43879,Normal
bgl_43880,Normal
bgl_43881,Normal
bgl_43882,Normal
bgl_43883,Normal
bgl_43884,Normal
bgl_43885,Normal
bgl_43886,Normal
bgl_43887,Normal
bgl_43888,Normal
bgl_43889,Normal
bgl_43890,Normal
bgl_43891,Normal
bgl_43892,Normal
bgl_43893,Normal
bgl_43894,Normal
bgl_43895,Normal
bgl_43896,Normal
bgl_43897,Normal
bgl_43898,Normal
bgl_43899,Normal
bgl_43900,Normal
bgl_43901,Normal
bgl_43902,Normal
bgl_43903,Normal
bgl_43904,Normal
bgl_43905,Normal
bgl_43906,Normal
bgl_43907,Normal
bgl_43908,Normal
bgl_43909,Normal
bgl_43910,Normal
bgl_43911,Normal
bgl_43912,Normal
bgl_43913,Normal
bgl_43914,Normal
bgl_43915,Normal
bgl_43916,Normal
bgl_43917,Normal
bgl_43918,Normal
bgl_43919,Normal
bgl_43920,Normal
bgl_43921,Normal
bgl_43922,Normal
bgl_43923,Normal
bgl_43924,Normal
bgl_43925,Normal
bgl_43926,Normal
bgl_43927,Normal
bgl_43928,Normal
bgl_43929,Normal
bgl_43930,Normal
bgl_43931,Normal
bgl_43932,Normal
bgl_43933,Normal
bgl_43934,Normal
bgl_43935,Normal
bgl_43936,Normal
bgl_43937,Normal
bgl_43938,Normal
bgl_43939,Normal
bgl_43940,Normal
bgl_43941,Normal
bgl_43942,Normal
bgl_43943,Normal
bgl_43944,Normal
bgl_43945,Normal
bgl_43946,Normal
bgl_43947,Normal
bgl_43948,Normal
bgl_43949,Normal
bgl_43950,Normal
bgl_43951,Normal
bgl_43952,Normal
bgl_43953,Normal
bgl_43954,Normal
bgl_43955,Normal
bgl_43956,Normal
bgl_43957,Normal
bgl_43958,Normal
bgl_43959,Normal
bgl_43960,Normal
bgl_43961,Normal
bgl_43962,Normal
bgl_43963,Normal
bgl_43964,Normal
bgl_43965,Normal
bgl_43966,Normal
bgl_43967,Normal
bgl_43968,Normal
bgl_43969,Normal
bgl_43970,Normal
bgl_43971,Normal
bgl_43972,Normal
bgl_43973,Normal
bgl_43974,Normal
bgl_43975,Normal
bgl_43976,Normal
bgl_43977,Normal
bgl_43978,Normal
bgl_43979,Normal
bgl_43980,Normal
bgl_43981,Normal
bgl_43982,Normal
bgl_43983,Normal
bgl_43984,Normal
bgl_43985,Normal
bgl_43986,Normal
bgl_43987,Normal
bgl_43988,Normal
bgl_43989,Normal
bgl_43990,Normal
bgl_43991,Normal
bgl_43992,Normal
bgl_43993,Normal
bgl_43994,Normal
bgl_43995,Normal
bgl_43996,Normal
bgl_43997,Normal
bgl_43998,Normal
bgl_43999,Normal
bgl_44000,Normal
bgl_44001,Normal
bgl_44002,Normal
bgl_44003,Normal
bgl_44004,Normal
bgl_44005,Normal
bgl_44006,Normal
bgl_44007,Normal
bgl_44008,Normal
bgl_44009,Normal
bgl_44010,Normal
bgl_44011,Normal
bgl_44012,Normal
bgl_44013,Normal
bgl_44014,Normal
bgl_44015,Normal
bgl_44016,Normal
bgl_44017,Normal
bgl_44018,Normal
bgl_44019,Normal
bgl_44020,Normal
bgl_44021,Normal
bgl_44022,Normal
bgl_44023,Normal
bgl_44024,Normal
bgl_44025,Normal
bgl_44026,Normal
bgl_44027,Normal
bgl_44028,Normal
bgl_44029,Normal
bgl_44030,Normal
bgl_44031,Normal
bgl_44032,Normal
bgl_44033,Normal
bgl_44034,Normal
bgl_44035,Normal
bgl_44036,Normal
bgl_44037,Normal
bgl_44038,Normal
bgl_44039,Normal
bgl_44040,Normal
bgl_44041,Normal
bgl_44042,Normal
bgl_44043,Normal
bgl_44044,Normal
bgl_44045,Normal
bgl_44046,Normal
bgl_44047,Normal
bgl_44048,Normal
bgl_44049,Normal
bgl_44050,Normal
bgl_44051,Normal
bgl_44052,Normal
bgl_44053,Normal
bgl_44054,Normal
bgl_44055,Normal
bgl_44056,Normal
bgl_44057,Normal
bgl_44058,Normal
bgl_44059,Normal
bgl_44060,Normal
bgl_44061,Normal
bgl_44062,Normal
bgl_44063,Normal
bgl_44064,Normal
bgl_44065,Normal
bgl_44066,Normal
bgl_44067,Normal
bgl_44068,Normal
bgl_44069,Normal
bgl_44070,Normal
bgl_44071,Normal
bgl_44072,Normal
bgl_44073,Normal
bgl_44074,Normal
bgl_44075,Normal
bgl_44076,Normal
bgl_44077,Normal
bgl_44078,Normal
bgl_44079,Normal
bgl_44080,Normal
bgl_44081,Normal
bgl_44082,Normal
bgl_44083,Normal
bgl_44084,Normal
bgl_44085,Normal
bgl_44086,Normal
bgl_44087,Normal
bgl_44088,Normal
bgl_44089,Normal
bgl_44090,Normal
bgl_44091,Normal
bgl_44092,Normal
bgl_44093,Normal
bgl_44094,Normal
bgl_44095,Normal
bgl_44096,Normal
bgl_44097,Normal
bgl_44098,Normal
bgl_44099,Normal
bgl_44100,Normal
bgl_44101,Normal
bgl_44102,Normal
bgl_44103,Normal
bgl_44104,Normal
bgl_44105,Normal
bgl_44106,Normal
bgl_44107,Normal
bgl_44108,Normal
bgl_44109,Normal
bgl_44110,Normal
bgl_44111,Normal
bgl_44112,Normal
bgl_44113,Normal
bgl_44114,Normal
bgl_44115,Normal
bgl_44116,Normal
bgl_44117,Normal
bgl_44118,Normal
bgl_44119,Normal
bgl_44120,Normal
bgl_44121,Normal
bgl_44122,Normal
bgl_44123,Normal
bgl_44124,Normal
bgl_44125,Normal
bgl_44126,Normal
bgl_44127,Normal
bgl_44128,Normal
bgl_44129,Normal
bgl_44130,Normal
bgl_44131,Normal
bgl_44132,Normal
bgl_44133,Normal
bgl_44134,Normal
bgl_44135,Normal
bgl_44136,Normal
bgl_44137,Normal
bgl_44138,Normal
bgl_44139,Normal
bgl_44140,Normal
bgl_44141,Normal
bgl_44142,Normal
bgl_44143,Normal
bgl_44144,Normal
bgl_44145,Normal
bgl_44146,Normal
bgl_44147,Normal
bgl_44148,Normal
bgl_44149,Normal
bgl_44150,Normal
bgl_44151,Normal
bgl_44152,Normal
bgl_44153,Normal
bgl_44154,Normal
bgl_44155,Normal
bgl_44156,Normal
bgl_44157,Normal
bgl_44158,Normal
bgl_44159,Normal
bgl_44160,Normal
bgl_44161,Normal
bgl_44162,Normal
bgl_44163,Normal
bgl_44164,Normal
bgl_44165,Normal
bgl_44166,Normal
bgl_44167,Normal
bgl_44168,Normal
bgl_44169,Normal
bgl_44170,Normal
bgl_44171,Normal
bgl_44172,Normal
bgl_44173,Normal
bgl_44174,Normal
bgl_44175,Normal
bgl_44176,Normal
bgl_44177,Normal
bgl_44178,Normal
bgl_44179,Normal
bgl_44180,Normal
bgl_44181,Normal
bgl_44182,Normal
bgl_44183,Normal
bgl_44184,Normal
bgl_44185,Normal
bgl_44186,Normal
bgl_44187,Normal
bgl_44188,Normal
bgl_44189,Normal
bgl_44190,Normal
bgl_44191,Normal
bgl_44192,Normal
bgl_44193,Normal
bgl_44194,Normal
bgl_44195,Normal
bgl_44196,Normal
bgl_44197,Normal
bgl_44198,Normal
bgl_44199,Normal
bgl_44200,Normal
bgl_44201,Normal
bgl_44202,Normal
bgl_44203,Normal
bgl_44204,Normal
bgl_44205,Normal
bgl_44206,Normal
bgl_44207,Normal
bgl_44208,Normal
bgl_44209,Anomaly
bgl_44210,Normal
bgl_44211,Normal
bgl_44212,Normal
bgl_44213,Normal
bgl_44214,Normal
bgl_44215,Normal
bgl_44216,Normal
bgl_44217,Normal
bgl_44218,Normal
bgl_44219,Normal
bgl_44220,Normal
bgl_44221,Normal
bgl_44222,Normal
bgl_44223,Normal
bgl_44224,Normal
bgl_44225,Normal
bgl_44226,Normal
bgl_44227,Normal
bgl_44228,Normal
bgl_44229,Normal
bgl_44230,Normal
bgl_44231,Normal
bgl_44232,Normal
bgl_44233,Normal
bgl_44234,Normal
bgl_44235,Normal
bgl_44236,Normal
bgl_44237,Normal
bgl_44238,Normal
bgl_44239,Normal
bgl_44240,Normal
bgl_44241,Normal
bgl_44242,Normal
bgl_44243,Normal
bgl_44244,Normal
bgl_44245,Normal
bgl_44246,Normal
bgl_44247,Normal
bgl_44248,Normal
bgl_44249,Normal
bgl_44250,Normal
bgl_44251,Normal
bgl_44252,Normal
bgl_44253,Normal
bgl_44254,Normal
bgl_44255,Normal
bgl_44256,Normal
bgl_44257,Normal
bgl_44258,Normal
bgl_44259,Normal
bgl_44260,Normal
bgl_44261,Normal
bgl_44262,Normal
bgl_44263,Normal
bgl_44264,Normal
bgl_44265,Normal
bgl_44266,Normal
bgl_44267,Normal
bgl_44268,Normal
bgl_44269,Normal
bgl_44270,Normal
bgl_44271,Normal
bgl_44272,Normal
bgl_44273,Normal
bgl_44274,Normal
bgl_44275,Normal
bgl_44276,Normal
bgl_44277,Normal
bgl_44278,Normal
bgl_44279,Normal
bgl_44280,Normal
bgl_44281,Normal
bgl_44282,Normal
bgl_44283,Normal
bgl_44284,Normal
bgl_44285,Normal
bgl_44286,Normal
bgl_44287,Normal
bgl_44288,Normal
bgl_44289,Normal
bgl_44290,Normal
bgl_44291,Normal
bgl_44292,Normal
bgl_44293,Normal
bgl_44294,Normal
bgl_44295,Normal
bgl_44296,Normal
bgl_44297,Normal
bgl_44298,Normal
bgl_44299,Normal
bgl_44300,Normal
bgl_44301,Normal
bgl_44302,Normal
bgl_44303,Normal
bgl_44304,Normal
bgl_44305,Normal
bgl_44306,Normal
bgl_44307,Normal
bgl_44308,Normal
bgl_44309,Normal
bgl_44310,Normal
bgl_44311,Normal
bgl_44312,Normal
bgl_44313,Normal
bgl_44314,Normal
bgl_44315,Normal
bgl_44316,Normal
bgl_44317,Normal
bgl_44318,Normal
bgl_44319,Normal
bgl_44320,Normal
bgl_44321,Normal
bgl_44322,Normal
bgl_44323,Normal
bgl_44324,Normal
bgl_44325,Normal
bgl_44326,Normal
bgl_44327,Normal
bgl_44328,Normal
bgl_44329,Normal
bgl_44330,Normal
bgl_44331,Normal
bgl_44332,Normal
bgl_44333,Normal
bgl_44334,Normal
bgl_44335,Normal
bgl_44336,Normal
bgl_44337,Normal
bgl_44338,Normal
bgl_44339,Normal
bgl_44340,Normal
bgl_44341,Normal
bgl_44342,Normal
bgl_44343,Normal
bgl_44344,Normal
bgl_44345,Normal
bgl_44346,Normal
bgl_44347,Normal
bgl_44348,Normal
bgl_44349,Normal
bgl_44350,Normal
bgl_44351,Normal
bgl_44352,Normal
bgl_44353,Normal
bgl_44354,Normal
bgl_44355,Normal
bgl_44356,Normal
bgl_44357,Normal
bgl_44358,Normal
bgl_44359,Normal
bgl_44360,Normal
bgl_44361,Normal
bgl_44362,Normal
bgl_44363,Normal
bgl_44364,Normal
bgl_44365,Normal
bgl_44366,Normal
bgl_44367,Normal
bgl_44368,Normal
bgl_44369,Normal
bgl_44370,Normal
bgl_44371,Normal
bgl_44372,Normal
bgl_44373,Normal
bgl_44374,Normal
bgl_44375,Normal
bgl_44376,Normal
bgl_44377,Normal
bgl_44378,Normal
bgl_44379,Normal
bgl_44380,Normal
bgl_44381,Normal
bgl_44382,Normal
bgl_44383,Normal
bgl_44384,Normal
bgl_44385,Normal
bgl_44386,Normal
bgl_44387,Normal
bgl_44388,Normal
bgl_44389,Normal
bgl_44390,Normal
bgl_44391,Normal
bgl_44392,Normal
bgl_44393,Normal
bgl_44394,Normal
bgl_44395,Normal
bgl_44396,Normal
bgl_44397,Normal
bgl_44398,Normal
bgl_44399,Normal
bgl_44400,Normal
bgl_44401,Normal
bgl_44402,Normal
bgl_44403,Normal
bgl_44404,Normal
bgl_44405,Normal
bgl_44406,Normal
bgl_44407,Normal
bgl_44408,Normal
bgl_44409,Normal
bgl_44410,Normal
bgl_44411,Normal
bgl_44412,Normal
bgl_44413,Normal
bgl_44414,Normal
bgl_44415,Normal
bgl_44416,Normal
bgl_44417,Normal
bgl_44418,Normal
bgl_44419,Normal
bgl_44420,Normal
bgl_44421,Normal
bgl_44422,Normal
bgl_44423,Normal
bgl_44424,Normal
bgl_44425,Normal
bgl_44426,Normal
bgl_44427,Normal
bgl_44428,Normal
bgl_44429,Normal
bgl_44430,Normal
bgl_44431,Normal
bgl_44432,Normal
bgl_44433,Normal
bgl_44434,Normal
bgl_44435,Normal
bgl_44436,Normal
bgl_44437,Normal
bgl_44438,Normal
bgl_44439,Normal
bgl_44440,Normal
bgl_44441,Normal
bgl_44442,Normal
bgl_44443,Normal
bgl_44444,Normal
bgl_44445,Normal
bgl_44446,Normal
bgl_44447,Normal
bgl_44448,Normal
bgl_44449,Normal
bgl_44450,Normal
bgl_44451,Normal
bgl_44452,Normal
bgl_44453,Normal
bgl_44454,Normal
bgl_44455,Normal
bgl_44456,Normal
bgl_44457,Normal
bgl_44458,Normal
bgl_44459,Normal
bgl_44460,Normal
bgl_44461,Normal
bgl_44462,Normal
bgl_44463,Normal
bgl_44464,Normal
bgl_44465,Normal
bgl_44466,Normal
bgl_44467,Normal
bgl_44468,Normal
bgl_44469,Normal
bgl_44470,Normal
bgl_44471,Normal
bgl_44472,Normal
bgl_44473,Normal
bgl_44474,Normal
bgl_44475,Normal
bgl_44476,Normal
bgl_44477,Normal
bgl_44478,Normal
bgl_44479,Normal
bgl_44480,Normal
bgl_44481,Normal
bgl_44482,Normal
bgl_44483,Normal
bgl_44484,Normal
bgl_44485,Normal
bgl_44486,Normal
bgl_44487,Normal
bgl_44488,Normal
bgl_44489,Normal
bgl_44490,Normal
bgl_44491,Normal
bgl_44492,Normal
bgl_44493,Normal
bgl_44494,Normal
bgl_44495,Normal
bgl_44496,Normal
bgl_44497,Normal
bgl_44498,Normal
bgl_44499,Normal
bgl_44500,Normal
bgl_44501,Normal
bgl_44502,Normal
bgl_44503,Normal
bgl_44504,Normal
bgl_44505,Normal
bgl_44506,Normal
bgl_44507,Normal
bgl_44508,Normal
bgl_44509,Normal
bgl_44510,Normal
bgl_44511,Normal
bgl_44512,Normal
bgl_44513,Normal
bgl_44514,Normal
bgl_44515,Normal
bgl_44516,Normal
bgl_44517,Normal
bgl_44518,Normal
bgl_44519,Normal
bgl_44520,Normal
bgl_44521,Normal
bgl_44522,Normal
bgl_44523,Normal
bgl_44524,Normal
bgl_44525,Normal
bgl_44526,Normal
bgl_44527,Normal
bgl_44528,Normal
bgl_44529,Normal
bgl_44530,Normal
bgl_44531,Normal
bgl_44532,Normal
bgl_44533,Normal
bgl_44534,Normal
bgl_44535,Normal
bgl_44536,Normal
bgl_44537,Normal
bgl_44538,Normal
bgl_44539,Normal
bgl_44540,Normal
bgl_44541,Normal
bgl_44542,Normal
bgl_44543,Normal
bgl_44544,Normal
bgl_44545,Normal
bgl_44546,Normal
bgl_44547,Normal
bgl_44548,Normal
bgl_44549,Normal
bgl_44550,Normal
bgl_44551,Normal
bgl_44552,Normal
bgl_44553,Normal
bgl_44554,Normal
bgl_44555,Normal
bgl_44556,Normal
bgl_44557,Normal
bgl_44558,Normal
bgl_44559,Normal
bgl_44560,Normal
bgl_44561,Normal
bgl_44562,Normal
bgl_44563,Normal
bgl_44564,Normal
bgl_44565,Normal
bgl_44566,Normal
bgl_44567,Normal
bgl_44568,Normal
bgl_44569,Normal
bgl_44570,Normal
bgl_44571,Normal
bgl_44572,Normal
bgl_44573,Normal
bgl_44574,Normal
bgl_44575,Normal
bgl_44576,Normal
bgl_44577,Normal
bgl_44578,Normal
bgl_44579,Normal
bgl_44580,Normal
bgl_44581,Normal
bgl_44582,Normal
bgl_44583,Normal
bgl_44584,Normal
bgl_44585,Normal
bgl_44586,Normal
bgl_44587,Normal
bgl_44588,Normal
bgl_44589,Normal
bgl_44590,Normal
bgl_44591,Normal
bgl_44592,Normal
bgl_44593,Normal
bgl_44594,Normal
bgl_44595,Normal
bgl_44596,Normal
bgl_44597,Normal
bgl_44598,Normal
bgl_44599,Normal
bgl_44600,Normal
bgl_44601,Normal
bgl_44602,Normal
bgl_44603,Normal
bgl_44604,Normal
bgl_44605,Normal
bgl_44606,Normal
bgl_44607,Normal
bgl_44608,Normal
bgl_44609,Normal
bgl_44610,Normal
bgl_44611,Normal
bgl_44612,Normal
bgl_44613,Normal
bgl_44614,Normal
bgl_44615,Normal
bgl_44616,Normal
bgl_44617,Normal
bgl_44618,Normal
bgl_44619,Normal
bgl_44620,Normal
bgl_44621,Normal
bgl_44622,Normal
bgl_44623,Normal
bgl_44624,Normal
bgl_44625,Normal
bgl_44626,Normal
bgl_44627,Normal
bgl_44628,Normal
bgl_44629,Normal
bgl_44630,Normal
bgl_44631,Normal
bgl_44632,Normal
bgl_44633,Normal
bgl_44634,Normal
bgl_44635,Normal
bgl_44636,Normal
bgl_44637,Normal
bgl_44638,Normal
bgl_44639,Normal
bgl_44640,Normal
bgl_44641,Normal
bgl_44642,Normal
bgl_44643,Normal
bgl_44644,Normal
bgl_44645,Normal
bgl_44646,Normal
bgl_44647,Normal
bgl_44648,Normal
bgl_44649,Normal
bgl_44650,Normal
bgl_44651,Normal
bgl_44652,Normal
bgl_44653,Normal
bgl_44654,Normal
bgl_44655,Normal
bgl_44656,Normal
bgl_44657,Normal
bgl_44658,Normal
bgl_44659,Normal
bgl_44660,Normal
bgl_44661,Normal
bgl_44662,Normal
bgl_44663,Normal
bgl_44664,Normal
bgl_44665,Normal
bgl_44666,Normal
bgl_44667,Normal
bgl_44668,Normal
bgl_44669,Normal
bgl_44670,Normal
bgl_44671,Normal
bgl_44672,Normal
bgl_44673,Normal
bgl_44674,Normal
bgl_44675,Normal
bgl_44676,Normal
bgl_44677,Normal
bgl_44678,Normal
bgl_44679,Normal
bgl_44680,Normal
bgl_44681,Normal
bgl_44682,Normal
bgl_44683,Normal
bgl_44684,Normal
bgl_44685,Normal
bgl_44686,Normal
bgl_44687,Normal
bgl_44688,Normal
bgl_44689,Normal
bgl_44690,Normal
bgl_44691,Normal
bgl_44692,Normal
bgl_44693,Normal
bgl_44694,Normal
bgl_44695,Normal
bgl_44696,Normal
bgl_44697,Normal
bgl_44698,Normal
bgl_44699,Normal
bgl_44700,Normal
bgl_44701,Normal
bgl_44702,Normal
bgl_44703,Normal
bgl_44704,Normal
bgl_44705,Normal
bgl_44706,Normal
bgl_44707,Normal
bgl_44708,Normal
bgl_44709,Normal
bgl_44710,Normal
bgl_44711,Normal
bgl_44712,Normal
bgl_44713,Normal
bgl_44714,Normal
bgl_44715,Normal
bgl_44716,Normal
bgl_44717,Normal
bgl_44718,Normal
bgl_44719,Normal
bgl_44720,Normal
bgl_44721,Normal
bgl_44722,Normal
bgl_44723,Normal
bgl_44724,Normal
bgl_44725,Normal
bgl_44726,Normal
bgl_44727,Normal
bgl_44728,Normal
bgl_44729,Normal
bgl_44730,Normal
bgl_44731,Normal
bgl_44732,Normal
bgl_44733,Normal
bgl_44734,Normal
bgl_44735,Normal
bgl_44736,Normal
bgl_44737,Normal
bgl_44738,Normal
bgl_44739,Normal
bgl_44740,Normal
bgl_44741,Normal
bgl_44742,Normal
bgl_44743,Normal
bgl_44744,Normal
bgl_44745,Normal
bgl_44746,Normal
bgl_44747,Normal
bgl_44748,Normal
bgl_44749,Normal
bgl_44750,Normal
bgl_44751,Normal
bgl_44752,Normal
bgl_44753,Normal
bgl_44754,Normal
bgl_44755,Normal
bgl_44756,Normal
bgl_44757,Normal
bgl_44758,Normal
bgl_44759,Normal
bgl_44760,Normal
bgl_44761,Normal
bgl_44762,Normal
bgl_44763,Normal
bgl_44764,Normal
bgl_44765,Normal
bgl_44766,Normal
bgl_44767,Normal
bgl_44768,Normal
bgl_44769,Normal
bgl_44770,Normal
bgl_44771,Normal
bgl_44772,Normal
bgl_44773,Normal
bgl_44774,Normal
bgl_44775,Normal
bgl_44776,Normal
bgl_44777,Normal
bgl_44778,Normal
bgl_44779,Normal
bgl_44780,Normal
bgl_44781,Normal
bgl_44782,Normal
bgl_44783,Normal
bgl_44784,Normal
bgl_44785,Normal
bgl_44786,Normal
bgl_44787,Normal
bgl_44788,Normal
bgl_44789,Normal
bgl_44790,Normal
bgl_44791,Normal
bgl_44792,Normal
bgl_44793,Normal
bgl_44794,Normal
bgl_44795,Normal
bgl_44796,Normal
bgl_44797,Normal
bgl_44798,Normal
bgl_44799,Normal
bgl_44800,Normal
bgl_44801,Normal
bgl_44802,Normal
bgl_44803,Normal
bgl_44804,Normal
bgl_44805,Normal
bgl_44806,Normal
bgl_44807,Normal
bgl_44808,Normal
bgl_44809,Normal
bgl_44810,Normal
bgl_44811,Normal
bgl_44812,Normal
bgl_44813,Normal
bgl_44814,Normal
bgl_44815,Normal
bgl_44816,Normal
bgl_44817,Normal
bgl_44818,Normal
bgl_44819,Normal
bgl_44820,Normal
bgl_44821,Normal
bgl_44822,Normal
bgl_44823,Normal
bgl_44824,Normal
bgl_44825,Normal
bgl_44826,Normal
bgl_44827,Normal
bgl_44828,Normal
bgl_44829,Normal
bgl_44830,Normal
bgl_44831,Normal
bgl_44832,Normal
bgl_44833,Normal
bgl_44834,Normal
bgl_44835,Normal
bgl_44836,Normal
bgl_44837,Normal
bgl_44838,Normal
bgl_44839,Normal
bgl_44840,Normal
bgl_44841,Normal
bgl_44842,Normal
bgl_44843,Normal
bgl_44844,Normal
bgl_44845,Normal
bgl_44846,Normal
bgl_44847,Normal
bgl_44848,Normal
bgl_44849,Normal
bgl_44850,Normal
bgl_44851,Normal
bgl_44852,Normal
bgl_44853,Normal
bgl_44854,Normal
bgl_44855,Normal
bgl_44856,Normal
bgl_44857,Normal
bgl_44858,Normal
bgl_44859,Normal
bgl_44860,Normal
bgl_44861,Normal
bgl_44862,Normal
bgl_44863,Normal
bgl_44864,Normal
bgl_44865,Normal
bgl_44866,Normal
bgl_44867,Normal
bgl_44868,Normal
bgl_44869,Normal
bgl_44870,Normal
bgl_44871,Normal
bgl_44872,Normal
bgl_44873,Normal
bgl_44874,Normal
bgl_44875,Normal
bgl_44876,Normal
bgl_44877,Normal
bgl_44878,Normal
bgl_44879,Normal
bgl_44880,Normal
bgl_44881,Normal
bgl_44882,Normal
bgl_44883,Normal
bgl_44884,Normal
bgl_44885,Normal
bgl_44886,Normal
bgl_44887,Normal
bgl_44888,Normal
bgl_44889,Normal
bgl_44890,Normal
bgl_44891,Normal
bgl_44892,Normal
bgl_44893,Normal
bgl_44894,Normal
bgl_44895,Normal
bgl_44896,Normal
bgl_44897,Normal
bgl_44898,Normal
bgl_44899,Normal
bgl_44900,Normal
bgl_44901,Normal
bgl_44902,Normal
bgl_44903,Normal
bgl_44904,Normal
bgl_44905,Normal
bgl_44906,Normal
bgl_44907,Normal
bgl_44908,Normal
bgl_44909,Normal
bgl_44910,Normal
bgl_44911,Normal
bgl_44912,Normal
bgl_44913,Normal
bgl_44914,Normal
bgl_44915,Normal
bgl_44916,Normal
bgl_44917,Normal
bgl_44918,Normal
bgl_44919,Normal
bgl_44920,Normal
bgl_44921,Normal
bgl_44922,Normal
bgl_44923,Normal
bgl_44924,Normal
bgl_44925,Normal
bgl_44926,Normal
bgl_44927,Normal
bgl_44928,Normal
bgl_44929,Normal
bgl_44930,Normal
bgl_44931,Normal
bgl_44932,Normal
bgl_44933,Normal
bgl_44934,Normal
bgl_44935,Normal
bgl_44936,Normal
bgl_44937,Normal
bgl_44938,Normal
bgl_44939,Normal
bgl_44940,Normal
bgl_44941,Normal
bgl_44942,Normal
bgl_44943,Normal
bgl_44944,Normal
bgl_44945,Normal
bgl_44946,Normal
bgl_44947,Normal
bgl_44948,Normal
bgl_44949,Normal
bgl_44950,Normal
bgl_44951,Normal
bgl_44952,Normal
bgl_44953,Normal
bgl_44954,Normal
bgl_44955,Normal
bgl_44956,Normal
bgl_44957,Normal
bgl_44958,Normal
bgl_44959,Normal
bgl_44960,Normal
bgl_44961,Normal
bgl_44962,Normal
bgl_44963,Normal
bgl_44964,Normal
bgl_44965,Normal
bgl_44966,Normal
bgl_44967,Normal
bgl_44968,Normal
bgl_44969,Normal
bgl_44970,Normal
bgl_44971,Normal
bgl_44972,Normal
bgl_44973,Normal
bgl_44974,Normal
bgl_44975,Normal
bgl_44976,Normal
bgl_44977,Normal
bgl_44978,Normal
bgl_44979,Normal
bgl_44980,Normal
bgl_44981,Normal
bgl_44982,Normal
bgl_44983,Normal
bgl_44984,Normal
bgl_44985,Normal
bgl_44986,Normal
bgl_44987,Normal
bgl_44988,Normal
bgl_44989,Normal
bgl_44990,Normal
bgl_44991,Normal
bgl_44992,Normal
bgl_44993,Normal
bgl_44994,Normal
bgl_44995,Normal
bgl_44996,Normal
bgl_44997,Normal
bgl_44998,Normal
bgl_44999,Normal
bgl_45000,Normal
bgl_45001,Normal
bgl_45002,Normal
bgl_45003,Normal
bgl_45004,Normal
bgl_45005,Normal
bgl_45006,Normal
bgl_45007,Normal
bgl_45008,Normal
bgl_45009,Normal
bgl_45010,Normal
bgl_45011,Normal
bgl_45012,Normal
bgl_45013,Normal
bgl_45014,Normal
bgl_45015,Normal
bgl_45016,Normal
bgl_45017,Normal
bgl_45018,Normal
bgl_45019,Normal
bgl_45020,Normal
bgl_45021,Normal
bgl_45022,Normal
bgl_45023,Normal
bgl_45024,Normal
bgl_45025,Normal
bgl_45026,Normal
bgl_45027,Normal
bgl_45028,Normal
bgl_45029,Normal
bgl_45030,Normal
bgl_45031,Normal
bgl_45032,Normal
bgl_45033,Normal
bgl_45034,Normal
bgl_45035,Normal
bgl_45036,Normal
bgl_45037,Normal
bgl_45038,Normal
bgl_45039,Normal
bgl_45040,Normal
bgl_45041,Normal
bgl_45042,Normal
bgl_45043,Normal
bgl_45044,Normal
bgl_45045,Normal
bgl_45046,Normal
bgl_45047,Normal
bgl_45048,Normal
bgl_45049,Normal
bgl_45050,Normal
bgl_45051,Normal
bgl_45052,Normal
bgl_45053,Normal
bgl_45054,Normal
bgl_45055,Normal
bgl_45056,Normal
bgl_45057,Normal
bgl_45058,Normal
bgl_45059,Normal
bgl_45060,Normal
bgl_45061,Normal
bgl_45062,Normal
bgl_45063,Normal
bgl_45064,Normal
bgl_45065,Normal
bgl_45066,Normal
bgl_45067,Normal
bgl_45068,Normal
bgl_45069,Normal
bgl_45070,Normal
bgl_45071,Normal
bgl_45072,Normal
bgl_45073,Normal
bgl_45074,Normal
bgl_45075,Normal
bgl_45076,Normal
bgl_45077,Normal
bgl_45078,Normal
bgl_45079,Normal
bgl_45080,Normal
bgl_45081,Normal
bgl_45082,Normal
bgl_45083,Normal
bgl_45084,Normal
bgl_45085,Normal
bgl_45086,Normal
bgl_45087,Normal
bgl_45088,Normal
bgl_45089,Normal
bgl_45090,Normal
bgl_45091,Normal
bgl_45092,Normal
bgl_45093,Normal
bgl_45094,Normal
bgl_45095,Normal
bgl_45096,Normal
bgl_45097,Normal
bgl_45098,Normal
bgl_45099,Normal
bgl_45100,Normal
bgl_45101,Normal
bgl_45102,Normal
bgl_45103,Normal
bgl_45104,Normal
bgl_45105,Normal
bgl_45106,Normal
bgl_45107,Normal
bgl_45108,Normal
bgl_45109,Normal
bgl_45110,Normal
bgl_45111,Normal
bgl_45112,Normal
bgl_45113,Normal
bgl_45114,Normal
bgl_45115,Normal
bgl_45116,Normal
bgl_45117,Normal
bgl_45118,Normal
bgl_45119,Normal
bgl_45120,Normal
bgl_45121,Normal
bgl_45122,Normal
bgl_45123,Normal
bgl_45124,Normal
bgl_45125,Normal
bgl_45126,Normal
bgl_45127,Normal
bgl_45128,Normal
bgl_45129,Normal
bgl_45130,Normal
bgl_45131,Normal
bgl_45132,Normal
bgl_45133,Normal
bgl_45134,Normal
bgl_45135,Normal
bgl_45136,Normal
bgl_45137,Normal
bgl_45138,Normal
bgl_45139,Normal
bgl_45140,Normal
bgl_45141,Normal
bgl_45142,Normal
bgl_45143,Normal
bgl_45144,Normal
bgl_45145,Normal
bgl_45146,Normal
bgl_45147,Normal
bgl_45148,Normal
bgl_45149,Normal
bgl_45150,Normal
bgl_45151,Normal
bgl_45152,Normal
bgl_45153,Normal
bgl_45154,Normal
bgl_45155,Normal
bgl_45156,Normal
bgl_45157,Normal
bgl_45158,Normal
bgl_45159,Normal
bgl_45160,Normal
bgl_45161,Normal
bgl_45162,Normal
bgl_45163,Normal
bgl_45164,Normal
bgl_45165,Normal
bgl_45166,Normal
bgl_45167,Normal
bgl_45168,Normal
bgl_45169,Normal
bgl_45170,Normal
bgl_45171,Normal
bgl_45172,Normal
bgl_45173,Normal
bgl_45174,Normal
bgl_45175,Normal
bgl_45176,Normal
bgl_45177,Normal
bgl_45178,Normal
bgl_45179,Normal
bgl_45180,Normal
bgl_45181,Normal
bgl_45182,Normal
bgl_45183,Normal
bgl_45184,Normal
bgl_45185,Normal
bgl_45186,Normal
bgl_45187,Normal
bgl_45188,Normal
bgl_45189,Normal
bgl_45190,Normal
bgl_45191,Normal
bgl_45192,Normal
bgl_45193,Normal
bgl_45194,Normal
bgl_45195,Normal
bgl_45196,Normal
bgl_45197,Normal
bgl_45198,Normal
bgl_45199,Normal
bgl_45200,Normal
bgl_45201,Normal
bgl_45202,Normal
bgl_45203,Normal
bgl_45204,Normal
bgl_45205,Normal
bgl_45206,Normal
bgl_45207,Normal
bgl_45208,Normal
bgl_45209,Normal
bgl_45210,Normal
bgl_45211,Normal
bgl_45212,Normal
bgl_45213,Normal
bgl_45214,Normal
bgl_45215,Normal
bgl_45216,Normal
bgl_45217,Normal
bgl_45218,Normal
bgl_45219,Normal
bgl_45220,Normal
bgl_45221,Normal
bgl_45222,Normal
bgl_45223,Normal
bgl_45224,Normal
bgl_45225,Normal
bgl_45226,Normal
bgl_45227,Normal
bgl_45228,Normal
bgl_45229,Normal
bgl_45230,Normal
bgl_45231,Normal
bgl_45232,Normal
bgl_45233,Normal
bgl_45234,Normal
bgl_45235,Normal
bgl_45236,Normal
bgl_45237,Normal
bgl_45238,Normal
bgl_45239,Normal
bgl_45240,Normal
bgl_45241,Normal
bgl_45242,Normal
bgl_45243,Normal
bgl_45244,Normal
bgl_45245,Normal
bgl_45246,Normal
bgl_45247,Normal
bgl_45248,Normal
bgl_45249,Normal
bgl_45250,Normal
bgl_45251,Normal
bgl_45252,Normal
bgl_45253,Normal
bgl_45254,Normal
bgl_45255,Normal
bgl_45256,Normal
bgl_45257,Normal
bgl_45258,Normal
bgl_45259,Normal
bgl_45260,Normal
bgl_45261,Normal
bgl_45262,Normal
bgl_45263,Normal
bgl_45264,Normal
bgl_45265,Normal
bgl_45266,Normal
bgl_45267,Normal
bgl_45268,Normal
bgl_45269,Normal
bgl_45270,Normal
bgl_45271,Normal
bgl_45272,Normal
bgl_45273,Normal
bgl_45274,Normal
bgl_45275,Normal
bgl_45276,Normal
bgl_45277,Normal
bgl_45278,Normal
bgl_45279,Normal
bgl_45280,Normal
bgl_45281,Normal
bgl_45282,Normal
bgl_45283,Normal
bgl_45284,Normal
bgl_45285,Normal
bgl_45286,Normal
bgl_45287,Normal
bgl_45288,Normal
bgl_45289,Normal
bgl_45290,Normal
bgl_45291,Normal
bgl_45292,Normal
bgl_45293,Normal
bgl_45294,Normal
bgl_45295,Normal
bgl_45296,Normal
bgl_45297,Normal
bgl_45298,Normal
bgl_45299,Normal
bgl_45300,Normal
bgl_45301,Normal
bgl_45302,Normal
bgl_45303,Normal
bgl_45304,Normal
bgl_45305,Normal
bgl_45306,Normal
bgl_45307,Normal
bgl_45308,Normal
bgl_45309,Normal
bgl_45310,Normal
bgl_45311,Normal
bgl_45312,Normal
bgl_45313,Normal
bgl_45314,Normal
bgl_45315,Normal
bgl_45316,Normal
bgl_45317,Normal
bgl_45318,Normal
bgl_45319,Normal
bgl_45320,Normal
bgl_45321,Normal
bgl_45322,Normal
bgl_45323,Normal
bgl_45324,Normal
bgl_45325,Normal
bgl_45326,Normal
bgl_45327,Normal
bgl_45328,Normal
bgl_45329,Normal
bgl_45330,Normal
bgl_45331,Normal
bgl_45332,Normal
bgl_45333,Normal
bgl_45334,Normal
bgl_45335,Normal
bgl_45336,Normal
bgl_45337,Normal
bgl_45338,Normal
bgl_45339,Normal
bgl_45340,Normal
bgl_45341,Normal
bgl_45342,Normal
bgl_45343,Normal
bgl_45344,Normal
bgl_45345,Normal
bgl_45346,Normal
bgl_45347,Normal
bgl_45348,Normal
bgl_45349,Normal
bgl_45350,Normal
bgl_45351,Normal
bgl_45352,Normal
bgl_45353,Normal
bgl_45354,Normal
bgl_45355,Normal
bgl_45356,Normal
bgl_45357,Normal
bgl_45358,Normal
bgl_45359,Normal
bgl_45360,Normal
bgl_45361,Normal
bgl_45362,Normal
bgl_45363,Normal
bgl_45364,Normal
bgl_45365,Normal
bgl_45366,Normal
bgl_45367,Normal
bgl_45368,Normal
bgl_45369,Normal
bgl_45370,Normal
bgl_45371,Normal
bgl_45372,Normal
bgl_45373,Normal
bgl_45374,Normal
bgl_45375,Normal
bgl_45376,Normal
bgl_45377,Normal
bgl_45378,Normal
bgl_45379,Normal
bgl_45380,Normal
bgl_45381,Normal
bgl_45382,Normal
bgl_45383,Normal
bgl_45384,Normal
bgl_45385,Normal
bgl_45386,Normal
bgl_45387,Normal
bgl_45388,Normal
bgl_45389,Normal
bgl_45390,Normal
bgl_45391,Normal
bgl_45392,Normal
bgl_45393,Normal
bgl_45394,Normal
bgl_45395,Normal
bgl_45396,Normal
bgl_45397,Normal
bgl_45398,Normal
bgl_45399,Normal
bgl_45400,Normal
bgl_45401,Normal
bgl_45402,Normal
bgl_45403,Normal
bgl_45404,Normal
bgl_45405,Normal
bgl_45406,Normal
bgl_45407,Normal
bgl_45408,Normal
bgl_45409,Normal
bgl_45410,Normal
bgl_45411,Normal
bgl_45412,Normal
bgl_45413,Normal
bgl_45414,Normal
bgl_45415,Normal
bgl_45416,Normal
bgl_45417,Normal
bgl_45418,Normal
bgl_45419,Normal
bgl_45420,Normal
bgl_45421,Normal
bgl_45422,Normal
bgl_45423,Normal
bgl_45424,Normal
bgl_45425,Normal
bgl_45426,Normal
bgl_45427,Normal
bgl_45428,Normal
bgl_45429,Normal
bgl_45430,Normal
bgl_45431,Normal
bgl_45432,Normal
bgl_45433,Normal
bgl_45434,Normal
bgl_45435,Normal
bgl_45436,Normal
bgl_45437,Normal
bgl_45438,Normal
bgl_45439,Normal
bgl_45440,Normal
bgl_45441,Normal
bgl_45442,Normal
bgl_45443,Normal
bgl_45444,Normal
bgl_45445,Normal
bgl_45446,Normal
bgl_45447,Normal
bgl_45448,Normal
bgl_45449,Normal
bgl_45450,Normal
bgl_45451,Normal
bgl_45452,Normal
bgl_45453,Normal
bgl_45454,Normal
bgl_45455,Normal
bgl_45456,Normal
bgl_45457,Normal
bgl_45458,Normal
bgl_45459,Normal
bgl_45460,Normal
bgl_45461,Normal
bgl_45462,Normal
bgl_45463,Normal
bgl_45464,Normal
bgl_45465,Normal
bgl_45466,Normal
bgl_45467,Normal
bgl_45468,Normal
bgl_45469,Normal
bgl_45470,Normal
bgl_45471,Normal
bgl_45472,Normal
bgl_45473,Normal
bgl_45474,Normal
bgl_45475,Normal
bgl_45476,Normal
bgl_45477,Normal
bgl_45478,Normal
bgl_45479,Normal
bgl_45480,Normal
bgl_45481,Normal
bgl_45482,Normal
bgl_45483,Normal
bgl_45484,Normal
bgl_45485,Normal
bgl_45486,Normal
bgl_45487,Normal
bgl_45488,Normal
bgl_45489,Normal
bgl_45490,Normal
bgl_45491,Normal
bgl_45492,Normal
bgl_45493,Normal
bgl_45494,Normal
bgl_45495,Normal
bgl_45496,Normal
bgl_45497,Normal
bgl_45498,Normal
bgl_45499,Normal
bgl_45500,Normal
bgl_45501,Normal
bgl_45502,Normal
bgl_45503,Normal
bgl_45504,Normal
bgl_45505,Normal
bgl_45506,Normal
bgl_45507,Normal
bgl_45508,Normal
bgl_45509,Normal
bgl_45510,Normal
bgl_45511,Normal
bgl_45512,Normal
bgl_45513,Normal
bgl_45514,Normal
bgl_45515,Normal
bgl_45516,Normal
bgl_45517,Normal
bgl_45518,Normal
bgl_45519,Normal
bgl_45520,Normal
bgl_45521,Normal
bgl_45522,Normal
bgl_45523,Normal
bgl_45524,Normal
bgl_45525,Normal
bgl_45526,Normal
bgl_45527,Normal
bgl_45528,Normal
bgl_45529,Normal
bgl_45530,Normal
bgl_45531,Normal
bgl_45532,Normal
bgl_45533,Normal
bgl_45534,Normal
bgl_45535,Normal
bgl_45536,Normal
bgl_45537,Anomaly
bgl_45538,Normal
bgl_45539,Normal
bgl_45540,Normal
bgl_45541,Normal
bgl_45542,Normal
bgl_45543,Normal
bgl_45544,Normal
bgl_45545,Normal
bgl_45546,Anomaly
bgl_45547,Anomaly
bgl_45548,Normal
bgl_45549,Normal
bgl_45550,Normal
bgl_45551,Normal
bgl_45552,Normal
bgl_45553,Normal
bgl_45554,Normal
bgl_45555,Normal
bgl_45556,Anomaly
bgl_45557,Anomaly
bgl_45558,Anomaly
bgl_45559,Normal
bgl_45560,Normal
bgl_45561,Normal
bgl_45562,Normal
bgl_45563,Normal
bgl_45564,Normal
bgl_45565,Normal
bgl_45566,Normal
bgl_45567,Normal
bgl_45568,Normal
bgl_45569,Normal
bgl_45570,Normal
bgl_45571,Normal
bgl_45572,Normal
bgl_45573,Normal
bgl_45574,Anomaly
bgl_45575,Anomaly
bgl_45576,Anomaly
bgl_45577,Normal
bgl_45578,Anomaly
bgl_45579,Normal
bgl_45580,Normal
bgl_45581,Normal
bgl_45582,Normal
bgl_45583,Normal
bgl_45584,Normal
bgl_45585,Normal
bgl_45586,Normal
bgl_45587,Normal
bgl_45588,Normal
bgl_45589,Normal
bgl_45590,Normal
bgl_45591,Normal
bgl_45592,Anomaly
bgl_45593,Anomaly
bgl_45594,Anomaly
bgl_45595,Anomaly
bgl_45596,Anomaly
bgl_45597,Anomaly
bgl_45598,Anomaly
bgl_45599,Anomaly
bgl_45600,Normal
bgl_45601,Normal
bgl_45602,Anomaly
bgl_45603,Anomaly
bgl_45604,Anomaly
bgl_45605,Anomaly
bgl_45606,Anomaly
bgl_45607,Anomaly
bgl_45608,Anomaly
bgl_45609,Anomaly
bgl_45610,Normal
bgl_45611,Normal
bgl_45612,Anomaly
bgl_45613,Anomaly
bgl_45614,Anomaly
bgl_45615,Anomaly
bgl_45616,Anomaly
bgl_45617,Anomaly
bgl_45618,Anomaly
bgl_45619,Anomaly
bgl_45620,Anomaly
bgl_45621,Anomaly
bgl_45622,Anomaly
bgl_45623,Anomaly
bgl_45624,Normal
bgl_45625,Normal
bgl_45626,Normal
bgl_45627,Normal
bgl_45628,Normal
bgl_45629,Normal
bgl_45630,Normal
bgl_45631,Anomaly
bgl_45632,Anomaly
bgl_45633,Anomaly
bgl_45634,Anomaly
bgl_45635,Normal
bgl_45636,Normal
bgl_45637,Normal
bgl_45638,Normal
bgl_45639,Normal
bgl_45640,Normal
bgl_45641,Normal
bgl_45642,Normal
bgl_45643,Normal
bgl_45644,Normal
bgl_45645,Anomaly
bgl_45646,Anomaly
bgl_45647,Anomaly
bgl_45648,Anomaly
bgl_45649,Anomaly
bgl_45650,Anomaly
bgl_45651,Anomaly
bgl_45652,Anomaly
bgl_45653,Anomaly
bgl_45654,Anomaly
bgl_45655,Normal
bgl_45656,Normal
bgl_45657,Normal
bgl_45658,Normal
bgl_45659,Normal
bgl_45660,Normal
bgl_45661,Normal
bgl_45662,Anomaly
bgl_45663,Anomaly
bgl_45664,Normal
bgl_45665,Normal
bgl_45666,Normal
bgl_45667,Normal
bgl_45668,Normal
bgl_45669,Normal
bgl_45670,Normal
bgl_45671,Normal
bgl_45672,Normal
bgl_45673,Normal
bgl_45674,Normal
bgl_45675,Normal
bgl_45676,Normal
bgl_45677,Normal
bgl_45678,Normal
bgl_45679,Normal
bgl_45680,Normal
bgl_45681,Normal
bgl_45682,Normal
bgl_45683,Normal
bgl_45684,Normal
bgl_45685,Normal
bgl_45686,Normal
bgl_45687,Normal
bgl_45688,Normal
bgl_45689,Normal
bgl_45690,Normal
bgl_45691,Normal
bgl_45692,Normal
bgl_45693,Normal
bgl_45694,Normal
bgl_45695,Normal
bgl_45696,Normal
bgl_45697,Normal
bgl_45698,Normal
bgl_45699,Normal
bgl_45700,Normal
bgl_45701,Normal
bgl_45702,Normal
bgl_45703,Normal
bgl_45704,Normal
bgl_45705,Anomaly
bgl_45706,Normal
bgl_45707,Normal
bgl_45708,Normal
bgl_45709,Normal
bgl_45710,Normal
bgl_45711,Normal
bgl_45712,Normal
bgl_45713,Normal
bgl_45714,Normal
bgl_45715,Normal
bgl_45716,Normal
bgl_45717,Normal
bgl_45718,Normal
bgl_45719,Normal
bgl_45720,Normal
bgl_45721,Normal
bgl_45722,Normal
bgl_45723,Normal
bgl_45724,Anomaly
bgl_45725,Anomaly
bgl_45726,Anomaly
bgl_45727,Anomaly
bgl_45728,Normal
bgl_45729,Normal
bgl_45730,Normal
bgl_45731,Normal
bgl_45732,Normal
bgl_45733,Normal
bgl_45734,Normal
bgl_45735,Anomaly
bgl_45736,Anomaly
bgl_45737,Anomaly
bgl_45738,Anomaly
bgl_45739,Normal
bgl_45740,Normal
bgl_45741,Normal
bgl_45742,Normal
bgl_45743,Normal
bgl_45744,Normal
bgl_45745,Normal
bgl_45746,Normal
bgl_45747,Normal
bgl_45748,Normal
bgl_45749,Normal
bgl_45750,Normal
bgl_45751,Normal
bgl_45752,Normal
bgl_45753,Normal
bgl_45754,Normal
bgl_45755,Normal
bgl_45756,Normal
bgl_45757,Normal
bgl_45758,Normal
bgl_45759,Normal
bgl_45760,Normal
bgl_45761,Normal
bgl_45762,Normal
bgl_45763,Normal
bgl_45764,Normal
bgl_45765,Normal
bgl_45766,Normal
bgl_45767,Normal
bgl_45768,Normal
bgl_45769,Normal
bgl_45770,Normal
bgl_45771,Normal
bgl_45772,Normal
bgl_45773,Normal
bgl_45774,Normal
bgl_45775,Normal
bgl_45776,Normal
bgl_45777,Normal
bgl_45778,Normal
bgl_45779,Normal
bgl_45780,Normal
bgl_45781,Normal
bgl_45782,Normal
bgl_45783,Normal
bgl_45784,Normal
bgl_45785,Normal
bgl_45786,Normal
bgl_45787,Normal
bgl_45788,Normal
bgl_45789,Normal
bgl_45790,Normal
bgl_45791,Normal
bgl_45792,Normal
bgl_45793,Normal
bgl_45794,Normal
bgl_45795,Normal
bgl_45796,Normal
bgl_45797,Normal
bgl_45798,Normal
bgl_45799,Normal
bgl_45800,Anomaly
bgl_45801,Normal
bgl_45802,Normal
bgl_45803,Normal
bgl_45804,Normal
bgl_45805,Normal
bgl_45806,Anomaly
bgl_45807,Anomaly
bgl_45808,Anomaly
bgl_45809,Anomaly
bgl_45810,Anomaly
bgl_45811,Anomaly
bgl_45812,Anomaly
bgl_45813,Anomaly
bgl_45814,Anomaly
bgl_45815,Anomaly
bgl_45816,Anomaly
bgl_45817,Anomaly
bgl_45818,Anomaly
bgl_45819,Anomaly
bgl_45820,Anomaly
bgl_45821,Anomaly
bgl_45822,Anomaly
bgl_45823,Anomaly
bgl_45824,Anomaly
bgl_45825,Normal
bgl_45826,Anomaly
bgl_45827,Anomaly
bgl_45828,Anomaly
bgl_45829,Anomaly
bgl_45830,Anomaly
bgl_45831,Anomaly
bgl_45832,Anomaly
bgl_45833,Anomaly
bgl_45834,Anomaly
bgl_45835,Anomaly
bgl_45836,Anomaly
bgl_45837,Normal
bgl_45838,Normal
bgl_45839,Normal
bgl_45840,Normal
bgl_45841,Normal
bgl_45842,Normal
bgl_45843,Normal
bgl_45844,Normal
bgl_45845,Anomaly
bgl_45846,Anomaly
bgl_45847,Normal
bgl_45848,Normal
bgl_45849,Normal
bgl_45850,Normal
bgl_45851,Normal
bgl_45852,Normal
bgl_45853,Normal
bgl_45854,Normal
bgl_45855,Normal
bgl_45856,Normal
bgl_45857,Normal
bgl_45858,Normal
bgl_45859,Normal
bgl_45860,Normal
bgl_45861,Normal
bgl_45862,Normal
bgl_45863,Normal
bgl_45864,Normal
bgl_45865,Normal
bgl_45866,Normal
bgl_45867,Normal
bgl_45868,Normal
bgl_45869,Normal
bgl_45870,Normal
bgl_45871,Normal
bgl_45872,Normal
bgl_45873,Normal
bgl_45874,Normal
bgl_45875,Normal
bgl_45876,Normal
bgl_45877,Normal
bgl_45878,Normal
bgl_45879,Normal
bgl_45880,Normal
bgl_45881,Normal
bgl_45882,Normal
bgl_45883,Normal
bgl_45884,Anomaly
bgl_45885,Anomaly
bgl_45886,Anomaly
bgl_45887,Anomaly
bgl_45888,Normal
bgl_45889,Normal
bgl_45890,Anomaly
bgl_45891,Normal
bgl_45892,Anomaly
bgl_45893,Normal
bgl_45894,Anomaly
bgl_45895,Anomaly
bgl_45896,Anomaly
bgl_45897,Anomaly
bgl_45898,Anomaly
bgl_45899,Normal
bgl_45900,Normal
bgl_45901,Anomaly
bgl_45902,Anomaly
bgl_45903,Anomaly
bgl_45904,Normal
bgl_45905,Anomaly
bgl_45906,Anomaly
bgl_45907,Anomaly
bgl_45908,Normal
bgl_45909,Normal
bgl_45910,Normal
bgl_45911,Normal
bgl_45912,Normal
bgl_45913,Normal
bgl_45914,Normal
bgl_45915,Normal
bgl_45916,Normal
bgl_45917,Normal
bgl_45918,Normal
bgl_45919,Normal
bgl_45920,Normal
bgl_45921,Normal
bgl_45922,Normal
bgl_45923,Normal
bgl_45924,Normal
bgl_45925,Normal
bgl_45926,Normal
bgl_45927,Normal
bgl_45928,Normal
bgl_45929,Anomaly
bgl_45930,Anomaly
bgl_45931,Anomaly
bgl_45932,Anomaly
bgl_45933,Normal
bgl_45934,Normal
bgl_45935,Normal
bgl_45936,Normal
bgl_45937,Normal
bgl_45938,Normal
bgl_45939,Normal
bgl_45940,Normal
bgl_45941,Normal
bgl_45942,Normal
bgl_45943,Normal
bgl_45944,Normal
bgl_45945,Normal
bgl_45946,Normal
bgl_45947,Normal
bgl_45948,Normal
bgl_45949,Normal
bgl_45950,Normal
bgl_45951,Normal
bgl_45952,Normal
bgl_45953,Normal
bgl_45954,Normal
bgl_45955,Normal
bgl_45956,Normal
bgl_45957,Normal
bgl_45958,Normal
bgl_45959,Normal
bgl_45960,Normal
bgl_45961,Normal
bgl_45962,Normal
bgl_45963,Normal
bgl_45964,Normal
bgl_45965,Normal
bgl_45966,Normal
bgl_45967,Normal
bgl_45968,Normal
bgl_45969,Normal
bgl_45970,Normal
bgl_45971,Normal
bgl_45972,Normal
bgl_45973,Normal
bgl_45974,Normal
bgl_45975,Normal
bgl_45976,Normal
bgl_45977,Normal
bgl_45978,Normal
bgl_45979,Normal
bgl_45980,Normal
bgl_45981,Normal
bgl_45982,Normal
bgl_45983,Normal
bgl_45984,Normal
bgl_45985,Normal
bgl_45986,Normal
bgl_45987,Normal
bgl_45988,Normal
bgl_45989,Normal
bgl_45990,Normal
bgl_45991,Normal
bgl_45992,Normal
bgl_45993,Normal
bgl_45994,Normal
bgl_45995,Anomaly
bgl_45996,Normal
bgl_45997,Normal
bgl_45998,Normal
bgl_45999,Normal
bgl_46000,Normal
bgl_46001,Normal
bgl_46002,Normal
bgl_46003,Normal
bgl_46004,Normal
bgl_46005,Normal
bgl_46006,Normal
bgl_46007,Normal
bgl_46008,Normal
bgl_46009,Normal
bgl_46010,Normal
bgl_46011,Normal
bgl_46012,Normal
bgl_46013,Normal
bgl_46014,Normal
bgl_46015,Normal
bgl_46016,Normal
bgl_46017,Normal
bgl_46018,Normal
bgl_46019,Normal
bgl_46020,Normal
bgl_46021,Normal
bgl_46022,Normal
bgl_46023,Normal
bgl_46024,Normal
bgl_46025,Normal
bgl_46026,Normal
bgl_46027,Normal
bgl_46028,Normal
bgl_46029,Normal
bgl_46030,Normal
bgl_46031,Normal
bgl_46032,Normal
bgl_46033,Normal
bgl_46034,Normal
bgl_46035,Normal
bgl_46036,Normal
bgl_46037,Normal
bgl_46038,Normal
bgl_46039,Normal
bgl_46040,Normal
bgl_46041,Normal
bgl_46042,Normal
bgl_46043,Normal
bgl_46044,Normal
bgl_46045,Normal
bgl_46046,Normal
bgl_46047,Normal
bgl_46048,Normal
bgl_46049,Normal
bgl_46050,Normal
bgl_46051,Normal
bgl_46052,Normal
bgl_46053,Normal
bgl_46054,Normal
bgl_46055,Normal
bgl_46056,Normal
bgl_46057,Normal
bgl_46058,Normal
bgl_46059,Normal
bgl_46060,Normal
bgl_46061,Normal
bgl_46062,Normal
bgl_46063,Normal
bgl_46064,Normal
bgl_46065,Normal
bgl_46066,Normal
bgl_46067,Normal
bgl_46068,Normal
bgl_46069,Normal
bgl_46070,Normal
bgl_46071,Normal
bgl_46072,Normal
bgl_46073,Normal
bgl_46074,Normal
bgl_46075,Normal
bgl_46076,Normal
bgl_46077,Normal
bgl_46078,Normal
bgl_46079,Normal
bgl_46080,Normal
bgl_46081,Normal
bgl_46082,Normal
bgl_46083,Normal
bgl_46084,Normal
bgl_46085,Normal
bgl_46086,Normal
bgl_46087,Normal
bgl_46088,Normal
bgl_46089,Normal
bgl_46090,Normal
bgl_46091,Normal
bgl_46092,Normal
bgl_46093,Normal
bgl_46094,Normal
bgl_46095,Normal
bgl_46096,Normal
bgl_46097,Normal
bgl_46098,Normal
bgl_46099,Normal
bgl_46100,Normal
bgl_46101,Normal
bgl_46102,Normal
bgl_46103,Normal
bgl_46104,Normal
bgl_46105,Normal
bgl_46106,Normal
bgl_46107,Normal
bgl_46108,Normal
bgl_46109,Normal
bgl_46110,Normal
bgl_46111,Normal
bgl_46112,Normal
bgl_46113,Normal
bgl_46114,Normal
bgl_46115,Normal
bgl_46116,Normal
bgl_46117,Normal
bgl_46118,Normal
bgl_46119,Normal
bgl_46120,Normal
bgl_46121,Normal
bgl_46122,Normal
bgl_46123,Normal
bgl_46124,Anomaly
bgl_46125,Anomaly
bgl_46126,Anomaly
bgl_46127,Anomaly
bgl_46128,Anomaly
bgl_46129,Anomaly
bgl_46130,Anomaly
bgl_46131,Normal
bgl_46132,Normal
bgl_46133,Normal
bgl_46134,Normal
bgl_46135,Normal
bgl_46136,Normal
bgl_46137,Normal
bgl_46138,Normal
bgl_46139,Normal
bgl_46140,Normal
bgl_46141,Normal
bgl_46142,Anomaly
bgl_46143,Normal
bgl_46144,Normal
bgl_46145,Normal
bgl_46146,Normal
bgl_46147,Normal
bgl_46148,Normal
bgl_46149,Normal
bgl_46150,Normal
bgl_46151,Normal
bgl_46152,Normal
bgl_46153,Normal
bgl_46154,Normal
bgl_46155,Normal
bgl_46156,Normal
bgl_46157,Normal
bgl_46158,Normal
bgl_46159,Normal
bgl_46160,Normal
bgl_46161,Normal
bgl_46162,Anomaly
bgl_46163,Anomaly
bgl_46164,Normal
bgl_46165,Anomaly
bgl_46166,Anomaly
bgl_46167,Normal
bgl_46168,Normal
bgl_46169,Anomaly
bgl_46170,Anomaly
bgl_46171,Normal
bgl_46172,Normal
bgl_46173,Normal
bgl_46174,Normal
bgl_46175,Normal
bgl_46176,Normal
bgl_46177,Normal
bgl_46178,Normal
bgl_46179,Normal
bgl_46180,Normal
bgl_46181,Normal
bgl_46182,Normal
bgl_46183,Normal
bgl_46184,Normal
bgl_46185,Normal
bgl_46186,Normal
bgl_46187,Normal
bgl_46188,Normal
bgl_46189,Normal
bgl_46190,Normal
bgl_46191,Normal
bgl_46192,Normal
bgl_46193,Normal
bgl_46194,Normal
bgl_46195,Normal
bgl_46196,Normal
bgl_46197,Normal
bgl_46198,Normal
bgl_46199,Normal
bgl_46200,Normal
bgl_46201,Normal
bgl_46202,Normal
bgl_46203,Normal
bgl_46204,Normal
bgl_46205,Normal
bgl_46206,Anomaly
bgl_46207,Anomaly
bgl_46208,Anomaly
bgl_46209,Anomaly
bgl_46210,Anomaly
bgl_46211,Anomaly
bgl_46212,Anomaly
bgl_46213,Anomaly
bgl_46214,Normal
bgl_46215,Normal
bgl_46216,Normal
bgl_46217,Normal
bgl_46218,Normal
bgl_46219,Normal
bgl_46220,Normal
bgl_46221,Normal
bgl_46222,Normal
bgl_46223,Normal
bgl_46224,Normal
bgl_46225,Normal
bgl_46226,Normal
bgl_46227,Normal
bgl_46228,Normal
bgl_46229,Normal
bgl_46230,Normal
bgl_46231,Normal
bgl_46232,Normal
bgl_46233,Normal
bgl_46234,Normal
bgl_46235,Normal
bgl_46236,Normal
bgl_46237,Normal
bgl_46238,Normal
bgl_46239,Normal
bgl_46240,Normal
bgl_46241,Normal
bgl_46242,Normal
bgl_46243,Normal
bgl_46244,Normal
bgl_46245,Normal
bgl_46246,Normal
bgl_46247,Normal
bgl_46248,Normal
bgl_46249,Normal
bgl_46250,Normal
bgl_46251,Normal
bgl_46252,Normal
bgl_46253,Normal
bgl_46254,Normal
bgl_46255,Normal
bgl_46256,Normal
bgl_46257,Normal
bgl_46258,Normal
bgl_46259,Normal
bgl_46260,Normal
bgl_46261,Normal
bgl_46262,Normal
bgl_46263,Normal
bgl_46264,Normal
bgl_46265,Normal
bgl_46266,Normal
bgl_46267,Normal
bgl_46268,Normal
bgl_46269,Normal
bgl_46270,Normal
bgl_46271,Normal
bgl_46272,Normal
bgl_46273,Normal
bgl_46274,Normal
bgl_46275,Normal
bgl_46276,Normal
bgl_46277,Normal
bgl_46278,Normal
bgl_46279,Normal
bgl_46280,Normal
bgl_46281,Normal
bgl_46282,Normal
bgl_46283,Normal
bgl_46284,Normal
bgl_46285,Normal
bgl_46286,Normal
bgl_46287,Normal
bgl_46288,Normal
bgl_46289,Normal
bgl_46290,Normal
bgl_46291,Normal
bgl_46292,Normal
bgl_46293,Normal
bgl_46294,Normal
bgl_46295,Normal
bgl_46296,Normal
bgl_46297,Normal
bgl_46298,Normal
bgl_46299,Normal
bgl_46300,Normal
bgl_46301,Normal
bgl_46302,Normal
bgl_46303,Normal
bgl_46304,Normal
bgl_46305,Normal
bgl_46306,Normal
bgl_46307,Normal
bgl_46308,Normal
bgl_46309,Normal
bgl_46310,Normal
bgl_46311,Normal
bgl_46312,Normal
bgl_46313,Normal
bgl_46314,Normal
bgl_46315,Normal
bgl_46316,Normal
bgl_46317,Normal
bgl_46318,Normal
bgl_46319,Normal
bgl_46320,Normal
bgl_46321,Normal
bgl_46322,Normal
bgl_46323,Normal
bgl_46324,Normal
bgl_46325,Normal
bgl_46326,Normal
bgl_46327,Normal
bgl_46328,Normal
bgl_46329,Normal
bgl_46330,Normal
bgl_46331,Normal
bgl_46332,Normal
bgl_46333,Normal
bgl_46334,Normal
bgl_46335,Normal
bgl_46336,Normal
bgl_46337,Normal
bgl_46338,Normal
bgl_46339,Normal
bgl_46340,Normal
bgl_46341,Normal
bgl_46342,Normal
bgl_46343,Normal
bgl_46344,Normal
bgl_46345,Normal
bgl_46346,Normal
bgl_46347,Normal
bgl_46348,Normal
bgl_46349,Normal
bgl_46350,Normal
bgl_46351,Anomaly
bgl_46352,Anomaly
bgl_46353,Anomaly
bgl_46354,Normal
bgl_46355,Normal
bgl_46356,Normal
bgl_46357,Normal
bgl_46358,Normal
bgl_46359,Normal
bgl_46360,Normal
bgl_46361,Normal
bgl_46362,Normal
bgl_46363,Normal
bgl_46364,Normal
bgl_46365,Normal
bgl_46366,Normal
bgl_46367,Normal
bgl_46368,Normal
bgl_46369,Normal
bgl_46370,Normal
bgl_46371,Normal
bgl_46372,Normal
bgl_46373,Normal
bgl_46374,Normal
bgl_46375,Normal
bgl_46376,Normal
bgl_46377,Normal
bgl_46378,Normal
bgl_46379,Normal
bgl_46380,Normal
bgl_46381,Normal
bgl_46382,Normal
bgl_46383,Normal
bgl_46384,Normal
bgl_46385,Normal
bgl_46386,Normal
bgl_46387,Normal
bgl_46388,Normal
bgl_46389,Normal
bgl_46390,Anomaly
bgl_46391,Anomaly
bgl_46392,Anomaly
bgl_46393,Anomaly
bgl_46394,Anomaly
bgl_46395,Anomaly
bgl_46396,Anomaly
bgl_46397,Anomaly
bgl_46398,Anomaly
bgl_46399,Anomaly
bgl_46400,Anomaly
bgl_46401,Normal
bgl_46402,Normal
bgl_46403,Normal
bgl_46404,Normal
bgl_46405,Normal
bgl_46406,Normal
bgl_46407,Normal
bgl_46408,Anomaly
bgl_46409,Anomaly
bgl_46410,Anomaly
bgl_46411,Anomaly
bgl_46412,Anomaly
bgl_46413,Anomaly
bgl_46414,Anomaly
bgl_46415,Anomaly
bgl_46416,Anomaly
bgl_46417,Anomaly
bgl_46418,Anomaly
bgl_46419,Normal
bgl_46420,Normal
bgl_46421,Normal
bgl_46422,Anomaly
bgl_46423,Anomaly
bgl_46424,Anomaly
bgl_46425,Anomaly
bgl_46426,Anomaly
bgl_46427,Anomaly
bgl_46428,Anomaly
bgl_46429,Anomaly
bgl_46430,Anomaly
bgl_46431,Anomaly
bgl_46432,Anomaly
bgl_46433,Normal
bgl_46434,Normal
bgl_46435,Normal
bgl_46436,Normal
bgl_46437,Normal
bgl_46438,Normal
bgl_46439,Normal
bgl_46440,Normal
bgl_46441,Normal
bgl_46442,Normal
bgl_46443,Normal
bgl_46444,Anomaly
bgl_46445,Anomaly
bgl_46446,Anomaly
bgl_46447,Anomaly
bgl_46448,Anomaly
bgl_46449,Anomaly
bgl_46450,Anomaly
bgl_46451,Anomaly
bgl_46452,Anomaly
bgl_46453,Anomaly
bgl_46454,Anomaly
bgl_46455,Normal
bgl_46456,Normal
bgl_46457,Normal
bgl_46458,Normal
bgl_46459,Normal
bgl_46460,Normal
bgl_46461,Normal
bgl_46462,Normal
bgl_46463,Anomaly
bgl_46464,Anomaly
bgl_46465,Anomaly
bgl_46466,Anomaly
bgl_46467,Anomaly
bgl_46468,Anomaly
bgl_46469,Anomaly
bgl_46470,Anomaly
bgl_46471,Anomaly
bgl_46472,Anomaly
bgl_46473,Anomaly
bgl_46474,Normal
bgl_46475,Normal
bgl_46476,Normal
bgl_46477,Normal
bgl_46478,Normal
bgl_46479,Normal
bgl_46480,Normal
bgl_46481,Normal
bgl_46482,Normal
bgl_46483,Normal
bgl_46484,Normal
bgl_46485,Normal
bgl_46486,Normal
bgl_46487,Normal
bgl_46488,Normal
bgl_46489,Normal
bgl_46490,Normal
bgl_46491,Normal
bgl_46492,Normal
bgl_46493,Normal
bgl_46494,Normal
bgl_46495,Normal
bgl_46496,Normal
bgl_46497,Normal
bgl_46498,Normal
bgl_46499,Normal
bgl_46500,Normal
bgl_46501,Normal
bgl_46502,Normal
bgl_46503,Normal
bgl_46504,Normal
bgl_46505,Normal
bgl_46506,Normal
bgl_46507,Normal
bgl_46508,Normal
bgl_46509,Normal
bgl_46510,Anomaly
bgl_46511,Anomaly
bgl_46512,Anomaly
bgl_46513,Anomaly
bgl_46514,Anomaly
bgl_46515,Anomaly
bgl_46516,Anomaly
bgl_46517,Anomaly
bgl_46518,Anomaly
bgl_46519,Anomaly
bgl_46520,Anomaly
bgl_46521,Anomaly
bgl_46522,Anomaly
bgl_46523,Normal
bgl_46524,Normal
bgl_46525,Normal
bgl_46526,Normal
bgl_46527,Normal
bgl_46528,Normal
bgl_46529,Normal
bgl_46530,Normal
bgl_46531,Normal
bgl_46532,Normal
bgl_46533,Normal
bgl_46534,Normal
bgl_46535,Normal
bgl_46536,Normal
bgl_46537,Normal
bgl_46538,Normal
bgl_46539,Normal
bgl_46540,Normal
bgl_46541,Normal
bgl_46542,Normal
bgl_46543,Normal
bgl_46544,Normal
bgl_46545,Normal
bgl_46546,Normal
bgl_46547,Normal
bgl_46548,Normal
bgl_46549,Normal
bgl_46550,Normal
bgl_46551,Normal
bgl_46552,Normal
bgl_46553,Normal
bgl_46554,Normal
bgl_46555,Normal
bgl_46556,Normal
bgl_46557,Normal
bgl_46558,Normal
bgl_46559,Normal
bgl_46560,Normal
bgl_46561,Normal
bgl_46562,Normal
bgl_46563,Anomaly
bgl_46564,Anomaly
bgl_46565,Anomaly
bgl_46566,Anomaly
bgl_46567,Anomaly
bgl_46568,Anomaly
bgl_46569,Anomaly
bgl_46570,Anomaly
bgl_46571,Normal
bgl_46572,Normal
bgl_46573,Normal
bgl_46574,Normal
bgl_46575,Normal
bgl_46576,Anomaly
bgl_46577,Anomaly
bgl_46578,Anomaly
bgl_46579,Anomaly
bgl_46580,Anomaly
bgl_46581,Anomaly
bgl_46582,Anomaly
bgl_46583,Anomaly
bgl_46584,Anomaly
bgl_46585,Anomaly
bgl_46586,Normal
bgl_46587,Normal
bgl_46588,Normal
bgl_46589,Anomaly
bgl_46590,Normal
bgl_46591,Normal
bgl_46592,Normal
bgl_46593,Normal
bgl_46594,Normal
bgl_46595,Normal
bgl_46596,Normal
bgl_46597,Anomaly
bgl_46598,Anomaly
bgl_46599,Anomaly
bgl_46600,Anomaly
bgl_46601,Anomaly
bgl_46602,Anomaly
bgl_46603,Anomaly
bgl_46604,Anomaly
bgl_46605,Anomaly
bgl_46606,Anomaly
bgl_46607,Anomaly
bgl_46608,Anomaly
bgl_46609,Anomaly
bgl_46610,Normal
bgl_46611,Normal
bgl_46612,Normal
bgl_46613,Normal
bgl_46614,Normal
bgl_46615,Normal
bgl_46616,Normal
bgl_46617,Normal
bgl_46618,Normal
bgl_46619,Normal
bgl_46620,Normal
bgl_46621,Normal
bgl_46622,Normal
bgl_46623,Normal
bgl_46624,Normal
bgl_46625,Anomaly
bgl_46626,Anomaly
bgl_46627,Anomaly
bgl_46628,Anomaly
bgl_46629,Normal
bgl_46630,Normal
bgl_46631,Normal
bgl_46632,Normal
bgl_46633,Normal
bgl_46634,Normal
bgl_46635,Normal
bgl_46636,Normal
bgl_46637,Normal
bgl_46638,Normal
bgl_46639,Normal
bgl_46640,Normal
bgl_46641,Normal
bgl_46642,Normal
bgl_46643,Normal
bgl_46644,Normal
bgl_46645,Normal
bgl_46646,Normal
bgl_46647,Normal
bgl_46648,Normal
bgl_46649,Normal
bgl_46650,Normal
bgl_46651,Normal
bgl_46652,Normal
bgl_46653,Normal
bgl_46654,Normal
bgl_46655,Normal
bgl_46656,Normal
bgl_46657,Normal
bgl_46658,Normal
bgl_46659,Normal
bgl_46660,Normal
bgl_46661,Normal
bgl_46662,Normal
bgl_46663,Normal
bgl_46664,Normal
bgl_46665,Normal
bgl_46666,Normal
bgl_46667,Normal
bgl_46668,Normal
bgl_46669,Anomaly
bgl_46670,Anomaly
bgl_46671,Anomaly
bgl_46672,Anomaly
bgl_46673,Normal
bgl_46674,Normal
bgl_46675,Normal
bgl_46676,Normal
bgl_46677,Normal
bgl_46678,Normal
bgl_46679,Normal
bgl_46680,Normal
bgl_46681,Normal
bgl_46682,Normal
bgl_46683,Normal
bgl_46684,Anomaly
bgl_46685,Normal
bgl_46686,Anomaly
bgl_46687,Anomaly
bgl_46688,Anomaly
bgl_46689,Anomaly
bgl_46690,Anomaly
bgl_46691,Anomaly
bgl_46692,Anomaly
bgl_46693,Anomaly
bgl_46694,Anomaly
bgl_46695,Anomaly
bgl_46696,Anomaly
bgl_46697,Normal
bgl_46698,Anomaly
bgl_46699,Anomaly
bgl_46700,Anomaly
bgl_46701,Anomaly
bgl_46702,Anomaly
bgl_46703,Anomaly
bgl_46704,Anomaly
bgl_46705,Anomaly
bgl_46706,Anomaly
bgl_46707,Anomaly
bgl_46708,Anomaly
bgl_46709,Anomaly
bgl_46710,Anomaly
bgl_46711,Anomaly
bgl_46712,Anomaly
bgl_46713,Anomaly
bgl_46714,Normal
bgl_46715,Anomaly
bgl_46716,Anomaly
bgl_46717,Anomaly
bgl_46718,Anomaly
bgl_46719,Anomaly
bgl_46720,Anomaly
bgl_46721,Anomaly
bgl_46722,Anomaly
bgl_46723,Anomaly
bgl_46724,Anomaly
bgl_46725,Normal
bgl_46726,Anomaly
bgl_46727,Anomaly
bgl_46728,Anomaly
bgl_46729,Anomaly
bgl_46730,Anomaly
bgl_46731,Anomaly
bgl_46732,Normal
bgl_46733,Normal
bgl_46734,Normal
bgl_46735,Normal
bgl_46736,Normal
bgl_46737,Normal
bgl_46738,Normal
bgl_46739,Normal
bgl_46740,Normal
bgl_46741,Normal
bgl_46742,Normal
bgl_46743,Normal
bgl_46744,Normal
bgl_46745,Normal
bgl_46746,Normal
bgl_46747,Normal
bgl_46748,Normal
bgl_46749,Normal
bgl_46750,Normal
bgl_46751,Normal
bgl_46752,Normal
bgl_46753,Normal
bgl_46754,Normal
bgl_46755,Normal
bgl_46756,Normal
bgl_46757,Normal
bgl_46758,Normal
bgl_46759,Normal
bgl_46760,Normal
bgl_46761,Normal
bgl_46762,Normal
bgl_46763,Normal
bgl_46764,Normal
bgl_46765,Normal
bgl_46766,Normal
bgl_46767,Normal
bgl_46768,Normal
bgl_46769,Normal
bgl_46770,Normal
bgl_46771,Normal
bgl_46772,Normal
bgl_46773,Normal
bgl_46774,Normal
bgl_46775,Normal
bgl_46776,Normal
bgl_46777,Normal
bgl_46778,Normal
bgl_46779,Normal
bgl_46780,Normal
bgl_46781,Normal
bgl_46782,Normal
bgl_46783,Normal
bgl_46784,Normal
bgl_46785,Normal
bgl_46786,Normal
bgl_46787,Normal
bgl_46788,Normal
bgl_46789,Normal
bgl_46790,Normal
bgl_46791,Normal
bgl_46792,Normal
bgl_46793,Normal
bgl_46794,Normal
bgl_46795,Normal
bgl_46796,Normal
bgl_46797,Normal
bgl_46798,Normal
bgl_46799,Normal
bgl_46800,Normal
bgl_46801,Normal
bgl_46802,Normal
bgl_46803,Normal
bgl_46804,Normal
bgl_46805,Normal
bgl_46806,Normal
bgl_46807,Normal
bgl_46808,Normal
bgl_46809,Normal
bgl_46810,Normal
bgl_46811,Normal
bgl_46812,Normal
bgl_46813,Normal
bgl_46814,Normal
bgl_46815,Normal
bgl_46816,Normal
bgl_46817,Normal
bgl_46818,Anomaly
bgl_46819,Normal
bgl_46820,Anomaly
bgl_46821,Anomaly
bgl_46822,Normal
bgl_46823,Normal
bgl_46824,Normal
bgl_46825,Normal
bgl_46826,Normal
bgl_46827,Normal
bgl_46828,Normal
bgl_46829,Normal
bgl_46830,Normal
bgl_46831,Normal
bgl_46832,Normal
bgl_46833,Normal
bgl_46834,Normal
bgl_46835,Normal
bgl_46836,Normal
bgl_46837,Normal
bgl_46838,Normal
bgl_46839,Normal
bgl_46840,Normal
bgl_46841,Normal
bgl_46842,Normal
bgl_46843,Normal
bgl_46844,Normal
bgl_46845,Normal
bgl_46846,Normal
bgl_46847,Normal
bgl_46848,Normal
bgl_46849,Normal
bgl_46850,Normal
bgl_46851,Normal
bgl_46852,Normal
bgl_46853,Normal
bgl_46854,Normal
bgl_46855,Normal
bgl_46856,Normal
bgl_46857,Normal
bgl_46858,Normal
bgl_46859,Normal
bgl_46860,Normal
bgl_46861,Normal
bgl_46862,Normal
bgl_46863,Normal
bgl_46864,Normal
bgl_46865,Normal
bgl_46866,Normal
bgl_46867,Normal
bgl_46868,Normal
bgl_46869,Normal
bgl_46870,Normal
bgl_46871,Normal
bgl_46872,Normal
bgl_46873,Normal
bgl_46874,Normal
bgl_46875,Normal
bgl_46876,Normal
bgl_46877,Normal
bgl_46878,Normal
bgl_46879,Normal
bgl_46880,Normal
bgl_46881,Normal
bgl_46882,Normal
bgl_46883,Normal
bgl_46884,Normal
bgl_46885,Normal
bgl_46886,Normal
bgl_46887,Normal
bgl_46888,Normal
bgl_46889,Normal
bgl_46890,Normal
bgl_46891,Normal
bgl_46892,Normal
bgl_46893,Normal
bgl_46894,Normal
bgl_46895,Normal
bgl_46896,Normal
bgl_46897,Normal
bgl_46898,Normal
bgl_46899,Normal
bgl_46900,Normal
bgl_46901,Normal
bgl_46902,Normal
bgl_46903,Normal
bgl_46904,Normal
bgl_46905,Normal
bgl_46906,Normal
bgl_46907,Normal
bgl_46908,Normal
bgl_46909,Normal
bgl_46910,Normal
bgl_46911,Normal
bgl_46912,Normal
bgl_46913,Normal
bgl_46914,Normal
bgl_46915,Normal
bgl_46916,Normal
bgl_46917,Normal
bgl_46918,Normal
bgl_46919,Normal
bgl_46920,Normal
bgl_46921,Normal
bgl_46922,Normal
bgl_46923,Normal
bgl_46924,Normal
bgl_46925,Normal
bgl_46926,Normal
bgl_46927,Normal
bgl_46928,Normal
bgl_46929,Normal
bgl_46930,Normal
bgl_46931,Normal
bgl_46932,Normal
bgl_46933,Normal
bgl_46934,Normal
bgl_46935,Normal
bgl_46936,Normal
bgl_46937,Normal
bgl_46938,Normal
bgl_46939,Normal
bgl_46940,Normal
bgl_46941,Normal
bgl_46942,Normal
bgl_46943,Normal
bgl_46944,Normal
bgl_46945,Normal
bgl_46946,Normal
bgl_46947,Normal
bgl_46948,Normal
bgl_46949,Normal
bgl_46950,Normal
bgl_46951,Normal
bgl_46952,Normal
bgl_46953,Normal
bgl_46954,Normal
bgl_46955,Normal
bgl_46956,Normal
bgl_46957,Normal
bgl_46958,Normal
bgl_46959,Normal
bgl_46960,Normal
bgl_46961,Normal
bgl_46962,Normal
bgl_46963,Normal
bgl_46964,Normal
bgl_46965,Normal
bgl_46966,Normal
bgl_46967,Normal
bgl_46968,Normal
bgl_46969,Normal
bgl_46970,Normal
bgl_46971,Normal
bgl_46972,Normal
bgl_46973,Normal
bgl_46974,Normal
bgl_46975,Normal
bgl_46976,Normal
bgl_46977,Normal
bgl_46978,Normal
bgl_46979,Normal
bgl_46980,Normal
bgl_46981,Normal
bgl_46982,Normal
bgl_46983,Normal
bgl_46984,Normal
bgl_46985,Normal
bgl_46986,Normal
bgl_46987,Normal
bgl_46988,Normal
bgl_46989,Normal
bgl_46990,Normal
bgl_46991,Normal
bgl_46992,Normal
bgl_46993,Normal
bgl_46994,Normal
bgl_46995,Normal
bgl_46996,Normal
bgl_46997,Normal
bgl_46998,Normal
bgl_46999,Normal
bgl_47000,Normal
bgl_47001,Normal
bgl_47002,Normal
bgl_47003,Normal
bgl_47004,Normal
bgl_47005,Normal
bgl_47006,Normal
bgl_47007,Normal
bgl_47008,Normal
bgl_47009,Normal
bgl_47010,Normal
bgl_47011,Normal
bgl_47012,Normal
bgl_47013,Normal
bgl_47014,Normal
bgl_47015,Normal
bgl_47016,Normal
bgl_47017,Normal
bgl_47018,Normal
bgl_47019,Normal
bgl_47020,Normal
bgl_47021,Normal
bgl_47022,Normal
bgl_47023,Normal
bgl_47024,Normal
bgl_47025,Normal
bgl_47026,Normal
bgl_47027,Normal
bgl_47028,Normal
bgl_47029,Normal
bgl_47030,Normal
bgl_47031,Normal
bgl_47032,Normal
bgl_47033,Normal
bgl_47034,Normal
bgl_47035,Normal
bgl_47036,Normal
bgl_47037,Normal
bgl_47038,Normal
bgl_47039,Normal
bgl_47040,Normal
bgl_47041,Normal
bgl_47042,Normal
bgl_47043,Normal
bgl_47044,Normal
bgl_47045,Normal
bgl_47046,Normal
bgl_47047,Normal
bgl_47048,Normal
bgl_47049,Normal
bgl_47050,Normal
bgl_47051,Normal
bgl_47052,Normal
bgl_47053,Normal
bgl_47054,Normal
bgl_47055,Normal
bgl_47056,Normal
bgl_47057,Normal
bgl_47058,Normal
bgl_47059,Normal
bgl_47060,Normal
bgl_47061,Normal
bgl_47062,Normal
bgl_47063,Normal
bgl_47064,Normal
bgl_47065,Normal
bgl_47066,Normal
bgl_47067,Normal
bgl_47068,Normal
bgl_47069,Normal
bgl_47070,Normal
bgl_47071,Normal
bgl_47072,Normal
bgl_47073,Normal
bgl_47074,Normal
bgl_47075,Normal
bgl_47076,Normal
bgl_47077,Normal
bgl_47078,Normal
bgl_47079,Normal
bgl_47080,Normal
bgl_47081,Anomaly
bgl_47082,Normal
bgl_47083,Anomaly
bgl_47084,Anomaly
bgl_47085,Anomaly
bgl_47086,Anomaly
bgl_47087,Normal
bgl_47088,Anomaly
bgl_47089,Anomaly
bgl_47090,Normal
bgl_47091,Normal
bgl_47092,Normal
bgl_47093,Anomaly
bgl_47094,Anomaly
bgl_47095,Anomaly
bgl_47096,Anomaly
bgl_47097,Anomaly
bgl_47098,Anomaly
bgl_47099,Anomaly
bgl_47100,Normal
bgl_47101,Normal
bgl_47102,Normal
bgl_47103,Normal
bgl_47104,Normal
bgl_47105,Normal
bgl_47106,Normal
bgl_47107,Normal
bgl_47108,Normal
bgl_47109,Normal
bgl_47110,Normal
bgl_47111,Normal
bgl_47112,Normal
bgl_47113,Normal
bgl_47114,Normal
bgl_47115,Normal
bgl_47116,Normal
bgl_47117,Normal
bgl_47118,Normal
bgl_47119,Normal
bgl_47120,Anomaly
bgl_47121,Normal
bgl_47122,Anomaly
bgl_47123,Anomaly
bgl_47124,Normal
bgl_47125,Normal
bgl_47126,Normal
bgl_47127,Normal
bgl_47128,Normal
bgl_47129,Anomaly
bgl_47130,Anomaly
bgl_47131,Anomaly
bgl_47132,Anomaly
bgl_47133,Normal
