EventId,EventTemplate
E1,instruction cache parity error corrected
E2,MidplaneSwitchController performing bit sparing on <*> bit <*>
E3,generating <*>
E4,"<*> ddr errors(s) detected and corrected on rank 0, symbol <*> bit <*>"
E5,<*> <*> <*> error(s) (dcr <*> detected and corrected
E6,CE sym <*> at <*> mask <*>
E7,total of <*> ddr error(s) detected and corrected
E8,ddr: activating redundant bit steering: rank=0 <*>
E9,"ddr: excessive soft failures, consider replacing the card"
E10,"ciod: Error loading <*> invalid or missing program image, No such file or directory"
E11,<*> double-hummer alignment exceptions
E12,<*> tree receiver <*> in re-synch state event(s) (dcr <*> detected
E13,idoproxydb has been started: $Name: <*> $ Input parameters: -enableflush -loguserinfo db.properties BlueGene1
E14,ciodb has been restarted.
E15,mmcs_db_server has been started: <*> --useDatabase BGL --dbproperties <*> --iolog /bgl/BlueLight/logs/BGL --reconnect-blocks all
E16,ciod: LOGIN <*> failed: No such file or directory
E17,ciod: failed to read message prefix on control stream (CioStream socket to <*>
E18,data TLB error interrupt
E19,instruction address: <*>
E20,machine check <*>
E21,machine check status register: <*>
E22,summary...........................1
E23,instruction plb <*>
E24,data <*> plb <*>
E25,tlb <*>
E26,i-cache parity error..............0
E27,d-cache <*> parity <*>
E28,imprecise machine <*>
E29,machine state register: <*>
E30,wait state enable.................0
E31,critical input interrupt <*>
E32,external input interrupt <*>
E33,problem state <*>
E34,floating point <*> <*>
E35,floating pt ex mode <*> <*>
E36,debug wait enable.................0
E37,debug interrupt enable............0
E38,instruction address space.........0
E39,data address space................0
E40,core configuration register: <*>
E41,disable store gathering..................0
E42,disable apu instruction broadcast........0
E43,disable trace broadcast..................0
E44,guaranteed <*> cache block <*>
E45,force load/store alignment...............0
E46,icache prefetch <*>
E47,general purpose registers:
E48,0:00000000 <*> 2:1eeeeeee <*>
E49,<*> 5:00460000 6:00000000 <*>
E50,8:009f7120 9:00002670 10:009741e0 11:00000000
E51,<*> 13:1eeeeeee 14:ffffffff <*>
E52,16:00000000 17:00000000 <*> <*>
E53,20:00000000 <*> 22:00000000 <*>
E54,24:1fefff40 <*> 26:1fefff60 <*>
E55,28:30001460 29:30001510 30:00000000 31:30001400
E56,special purpose registers:
E57,<*> cr:20000000 xer:00000002 <*>
E58,rts panic! - stopping execution
E59,<*> torus receiver <*> input pipe error(s) (dcr <*> detected and corrected
E60,data address: <*>
E61,4:0000000e 5:000865b0 <*> <*>
E62,<*> 9:00000000 10:00090000 11:0000003c
E63,16:00000000 17:00089b10 <*> <*>
E64,20:00008000 21:001e7e94 <*> <*>
E65,<*> <*> 26:000865b0 27:00089ae0
E66,<*> <*> 30:0000000e 31:000865b0
E67,lr:0000d9ac <*> xer:00000002 ctr:0000e248
E68,rts internal error
E69,<*> 13:1eeeeeee <*> 15:00000001
E70,<*> 17:00000000 18:001e7ea0 19:ffffffff
E71,ciod: Message code <*> is not <*> or 4294967295
E72,ciod: pollControlDescriptors: Detected the debugger died.
E73,ciod: for node <*> read continuation request but ioState is 0
E74,ciod: cpu 0 at treeaddr <*> sent unrecognized message 0xffffffff
E75,machine check interrupt (bit=0x1d): L2 dcache unit data parity error
E76,<*> <*> 2:1eeeeeee 3:00000000
E77,4:00088750 5:00088740 <*> <*>
E78,8:00106810 9:0000146b 10:0ff00000 11:00088780
E79,20:fffffff4 21:00000008 <*> <*>
E80,24:00082d70 25:00082d78 26:00000000 27:00082d78
E81,28:00040000 29:00000070 30:00082d78 31:00106720
E82,<*> <*> xer:00000002 ctr:00000000
E83,ciod: LOGIN <*> failed: <*> <*>
E84,machine check interrupt <*> <*> <*> <*> error
E85,L3 <*> <*> register: <*>
E86,start <*>
E87,disable speculative access...............0
E88,close EDRAM pages as soon as possible....0
E89,size of scratchpad portion of L3.........0 (0M)
E90,disable all access to cache directory....0
E91,write buffer commit threshold............2
E92,size of DDR we are caching...............1 (512M)
E93,prefetch depth for <*> <*>
E94,max number of outstanding prefetches.....7
E95,turn on hidden refreshes.................1
E96,disable write lines 2:4..................0
E97,capture first <*> <*> error address..0
E98,disable flagging of DDR UE's as major internal error.0
E99,correctable error detected in directory <*>
E100,uncorrectable error detected in <*> <*>
E101,correctable error detected in EDRAM bank <*>
E102,uncorrectable error detected in EDRAM bank <*>
E103,parity error in <*> <*>
E104,parity error in read queue <*>
E105,number of correctable errors detected in L3 <*>
E106,interrupt threshold...0
E107,number of lines with parity errors written to L3 <*>
E108,DDR machine check register: 0x00000000 <*>
E109,memory and bus summary...........................0
E110,command manager unit summary.....................0
E111,memory manager <*> <*>
E112,memory manager <*> <*> <*>
E113,memory manager <*>
E114,state machine....................................0
E115,memory manager / command manager address parity..0
E116,regctl scancom interface.........................0
E117,DDR failing info register: <*>
E118,capture <*>
E119,symbol................15
E120,mask..................0x40
E121,miscompare............0
E122,uncorrectable <*>
E123,address parity error..0
E124,correctable <*>
E125,qw trapped............0
E126,chip select...........0
E127,DDR failing data registers: <*> <*>
E128,0x00000000 <*>
E129,DDR failing address register: <*> <*>
E130,4:00000000 5:00000000 <*> <*>
E131,<*> 9:00000001 10:1fe00000 <*>
E132,16:00558630 17:00089b10 18:00089b08 19:000887fc
E133,24:00000007 25:ffffffff 26:00089ae0 27:000894a4
E134,28:00040000 29:00000000 30:00090000 31:00000000
E135,lr:0000846c cr:48004242 xer:00000002 ctr:029ad752
E136,PrepareForService is being done on this <*> <*> <*> <*> mType(4)) by root
E137,PrepareForService shutting down <*> <*> <*> <*> <*> as part of Service Action <*>
E138,EndServiceAction is restarting the <*> in midplane <*> as part of Service Action <*>
E139,EndServiceAction <*> performed upon <*> by <*>
E140,Node card is not fully functional
E141,Can not get assembly information for node card
E142,Node card status: no ALERTs are active. Clock Mode is Low. Clock Select is Midplane. Phy JTAG Reset is asserted. ASIC JTAG Reset is <*> <*> <*> <*> <*> <*> <*> <*> <*> <*> <*> <*> <*> <*> <*> <*> <*> <*> <*> <*> <*> <*> <*> <*> <*> <*> <*> OK. MPGOOD ERROR LATCH IS ACTIVE. The 2.5 volt rail is OK. The 1.5 volt rail is OK.
E143,Node card VPD check: <*> node in processor card slot <*> do not match. VPD ecid <*> found <*>
E144,ciod: sendMsgToDebugger: error sending PROGRAM_EXITED message to debugger.
E145,4:00055920 5:00055910 6:00009338 7:00000000
E146,8:00015630 9:00045142 10:03389d21 11:000107fd
E147,12:000558a0 13:1eeeeeee 14:0178fa90 15:0002ac00
E148,<*> <*> 18:00000000 19:00000000
E149,20:00000000 21:00000001 22:00085e70 23:00085fd8
E150,24:00085fdc 25:00000000 26:00000000 <*>
E151,28:00000000 29:03384ef0 30:00040000 31:00040220
E152,lr:0000b20c cr:40002424 xer:00000002 ctr:000095e0
E153,4:00085fd8 5:000865b0 <*> <*>
E154,<*> 9:00000400 <*> 11:c0018000
E155,<*> 13:1eeeeeee 14:2e8ba2e9 <*>
E156,16:0000055f 17:0c5cc1e0 18:00000001 19:04ed1b98
E157,20:000012c0 21:0000055f 22:00000000 23:04ecf0a0
E158,<*> 29:000000e3 <*> 31:00000001
E159,lr:0000ea38 cr:84404442 xer:00000002 ctr:0000024b
E160,0:00000002 1:1fea8640 2:1eeeeeee 3:fe9bc000
E161,4:00439430 5:ffff96e0 6:fffbccf0 7:0f554c48
E162,8:0f4c4108 9:0d563fc0 10:0d7679b8 11:05681130
E163,12:0d7007b8 13:1eeeeeee 14:00000015 15:fe9bc000
E164,16:00364380 17:00440000 18:05fb0d70 19:05f6da60
E165,20:004d96ac 21:0d6323c0 22:07bd4840 23:0567a810
E166,24:09218840 25:00000001 26:004e0000 27:0a154900
E167,28:0007d000 29:0b798900 30:00067200 31:00090b40
E168,<*> <*> xer:20000002 ctr:00000001
E169,<*> torus <*> <*> <*> error(s) (dcr <*> detected and corrected
E170,<*> correctable errors exceeds threshold (iar <*> lr <*>
E171,0:0007d000 1:1fea8670 2:1eeeeeee 3:00439130
E172,4:00000fc5 5:0007d000 6:fffa8840 7:0006d600
E173,8:0006d600 9:00591040 10:00591040 11:0dfc8330
E174,12:0daa7b28 13:1eeeeeee 14:ffa94800 15:00000007
E175,16:069df3b0 17:06b563b0 18:066ccbc0 19:004d8f30
E176,20:0deed738 21:0d9ccf30 22:0f5ef850 23:0f572850
E177,24:0f6e9850 25:0daa7b30 26:0f66c850 27:0df5ad38
E178,28:0da3a530 29:059674c0 30:0dfc8338 31:0e110530
E179,<*> <*> xer:20000002 ctr:00000002
E180,0:00002000 1:1fea8b60 2:1eeeeeee 3:006af8d0
E181,4:00001f82 5:b1144000 6:06412ce0 7:0cdc1fe0
E182,8:00a2104c 9:0007e080 10:06412ce0 11:00000000
E183,12:00000300 13:1eeeeeee 14:06412ce0 15:00c19490
E184,16:0cdc1fe0 17:00000065 18:009e7400 19:1fea8b80
E185,20:00000000 21:ffffffff <*> <*>
E186,24:b1144000 25:00002000 26:00000008 27:006af8d0
E187,28:006af9f4 29:007c1fb0 30:00007e08 31:007c2000
E188,lr:00368da8 cr:84404448 xer:00000002 ctr:00368610
E189,Starting SystemController
E190,Controlling BG/L rows [ 0 1 2 3 ]
E191,Running as background command
E192,data storage interrupt
E193,exception syndrome register: <*>
E194,machine check: i-fetch......................0
E195,program interrupt: <*> <*>
E196,floating point <*>
E197,store <*>
E198,data store interrupt caused by <*>
E199,auxiliary processor.........................0
E200,byte ordering exception.....................0
E201,program interrupt: fp cr update.............0
E202,program interrupt: fp cr field .............0
E203,0:000008ce 1:00086000 2:1eeeeeee 3:1feaa770
E204,4:000008ce 5:ffffffff 6:00000038 7:00086590
E205,8:00000004 9:4e800020 <*> <*>
E206,24:1feaa7a0 25:00284538 26:00230000 27:00320000
E207,28:1feaa7b0 29:00000001 30:000008ce 31:1feaa790
E208,lr:00004ed0 cr:28244842 xer:20000002 ctr:00086000
E209,0:0035fd54 1:1fea9830 2:1eeeeeee 3:007c2130
E210,4:1fea96f0 5:00000004 6:02a02600 7:0098a3b0
E211,8:00007390 9:00000182 10:fff1f174 11:00000004
E212,12:0045b788 13:1eeeeeee 14:009823a0 15:02a02600
E213,16:029fa5f0 17:00000065 18:066aa9b0 19:066a29a0
E214,24:00000000 25:1fea98c0 26:0000000e 27:006af8d0
E215,28:00008000 29:006af8d0 30:0000000b 31:00540000
E216,external input interrupt (unit=0x02 <*> torus sender <*> retransmission error was corrected
E217,external input interrupt (unit=0x01 bit=0x09): number of corrected SRAM errors has exceeded threshold
E218,suppressing further interrupts of same type
E219,symbol................0
E220,mask..................0x00
E221,<*> 0x00000000
E222,4:00000bd5 5:071c9ae0 6:00002f54 7:00000000
E223,8:02fdead0 9:00230000 10:00230000 11:00230000
E224,<*> 13:1eeeeeee <*> 15:00230000
E225,16:002364a8 17:00236758 18:00230000 19:00236740
E226,20:00236320 21:002365d0 22:00236390 23:00000008
E227,24:002366e0 25:002363b8 26:00388c50 27:0038d720
E228,28:00388c70 29:00236460 30:002366e8 31:00236710
E229,<*> <*> xer:20000002 ctr:00000000
E230,Ido chip status changed: <*> <*> <*> <*> status=M <*> <*> <*> <*> <*> 2005
E231,8:10cae050 9:b1150400 10:fff1f0fc 11:b1150400
E232,28:30008e90 29:30008f40 30:00000000 31:30008e30
E233,0:01360ec8 1:0fea05d0 2:1eeeeeee 3:01300fc8
E234,4:01360ef0 5:01360ef0 6:00323350 7:00323648
E235,8:01360ec8 9:01300fc8 10:000001ff 11:00000006
E236,12:000001ff 13:1eeeeeee 14:0fee0b88 15:0000003a
E237,16:0fee0b9c 17:00000848 18:00000069 19:0000006a
E238,20:0fea0700 21:000000ff 22:0000000d 23:00c80d80
E239,24:00c7a218 25:003223e0 26:00c7a368 27:01d56830
E240,28:00c80d48 29:00f97c30 30:00926dc0 31:00b0f6b0
E241,lr:0013f290 cr:24404888 xer:20000002 ctr:0013f0d8
E242,8:05ff6fc0 9:b1150800 10:fff1f0fc 11:b1150800
E243,<*> 29:00000000 <*> 31:1fefff60
E244,<*> cr:20000020 xer:00000002 <*>
E245,0:000180d8 1:1fea9fc0 2:1eeeeeee 3:09087880
E246,4:0000c000 5:0000c000 6:00000600 7:1fea9f64
E247,8:000003ff 9:0000003f 10:0000003f 11:00000000
E248,12:00000000 13:1eeeeeee <*> <*>
E249,16:108ec3b4 17:00000000 18:00000000 19:000c06c0
E250,20:00000000 21:000133e0 22:00004cf8 23:66666667
E251,24:00004000 25:00000313 26:00000001 27:004bb280
E252,28:06a55c20 29:06a55c1c 30:00000000 31:1feaa420
E253,lr:00128084 cr:42000444 xer:00000002 ctr:00201390
E254,BGLMaster has been started: ./BGLMaster --consoleip 127.0.0.1 --consoleport 32035 --configfile bglmaster.init
E255,BglIdoChip table has <*> IDOs with the same IP address <*>
E256,<*> IpAddress(10.0.0.237) Status(A)
E257,<*> IpAddress(10.0.1.12) Status(A)
E258,<*> IpAddress(10.0.1.8) Status(A)
E259,"While initializing <*> card iDo machine with LP of <*> caught java.io.IOException: Could not contact iDo with <*> and <*> because java.lang.RuntimeException: Communication error: (DirectIDo for Uninitialized DirectIDo for <*> is in state = COMMUNICATION_ERROR, sequenceNumberIsOk = false, ExpectedSequenceNumber = 0, Reply Sequence Number = -1, timedOut = true, retries = 200, timeout = 1000, Expected Op Command = 5, Actual Op Reply = -1, Expected Sync Command = 10, Actual Sync Reply = -1)"
E260,NodeCard VPD is corrupt
E261,"While initializing node card, ido with LP of <*> caught java.lang.IllegalStateException: IDo is not in functional state -- currently in state COMMUNICATION_ERROR"
E262,4:00088590 5:00088580 6:0000911c 7:00088560
E263,12:00088510 13:1eeeeeee 14:0028c64c 15:1feaa850
E264,<*> <*> 18:00088804 19:00089b08
E265,20:00000009 21:ffffffff 22:00000008 <*>
E266,24:00082d90 <*> <*> 27:00040000
E267,28:ffffca68 29:00000000 30:000894a4 31:ffffca68
E268,lr:00009f18 <*> xer:20000002 <*>
E269,ciod: Unexpected eof at line <*> of node map file <*>
E270,ciod: Error creating node map from file <*> <*> <*> <*>
E271,"ddr: Unable to steer rank=0, <*> - rank is already steering symbol <*> Due to multiple symbols being over the correctable e"
E272,"rror threshold, consider replacing the card"
E273,"ddr: Unable to steer rank=0, <*> - rank is already steering symbol <*> Due to multiple symbols being over the <*>"
E274,"error threshold, consider replacing the card"
E275,symbol................7
E276,mask..................0x10
E277,0x3f7af6a9 0xb9d48c16
E278,0x3f7af84f 0x70bc91d9
E279,0x3f7afa52 0x07a0dee5
E280,0:08958fe0 1:1fea9330 2:1eeeeeee 3:08958fd0
E281,8:00000000 9:00000001 10:00550000 11:006ae8a0
E282,16:1fea9a60 17:00000002 18:00000003 19:004c0000
E283,20:1fea9a28 21:000e3760 22:00016bf0 23:0000000b
E284,24:00000000 <*> <*> 27:00000000
E285,28:00788f60 29:00005afc 30:0d476760 31:0d6ebda0
E286,lr:0014fe50 cr:24042424 xer:00000002 ctr:00060a92
E287,PrepareForService is being done on this part <*> <*> <*> <*> <*> by <*>
E288,"ciod: Error loading <*> program image too big, <*> > <*>"
E289,critical input interrupt (unit=0x0b <*> warning for <*> <*> wire
E290,job <*> timed out. Block freed.
E291,<*> 5:80000000 <*> 7:00030000
E292,8:1ff00000 9:00000001 10:000d0000 11:000d0000
E293,24:1fefff40 <*> 26:000c65b0 <*>
E294,<*> 29:00000000 30:30000020 31:1feffff0
E295,program interrupt
E296,0:0000f000 1:1feffff0 2:1eeeeeee 3:30000020
E297,28:40000022 29:30000020 30:0047ac10 31:1feffff0
E298,ciod: <*> <*> <*> <*> <*> <*> <*> at line <*> of node map file <*>
E299,<*> floating point alignment exceptions
E300,<*> <*> 6:00000000 7:00000010
E301,8:05bd2790 9:b1151000 10:fff09d8c 11:b1151000
E302,"Problem communicating with <*> <*> iDo machine with LP of <*> caught java.lang.IllegalStateException: while executing <*> Operation caught java.lang.RuntimeException: Communication error: (DirectIDo for com.ibm.ido.DirectIDo object <*> with image version 13 and card type <*> is in state = COMMUNICATION_ERROR, sequenceNumberIsOk = false, ExpectedSequenceNumber = <*> Reply Sequence Number = -1, timedOut = true, retries = 200, timeout = 1000, Expected Op Command = 2, Actual Op Reply = -1, Expected Sync Command = <*> Actual Sync Reply = -1)"
E303,"While initializing node card, ido with LP of <*> caught java.lang.IllegalStateException: while executing <*> Operation caught java.lang.RuntimeException: Communication error: (DirectIDo for com.ibm.ido.DirectIDo object <*> with image version 13 and card type 4] is in state = COMMUNICATION_ERROR, sequenceNumberIsOk = false, ExpectedSequenceNumber = <*> Reply Sequence Number = -1, timedOut = true, retries = 200, timeout = 1000, Expected Op Command = 2, Actual Op Reply = -1, Expected Sync Command = <*> Actual Sync Reply = -1)"
E304,Node card status: no ALERTs are active. Clock Mode is Low. Clock Select is Midplane. Phy JTAG Reset is asserted. ASIC JTAG Reset is <*> <*> <*> <*> <*> <*> <*> <*> <*> <*> <*> <*> <*> <*> <*> <*> <*> <*> <*> <*> <*> <*> <*> <*> <*> <*> <*> <*> <*> <*> <*> <*> <*> <*> <*> <*> <*> <*> <*> OK. THE 1.5 VOLT RAIL IS NOT OK.
E305,NodeCard temperature sensor chip <*> is not accessible
E306,NodeCard power module <*> is not accessible
E307,NodeCard VPD chip is not accessible
E308,"While initializing node card, ido with LP of FF:F2:9F:16:E6:86:00:0D:60:E9:19:79 caught java.lang.NullPointerException"
E309,"Node card status: ALERT 0, ALERT 1, ALERT 2, ALERT 3 is (are) active. Clock Mode is Low. Clock Select is Midplane. Phy JTAG Reset is asserted. ASIC JTAG Reset is not asserted. TEMPERATURE MASK IS ACTIVE. No temperature error. Temperature Limit Error Latch is clear. PGOOD is asserted. PGOOD error latch is clear. MPGOOD is OK. MPGOOD error latch is clear. The 2.5 volt rail is OK. The 1.5 volt rail is OK."
E310,<*> Message=Pll failed to lock
E311,<*> Message=ScomError
E312,<*> Message=Invalid JtagId = ffffffff
E313,MailboxMonitor::serviceMailboxes() lib_ido_error: -1019 socket closed
E314,mmcs_server exited normally with exit code <*>
E315,MidplaneSwitchController::sendTrain() port disconnected: R07-M1-L1-U19-E
E316,Node card status: no ALERTs are active. Clock Mode is Low. Clock Select is Midplane. Phy JTAG Reset is asserted. ASIC JTAG Reset is asserted. Temperature Mask is not active. No temperature error. Temperature Limit Error Latch is clear. PGOOD IS NOT ASSERTED. PGOOD ERROR LATCH IS ACTIVE. MPGOOD is OK. MPGOOD ERROR LATCH IS ACTIVE. The 2.5 volt rail is OK. The 1.5 volt rail is OK.
E317,"e error threshold, consider replacing the card"
E318,0:020031c0 1:199670d0 2:1eeeeeee 3:009e8390
E319,4:b1144000 5:b1144000 6:009e7f40 7:00a29bb0
E320,8:009e8730 9:00000068 10:009e8730 11:00006c00
E321,12:4040c4e2 13:1eeeeeee 14:009e7f40 15:009a9a20
E322,16:00a29bb0 17:00000065 18:009e7d30 19:009e7b20
E323,24:00000000 <*> 26:00000008 <*>
E324,28:005cd234 29:009e8340 30:00000000 31:0000001f
E325,lr:004799e4 cr:4040c4e2 xer:00000002 ctr:00481f5c
E326,ciod: Error opening node map file <*> No such file or directory
E327,shutdown complete
E328,machine check interrupt (bit=0x09): Torus/Tree/GI read error 0
E329,PrepareForService is being done on this Midplane <*> <*> <*> by <*>
E330,PrepareForService is being done on this rack <*> by <*>
E331,LinkCard power module U58 is not accessible
E332,NodeCard is not fully functional
E333,LinkCard is not fully functional
E334,this link card is not fully functional
E335,no ethernet link
E336,"rts: kernel terminated for reason <*> bad message header: <*> <*> <*> <*> cpu=0, <*> <*>"
E337,ciod: In packet from node <*> <*> message code 2 is not 3 or 4294967295 <*> <*> 00000001 00000000)
E338,4:000c5fd8 5:000c65b0 <*> <*>
E339,lr:0000efe8 <*> xer:20000002 <*>
E340,8:000c8880 9:00000400 <*> 11:c0010000
E341,16:00002260 17:11245250 18:00000001 19:11c6aa60
E342,20:00001c80 21:00002260 22:40000000 23:1fea8ce0
E343,lr:0000efe8 cr:84402444 xer:00000002 ctr:00000277
E344,0:00000150 1:1fea95b0 2:1eeeeeee 3:0c7672d8
E345,4:14048d78 5:1416a548 6:140d9a08 7:14048ec8
E346,8:1416a3f8 9:140457a8 10:141f7968 11:141fb088
E347,12:140d98b8 13:1eeeeeee 14:14045530 15:141f76f0
E348,16:140d6070 17:14166bb0 18:141fae10 19:14048c50
E349,20:140d9790 21:1416a2d0 22:141f7840 23:14166d00
E350,24:06f4b0b8 25:140d6198 26:141f7818 27:14166cd8
E351,28:14045658 29:141faf38 30:140d62e8 31:14166e28
E352,4:000b2f60 5:000b2f50 6:0000911c 7:000b2f30
E353,<*> 9:00000002 10:0fe00000 <*>
E354,12:000b2ee0 13:1eeeeeee 14:0000419b 15:001066c0
E355,ciod: Missing or invalid fields on line 1 of node map file <*>
E356,Power deactivated: <*>
E357,"Problem reading the ethernet arl entries fro the service card: java.lang.IllegalStateException: while executing I2C Operation caught java.lang.RuntimeException: Communication error: (DirectIDo for com.ibm.ido.DirectIDo object <*> with image version 9 and card type 2] is in state = COMMUNICATION_ERROR, sequenceNumberIsOk = false, ExpectedSequenceNumber = <*> Reply Sequence Number = <*> timedOut = true, retries = 200, timeout = 1000, Expected Op Command = 2, Actual Op Reply = <*> Expected Sync Command = 32, Actual Sync Reply = <*>"
E358,parity error.......0
E359,machine state register:
E360,machine state register: machine state register: machine state register: machine state register: machine state register: machine
E361,state register: machine state register: machine state register: machine state register: machine state register: machine state re
E362,gister: machine state register: machine state register: machine state register: machine state register: machine state register:
E363,New ido chip inserted into the database: <*> <*> <*> <*>
E364,"rts: kernel terminated for reason 1001rts: bad message header: invalid cpu, <*> <*> <*> <*>"
E365,"rts: kernel terminated for reason 1002rts: bad message header: too many packets, <*> cpu=0, <*> <*> <*>"
E366,max=366
E367,20
E368,6
E369,MidplaneSwitchController::parityAlignment() pap failed: <*> <*> <*>
E370,ciod: Error creating node map from file <*> <*> <*> <*> <*>
E371,ciod: Error creating node map from file <*> <*> <*>
E372,4
E373,<*> max=366
E374,external input interrupt (unit=0x02 bit=0x00): uncorrectable torus error
E375,Torus non-recoverable error DCRs follow.
E376,DCR <*> : <*>
E377,8
E378,ax=366
E379,366
E380,2
E381,68
E382,8:08836a60 9:b1151400 10:fff1f0dc 11:b1151400
E383,28:30005230 29:300052e0 30:00000000 31:300051d0
E384,MailboxMonitor::serviceMailboxes() lib_ido_error: -1114 unexpected socket error: Broken pipe
E385,mmcs_server exited abnormally due to signal: Aborted
E386,"ciod: Error loading <*> invalid or missing program image, <*> <*> <*>"
E387,<*> 5:00000000 <*> 7:00000000
E388,<*> 13:1eeeeeee <*> 15:00000040
E389,0:0000085d 1:1fea89d0 2:1eeeeeee 3:09470ef4
E390,4:0000012c 5:0831a460 6:0831a460 7:00000e66
E391,8:00000003 9:fb033ecf 10:00950000 11:003a03e4
E392,12:00842448 13:1eeeeeee 14:00000004 15:00007938
E393,16:00000a43 17:00001434 18:00000a43 19:00000000
E394,20:0000000a 21:00000009 22:000002d7 23:00000006
E395,24:00000000 <*> 26:00000001 <*>
E396,28:1fea8b60 29:00000003 30:00000000 31:09470eb0
E397,0
E398,16
E399,48
E400,8:0691eb70 9:b1140400 10:fff1f0dc 11:b1140400
E401,16:00001130 17:0d856240 18:00000001 19:0714ba48
E402,20:00001280 21:00001130 22:00000000 23:071430c8
E403,28:0f4ca300 29:00000000 30:0691eb40 31:1fea8d40
E404,lr:00360fa4 cr:24402442 xer:00000002 ctr:0037a8c4
E405,44
E406,1
E407,<*> 1:00088670 2:1eeeeeee 3:00088760
E408,8:00088720 9:00088710 10:00088700 11:000886f0
E409,<*> 25:000277ec 26:00000002 <*>
E410,28:000894a4 <*> <*> 31:b0000040
E411,72
E412,247
E413,0:60000000 1:00088690 2:1eeeeeee 3:00088780
E414,4:00088770 5:00088760 6:00088750 7:000886b0
E415,8:00088740 9:00088730 10:00088720 11:00088710
E416,12:00088700 13:1eeeeeee <*> <*>
E417,98
E418,x=366
E419,"ciod: Error loading ../homme/build.Linux/preqx -n 1800: invalid or missing program image, No such file or directory"
E420,ciodb exited normally with exit code <*>
E421,<*> 1:0d8e7c40 2:1eeeeeee <*>
E422,4:00000008 5:0f812740 6:0f812b00 7:0f812b40
E423,8:0e812700 9:0e812740 10:0e812b00 11:00000008
E424,12:00000008 13:1eeeeeee <*> <*>
E425,16:01fabd68 17:019abdd8 18:019abd98 19:019ab9d8
E426,20:019ab998 21:0f012b38 22:0f012af8 23:0f012700
E427,24:0f012738 25:01fabdd8 26:01fabda0 27:01fab9e0
E428,<*> <*> 30:00000008 31:00000008
E429,4:00000008 5:0f7e7940 6:0f7e7d00 7:0f7e7d40
E430,8:0e7e7900 9:0e7e7940 10:0e7e7d00 11:00000008
E431,16:01f80f68 17:01980fd8 18:01980f98 19:01980bd8
E432,20:01980b98 21:0efe7d38 22:0efe7cf8 23:0efe7900
E433,24:0efe7938 25:01f80fd8 26:01f80fa0 27:01f80be0
E434,0:00151ca8 1:1feaa300 2:1eeeeeee <*>
E435,4:1feaa3a8 5:00000010 6:00000046 7:00000010
E436,8:1feaa410 9:00000040 10:fff9d8b0 11:b1140400
E437,16:84000000 17:00000000 <*> <*>
E438,20:00000001 21:4c00010d <*> <*>
E439,28:1feaa340 <*> <*> 31:1feaa4c0
E440,lr:0015435c cr:44002442 xer:00000002 ctr:00000018
E441,0:02000a8a 1:1feaa370 2:1eeeeeee <*>
E442,4:1feaa3b0 5:00000800 6:00000000 7:00211638
E443,8:00210000 9:00000a8a 10:00000000 11:00000075
E444,28:00000800 29:1feaa4c0 30:1feaa3b0 31:1feaa3a0
E445,<*> cr:200024c4 xer:00000002 <*>
E446,Ido packet timeout
E447,MailboxMonitor::serviceMailboxes() lib_ido_error: -1033 BGLERR_IDO_PKT_TIMEOUT connection lost to node/link/service card
E448,ciod: Error reading message prefix after <*> on CioStream socket to <*> <*> <*> <*> <*>
E449,4:03582180 5:00000000 6:00000060 7:7fffff97
E450,8:1fea443c 9:ba1cfa4f 10:003e98e0 11:00000000
E451,12:40008424 13:1eeeeeee 14:03582120 15:01c033e0
E452,16:01c03500 17:035818e0 18:00000900 19:00000060
E453,20:01c02c00 21:01e60000 22:00360000 23:00000900
E454,24:0347ed40 25:01b00000 26:0442eda0 27:00000060
E455,28:043b2184 29:00000000 30:03582180 31:043b21e4
E456,lr:004c0670 cr:20002424 xer:20000002 ctr:004c076c
E457,0:00000bb0 1:0fea0680 2:1eeeeeee 3:00260000
E458,4:5d93e823 5:001f0000 6:5d93e823 7:013b5ca8
E459,8:00000000 9:00370000 10:0000063a 11:00000000
E460,12:0fe9fa90 13:1eeeeeee 14:0fee0768 15:0fee0768
E461,16:00000003 17:00000050 18:00000003 19:00000004
E462,20:0fea0740 21:000001cb 22:0000a774 23:0fee0740
E463,24:0fee072c 25:00000035 26:0fea8738 27:087d2350
E464,28:00260000 29:087d1e00 30:00265110 31:00264560
E465,lr:0011ab5c cr:28004828 xer:20000002 ctr:0013b2f8
E466,0:0011e990 1:0feea7e0 2:1eeeeeee 3:08b14d30
E467,4:d2f1a9fc 5:00000000 6:08b19588 7:08bd90a8
E468,8:0022af90 9:00230000 10:0022c5d0 11:0022d570
E469,12:fffffefa 13:1eeeeeee 14:00252d68 15:08d1aec0
E470,16:08d14ff0 17:08d079a0 18:08b18ef8 19:08bd8a18
E471,20:08b146a8 21:00000000 22:08b146b0 23:08bd8a20
E472,24:08b18f00 25:08b1e690 26:08c207a0 27:08d0b4a0
E473,28:087c4f30 29:000001f7 30:08789380 31:087886d0
E474,lr:0011e990 cr:48084444 xer:20000002 ctr:00000124
E475,0:00000003 1:0fea0620 2:1eeeeeee 3:04661100
E476,4:045364c0 5:045dbc80 6:04661100 7:0032b690
E477,<*> 9:00000028 10:ffffffe8 <*>
E478,12:008d7190 13:1eeeeeee 14:0002b4f4 15:0fee1424
E479,16:000000a5 17:000016a8 18:00000121 19:00000122
E480,20:0fea0740 21:00000091 22:045dbc80 23:008d86c0
E481,24:00f9ce00 25:0032b690 26:01abdb40 27:04661100
E482,28:008d6640 29:045dbc80 30:045364c0 31:04661440
E483,lr:0013d378 cr:46004842 xer:00000002 ctr:001454dc
E484,mmcs_server exited abnormally due to signal: Segmentation fault
E485,4:00000f0d 5:02e05990 6:00003c34 7:00000000
E486,8:00d74050 9:00240000 10:00240000 11:00240000
E487,<*> 13:1eeeeeee 14:00240000 <*>
E488,16:00238bb8 17:00238e68 18:00240000 19:00238e50
E489,20:00238a30 21:00238ce0 22:00238aa0 23:00000008
E490,24:00238df0 25:00238ac8 26:0038b360 27:0038fe30
E491,28:0038b380 29:00238b70 30:00238df8 31:00238e20
E492,0:bfee7466 1:0fee9b40 2:1eeeeeee 3:01dc0f4c
E493,4:0023b550 5:00000120 6:0101031b 7:00000000
E494,8:0fee9760 9:2325a000 10:00002130 11:00000010
E495,<*> 17:000001d0 18:00000030 <*>
E496,20:0000000a 21:00a9cb80 22:00000005 23:ffffffff
E497,28:00005c30 29:00002130 30:002398a0 31:01dbf2a0
E498,lr:001aa670 cr:44002242 xer:20000002 ctr:001aaabc
E499,0:0018c928 1:0feaa2e0 2:1eeeeeee 3:00976950
E500,<*> 5:00000010 6:00000050 7:00000070
E501,8:00400000 9:00000040 10:004b5950 11:13140000
E502,<*> 13:1eeeeeee 14:00000000 <*>
E503,16:09277d28 17:09293a68 18:096c9368 19:09707a38
E504,20:000001f4 21:0000000c 22:0036b7d8 23:30000000
E505,24:00000000 25:00000001 26:00000000 27:0feaa4e0
E506,28:004b5940 29:08d89710 30:00000000 31:00166848
E507,lr:0018c994 cr:44004444 xer:20000002 ctr:0000ff35
E508,monitor caught java.lang.UnsupportedOperationException: power module <*> not present and is stopping
E509,While inserting monitor info into DB caught java.lang.NullPointerException
E510,"Node card VPD check: missing <*> node, VPD ecid <*> in processor card slot <*>"
E511,DeclareServiceNetworkCharacteristics has been run but the DB is not empty
E512,DeclareServiceNetworkCharacteristics has been run with the force option but the DB is not empty
E513,Added 8 subnets and 409600 addresses to DB
E514,Controlling BG/L rows [ 0 1 2 3 4 5 6 7 ]
E515,"Problem communicating with service card, ido chip: <*> java.lang.IllegalStateException: IDo is not in functional state -- currently in state COMMUNICATION_ERROR"
E516,"While initializing service card iDo with LP of <*> caught java.io.IOException: Could not contact iDo with <*> and <*> because java.lang.RuntimeException: Communication error: (DirectIDo for Uninitialized DirectIDo for <*> is in state = COMMUNICATION_ERROR, sequenceNumberIsOk = false, ExpectedSequenceNumber = 0, Reply Sequence Number = -1, timedOut = true, retries = 200, timeout = 1000, Expected Op Command = 5, Actual Op Reply = -1, Expected Sync Command = 10, Actual Sync Reply = -1)"
E517,"Expected 10 active FanModules, but found 9 ( Found J300 J301 J302 J303 J304 <*> <*> <*> <*> )."
E518,BGLMaster has been started: ./BGLMaster --consoleip 127.0.0.1 --consoleport 32035 --configfile bglmaster.init --autorestart y
E519,Found invalid node ecid in processor card slot <*> ecid 0000000000000000000000000000
E520,"Node card status: ALERT 0, ALERT 1, ALERT 2, ALERT 3 is (are) active. Clock Mode is Low. Clock Select is Midplane. Phy JTAG Reset is asserted. ASIC JTAG Reset is not asserted. Temperature Mask is not active. No temperature error. Temperature Limit Error Latch is clear. PGOOD is asserted. PGOOD error latch is clear. MPGOOD is OK. MPGOOD error latch is clear. The 2.5 volt rail is OK. The 1.5 volt rail is OK."
E521,idoproxy exited normally with exit code 0
E522,"Problem communicating with service card, ido chip: <*> java.io.IOException: Could not find EthernetSwitch on port:address 1:136"
E523,Bad cable going into LinkCard <*> Jtag <*> Port <*> - <*> bad wires
E524,Missing reverse cable: Cable <*> <*> <*> <*> --> <*> <*> <*> <*> is present BUT the reverse cable <*> <*> <*> <*> --> <*> <*> <*> <*> is missing
E525,Error: unable to mount filesystem
E526,Lustre mount FAILED : <*> : block_id : location
E527,idoproxydb hit ASSERT condition: ASSERT <*> Source <*> Source <*> Function=int <*> <*>
E528,"Target=ido://FF:F2:9F:16:E6:04:00:0D:60:E9:19:FB/JTAG/0 Message=JtagId All all zeros, power good may be low"
E529,Microloader Assertion
E530,VALIDATE_LOAD_IMAGE_CRC_IN_DRAM
E531,0:00003000 1:00088850 2:1eeeeeee <*>
E532,4:ffff45dc <*> 6:0002a828 7:00030000
E533,<*> 9:00070000 10:000000e0 11:0008885c
E534,28:ffffc0c8 <*> <*> 31:000894a8
E535,"Problem communicating with service card, ido chip: <*> java.lang.IllegalStateException: while executing CONTROL Operation caught java.lang.RuntimeException: Communication error: (DirectIDo for com.ibm.ido.DirectIDo object <*> with image version 9 and card type 2] is in state = COMMUNICATION_ERROR, sequenceNumberIsOk = false, ExpectedSequenceNumber = <*> Reply Sequence Number = <*> timedOut = true, retries = 200, timeout = 1000, Expected Op Command = 2, Actual Op Reply = <*> Expected Sync Command = 8, Actual Sync Reply = <*>"
E536,idoproxydb hit ASSERT condition: ASSERT expression=!(nMsgLen > 0x10000) Source file=idomarshalerio.cpp Source line=1929 Function=int IdoMarshalerRecvBuffer::ReadBlock(IdoMsg::IdoMsgHdr*&)
E537,idoproxydb hit ASSERT condition: ASSERT expression=!(RecvMsgHdr.ulLen > 0x10000) Source file=idomarshalerio.cpp Source line=387 Function=virtual int IdoMarshalerIo::RunRecv()
E538,MidplaneSwitchController::receiveTrain() iap failed: <*> <*> ec000000
E539,rts tree/torus link training failed: wanted: <*> <*> <*> <*> <*> <*> <*> <*> <*> <*> C <*> <*> <*> Z+ Z-
E540,rts tree/torus link training failed: wanted: C X+ X- Y+ Y- Z+ Z- got: C <*> <*> <*> <*>
E541,rts tree/torus link training failed: wanted: A B C X+ X- Y+ Y- Z+ Z- got: A <*> <*> <*> <*> <*> <*> <*>
E542,rts tree/torus link training failed: wanted: <*> C X+ X- Y+ Y- Z+ Z- got: <*> C <*> <*> <*> <*>
E543,rts tree/torus link training failed: wanted: C X+ X- Y+ Y- Z+ Z- got: C <*> <*> <*> <*> <*>
E544,rts tree/torus link training failed: wanted: A B C X+ X- Y+ Y- Z+ Z- got: <*> <*> <*> <*> <*> <*> <*>
E545,rts tree/torus link training failed: wanted: A <*> <*> <*> <*> <*> <*> <*> <*> <*> <*> <*> <*> <*> Y- Z+
E546,rts tree/torus link training failed: wanted: <*> C X+ X- Y+ Y- Z+ Z- got: <*> C <*> <*> <*> <*> <*>
E547,rts tree/torus link training failed: wanted: C X+ X- Y+ Y- Z+ Z- got: C X+ Y- Z-
E548,rts tree/torus link training failed: wanted: <*> C X+ X- Y+ Y- Z+ Z- got: <*> C <*> <*> <*>
E549,rts tree/torus link training failed: wanted: A B C X+ X- Y+ Y- Z+ Z- got: <*> <*> <*> <*> <*> <*>
E550,"ddr: Unable to steer rank=0, <*> - rank is already steering symbol <*> Due to multiple symbols being over the correctable error threshold, consider replacing the card"
E551,4:000210f8 5:00021264 <*> 7:000c8550
E552,24:000c2d80 25:000d0000 26:00000000 27:00055950
E553,28:00000000 29:00070000 30:000c94a8 31:00000001
E554,lr:0000a2d0 cr:40004024 xer:20000002 <*>
E555,<*> 1:1fea9d90 2:1eeeeeee <*>
E556,4:167f5ff0 5:13ec5b80 6:17c63000 7:00001200
E557,8:17c63c00 9:00009c00 10:13ecf780 11:00001380
E558,12:00002280 13:1eeeeeee 14:00000018 15:00000016
E559,16:17c64550 17:167f7260 18:13ecf870 19:13ecf770
E560,<*> 21:00000010 22:00000180 <*>
E561,24:00000003 <*> <*> 27:00000200
E562,28:00000060 29:00000120 <*> 31:00000001
E563,<*> cr:84084242 xer:00000002 <*>
E564,ciodb exited abnormally due to signal: Aborted
E565,"ciod: Error loading <*> invalid or missing program image, Permission denied"
E566,ciod: generated <*> core files for program <*>
E567,rts: kernel terminated for reason <*>
E568,rts: bad message header: cpu <*> invalid <*> <*> <*> <*> <*> PSR1=00000000 <*> PIXF=00000007
E569,rts: bad message header: packet index <*> greater than max 366 <*> <*> <*> <*> <*> PSR1=00000000 <*> PIXF=00000007
E570,rts: bad message header: index 0 greater than total 0 <*> <*> 00000000 00000000) <*> PSR1=00000000 <*> PIXF=00000007
E571,rts: bad message header: expecting type <*> instead of type <*> <*> <*> <*> 00000000) <*> PSR1=00000000 <*> PIXF=00000007
E572,kernel panic
E573,external input interrupt (unit=0x05 bit=0x06): 1M tree receiver 2 in resynch mode
E574,mmcs_db_server has been started: ./mmcs_db_server --useDatabase BGL --dbproperties <*> --iolog /bgl/BlueLight/logs/BGL --reconnect-blocks all --shutdown-timeout <*>
E575,<*> 5:33333300 <*> 7:00030000
E576,0:00158e00 1:0feea1a0 2:1eeeeeee 3:00e4bc60
E577,<*> 5:00000000 6:00000010 <*>
E578,8:00000000 9:00000100 10:b1140400 11:00000060
E579,12:b1140400 13:1eeeeeee 14:00000030 15:00000002
E580,24:00000000 25:00220aa0 26:00004c42 27:0feea1b0
E581,28:00220400 29:00220480 30:00000010 31:00220450
E582,iar <*> dear <*>
E583,<*> IpAddress(0.0.0.0) Status(A)
E584,"NFS Mount failed on <*> slept <*> seconds, retrying <*>"
E585,CHECK_INITIAL_GLOBAL_INTERRUPT_VALUES
E586,Lustre mount FAILED : <*> : point /p/gb1
E587,mmcs_db_server has been started: ./mmcs_db_server --useDatabase BGL --dbproperties serverdb.properties --iolog /bgl/BlueLight/logs/BGL --reconnect-blocks all --no-reconnect-blocks
E588,4:18707ff0 5:10105280 6:1b3ac800 7:00002100
E589,8:1b3ac800 9:00010800 10:10115a80 11:00002100
E590,16:1b3acb30 17:18709e10 18:10115c70 19:10115b70
E591,0:0000e208 1:1feaa590 2:1eeeeeee 3:001f9280
E592,4:0021d210 5:1feaa59c 6:1feaa5a0 7:1feaa5a4
E593,8:1feaa5a4 9:0000000d 10:00000000 11:000008d8
E594,20:ffffffff 21:40000000 <*> 23:0feea440
E595,24:00000007 25:00000002 26:000008d9 27:00000000
E596,28:001f9c00 29:00023600 30:001f9280 31:0021d200
E597,EndServiceAction <*> was performed upon <*> by <*>
E598,4:00021328 5:00021494 6:000000b8 <*>
E599,<*> <*> 30:00089cd0 31:000894a8
E600,lr:0000a4c0 <*> xer:20000002 <*>
E601,0:0000001c <*> 2:1eeeeeee 3:00000060
E602,4:00000040 <*> 6:00000010 <*>
E603,8:000000c0 9:00000080 10:00000020 11:000000a0
E604,20:00000000 21:40000000 <*> <*>
E605,24:00000001 25:001ea6fc 26:0feea380 27:00212cd0
E606,28:0081a2f0 29:00000000 30:0feea380 31:009ec660
E607,lr:0014b240 cr:480042e4 xer:00000002 ctr:001658c0
E608,<*> 5:00000001 <*> 7:ff00ff00
E609,<*> <*> 10:00000001 11:00000002
E610,24:00000000 <*> <*> 27:00000001
E611,<*> 29:00010000 <*> 31:88000000
E612,lr:001283a0 cr:80000442 xer:00000002 ctr:0000fe31
E613,16:00000000 17:00016937 18:ffffffff 19:0feea7a0
E614,20:0111ba70 21:0101ba60 22:00100000 23:0feea350
E615,28:00210df0 29:00000000 30:0feea390 31:0111ef00
E616,lr:0014b0fc cr:480022e4 xer:00000002 ctr:00165860
E617,4:00000000 5:001aa4cc 6:000003be 7:00000003
E618,8:001aa524 9:00000000 10:00000800 11:00000003
E619,12:880024e2 13:1eeeeeee 14:001b0000 15:001b0000
E620,16:001b0000 17:001b0000 18:001b0000 19:008ddc70
E621,20:00b5fd60 21:001ecccc 22:00000800 23:0091e170
E622,24:4c00010d 25:4c00010d 26:0089dc60 27:00010000
E623,28:84000000 29:00000561 30:480224e8 31:00000000
E624,lr:00107b9c cr:880224e4 xer:20000002 ctr:0013c18c
E625,external input interrupt (unit=0x03 bit=0x01): tree header with no target waiting
E626,0:08fb85d0 1:0feea620 2:1eeeeeee 3:00001620
E627,4:000007a8 5:0903ce20 6:000084ae 7:00008486
E628,<*> 9:ffffffff 10:00000000 11:00000000
E629,16:000018e3 17:000000f5 18:000002c4 19:001f7a58
E630,20:001f7a4c 21:00084840 22:002570b0 23:00008484
E631,24:00000000 25:00000008 <*> <*>
E632,28:089af7b0 29:0026e740 30:00997ee0 31:00997e70
E633,<*> <*> 2:1eeeeeee 3:00000004
E634,8:002349c0 9:00230000 10:00236000 11:00236a50
E635,16:090337e8 17:09036418 18:0971de18 19:0971e638
E636,20:0971cdf8 21:000000f4 22:58000003 23:00000080
E637,24:00293808 25:002cf5e0 26:0030b3b8 27:00274fb0
E638,28:00270000 29:00272b10 30:008c7560 31:001fd2f8
E639,lr:0013dd88 cr:84444422 xer:20000002 ctr:001bf7fc
E640,12:28082202 13:1eeeeeee 14:00000020 15:002b09e0
E641,16:00000bb8 17:00000bb8 18:002b09b0 19:094c4df0
E642,20:1feaa680 21:1feaa748 22:094c4de8 23:0022a210
E643,lr:001280b0 cr:80002442 xer:00000002 ctr:0000fdc2
E644,power module status fault detected on node card. status registers are: <*>
E645,0:000000a0 1:0feea250 2:1eeeeeee 3:00000020
E646,4:00000000 5:00b5d6c0 6:00000010 7:00b5d6a0
E647,8:00000080 9:00000040 10:fff9cf14 11:00000060
E648,24:00000000 25:0feea3c0 26:00000002 27:00212b50
E649,28:00211a50 29:00000000 30:0feea3c0 31:00b5d6b0
E650,24:000c2d90 <*> 26:fffffff4 27:00055950
E651,28:000c8818 29:00070000 30:000c9cd0 31:000c94a8
E652,4:18429ff0 5:0c287f40 6:1a3a4000 7:00001800
E653,8:1a3a4c00 9:0000cc00 10:0c294b40 11:00001980
E654,16:1a3a4f10 17:1842a5d0 18:0c294c30 19:0c294b30
E655,0:0036d808 1:0fee8af0 2:1eeeeeee 3:006c20d0
E656,4:00007ef4 5:b1144000 6:0ae73210 7:0947d370
E657,8:0af7d898 9:001fbd00 10:0ae73210 11:00000000
E658,<*> 13:1eeeeeee <*> 15:00000065
E659,16:094fd380 17:0947d370 18:b1144000 19:00013444
E660,20:0adf3200 21:0917d310 22:091fd320 23:0fee8c80
E661,28:00000000 29:09faec80 30:0001fbd0 31:09faecd0
E662,lr:0036d808 cr:48424248 xer:00000002 ctr:0036d05c
E663,0:00174114 1:0fee9320 2:1eeeeeee 3:0fee93a0
E664,4:01a86cd4 5:000000af 6:0fee93b0 7:01a86cdc
E665,8:00000014 9:000002c4 10:00000114 11:00102d20
E666,20:00020000 21:00000000 22:00000002 23:006bf5b8
E667,24:00001a3b 25:0000000b 26:00000000 27:00000000
E668,28:00005651 29:0fee97f8 30:0fee94f0 31:074ac9e4
E669,lr:00174114 cr:84004244 xer:00000002 ctr:00102d20
E670,0:800006a7 1:0feea300 2:1eeeeeee 3:0bdfa920
E671,4:0bde3578 5:0001b588 6:00003540 7:800006a7
E672,8:00000001 9:0bde0038 10:03a92320 11:03a92f70
E673,16:0422afa0 17:03e5efa0 18:03a92fa0 19:00000006
E674,20:00000001 21:00000015 22:039f2328 23:039f2324
E675,24:0bdf73e0 25:089ed1fc 26:00228ed0 27:00000008
E676,28:00000006 29:00000004 30:00000001 31:039f2320
E677,0:00010500 1:0feea460 2:1eeeeeee 3:0feea488
E678,4:0feea490 5:0feea498 6:00400000 7:09a0ef90
E679,<*> 9:00000000 10:00000000 <*>
E680,12:00000053 13:1eeeeeee 14:09a35090 15:000015c0
E681,16:00000570 17:097c6f64 18:00000024 19:00000024
E682,20:097c6b08 21:00000009 22:097a4ad0 23:00000004
E683,24:097c6b0c 25:00000001 26:00000117 27:00000000
E684,28:017ffcd0 29:00257080 30:017ffc60 31:00f83ea0
E685,<*> <*> xer:20000002 ctr:00113b58
E686,0:001470b8 1:0fea03b0 2:1eeeeeee 3:05cdb3e0
E687,4:01cdb4e0 5:01cdadc0 6:0a013960 7:05cdb3d0
E688,8:05ce2cd0 9:00000000 10:0033ba1c 11:0014704c
E689,12:0fea04c8 13:1eeeeeee 14:05cdb550 15:01cdb5c0
E690,<*> <*> 18:00000010 19:00000000
E691,20:00000040 21:0fee0710 22:0fea8708 23:00005f00
E692,24:0fee06fc 25:01cdb4e0 26:05cdb3e0 27:01cdadc0
E693,28:0fea0680 29:0a013cc0 30:0a013940 31:09d31300
E694,lr:001470d4 cr:42404822 xer:20000002 ctr:0014704c
E695,0:00000008 1:0feea530 2:1eeeeeee 3:0feea58c
E696,4:09baae88 5:0000015e 6:01803f98 7:4c00080b
E697,8:00000000 9:0a5b2910 10:0feea610 11:0000000c
E698,12:80404824 13:1eeeeeee 14:0feea610 15:0017b3a0
E699,16:0017b5e8 17:0017b030 18:0017afcc 19:0feea640
E700,20:00000000 21:000020d0 22:00000008 23:00000003
E701,24:01803f98 25:0a4bac80 26:00000008 27:00000002
E702,28:0feea610 29:00000003 30:0000015e 31:0000015e
E703,lr:0017df64 cr:40402824 xer:20000002 ctr:000000d6
E704,0:00000010 <*> 2:1eeeeeee 3:00000050
E705,4:ffffffe0 <*> <*> 7:00000018
E706,12:010afb78 13:1eeeeeee 14:00000661 15:0fee1444
E707,16:000000a9 17:000000de 18:000000df 19:0fea0710
E708,20:00000068 21:0fee0710 22:0900c3f0 23:00fdcff0
E709,24:0153e2f0 25:0033b2a0 26:010afa30 27:090a1df0
E710,<*> <*> 30:00000008 31:00378d10
E711,<*> <*> xer:20000002 ctr:00148f9c
E712,0:00002fff 1:1fea89f0 2:1eeeeeee 3:0851f718
E713,4:01321ca8 5:00000078 6:00000004 7:00000080
E714,8:00000000 9:000017f8 10:0131f690 11:00000014
E715,12:000025f8 13:1eeeeeee 14:05b1f6a0 15:02a00078
E716,16:0028e750 17:1fea9d00 18:00c80230 19:00180000
E717,20:00000030 21:1fea9bfc 22:00000080 23:00001800
E718,24:00000000 25:fffffff8 26:00000080 27:00003000
E719,28:00312c00 29:00000010 30:1fea9bd4 31:1fea9c40
E720,lr:00132230 cr:44202424 xer:20000002 ctr:00000003
E721,4:00000000 5:01306b40 6:0906e590 7:0fea0550
E722,12:01306c00 13:1eeeeeee 14:00002bdb 15:0fee119c
E723,16:00000087 17:0000009f 18:000000a0 19:0fea0710
E724,20:00000124 21:0fee0710 22:09047070 23:011e1bf0
E725,24:01505b70 25:0033b2a0 26:01306a70 27:09084df0
E726,0:00002e67 1:0feea5b0 2:1eeeeeee 3:09f940d0
E727,4:00001a90 5:0002e670 6:0000020c 7:08e78ea0
E728,16:000000dc 17:08ea7660 18:000006a1 19:00000024
E729,20:00000024 21:00000009 22:00dfc898 23:08e7c7f0
E730,24:0feea5f7 25:00003950 26:002570b0 27:00000083
E731,28:00000000 29:00d842b0 30:00ddab50 31:0026e740
E732,12:48402842 13:1eeeeeee 14:0000eb2c 15:001f6858
E733,16:0feea9fc 17:001f6854 18:001f6850 19:0feea9b8
E734,20:001f684c 21:00000003 22:0feea9fc 23:001f65d8
E735,0:00378c80 1:0fea0570 2:1eeeeeee <*>
E736,4:00378d18 5:014a87f8 6:09048d10 7:00000005
E737,8:014a8a58 9:014a8990 10:014a88c8 11:0180e4a0
E738,12:001fdc08 13:1eeeeeee 14:000167b5 15:0fee0a44
E739,<*> 17:00000031 18:00000032 <*>
E740,20:000002a6 21:0fee0710 22:08f6a570 23:014a7df0
E741,24:0180c6f0 25:0033b2a0 26:0180e430 27:09048e30
E742,28:014a87b0 29:08f6a570 30:08f806f0 31:09048cf0
E743,4:00378cc8 5:011e9428 6:09094510 7:00000003
E744,8:011e9688 9:011e95c0 10:011e94f8 11:00148f9c
E745,12:011e88c0 13:1eeeeeee 14:00019cfe 15:0fee0f1c
E746,16:00000067 17:000000bd 18:000000be 19:0fea0710
E747,20:00000151 21:0fee0710 22:09058630 23:011e80b0
E748,24:014f4730 25:0033b2a0 26:0127ef70 27:090945f0
E749,28:011e9430 29:09058630 30:09088df0 31:090944f0
E750,12:0134d370 13:1eeeeeee 14:00003c8a 15:0fee0a30
E751,16:00000028 17:000000e4 18:000000e5 19:0fea0710
E752,20:00000052 21:0fee0710 22:ffffffff 23:0134d230
E753,24:00f9c330 25:0033b2a0 26:00f9a930 27:09066b70
E754,pro
E755,program
E756,4:00000003 5:000c8590 6:000c8580 7:000c9478
E757,8:000c9478 9:000002f0 10:000d0000 11:000d0078
E758,12:00000000 13:00000000 14:00000000 15:00000000
E759,24:000c87b0 25:00000006 26:000c65b0 27:000c9cd0
E760,<*> 29:00000000 30:00000000 <*>
E761,lr:0000ebe4 cr:20000000 xer:20000002 ctr:00009ae0
E762,24:1fefff50 25:00000028 26:1fefff70 27:004ad960
E763,28:30008760 29:00000000 30:1fefff70 31:10c4d4a0
E764,lr:00226870 cr:40000022 xer:20000002 ctr:0022eaa0
E765,4:00021108 5:00021274 6:000000b8 <*>
E766,20:00000010 21:00000000 22:00000000 23:00729340
E767,lr:0000a2f0 <*> xer:20000002 <*>
E768,0x74000000 0x4cc63182
E769,0x48000dd1 0x83a10014
E770,0x80010024 0x38210020
E771,4:00000001 5:002582cc 6:00000000 7:00089464
E772,8:00089464 9:0002014e 10:00090000 11:00090064
E773,24:00000000 25:00000000 <*> <*>
E774,lr:0001e620 cr:200044e2 xer:00000002 ctr:002582cc
E775,0:000196bd 1:0fea05f0 2:1eeeeeee 3:09088f00
E776,4:00000000 5:09052a80 6:09092f40 7:0033c9a0
E777,4:09328910 5:0000001c 6:09328948 7:00000020
E778,8:ffffffc0 9:ffffffe0 10:00017929 11:00000000
E779,12:010afa50 13:1eeeeeee 14:0000bf5c 15:0fee17b8
E780,12:01007dd0 13:1eeeeeee 14:0000beca 15:0fee1394
E781,16:000000d6 17:000000e9 18:000000ea 19:0fea0700
E782,16:000000a2 17:000000a2 18:000000a3 19:0fea0700
E783,20:000000bc 21:0fee0700 22:09052a80 23:010af8c0
E784,20:00000082 21:0fee0700 22:0fea86f8 23:000011f0
E785,24:013f3340 25:0033c9a0 26:bff341a9 27:09092f40
E786,24:0fee06ec 25:0000003f 26:00270000 27:00e5d280
E787,28:010b1600 29:09052a80 30:09088f00 31:000865b0
E788,28:00270000 29:0026f530 30:002735f8 31:000c65b0
E789,lr:00142020 cr:86404828 xer:20000002 ctr:00149f64
E790,16:0feeaa04 17:001f7834 18:008c30e0 19:00000000
E791,20:001f7926 21:00887540 22:008868a0 23:4c000405
E792,16:0a92fef8 17:0a9362e8 18:0eac76d8 19:0eac2888
E793,20:0eaca548 21:000003e2 22:0eac8640 23:0eac0980
E794,symbol................13
E795,mask..................0x04
E796,12:44804242 13:1eeeeeee 14:00000840 15:000007e0
E797,16:02e039ac 17:00004200 18:002d6690 19:00000000
E798,20:000007e0 21:03636b88 22:00000865 23:0fee9250
E799,<*> 1:0fee8a20 2:1eeeeeee <*>
E800,4:00b7d6a0 5:00bb24e0 6:00b476a0 7:00bb24e0
E801,8:00ba16e0 9:017939c0 10:0160b2c0 11:0178f7c0
E802,12:017873c0 13:1eeeeeee 14:00000001 15:00018c00
E803,16:00000060 17:00b7e6c0 18:00bb3500 19:fffffff0
E804,20:ffffffe0 21:ffffffd0 22:00000060 23:00000050
E805,24:00000040 25:00000030 26:00000020 27:00000010
E806,28:00bb36e0 29:0178b5c0 30:017831c0 31:0177efc0
E807,lr:0020c788 cr:42282224 xer:00000002 ctr:00000005
E808,"Error getting detailed hw info for node, caught java.io.IOException: Problems with the chip, clear all resets"
E809,"Error getting detailed hw info for node, caught java.io.IOException: Problems with the chip, could not <*> <*> <*>"
E810,Node card status: no ALERTs are active. Clock Mode is Low. Clock Select is Midplane. Phy JTAG Reset is asserted. ASIC JTAG Reset is not asserted. Temperature Mask is not active. No temperature error. Temperature Limit Error Latch is clear. PGOOD IS NOT ASSERTED. PGOOD ERROR LATCH IS ACTIVE. MPGOOD IS NOT OK. MPGOOD ERROR LATCH IS ACTIVE. The 2.5 volt rail is OK. The 1.5 volt rail is OK.
E811,Node card status: no ALERTs are active. Clock Mode is Low. Clock Select is Midplane. Phy JTAG Reset is asserted. ASIC JTAG Reset is not asserted. Temperature Mask is not active. No temperature error. Temperature Limit Error Latch is clear. PGOOD IS NOT ASSERTED. PGOOD ERROR LATCH IS ACTIVE. MPGOOD IS NOT OK. MPGOOD ERROR LATCH IS ACTIVE. THE 2.5 VOLT RAIL IS NOT OK. THE 1.5 VOLT RAIL IS NOT OK.
E812,12:300036e0 13:1eeeeeee 14:00000002 15:00807c04
E813,16:00807c00 17:00807c08 18:00000010 19:fffffffc
E814,20:010fd5bc 21:40000000 22:1fe888d0 23:1fe888c0
E815,lr:0000f588 cr:84002444 xer:00000002 ctr:000003d5
E816,4:03a48c60 5:03a8db20 6:03a44220 7:03a8db20
E817,8:03a890e0 9:07a8db20 10:07349400 11:07a60520
E818,12:07a05920 13:1eeeeeee 14:00000005 15:00110400
E819,16:00000042 17:00000040 18:00000020 19:fffffff0
E820,28:03a8e780 29:07a32f20 30:079d8320 31:079aad20
E821,"Error sending packet on tree network, packet at address 00088480 is not aligned"
E822,data cache <*> parity error detected. attempting to correct
E823,"ddr: redundant bit steering failed, sequencer timeout"
E824,0x93e1004c 0x3be00000
E825,0x281f003f 0x3d200002
E826,0x38c97bc8 0x4bfff870
E827,4:001f7640 5:00300c80 6:00300c90 7:00300d60
E828,8:00000010 9:00000002 10:00108e70 11:001e0000
E829,<*> 13:1eeeeeee 14:40000000 15:40000000
E830,16:00000000 17:000047cc 18:00000000 19:1feaa7f0
E831,20:011f7f20 21:001f7f00 22:1feaa540 23:1feaa530
E832,24:00000008 25:021f845c 26:00000000 27:021f8380
E833,lr:0013bc70 cr:84002044 xer:00000002 ctr:001427e4
E834,ddrSize == 256*1024*1024 || ddrSize == 512*1024*1024
E835,rts assertion failed: `personality->version == BGLPERSONALITY_VERSION' in `void start()' at start.cc:131
E836,<*> 5:00055920 6:00055910 <*>
E837,8:00015630 9:0004c5a2 10:038f9e01 11:000093ad
E838,12:000558b0 13:1eeeeeee 14:01d78220 15:000fffc0
E839,<*> <*> 30:00040000 31:00040230
E840,<*> <*> xer:20000002 ctr:00009c70
E841,4:03f2f208 5:03f2ed90 6:03f2f268 7:03f2edf0
E842,8:04d80980 9:04d80920 10:04d80e00 11:04d80da0
E843,12:04d80678 13:1eeeeeee 14:03f2ea80 15:03f2e600
E844,16:000004e8 17:04d80918 18:04d80978 19:04d80d98
E845,20:04d80df8 21:03f2e900 22:03f2ed20 23:03f2e8a0
E846,24:03f2ed80 25:00000006 26:03f2ea20 27:00000008
E847,28:0000000c 29:000000c0 30:03f2e5a0 31:1f7e9dd0
E848,lr:00125fbc cr:44842484 xer:00000002 ctr:0000000c
E849,4:00000000 5:01003ec0 6:08f6c860 7:0fea0520
E850,12:01003f80 13:1eeeeeee 14:00001415 15:0fee09e8
E851,16:00000026 17:0000008e 18:0000008f 19:0fea06f0
E852,20:00000040 21:0fee06f0 22:08f6c840 23:00f4eaf0
E853,24:01003df0 25:003682a0 26:00f71030 27:08f7a800
E854,28:00f4ddf0 29:08f6c840 30:00000008 31:00f4eb80
E855,<*> cr:26404842 xer:00000002 <*>
E856,0:000000be 1:0bda6f60 2:1eeeeeee 3:0bf0005f
E857,4:004791c4 5:00520000 6:00e6ee10 7:0061e5b0
E858,8:000002f8 9:000000be 10:fff5f8f8 11:b1141000
E859,16:00e6ee10 17:00e6e480 18:00000000 19:00005b46
E860,20:00e6f630 21:0cd67b50 22:03a182f0 23:000000f0
E861,24:00000000 25:0bda71a0 26:0cf13630 27:0bda71a8
E862,28:00e6e8e0 29:00580000 30:000002d0 31:0bda71a0
E863,lr:00466454 cr:28c44222 xer:00000002 ctr:004791c4
E864,0:0016b348 1:0fee9f20 2:1eeeeeee 3:009f3360
E865,8:00000000 9:ffffffff 10:8c000005 11:00000002
E866,12:0024710c 13:1eeeeeee 14:00000e38 15:00038e00
E867,16:44000000 17:09593098 18:0a3f0308 19:009c2360
E868,20:00000001 21:8c000005 22:00000001 23:0feea0a0
E869,28:00000040 29:0feea0f0 30:00000040 31:08dadf10
E870,0:003b6ea0 1:0fea0540 2:1eeeeeee 3:010ee8a0
E871,4:003b6f38 5:00ff1768 6:08ee7e30 7:00000005
E872,8:00ff19c8 9:00ff1900 10:00ff1838 11:0014a8f4
E873,12:ffff3b5a 13:1eeeeeee 14:00004b6a 15:0fee0bf0
E874,16:00000040 17:000000ab 18:000000ac 19:0fea06f0
E875,20:0000002f 21:0fee06f0 22:08efcd90 23:00ff3120
E876,24:01103420 25:003682a0 26:010ee8a0 27:08ee7dd0
E877,28:00ff1720 29:08efcd90 30:08efb550 31:08ee7e10
E878,lr:0014aa3c cr:46404828 xer:20000002 ctr:0014a8f4
E879,0:00192a24 1:0fe69fc0 2:1eeeeeee 3:00f88210
E880,8:00800000 9:00000070 10:003c79c0 11:0b020000
E881,16:09a6dfe8 17:09bcc138 18:09f0b638 19:09f0d5a8
E882,20:09f0c498 21:0037b488 22:30000000 23:00000001
E883,28:003c79b0 29:09786d40 30:00270000 31:0016ae7c
E884,lr:00192ba8 cr:44404444 xer:20000002 ctr:0001fef0
E885,L3 major internal error
E886,4:000099c8 5:00000000 6:00009c70 7:00040000
E887,8:000099c8 9:00000000 10:00084fc0 11:00084fb0
E888,12:00084fa0 13:1eeeeeee 14:1f0995a0 15:004c2450
E889,16:20202020 17:00587ae0 18:00000001 19:00000023
E890,20:00000090 21:005561a0 22:00100000 23:00000004
E891,24:005a8a10 25:00085e80 26:00010000 27:00000000
E892,28:c2a385eb 29:c2a67df3 30:c2a9cc0d 31:c2ad4d2b
E893,0x93c10028 0x7c7e1b78
E894,0x746f7275 0x73207265
E895,0x63656976 0x65722078
E896,0:00338570 1:0fea0390 2:1eeeeeee 3:027d6c20
E897,4:00338570 5:01cdf9e0 6:09ff3c70 7:00338560
E898,8:ffffffc0 9:00000001 10:ffffffff 11:00146df4
E899,12:002580c0 13:1eeeeeee 14:00036f34 15:0fee0fbc
E900,16:0fea0390 17:00000115 18:00000010 19:0fea0710
E901,20:00000070 21:0fee0710 22:09de9dd0 23:027d6c20
E902,24:01cdf820 25:01cde9e0 26:027d6500 27:00336700
E903,28:09f913d0 29:09ff3c50 30:09ff3cd0 31:09f91410
E904,lr:00146ef4 cr:4a404244 xer:20000002 ctr:00146df4
E905,0:00002a58 1:0fee9ae0 2:1eeeeeee 3:00d58078
E906,4:8000054b 5:001d7050 6:00d3f6c0 7:001d0000
E907,8:43300000 9:001d8660 10:7ff310ca 11:001db728
E908,16:00000004 17:fffffff8 18:00000010 19:00000020
E909,20:00000008 21:00000028 <*> <*>
E910,24:00b10758 25:00b10378 26:00b101d0 27:00240000
E911,28:00b101a0 29:00230000 30:00000004 31:00aa3bd0
E912,<*> cr:44002842 xer:20000002 <*>
E913,"Error receiving packet on tree network, <*> <*> <*> <*> <*> <*> <*> <*> <*> <*> <*> <*> PSR1=00000000 PRXF=00000002 PIXF=00000007"
E914,ddr: activating redundant bit steering for next allocation: rank=0 <*>
E915,0:0000001a 1:0fee9b20 2:1eeeeeee 3:0000001b
E916,4:00aa31f8 5:00000002 6:0000001b 7:00000004
E917,8:00000002 9:00000003 10:0000001a 11:00126890
E918,24:00000001 25:00b86730 26:00b86588 27:00240000
E919,28:00b86558 29:00230000 30:00000001 31:00aa3f70
E920,lr:0010b414 cr:84002842 xer:20000002 ctr:00126890
E921,0:3ff00000 1:0fee9af0 2:1eeeeeee 3:3ff00000
E922,4:00000000 5:3ffd8b18 6:e76566b9 7:3ffd8b18
E923,8:e76566b9 9:001d8640 10:7ffd8b18 11:001dbc40
E924,20:00000008 21:00000000 22:fffffff8 23:00000028
E925,<*> <*> 26:00240000 27:00230000
E926,28:00000002 29:00fa4710 30:00aa3490 31:00aa3f90
E927,0:00000cc8 1:1feaa2a0 2:1eeeeeee 3:0000018b
E928,4:018bcb08 5:018b8b08 6:0150b738 7:018b0b38
E929,8:018bcb38 9:05755228 10:015011c0 11:0595b4a0
E930,12:0596b4a0 13:1eeeeeee 14:0598b4a0 15:059841d8
E931,16:00000000 17:00000001 18:029f78a8 19:05954e60
E932,20:059e4e60 21:014ecaf8 22:00009c40 23:002d8a78
E933,24:0556f1f0 25:02fa98ac 26:059d4e60 27:059c2158
E934,28:059ae8d8 29:0597db98 30:05964e60 31:05984e60
E935,lr:0011a634 cr:24004428 xer:20000002 ctr:00000184
E936,0:0b45c0d0 1:0feea600 2:1eeeeeee 3:00004658
E937,4:00004808 5:0ae672c0 6:0006d240 7:00001b4a
E938,16:00002349 17:00000901 18:000008cb 19:00220150
E939,20:00220144 21:001cc130 22:00283360 23:0001cc13
E940,28:0b252b10 29:0029bdd0 30:00f6b300 31:00f6b290
E941,0:0000001d 1:0fee9ac0 2:1eeeeeee 3:00aa6e30
E942,4:00000000 5:0000001c 6:00ea3b20 7:001d0000
E943,8:43300000 9:001d8680 10:800d2fd0 11:001db450
E944,12:0fee9b10 13:1eeeeeee 14:00aa3580 15:00000020
E945,16:00000000 17:00000008 18:fffffff8 19:00aaa200
E946,28:00000010 29:001d6f20 30:00aa3260 31:00aa3580
E947,lr:00127374 cr:44402842 xer:20000002 ctr:00127110
E948,8:00015630 9:00043892 10:014f9ba1 11:000120bd
E949,lr:0000bd54 cr:48000044 xer:20000002 ctr:00009c80
E950,8:00241bc0 9:b1140000 10:fff81b00 11:b1140000
E951,<*> <*> 18:00000000 19:0023ff70
E952,20:00240190 <*> 22:00005c30 23:0fee9770
E953,24:00000001 25:00000000 26:0fee9780 27:0039a570
E954,28:00399110 29:00000000 30:001758f8 31:0fee9780
E955,lr:001758f8 cr:24002842 xer:00000002 ctr:0018fc24
E956,0:0014d50c 1:0fee9a60 2:1eeeeeee 3:00231c68
E957,8:00000000 9:02000003 10:00000060 11:0000b6ae
E958,20:00240190 21:01ac5a40 22:00000060 23:00000060
E959,24:0000b6ac 25:00000000 26:00231c68 27:4c00010d
E960,28:4c00010d 29:00398530 30:00000000 31:00398530
E961,4:003b0000 5:003b0000 <*> <*>
E962,8:003b7760 9:003b0000 10:ffffffe8 11:01468290
E963,12:014681d0 13:1eeeeeee 14:010744c0 15:01468100
E964,16:003b7740 17:003b7800 18:000000f3 19:00000010
E965,20:00000008 21:00000008 22:00000028 23:ffffff68
E966,24:00000008 25:00000008 <*> <*>
E967,28:00000010 29:090d22d0 30:0911d3d0 31:0916b110
E968,<*> <*> xer:00000002 ctr:0014ac7c
E969,<*> <*> 2:1eeeeeee 3:b1145000
E970,4:00398800 5:00398820 6:012c44e0 7:012c4580
E971,8:00000010 9:000000e0 10:00002b20 11:012c19c0
E972,24:00000002 25:0039a64c 26:00000008 27:0039a570
E973,28:0039a65c 29:00425270 30:b1145000 31:003986f0
E974,lr:0017a538 cr:44002842 xer:00000002 ctr:0017a3dc
E975,<*> 1:0feea610 2:1eeeeeee <*>
E976,4:090a5e00 5:09022c00 6:00083200 7:000020c9
E977,16:000028c8 17:000007d2 18:00000740 19:0021fa20
E978,20:0021fa14 <*> 22:00282c30 <*>
E979,28:09245580 29:0029b6b0 30:00e9a7a0 31:00e9a730
E980,0:00000001 1:0feea2d0 2:1eeeeeee 3:0000025a
E981,4:00000007 5:021bf5b8 6:021b75b8 7:01cbad08
E982,8:07243b28 9:021b8508 10:021c0508 11:01cb85b8
E983,12:074f1b28 13:1eeeeeee 14:00000a63 15:000001f2
E984,16:07511b28 17:0750a860 18:074e1b28 19:01caf580
E985,20:07505548 21:066add90 22:061add88 23:ffff63c8
E986,24:06fc2ba0 25:03fe032c 26:074dc810 27:07e5c53c
E987,28:0756c810 29:0755c810 30:0750c810 31:00a6c9f0
E988,lr:0011a0a8 cr:44008222 xer:20000002 ctr:00000069
E989,L1 DCACHE summary averages: #ofDirtyLines: <*> out of 1024 #ofDirtyDblWord: <*> out of 4096
E990,No power module U58 found found on link card
E991,Temperature Over Limit on link card
E992,Link PGOOD error latched on link card
E993,0:01d4fa60 1:0fea0530 2:1eeeeeee 3:024fffd0
E994,4:0033d880 5:01d4f430 6:0a00c6c0 7:024fffc0
E995,8:00340000 9:00270000 10:00146f24 11:00270000
E996,12:0000363b 13:1eeeeeee 14:02500180 15:0033da30
E997,20:00000040 21:0a00c6c0 22:0a00c6c8 23:0a00c6d0
E998,24:0fea0580 25:01d4f5b0 26:01d4f770 27:01d4f930
E999,28:01d4fae0 29:09dd6e60 30:09fc7560 31:0a00c6a0
E1000,lr:0014706c cr:46404422 xer:20000002 ctr:00146f24
E1001,8:00007814 9:05cc8e85 10:00070000 11:ffffca74
E1002,24:000c8790 25:000c8430 26:00010000 27:00055950
E1003,28:000c8430 29:000094dc 30:00000020 31:00055954
E1004,4:00000000 5:01bb05d0 6:0a0c8ec0 7:00000018
E1005,12:01bb0670 13:1eeeeeee 14:00036103 15:0fee1060
E1006,16:00000078 17:000000ae 18:000000af 19:0fea0700
E1007,20:0000023e 21:0022536c 22:0a0c8ea0 23:01576640
E1008,24:01bb0500 25:00368a80 26:01fd0900 27:0a1438a0
E1009,28:01575fc0 29:0a0c8ea0 30:00000008 31:015766d0
E1010,4:0fee0700 <*> 6:002a0000 <*>
E1011,8:0000002c 9:00000030 <*> <*>
E1012,12:00247e20 13:1eeeeeee 14:00034a8d 15:0fee0a34
E1013,16:0000002a 17:0000002a 18:0000002b 19:0fea0700
E1014,<*> 21:0022536c 22:0fee0700 23:0fea86f8
E1015,24:00002c18 25:000247e2 26:00000eaa 27:000247b4
E1016,28:00003aa8 29:0a025dcc 30:0a025dc4 31:0a025dc8
E1017,lr:0013d978 cr:48404822 xer:00000002 ctr:001c0e84
E1018,Local PGOOD error latched on link card
E1019,0:00001570 1:0fea0410 2:1eeeeeee 3:bfd7a9d5
E1020,4:3fe00000 5:00000000 6:4337ffff 7:ffffffff
E1021,8:0025fee0 9:00260000 10:00261520 11:002627d0
E1022,12:00014b2b 13:1eeeeeee 14:00225188 15:00dc4aa0
E1023,16:0022533c 17:09b191b8 18:00e93868 19:09139198
E1024,20:000007c6 21:000a0c00 22:0000b2ac 23:0915d5ac
E1025,24:0915d5a8 25:002a0000 26:00000198 27:00000000
E1026,28:0fea04c8 29:00368af0 30:0fea04d0 31:0036a3a0
E1027,lr:0020e208 cr:84404422 xer:00000002 ctr:00143838
E1028,12:013e8c20 13:1eeeeeee 14:0001b7dc 15:0fee0840
E1029,16:00000010 17:00000046 18:00000047 19:0fea0700
E1030,20:00000208 21:0022536c 22:0a0cb320 23:013e8ac0
E1031,24:013dc480 25:00368a80 26:013dc7c0 27:0a133fe0
E1032,<*> <*> 30:00000008 31:003b7710
E1033,<*> <*> xer:20000002 ctr:0014ac7c
E1034,4:00004740 5:09b330e0 6:001470c0 7:000051c4
E1035,16:000059c3 17:000008e8 18:0000089e 19:0021fa20
E1036,28:0912f6d0 29:0029b6b0 30:00eb3e40 31:00eb3dd0
E1037,4:08df35a0 5:0a24a4c0 6:0a24a4d0 7:0a24a520
E1038,8:00000010 9:afffffff 10:00001e10 11:0a2486b0
E1039,16:0021e750 17:0021e744 18:0021e738 19:00000000
E1040,20:00e00660 21:00dc4aa0 22:40000000 23:0feea0a0
E1041,28:003ba04c 29:0043a8e0 30:b1145000 31:08df3480
E1042,lr:0019235c cr:44002844 xer:00000002 ctr:001922cc
E1043,BGLMaster has been started: ./BGLMaster --consoleip 127.0.0.1 --consoleport 32035 --configfile bglmaster.init --autorestart y --db2profile /u/bgdb2cli/sqllib/db2profile --dbproperties db.properties
E1044,"critical input interrupt (unit=0x0b <*> warning for <*> <*> wire, suppressing further interrupts of same type"
E1045,<*> tree receiver <*> in re-synch state event(s) (dcr <*> detected over <*> seconds
E1046,<*> torus receiver <*> input pipe error(s) (dcr <*> detected and corrected over <*> seconds
E1047,"<*> ddr error(s) detected and corrected on rank 0, symbol <*> over <*> seconds"
E1048,total of <*> ddr error(s) detected and corrected over <*> seconds
E1049,<*> <*> <*> error(s) (dcr <*> detected and corrected over <*> seconds
E1050,idoproxy communication failure: socket closed
E1051,12:00a0cd30 13:1eeeeeee 14:00659978 15:00a0cf40
E1052,16:003b7678 17:003b78a0 18:00000102 19:00000010
E1053,28:00000010 29:0bfea6c0 30:0bfea4c0 31:0bfa19c0
E1054,16:0001f403 17:0000000d 18:00000004 19:011171a4
E1055,20:000001b2 21:0a5e3800 22:000001b2 23:00000000
E1056,lr:0000fb68 cr:84422222 xer:20000002 ctr:000002c2
E1057,Machine Check Status Register: <*>
E1058,Machine State Register: <*>
E1059,Core Configuration Register 0: <*>
E1060,DDR failing info register: DDR Fail Info Register: <*>
E1061,General Purpose Registers:
E1062,r00=0x00003000 r01=0x00088850 r02=0x1eeeeeee <*>
E1063,r04=0xffff348c r05=0x33300300 r06=0x0002e924 r07=0x00030000
E1064,<*> r09=0x00070000 r10=0x000000e0 r11=0x0008885c
E1065,<*> r13=0x1eeeeeee r14=0xffffffff r15=0xffffffff
E1066,r16=0x00000000 <*> r18=0x00000000 <*>
E1067,r20=0x00000000 <*> r22=0x00000000 <*>
E1068,r24=0x00000000 r25=0xffffc000 <*> <*>
E1069,r28=0xffffc0c8 <*> <*> r31=0x0008db74
E1070,Special Purpose Registers:
E1071,<*> <*> xer=0x20000002 ctr=0x00000000
E1072,msr=0x00003000 <*> esr=0x00000000 <*>
E1073,dbcr0=0x00000000 dbsr=0x00000000 <*>
E1074,Floating Point Status and Control Register: <*>
E1075,exception <*>
E1076,enabled exception summary................0
E1077,invalid operation exception <*>
E1078,overflow exception.......................0
E1079,underflow <*>
E1080,divide-by-zero <*>
E1081,inexact <*>
E1082,invalid <*>
E1083,fraction <*>
E1084,quiet NaN................................0
E1085,minus <*>
E1086,minus normalized <*>
E1087,minus denormalized number................0
E1088,plus <*>
E1089,plus denormalized number.................0
E1090,plus normalized <*>
E1091,reserved.................................0
E1092,invalid operation exception (int cnvt)...0
E1093,enable invalid operation exceptions......0
E1094,enable overflow exceptions...............0
E1095,enable underflow exceptions..............0
E1096,enable divide-by-zero exceptions.........0
E1097,enable inexact exceptions................0
E1098,enable non-IEEE mode.....................0
E1099,round nearest............................0
E1100,round toward <*>
E1101,Floating Point Registers:
E1102,<*> ffffffff ffffffff ffffffff
E1103,"ciod: Received signal <*> <*> errno=0, <*>"
E1104,PrepareForService shutting down <*> <*> <*> <*> <*> <*> as part of Service Action <*>
E1105,Power Good signal deactivated: <*> A service action may be required.
E1106,<*> torus <*> <*> <*> error(s) (dcr <*> detected and corrected over <*> seconds
E1107,ciod: Error reading message prefix on CioStream socket to <*> <*> <*> <*> <*>
E1108,EndServiceAction is restarting the <*> cards in Midplane <*> as part of Service Action <*>
E1109,Target=ido://FF:F2:9F:16:D5:01:00:0D:60:E9:2A:FE/JTAG/0 Message=Invalid JtagId = ffffffff Run environmental monitor to diagnose possible hardware failure.
E1110,0:0000000c 1:0fe9fa20 2:1eeeeeee 3:000000c0
E1111,12:0fe9fa40 13:1eeeeeee 14:094231c0 15:800000c0
E1112,16:000070fc 17:00000007 18:00000006 19:00000005
E1113,20:0962a620 21:ffffffff 22:08662220 23:3800000c
E1114,24:8962a6e0 25:0fee15f4 26:000002d0 27:00545a20
E1115,28:0fee06f4 29:00000033 30:0fea07f0 31:000c65b0
E1116,lr:0013d978 cr:44404824 xer:20000002 ctr:00000008
E1117,0:0000002f 1:00085fd0 2:1eeeeeee 3:ffffffff
E1118,8:00089414 9:0001c9a0 10:00090000 11:0001cae0
E1119,12:00fd1f80 13:00000000 14:0003a045 15:0fee0ac0
E1120,24:00002d38 25:00000008 26:000865b0 27:00089cd0
E1121,28:00553df0 29:002a0000 30:00080000 31:000865b0
E1122,"com.ibm.bgldevices.BulkPowerModule with VPD of com.ibm.bgldevices.BulkPowerModule$VpdReply: IBM Part Number: 53P5763, Vendor: Cherokee International, Vendor Serial Number: 4274124, Assembly Revision:  .A, Code Revision: B.1, Manufacture Date: during week 27 of 2004, Manufacture Location: Tustin, CA, USA is usable but not a supported version"
E1123,monitor caught java.lang.IllegalStateException: while executing CONTROL Operation caught java.io.EOFException and is stopping
E1124,monitor caught java.lang.IllegalStateException: while executing <*> Operation caught java.net.SocketException: Broken pipe and is stopping
E1125,While reading FanModule caught java.lang.IllegalStateException: while executing I2C Operation caught java.net.SocketException: Broken pipe
E1126,Hardware monitor caught java.lang.IllegalStateException: while executing I2C Operation caught java.net.SocketException: Broken pipe and is stopping
E1127,While setting fan speed caught java.lang.IllegalStateException: while executing I2C Operation caught java.lang.IllegalStateException: client not in a usable state because java.net.SocketException: Broken pipe
E1128,While reading FanModule caught java.lang.IllegalStateException: while executing I2C Operation caught java.lang.IllegalStateException: client not in a usable state because java.lang.IllegalStateException: client not in a usable state because java.net.SocketException: Broken pipe
E1129,While setting fan speed caught java.lang.IllegalStateException: while executing I2C Operation caught java.lang.IllegalStateException: client not in a usable state because java.lang.IllegalStateException: client not in a usable state because java.lang.IllegalStateException: client not in a usable state because java.net.SocketException: Broken pipe
E1130,While reading FanModule caught java.lang.IllegalStateException: while executing I2C Operation caught java.lang.IllegalStateException: client not in a usable state because java.lang.IllegalStateException: client not in a usable state because java.lang.IllegalStateException: client not in a usable state because java.lang.IllegalStateException: client not in a usable state because java.net.SocketException: Broken pipe
E1131,While setting fan speed caught java.lang.IllegalStateException: while executing I2C Operation caught java.lang.IllegalStateException: client not in a usable state because java.lang.IllegalStateException: client not in a usable state because java.lang.IllegalStateException: client not in a usable state because java.lang.IllegalStateException: client not in a usable state because java.lang.IllegalStateException: client not in a usable state because java.net.SocketException: Broken pipe
E1132,While reading FanModule caught java.lang.IllegalStateException: while executing I2C Operation caught java.lang.IllegalStateException: client not in a usable state because java.lang.IllegalStateException: client not in a usable state because java.lang.IllegalStateException: client not in a usable state because java.lang.IllegalStateException: client not in a usable state because java.lang.IllegalStateException: client not in a usable state because java.lang.IllegalStateException: client not in a usable state because java.net.SocketException: Broken pipe
E1133,While setting fan speed caught java.lang.IllegalStateException: while executing I2C Operation caught java.lang.IllegalStateException: client not in a usable state because java.lang.IllegalStateException: client not in a usable state because java.lang.IllegalStateException: client not in a usable state because java.lang.IllegalStateException: client not in a usable state because java.lang.IllegalStateException: client not in a usable state because java.lang.IllegalStateException: client not in a usable state because java.lang.IllegalStateException: client not in a usable state because java.net.SocketException: Broken pipe
E1134,While reading FanModule caught java.lang.IllegalStateException: while executing I2C Operation caught java.lang.IllegalStateException: client not in a usable state because java.lang.IllegalStateException: client not in a usable state because java.lang.IllegalStateException: client not in a usable state because java.lang.IllegalStateException: client not in a usable state because java.lang.IllegalStateException: client not in a usable state because java.lang.IllegalStateException: client not in a usable state because java.lang.IllegalStateException: client not in a usable state because java.lang.IllegalStateException: client not in a usable state because java.net.SocketException: Broken pipe
E1135,While setting fan speed caught java.lang.IllegalStateException: while executing I2C Operation caught java.lang.IllegalStateException: client not in a usable state because java.lang.IllegalStateException: client not in a usable state because java.lang.IllegalStateException: client not in a usable state because java.lang.IllegalStateException: client not in a usable state because java.lang.IllegalStateException: client not in a usable state because java.lang.IllegalStateException: client not in a usable state because java.lang.IllegalStateException: client not in a usable state because java.lang.IllegalStateException: client not in a usable state because java.lang.IllegalStateException: client not in a usable state because java.net.SocketException: Broken pipe
E1136,While reading FanModule caught java.lang.IllegalStateException: while executing I2C Operation caught java.lang.IllegalStateException: client not in a usable state because java.lang.IllegalStateException: client not in a usable state because java.lang.IllegalStateException: client not in a usable state because java.lang.IllegalStateException: client not in a usable state because java.lang.IllegalStateException: client not in a usable state because java.lang.IllegalStateException: client not in a usable state because java.lang.IllegalStateException: client not in a usable state because java.lang.IllegalStateException: client not in a usable state because java.lang.IllegalStateException: client not in a usable state because java.lang.IllegalStateException: client not in a usable state because java.net.SocketException: Broken pipe
E1137,Hardware monitor caught java.net.SocketException: Broken pipe and is stopping
E1138,"ciod: Error loading -mode VN: invalid or missing program image, No such file or directory"
E1139,12:01bb81c8 13:1eeeeeee 14:0000fff3 15:0fee1024
E1140,16:00000075 17:000000c1 18:000000c2 19:0fea0700
E1141,20:0000012a 21:0022536c 22:0a175ec0 23:01bb80c0
E1142,24:01e73000 25:00368a80 26:01c4dc00 27:0a1ab840
E1143,4:000017e7 5:0afdb950 6:00057980 7:000015e7
E1144,16:00001de7 17:00000be2 18:000008e6 19:0021fa20
E1145,28:0b8d2510 29:0029b6b0 30:0189a800 31:0189a790
E1146,12:01f18060 13:1eeeeeee 14:0000cccd 15:0fee091c
E1147,16:0000001b 17:0000002e 18:0000002f 19:0fea0700
E1148,20:000003b6 21:0022536c 22:0a363e60 23:01f17f00
E1149,24:01f29340 25:00368a80 26:01f28980 27:0a362ae0
E1150,12:01b1cd90 13:1eeeeeee 14:0000676f 15:0fee10c4
E1151,16:0000007d 17:000000e2 18:000000e3 19:0fea0700
E1152,20:000000eb 21:00226734 22:09b23610 23:01b1cca0
E1153,24:01e14120 25:0036a010 26:01d7b860 27:09b5dc90
E1154,28:01b1b920 29:09b23610 30:00000008 31:003b8cb0
E1155,lr:0014b4f4 cr:2a404828 xer:20000002 ctr:0014b34c
E1156,0:0016af30 1:0feea5e0 2:1eeeeeee 3:097b2d30
E1157,4:002890a4 5:00000000 6:0feea670 7:00000001
E1158,8:ffff8002 9:00000000 10:00000001 11:097b2d3c
E1159,16:09a0a578 17:0a04b7c8 18:0a047ba8 19:0a0600a8
E1160,20:0a041688 21:40000000 22:003b8f38 23:0feea6d8
E1161,24:00000024 25:0988d050 26:4c00080b 27:00000001
E1162,28:0feea670 29:00000001 30:0000e8b0 31:097b2d30
E1163,lr:0016af30 cr:20404882 xer:20000002 ctr:001c1554
E1164,MACHINE CHECK <*> <*> <*> <*> iar 0x00000000 lr <*>
E1165,ciod: Error reading message prefix on CioStream socket to <*> Connection timed out
E1166,Exception Syndrome Register: <*>
E1167,r00=0x00000000 <*> r02=0x1eeeeeee <*>
E1168,r04=0x00009c34 r05=0x00000000 r06=0x0000a3e0 <*>
E1169,r08=0x00009c34 r09=0x00000000 <*> <*>
E1170,<*> r13=0x1eeeeeee r14=0x00000018 r15=0x00000016
E1171,r16=0x0b94ef60 r17=0x0aa74e90 r18=0x042d4070 r19=0x042d3f70
E1172,<*> r21=0x00000010 r22=0x00000180 <*>
E1173,r24=0x000c87b0 r25=0x000c8450 r26=0x00010000 r27=0x00055960
E1174,r28=0x0000a3e0 r29=0x000c8450 r30=0xda813f70 r31=0x00055964
E1175,msr=0x00001000 dear=0x0001776f esr=0x00800000 fpscr=0x00000000
E1176,<*> 00000000 <*> 00000000
E1177,fpr10=0x00000004 00000004 000011a1 0fdc0000
E1178,fpr14=0x28152d55 40315695 f206dd8f c032ba03
E1179,fpr15=0x42b8bd2f c039e57f 49a050a3 c0472313
E1180,fpr16=0xef07ae9f c0339d46 f4d3334d c0336cf0
E1181,fpr17=0xaed82c26 c03f1ed2 b368f5a1 4030cbea
E1182,fpr18=0x9d17d9b1 c017d546 a7aba2ea 40241351
E1183,fpr19=0x62dffacb 3fe99f11 2c01fb9a c036f393
E1184,fpr20=0xd6d60406 c015af9e 66894b45 40337773
E1185,fpr21=0xa82612b6 4034f4b3 0b0773fd c0243fac
E1186,fpr22=0xe77c4d52 4031c448 0930136e bfa9e110
E1187,fpr23=0x04972653 40459160 fe877a91 c026b8ec
E1188,fpr24=0xe1fd22a4 4031fc2a 5c507b46 c047a376
E1189,fpr25=0xd6165529 402907c2 99bd0882 c0354a91
E1190,fpr26=0xf0664e56 400e19be 30f2742d 4025d58f
E1191,fpr27=0x72f97924 c04a0154 84c3abc2 403e4042
E1192,fpr28=0x3f7283fc c028dd73 9c2f1236 bff963ea
E1193,fpr29=0x4566cf50 403eb4f0 f6b83afa 400a310e
E1194,fpr30=0x37b68ba1 403d017a 847b4c03 c02aa133
E1195,<*> <*> 00000000 00000000
E1196,mmcs_db_server has been started: ./mmcs_db_server --useDatabase BGL --dbproperties db.properties --iolog /bgl/BlueLight/logs/BGL --reconnect-blocks all --shutdown-timeout 120 --shutdown-timeout 240
E1197,idoproxy communication failure: BGLERR_IDO_PKT_TIMEOUT connection lost to node/link/service card
E1198,ciod: In packet from node <*> <*> message still ready for node <*> <*> 00020000 00000003 00000000)
E1199,r24=0x00088790 r25=0x00088430 r26=0x00010000 r27=0x00000000
E1200,r28=0x00040004 r29=0xd0000400 r30=0x00040000 r31=0x00000000
E1201,fpr10=0x00000006 00000005 0003111b 0fdc0000
E1202,fpr13=0x00000000 <*> 00000000 <*>
E1203,machine check interrupt <*> L2 dcache unit <*> <*> parity error
E1204,r04=0x00000000 <*> r06=0x0029fcac <*>
E1205,r08=0x00ed4920 r09=0x00000000 r10=0x003b0000 r11=0x00ed4920
E1206,<*> r13=0x1eeeeeee r14=0x00000000 <*>
E1207,r16=0x000000b1 r17=0x00000013 r18=0x0000006b r19=0x00ed4920
E1208,r20=0x40000000 r21=0x40000000 <*> <*>
E1209,r24=0x0ffea4c8 r25=0x00000003 r26=0x0000000f r27=0xffffd000
E1210,r28=0x004c9870 r29=0xd0001080 r30=0x00000078 r31=0x00000000
E1211,lr=0x0029fcac <*> <*> ctr=0x002701f8
E1212,msr=0x0002f900 <*> esr=0x00000000 <*>
E1213,fpr0=0x8d63692c c02280f9 00000000 40cb7f00
E1214,fpr1=0x00000000 00000000 <*> <*>
E1215,fpr2=0x00000000 00000000 <*> <*>
E1216,fpr3=0x00000000 00000000 <*> <*>
E1217,<*> <*> 0ffaa000 bfd98f2f
E1218,fpr5=0x1e29b995 40465fd1 28ec6124 3fd15277
E1219,fpr6=0x56fae58a 4050ed36 798582f4 bf92e6d9
E1220,fpr7=0x6aa4f635 400c9dd0 c245a32f c070b279
E1221,fpr8=0xe72ef64a bf93c286 e063712e 3fc004d2
E1222,<*> <*> 00000000 c01c0000
E1223,<*> <*> 00000000 401c0000
E1224,fpr12=0x1c8919e6 c08f58dd b022b757 3fc7afbd
E1225,fpr13=0x00000000 08f07178 8aa2d785 bf836735
E1226,fpr14=0xffffffff ffffffff <*> <*>
E1227,fpr15=0xffffffff ffffffff <*> <*>
E1228,fpr16=0xffffffff ffffffff <*> <*>
E1229,fpr17=0xffffffff ffffffff <*> <*>
E1230,fpr18=0xffffffff ffffffff <*> <*>
E1231,<*> ffffffff d6ab5368 <*>
E1232,<*> ffffffff 00000000 <*>
E1233,fpr24=0xffffffff ffffffff <*> <*>
E1234,fpr25=0xffffffff ffffffff <*> <*>
E1235,fpr27=0xffffffff ffffffff <*> <*>
E1236,r16=0x000000a9 r17=0x0000007e r18=0x000000d6 r19=0x00ed4920
E1237,fpr0=0x86969d4b 40141f81 00000000 40cb5480
E1238,<*> <*> 724b8988 bfdea458
E1239,fpr5=0x1d510b54 c0252d92 dc69a17b 3fa38ba0
E1240,fpr6=0x7465cb32 401eddf7 ae4ee1be bfaf15cf
E1241,fpr7=0xe508d3f8 bfe0ae17 d4864bce c073268b
E1242,fpr8=0x69a6bc29 bff1b01d 399b8aa9 3f961734
E1243,fpr12=0xa3205913 c08fbc1d 93697062 3fd219f0
E1244,fpr13=0x00000000 08f01338 a05ee3ee bf99fa89
E1245,r00=0xffffffff r01=0x0ffa0690 r02=0x1eeeeeee r03=0x010959f0
E1246,r04=0x01086250 r05=0x00000289 r06=0x01086250 r07=0x00000012
E1247,r08=0x0000001c r09=0x0a247050 r10=0x00008000 r11=0x0ffa0520
E1248,r12=0x48404424 r13=0x1eeeeeee r14=0x00334778 r15=0x00fa6df0
E1249,r16=0x0033492c r17=0x09c4b2b0 r18=0x0988ce80 r19=0x099b7dc0
E1250,r20=0x099bbca0 r21=0x000007db r22=0x099b7dd0 r23=0x099b3ef0
E1251,r24=0x0988ce80 r25=0x099b7dc0 r26=0x099bbca0 r27=0x00001449
E1252,r28=0x01086250 r29=0x00392ed0 r30=0x003aa450 r31=0x010959f0
E1253,fpr5=0x00000000 00000000 <*> <*>
E1254,fpr6=0x00000000 00000000 <*> <*>
E1255,fpr8=0x00000000 00000000 <*> <*>
E1256,fpr9=0x00000000 00000000 <*> <*>
E1257,fpr10=0x00000000 00000000 <*> <*>
E1258,fpr11=0x00000000 00000000 <*> <*>
E1259,fpr12=0x7ff882f3 c07a533b 5c8d52fd 3b448d34
E1260,r16=0x00000058 r17=0x00000042 r18=0x0000001a r19=0x00ed4920
E1261,fpr0=0xa860d7ad 402ec7d7 00000000 40cb4e00
E1262,<*> <*> 48b0e5c1 bfd7fac0
E1263,fpr5=0x341e3d42 c041d767 98ccf536 3fd1ec70
E1264,fpr6=0x7f9cc4ba 402e4ca6 d06a9c52 bfb51f5e
E1265,fpr7=0xc06a9c27 4006d1dc 4159854d c07033f7
E1266,fpr8=0x2636a402 bffe7d56 d3a1c84c 3fbd6d43
E1267,fpr12=0x00000000 00000068 df4abd99 3fc4b539
E1268,fpr13=0x00000000 0600c742 194784d2 bfa4a99d
E1269,r16=0x000000cc r17=0x0000002b r18=0x00000065 r19=0x00ed4920
E1270,fpr0=0xf675eecb 4035ac82 00000000 40cb8100
E1271,<*> <*> 3689c9ed bfd7fba9
E1272,fpr5=0xb050813b c0400eed 5069bc5b 3fd16986
E1273,fpr6=0x60f54b16 c0270fba 667a10b9 bfb879ba
E1274,fpr7=0xa4cdf4d7 3fe38584 9bbab824 c0713f53
E1275,fpr8=0x4f497a3c bff1ab84 43957dee 3fbbe027
E1276,fpr12=0xcb9bdb1b c09099f7 f4afcb3f 3fc48629
E1277,fpr13=0x00000000 004c8328 ba67e29d bfa72dcc
E1278,r16=0x00000063 r17=0x000000bb r18=0x00000018 r19=0x00ed4920
E1279,fpr0=0x66f90991 c037cc19 00000000 40cb7680
E1280,<*> <*> b6976eae bfdc2100
E1281,fpr5=0x9d0483d0 40394205 8b053787 3fc2ea5c
E1282,fpr6=0xf68ae2d6 c048e028 7ad46c19 bfc0e6fa
E1283,fpr7=0x4a2c869f bff1d32e 1623e4b0 c0708b4d
E1284,fpr8=0x3bb78a50 3fb7c30c 0a92e01c 3fb0b354
E1285,fpr12=0xd3901919 408c4060 a69e902e 3fcb38fd
E1286,fpr13=0x02ddca24 00060001 7eb7ee0c bfab96a5
E1287,r16=0x00000047 r17=0x00000085 r18=0x000000f9 r19=0x00ed4920
E1288,fpr0=0x9da6d7a9 bfb97649 00000000 40cb7380
E1289,<*> <*> 19cd9b6c bfb870b9
E1290,fpr5=0x9983cc65 3faf2d97 e4f577ad 3fdcc0ca
E1291,fpr6=0xfd58f880 bf52895d df8d76aa 3f928227
E1292,fpr7=0xe76073a2 3f62ea8c 1cc24a7c c0706e16
E1293,fpr8=0xd891a6b5 bff4781b eca2b489 3fc2b54d
E1294,fpr12=0xa714a565 408e2ee4 94608dcf 3fa438c4
E1295,fpr13=0x027c9302 00060001 f8b6c8fd bf8c32b8
E1296,r16=0x00000055 r17=0x00000058 r18=0x00000047 r19=0x00ed4920
E1297,fpr0=0x03b304c3 40459fb2 00000000 408b7000
E1298,<*> <*> 98ea8be4 3f5e6e65
E1299,fpr5=0xef67cb49 c02c2f8c 1c22e9ce bf732a29
E1300,fpr6=0x5de6be3a 404f5793 594d4931 bf8ea01b
E1301,fpr7=0x1eec0496 bfe0bbc0 6fc1328a c0255f17
E1302,fpr8=0x9d744186 3ff0e303 006296a7 bf75cb0b
E1303,fpr12=0x00000000 00000000 <*> <*>
E1304,fpr13=0x08ea8b50 08ea4ee8 1174aee6 3f5a3b49
E1305,r16=0x00000038 r17=0x000000de r18=0x00000044 r19=0x00ed4920
E1306,fpr0=0xf119ef02 bff38ab0 00000000 408c1800
E1307,<*> <*> c1d36c4c 3f627cf5
E1308,fpr5=0x06baa278 c01fbab1 72ffae7b 3f6276d1
E1309,fpr6=0xc65ab5cd c028c3ec 7787f21a bf687c08
E1310,fpr7=0x9a9eac35 bfe2e13e 6723211a c025f045
E1311,fpr8=0x400f56b3 c0009a39 002233d1 3f5c7ae7
E1312,fpr13=0x08eb9f90 004c8328 5a2c1ba2 bf62a945
E1313,r00=0xfffffff4 r01=0x00085fa0 r02=0x1eeeeeee r03=0x00000000
E1314,r04=0x00000010 r05=0x00000010 r06=0x000865b0 r07=0x00007d41
E1315,r08=0x00009cc4 r09=0x0012c914 r10=0x0028938c r11=0x0009c914
E1316,r12=0x48242488 r13=0x1eeeeeee <*> <*>
E1317,r16=0x00004610 r17=0x00008c20 r18=0x00000000 r19=0x00000003
E1318,<*> <*> r22=0x1ff8a678 r23=0x1ffaa670
E1319,<*> r25=0x00000008 r26=0x000865b0 r27=0x0008e5c8
E1320,r28=0x00000010 r29=0x00007d41 r30=0x00000000 r31=0x000865b0
E1321,lr=0x0000fa34 <*> xer=0x00000002 ctr=0x00021ecc
E1322,fpr0=0x10055620 00000000 <*> 7ffff980
E1323,fpr1=0x10055620 <*> 10045620 <*>
E1324,fpr2=0x00000000 00000001 00340000 <*>
E1325,fpr4=0x10055620 <*> 10055620 10045620
E1326,<*> 00000000 00000000 <*>
E1327,fpr6=0x00000000 <*> 10024348 7ffff930
E1328,fpr8=0x7ffff8c0 100cfaf0 00000000 <*>
E1329,fpr10=0x10045620 7ffff940 00000001 00000000
E1330,fpr12=0x10055974 7ffff950 30019020 1000d0e4
E1331,fpr19=0xffffffff ffffffff <*> <*>
E1332,fpr20=0xffffffff ffffffff <*> <*>
E1333,fpr21=0xffffffff ffffffff <*> <*>
E1334,<*> ffffffff 33333333 <*>
E1335,r16=0x01edfc00 r17=0x01e0b150 r18=0x02089160 r19=0x01fb46b0
E1336,fpr29=0xffffffff ffffffff <*> <*>
E1337,fpr30=0xffffffff ffffffff <*> <*>
E1338,r16=0x01edd5c8 r17=0x01e08b18 r18=0x02086b28 r19=0x01fb2078
E1339,fpr22=0xffffffff ffffffff <*> <*>
E1340,fpr23=0xffffffff ffffffff <*> <*>
E1341,r12=0x48242484 r13=0x1eeeeeee <*> <*>
E1342,r16=0x00001c28 r17=0x00003850 r18=0x00000002 r19=0x00000001
E1343,r16=0x000004c6 r17=0x80000a4e r18=0xfffffe6c r19=0x0000065c
E1344,fpr26=0xffffffff ffffffff <*> <*>
E1345,fpr28=0xffffffff ffffffff <*> <*>
E1346,r16=0x000035d0 r17=0x00006ba0 r18=0x00000003 r19=0x00000001
E1347,r16=0x022972e0 r17=0x022981e0 r18=0x022990e0 r19=0x01c05d88
E1348,r16=0x000001c9 r17=0x01d25330 r18=0xffffff6b r19=0x01d25818
E1349,r16=0x002c9d8c r17=0x00348df8 r18=0x00335578 r19=0x002d39c8
E1350,fpr31=0xffffffff ffffffff <*> <*>
E1351,r16=0x002c9f80 r17=0x003491e0 r18=0x00335960 r19=0x002d3bbc
E1352,MidplaneSwitchController::clearPort() bll_clear_port failed: R63-M0-L0-U19-A
E1353,ciod: Error creating node map from file my_map.txt: No such file or directory
E1354,symbol................18
E1355,mask..................0x50
E1356,r04=0x00088430 r05=0x00200000 r06=0x20000000 r07=0x00040000
E1357,r08=0x1fe00000 r09=0x00000001 r10=0x00090000 r11=0x03166a2e
E1358,r28=0xfffffff4 r29=0x0000013f r30=0x00040000 r31=0x00040240
E1359,lr=0x0000acfc cr=0x42000024 xer=0x20000002 ctr=0x1ce995d2
E1360,fpr0=0x7ffff690 7ffff620 3000b810 0ff71674
E1361,<*> 7ffff640 <*> 7ffff620
E1362,fpr3=0x7ffff5f0 7ffff680 3000b4f8 0ff66adc
E1363,fpr4=0xffffffff 0000001a 0002d000 0fd6a8a0
E1364,fpr5=0x00000000 00000027 100cd1f8 100455a0
E1365,fpr6=0x00000027 100cd1f8 0ff66a94 7ffff5f0
E1366,fpr7=0x00000000 0ffb3160 0ff676b8 7ffff570
E1367,<*> 0ffcb46c 00000009 7ffff720
E1368,fpr10=0x100cd204 0ffb3160 0ff67564 7ffff590
E1369,fpr11=0x00000004 7ffff5d0 0ff674f0 7ffff5b0
E1370,fpr12=0x30017538 7ffff590 0ff00940 0ffc5cc8
E1371,fpr13=0x1004179c 7ffff570 00000000 00000001
E1372,r04=0x000c5fc8 r05=0x000c5fcc r06=0x0025c370 r07=0xb1140000
E1373,<*> r09=0x00000400 <*> r11=0xc0010000
E1374,r24=0x005fade0 r25=0x00000008 r26=0x000c65b0 r27=0x000ce5c8
E1375,r28=0xa00011c0 r29=0xa0001160 r30=0x000c5fc8 r31=0x00000001
E1376,lr=0x000105a4 cr=0x80000024 xer=0x20000002 ctr=0x00000084
E1377,fpr0=0x00000000 <*> <*> 7fffffff
E1378,fpr2=0x736f2419 bfdab5ea f57d3fc0 bff983e7
E1379,fpr3=0x041628f0 c011219b 299ec4c5 bff81ed8
E1380,fpr4=0x1ae25d53 bfed0fde 9d1bbc14 3fe7397f
E1381,fpr5=0xa9291e53 3fdc6564 131c98ab bfec670f
E1382,fpr6=0x83b642cf 3ff0cd25 c73b917d c00e173d
E1383,fpr7=0x8fbf7dad c010cb2d 4a8d6dd5 c0032aec
E1384,fpr8=0x9b304dfb 40109413 c35008a0 4008f430
E1385,fpr9=0x4ff0f498 4011f6fa bc21a47f bfec1331
E1386,fpr10=0xf370d535 4006d4e7 2985ff69 4004af29
E1387,fpr11=0x76e7d7e9 bff675e4 4a3f4c02 4010e161
E1388,fpr12=0x131b8806 bfe64237 ef5ae7a2 bffee1ae
E1389,fpr14=0x5d9dc39b 4010aaba 98dc1a71 40321afc
E1390,fpr15=0xc9b11547 bff434ab 02c6bc5e c00d254b
E1391,fpr16=0x732e7918 3ffd3453 71e8d5cb c021177e
E1392,fpr17=0xa0e1b0de c00f074c 767c4303 402b07a4
E1393,fpr18=0xc24c0e36 c0243a30 534e39ab c012546c
E1394,fpr19=0x2884bf88 bff19563 18fb6c17 3ff8ddaf
E1395,fpr20=0x0fc9ed91 c00c51ea 1a28d8a0 c01b7a04
E1396,fpr21=0x17910f57 4000c7d7 49d67fe2 c0055ebf
E1397,fpr22=0xbfaeb521 bff940d7 632f9637 4007c039
E1398,fpr23=0xb3bf84fd bfea213f 0fdbbf61 bffcbf8a
E1399,fpr24=0xa2e3fa84 c01b330e ff88bf26 4019e2c6
E1400,fpr25=0xf75b5ed7 bff2dec1 6e8b6df5 c00b111b
E1401,fpr26=0x6ef466d7 40229ff9 c25641f4 40077488
E1402,fpr27=0xbf656dd3 3ff960a9 5da4ea47 4020b0c6
E1403,fpr28=0x19d46239 c0102368 f342ccd5 c020dfcf
E1404,fpr29=0x3b246bd5 40148be6 1ac3b737 402538d8
E1405,fpr30=0xca091b98 bfff7911 7629b09f c004556a
E1406,<*> microseconds spent in the rbs signal handler during <*> calls. <*> microseconds was the maximum time for a single instance of a correctable ddr.
E1407,"<*> total interrupts. <*> critical input interrupts. <*> microseconds total spent on critical input interrupts, <*> microseconds max time in a critical input interrupt."
E1408,instance of a correctable ddr. RAS KERNEL INFO 0 microseconds spent in the rbs signal handler during 0 calls. 0 microseconds was the maximum time for a single instance of a correctable ddr.
E1409,"max time in a cr RAS KERNEL INFO <*> total interrupts. 0 critical input interrupts. 0 microseconds total spent on critical input interrupts, 0 microseconds max time in a critical input interrupt."
E1410,r04=0x00085fc8 r05=0x00085fcc r06=0x88888889 r07=0x00000000
E1411,r12=0xa0006470 r13=0x1eeeeeee r14=0x00000004 r15=0x0048eb90
E1412,r16=0x0048eb9c r17=0x0048eba0 r18=0x0048eb6c r19=0x0048eb64
E1413,r20=0x0048eb74 r21=0x0048eb70 r22=0x0048eb68 r23=0x1ff9e1c0
E1414,r28=0x0302e660 r29=0x1ff9e2a0 r30=0x00085fc8 r31=0x00000001
E1415,lr=0x00010644 cr=0x84042242 xer=0x00000002 ctr=0x00000093
E1416,fpr1=0x00000000 0000aa06 00000005 0342e6f0
E1417,fpr2=0x00000000 0300aa06 0814a6d6 00002206
E1418,fpr3=0x33333337 3fe33333 33333337 3fe33333
E1419,fpr6=0x3e5753a1 c007d3cb 3e5753a1 c007d3cb
E1420,fpr12=0x00000000 00d50900 00062480 0342e8b0
E1421,fpr13=0x000c9000 408fffff fffffffe fffffffc
E1422,"external input interrupt (unit=0x01 bit=0x09): number of corrected SRAM errors has exceeded threshold, suppressing further interrupts of same type"
E1423,ddr: Suppressing further CE interrupts
E1424,instruction TLB error interrupt
E1425,r00=0x0000f000 r01=0x0000f000 r02=0x1eeeeeee r03=0x2ddddddd
E1426,r04=0x09600ff0 r05=0x06900ff0 r06=0x0a069000 r07=0x05096000
E1427,r08=0x0a069000 r09=0x05096000 r10=0x078e6d40 r11=0x0b4d9e80
E1428,Kernel detected <*> integer alignment exceptions <*> iar <*> dear <*> <*> iar <*> dear <*> <*> iar <*> dear <*> <*> iar <*> dear <*> <*> iar <*> dear <*> <*> iar <*> dear <*> <*> iar <*> dear <*> <*> iar <*> dear <*>
E1429,r04=0xffff3474 <*> <*> r07=0x00030000
E1430,r00=0x00010800 r01=0x1ffa9d80 r02=0x1eeeeeee r03=0x16de0000
E1431,r04=0x16632ff0 r05=0x04f29100 r06=0x16df0800 r07=0x00002100
E1432,r08=0x16df1400 r09=0x00011400 r10=0x04f3a500 r11=0x00002280
E1433,r16=0x16df1610 r17=0x166333d0 r18=0x04f3a5f0 r19=0x04f3a4f0
E1434,r24=0x00000003 r25=0x16de0000 r26=0x16630000 r27=0x00000200
E1435,r28=0x00000060 r29=0x000000c0 r30=0x04f29300 r31=0x00000002
E1436,lr=0x0020c48c cr=0x84084044 xer=0x00000002 ctr=0x00000014
E1437,fpr0=0xaa997f63 bfb0a518 a9aa63ac bfc740f6
E1438,fpr1=0x7b467ada bfbaf6fe b59cf788 bfc09d6c
E1439,fpr2=0x57f64e25 bfcb272d e3cdf295 3fcab7f6
E1440,fpr3=0x89b8f327 bfa0c49c 9991a9e0 3fc5695e
E1441,fpr4=0x5c260bb7 3fd8426b 977893e5 3fba466d
E1442,fpr5=0xba8551a2 3fe13b82 93c3f2c1 3fbcbeb6
E1443,fpr6=0x0c1ecd0a 3fd03ed8 46d01014 bfc80ca1
E1444,fpr7=0x7193139e bfb74002 3710328b bfcb7ed6
E1445,fpr8=0x631610da c0262820 2caf34ac c01b0573
E1446,fpr9=0xc510b509 40239652 4afb1558 4016863a
E1447,fpr10=0xc9a4c09d c01cdf54 343c21a0 bfcefc09
E1448,fpr11=0xc8cdfbab c031a8d1 61672fb5 c0322a53
E1449,fpr12=0xc7a5252a c02cf64e 81891421 c032cd62
E1450,fpr13=0xaf37302b 40250b22 9c0f76af 40218bdb
E1451,fpr14=0x101a5a39 bff6fdf9 665dcd85 bffc2f3a
E1452,fpr15=0x65ca935a 4017ab30 de2b215b 402defe6
E1453,fpr16=0x75d6e2d6 4021f361 4a4cf3ec 4016ad57
E1454,fpr17=0x69972dc1 c014873d 8aef55ff c027ac72
E1455,fpr18=0xa7b9b409 c01bc613 ee00caaa 3ff73af6
E1456,fpr19=0xae6eed33 4013a210 dfa708d6 c032176d
E1457,fpr20=0x9649fc51 40146071 a82b8ace 4015122e
E1458,fpr21=0x0412cb3b 4004d51e 9c5139cd c0261f66
E1459,fpr22=0xaf97827d c01d47fb 83d918e1 402309b8
E1460,fpr23=0x2dac6a53 c0061a9c c2f8a41a c008d371
E1461,fpr24=0x3ce58ec9 4012c016 8c8da6e4 4019dcc5
E1462,fpr25=0xa5ddb768 bfc22b5d 07cbfb97 c023a3bc
E1463,fpr26=0x3280142a c016ecfe 225d3696 402e6ee0
E1464,fpr27=0xb54328aa 3ff925d0 5f32e549 c000af8c
E1465,fpr28=0xfa1099a0 402752a9 4879f9cc 4013ec5c
E1466,fpr29=0xdcef816f 3fdf36fa 659f7cfe 40150883
E1467,fpr30=0x2f308db2 c01cd896 05613382 4020705d
E1468,fpr31=0xc5bef4b8 c008806c e06ca8f9 c02f96a0
E1469,0xbf070f8c 0xf7a4ac9f
E1470,0x3fe3f579 0xc15c9073
E1471,0xbff02716 0x68ec8538
E1472,r04=0x0b42fc70 r05=0xffffb7e8 r06=0x00000900 r07=0x28422224
E1473,r08=0x48422224 r09=0x086bee00 r10=0x00000000 r11=0x00016800
E1474,<*> r13=0x1eeeeeee <*> r15=0x0000000c
E1475,r16=0x0000071a r17=0x00000009 r18=0x00000000 r19=0x00000719
E1476,r20=0x0b5c7c30 r21=0x086d7610 r22=0x080db700 r23=0x080db6d0
E1477,r24=0x00000000 r25=0x00000003 r26=0x000047e0 r27=0x00000010
E1478,r28=0x000047d8 r29=0xffffb7e8 r30=0x00000000 r31=0x00004800
E1479,lr=0x00486ad8 cr=0x48422224 xer=0x20000002 ctr=0x00000305
E1480,fpr1=0x85345237 3fd4fef8 8e61c0de bfeb7ad4
E1481,fpr2=0x98ad50cc 3ff0fbd9 4c14decd bfeb7b2e
E1482,fpr3=0xe81b7f34 bfd4d41e 0882e006 bfd4d50f
E1483,fpr4=0x90e9623b bfe3cfc7 9b8fa1d0 bfe3cf99
E1484,fpr5=0xd08e4982 3fe3cf2b 4c96bfaa 3f06e1a5
E1485,fpr6=0x9fde29b5 3ff006ec 1e52ceb1 bff006d9
E1486,fpr7=0xb99dc94d bdd567fe c4b827fb 3df5dd71
E1487,fpr8=0x2a9a4417 3df764ed 3dc40043 3df885ce
E1488,fpr9=0x263a3565 bdecab74 fd2656c6 3df3ddff
E1489,fpr10=0x1e79b384 bde0e370 1f19656a 3e014040
E1490,fpr11=0x54e63dec 3e02751d e8e91307 3e035909
E1491,fpr12=0x16743d95 bdf69e9c bd76be8c 3dff5972
E1492,fpr13=0xe17c77f3 bf106090 49cff16a 3f0a8264
E1493,fpr14=0xbfa8b580 3f0a7e2e 8cd6e69b bef44493
E1494,fpr15=0x66f0f9db bef438e3 cee686d4 3f0a805e
E1495,fpr16=0x6faa41b3 3f0a8231 3d4cc357 3f0a8020
E1496,fpr17=0xde6e80ad bef44517 a3a961c9 3f0a7e2b
E1497,fpr18=0x5986d427 bef4396c d5790b0e bf106097
E1498,fpr19=0xe1a261f5 3e3e02f8 4e0ebb83 3e468e58
E1499,fpr20=0x5ae889cf be43c53c 9b194704 be3beda6
E1500,fpr21=0x248a7549 3e0fde1c 660fee85 be494bcf
E1501,fpr22=0x63721200 3e3ddd71 e70b65ae 3e460d37
E1502,fpr23=0xca246a4b be43bc84 bd5ac63d be3ba3ec
E1503,fpr24=0x833634c9 3e164570 9b11c7cc be48368d
E1504,fpr25=0x7007a404 bed648f8 b8089fb0 3edb8e89
E1505,fpr26=0xa546862f 3ec10355 044a0507 bed64e42
E1506,fpr27=0x8f8c41d8 3ec1002d fea4549a 3edb858b
E1507,fpr28=0xe857a307 3edb905e 1a50628e 3edb81bd
E1508,fpr29=0xf4034cc1 bed65055 9ec00cf7 3ec10067
E1509,fpr30=0x155b0551 3ec11f84 d6dbe0ae bed64319
E1510,r04=0xffff3470 r05=0x33333300 <*> r07=0x00030000
E1511,"dear <*> <*> RAS KERNEL INFO Kernel detected <*> integer alignment exceptions <*> iar 0x00544ea8, dear <*> <*> iar 0x00544eb8, dear <*> <*> iar 0x00544ea8, dear <*> <*> iar 0x00544eb8, dear <*> <*> iar 0x00544ee0, dear <*> <*> iar 0x00544ef0, dear <*> <*> iar 0x00544ee0, dear <*> <*> iar 0x00544ef0, dear <*>"
E1512,ciod: Error loading /p/gb1/light3/sppm_chkpt/sppm: not a CNK program image
E1513,0x32470000 0x31470000
E1514,r00=0x0000001c r01=0x0ffe40e0 r02=0x1eeeeeee r03=0x00000064
E1515,r04=0x095c4e78 r05=0x06002490 r06=0x06002498 r07=0x060024a0
E1516,r08=0x060024a8 r09=0x060024b0 r10=0x0ffe8924 r11=0x0ffe422c
E1517,r12=0x0000001c r13=0x1eeeeeee r14=0x00000082 r15=0x083de8e0
E1518,r16=0x08499870 r17=0xffffff60 r18=0x0839b228 r19=0x00000064
E1519,r20=0x0ffe4260 r21=0x083de348 r22=0x083df8c8 r23=0x08325930
E1520,r24=0x083e0e68 r25=0x0ffe891c r26=0x0ffe4230 r27=0x0ffe8914
E1521,r28=0x0ffe54c0 r29=0x0ffe890c r30=0x0000006c r31=0x0ffe8920
E1522,lr=0x0020947c cr=0x84244844 xer=0x00000002 ctr=0x0000001c
E1523,fpr1=0xf2250423 3fd2b2fb 5573f0e0 bcd2d127
E1524,fpr2=0x8935e020 3ca19d8b d3d85973 4007df0e
E1525,fpr3=0x8e7d21fd 3ffb6183 d3d8596f 4007df0e
E1526,fpr4=0x00000000 3fe2b2e9 6622619a bcf2b08f
E1527,fpr5=0x8e7d21fd 3ffb6183 cc79128b 3cfecf86
E1528,fpr6=0x281fd912 40076db7 457d611f 3d01021d
E1529,fpr7=0x281fd914 40076db7 00000000 bce00000
E1530,fpr8=0x8e7d21fb 3ffb6183 c4ac2530 bcda6879
E1531,fpr9=0x281fd917 40076db7 a7349330 3ce586f1
E1532,fpr10=0x8e7d21fb 3ffb6183 cc44c335 bce5611e
E1533,fpr11=0xf2250423 3fd2b2fb f2250422 3fd2b2fb
E1534,fpr12=0x8e7d21fb 3ffb6183 8e7d21fd 3ffb6183
E1535,fpr13=0xe8efc5b0 bf003602 e8ef3019 bf003602
E1536,<*> <*> 00000000 3ff00000
E1537,fpr22=0x00000000 bff00000 00000000 bff00000
E1538,fpr24=0x00000000 bff00000 5b487c24 3f827da8
E1539,fpr25=0x00000000 3ff00000 696d6573 6c652074
E1540,0x20202020 0x20202030
E1541,0x78253038 <*>
E1542,r00=0x00000080 r01=0x0ffe41b0 r02=0x1eeeeeee r03=0x0ffe8cf0
E1543,r04=0x095c5188 r05=0x00000010 r06=0x095c4e78 r07=0x0ffe66e8
E1544,r08=0x0ffe9f58 r09=0x0050bf58 r10=0x0ffe8e18 r11=0x0ffe9b30
E1545,r12=0x0050bb30 r13=0x1eeeeeee r14=0x0ffe89d0 r15=0x0ffe6fb0
E1546,r16=0x0ffe6b60 r17=0x0ffe4490 r18=0xffffffe8 r19=0xfffff770
E1547,r20=0x000022a0 r21=0x000015a0 r22=0x07b62090 r23=0x07b62098
E1548,r24=0x0ffe9f48 r25=0x00000020 r26=0x00000040 r27=0x0ffe5040
E1549,r28=0x0ffe41b0 r29=0x00000000 r30=0x0ffe9290 r31=0x0ffe89f0
E1550,lr=0x0020bf90 cr=0x24244844 xer=0x00000002 ctr=0x00000012
E1551,fpr0=0xfffffe51 3fefffff fffffe7a 3fefffff
E1552,<*> 3f4fffff fffffe7a 3f4fffff
E1553,fpr4=0x3e57521c bf67d3cb fffffe51 3f4fffff
E1554,<*> <*> 00000000 80000000
E1555,fpr8=0x3e575215 bf67d3cb 007f850f 3d05f9cf
E1556,fpr9=0xfffffef0 408fffff b4e362e2 3cf17e94
E1557,fpr10=0x86515229 3c4bb730 3e575172 c007d3cb
E1558,fpr11=0x8f11a495 bc3c7f18 88881ecc 40155787
E1559,fpr12=0x8523c684 3c498626 3e575151 c007d3cb
E1560,fpr13=0x9041e5fe 3924ec31 88881e97 40155787
E1561,fpr15=0x86c1fcaf bc4f7014 000000bc 3ff00000
E1562,fpr17=0xb1d0411a bc57872f d1030d25 3fbca20d
E1563,fpr18=0xfffffebc 408fffff 3e575140 c007d3cb
E1564,fpr19=0x36fe4f63 bc5955b8 fa73c196 3ce14312
E1565,fpr20=0xf386e5ad bc7d4360 89decd90 3cb90ddb
E1566,fpr21=0x000000c1 3f500000 48ae126b 3d0ad4cc
E1567,fpr28=0x88881f52 40155787 00000087 3ff00000
E1568,fpr29=0x37c91ba9 3a127157 72505e30 bcd08103
E1569,fpr30=0xfa73c196 3ce14312 25eab70e 3cd0a179
E1570,r04=0x0fea04b8 r05=0x00000000 r06=0x02217468 r07=0x02217628
E1571,r08=0x022177e8 r09=0x02217468 r10=0x02217628 r11=0x00237ed8
E1572,r12=0xffffcb62 r13=0x1eeeeeee r14=0x01855c80 r15=0x01054a30
E1573,r16=0x09b9cca0 r17=0x01899740 r18=0x09bfd410 r19=0x09c0d550
E1574,r20=0x00000f99 r21=0x000681c0 r22=0x0000ba8c r23=0x0a1a5b2c
E1575,r24=0x0a1a5b28 r25=0x00270000 r26=0x000001aa r27=0x00000000
E1576,r28=0x00002012 r29=0x00000001 r30=0x09feab50 r31=0x02217470
E1577,lr=0x001429a8 cr=0x44404222 xer=0x20000002 ctr=0x001428d0
E1578,fpr0=0x00000000 00000000 <*> <*>
E1579,fpr5=0xa7b6e52a 4025a18f a1482c21 3f6ce353
E1580,fpr6=0x4c6769f9 402953b1 b72f6516 3f946f0b
E1581,fpr7=0x798fced5 40113b1d 88d927d4 3fc8881c
E1582,<*> <*> 000004dc 3fe00000
E1583,fpr11=0x4dad5304 bfb5b613 00000000 bc8bfd32
E1584,fpr12=0x2c4463e5 40286de8 5fbb49ec 3fee65b1
E1585,r00=0x00000001 r01=0x1ffa9410 r02=0x1eeeeeee r03=0x000006f8
E1586,r04=0x000006f0 r05=0x0194adb8 r06=0x0194adb0 r07=0x056a2a20
E1587,r08=0x00055800 r09=0x00055800 r10=0x01349d58 r11=0x00000002
E1588,r12=0x00a1c2a0 r13=0x1eeeeeee r14=0x00e60000 r15=0x00000006
E1589,r16=0x00d4e260 r17=0xfffead80 r18=0x00000072 r19=0x00c8e140
E1590,r20=0x00dde3b0 r21=0x00d8fd70 r22=0x01344e10 r23=0x00000001
E1591,r24=0x00d913d0 r25=0x0002a000 r26=0x00000000 r27=0x00001500
E1592,r28=0x00a1bed0 r29=0x007f9c08 r30=0x00000380 r31=0x00d945b8
E1593,lr=0x004d1ea4 cr=0x42000820 xer=0x20000002 ctr=0x00000002
E1594,fpr0=0xf7b9a788 0001827f 3f6a8c91 3ec756aa
E1595,fpr1=0x01077800 8ff2ff96 d0e7aef3 3eca2702
E1596,fpr2=0x00017ba6 00000000 a858080e 3f9e315a
E1597,fpr3=0x00000000 8f2c2960 90140eab 3fa24e17
E1598,fpr4=0xfc4b6390 00000000 84450a5a 3f2d7422
E1599,fpr5=0x00000000 1b9d1880 dfd4314f 3f24878b
E1600,fpr6=0xfcd34daf 00000000 36e7473e bfa04bd3
E1601,fpr7=0x00000000 fd937100 fcc3d8f4 00000000
E1602,fpr8=0x02a6a7af 00000000 720a8300 fdbdf4a6
E1603,fpr9=0x00000000 bb8462e0 fcd63593 00000000
E1604,fpr10=0x2895e900 fdd2470d 00000000 30f18240
E1605,fpr11=0x1cb67000 fdd17678 00000000 213e0940
E1606,fpr12=0x09f3a000 727ebf3e 00010c81 aaecab24
E1607,fpr13=0x6127af00 e00cb387 0001cd23 f8bde000
E1608,r00=0x00000000 r01=0x0ffea660 r02=0x00000000 r03=0x00b5aa10
E1609,r04=0x000003f0 r05=0x00000870 r06=0x00340000 r07=0x00000004
E1610,r08=0x0000036c r09=0x389cc625 r10=0x0030ae90 r11=0x00310000
E1611,r12=0x0000005b r13=0x1eeeeeee r14=0x00b5ae00 r15=0x00b5b280
E1612,r24=0x00000001 r25=0x00000370 r26=0x00000374 r27=0x00000000
E1613,r28=0x00000049 r29=0x00000000 r30=0x00352140 r31=0x00000001
E1614,lr=0x002033fc cr=0x82848844 xer=0x00000002 ctr=0x00266bd4
E1615,msr=0x0002f900 <*> esr=0x08000000 <*>
E1616,fpr7=0x00000000 00000000 <*> <*>
E1617,fpr13=0x00000000 00000000 <*> <*>
E1618,<*> <*> 00000000 3fe00000
E1619,<*> <*> 78d4fdf3 4043a6e9
E1620,"rts assertion failed: `vaddr % PAGE_SIZE_1M == 0' in `int initializeAppMemory(int, TLBEntry&, unsigned int, unsigned int)' at mmu.cc:540"
E1621,r00=0x00000008 <*> r02=0x1eeeeeee <*>
E1622,r04=0xa0040000 r05=0x00360000 r06=0x00000010 r07=0x00000000
E1623,r08=0x0aae6ad0 r09=0x08000000 r10=0xfff2ba7c r11=0x00000000
E1624,r12=0x00000002 r13=0x1eeeeeee r14=0x0000fa00 r15=0x00475be0
E1625,r16=0xfffffffe r17=0x4c00081f r18=0x44000000 r19=0x085f9780
E1626,r20=0x085f19d0 r21=0x40000000 r22=0x0ffe9f00 r23=0x00000001
E1627,r24=0x00000000 <*> <*> r27=0x00000000
E1628,r28=0xa003e820 r29=0x00000000 r30=0x84004444 r31=0x0aab54f0
E1629,lr=0x0025bd1c cr=0x84004444 xer=0x00000002 ctr=0x00289c24
E1630,fpr0=0x5bd1be25 bfd9119c 0c643dc2 400c7cc8
E1631,fpr1=0x2a8205b2 3fe83bcb f6265688 3fd6cb5c
E1632,fpr2=0xdb90f4c7 3ff2872e f626568a 3fd6cb5c
E1633,fpr3=0x13885582 3ff34da9 191b32e7 400c7b99
E1634,<*> <*> 92636fd5 bfb270e7
E1635,fpr5=0xfed78206 40045d5a 06be1146 3ff482f0
E1636,fpr6=0x9c990d1b 40021c6f a8f77056 3ff733af
E1637,fpr7=0x0191b842 bfe5f5c1 8ee86893 3fe7d594
E1638,fpr8=0xad4de1a7 4024fd26 de5ba6e6 400b1ea2
E1639,fpr9=0x2ce686d5 3fe99e42 8fb815f2 400afc39
E1640,fpr11=0x8e34592b 3ff9f5b7 ed86f0f0 40090740
E1641,fpr12=0xa577c879 3f766531 0ea28f87 bf8303c4
E1642,fpr13=0xfcffd0ad 40238ba4 45816108 c01df19c
E1643,<*> <*> 00000000 bfe00000
E1644,r00=0x00000003 r01=0x0ffe9ed0 r02=0x1eeeeeee r03=0x00000002
E1645,r04=0x00482b18 r05=0x00482ae8 r06=0x02a4ef70 r07=0x0047ebd0
E1646,r08=0x00482b18 r09=0x00482b18 r10=0x00000002 r11=0x00482b28
E1647,r12=0x00482ae0 r13=0x1eeeeeee r14=0x08626be8 r15=0x08626bf0
E1648,r16=0x08626bf8 r17=0x005cf7b0 r18=0x0858dd18 r19=0x00482b30
E1649,r20=0x00482ae8 r21=0x08814b68 r22=0x00000000 r23=0x00002b20
E1650,r24=0x0057d5e8 r25=0x08743320 r26=0x00595bf0 r27=0x087023c0
E1651,r28=0x086d23c0 r29=0x00482ad0 r30=0x0033a570 r31=0x0047eba0
E1652,fpr4=0x00000000 00000000 <*> <*>
E1653,fpr12=0x00000000 00000028 18940624 bf455129
E1654,fpr13=0x00000000 060008a5 4ea20105 3fc1d2c5
E1655,r00=0x00000030 r01=0x0ffe9d50 r02=0x00000000 r03=0x0b592b40
E1656,r04=0x0b3a4200 r05=0x0000000c r06=0x0000000c r07=0x7ffffff2
E1657,r08=0x0000029e r09=0x00000000 r10=0x00000004 r11=0x0ffe9c9d
E1658,r12=0x44844480 r13=0x1eeeeeee r14=0x00000010 r15=0x08adcc70
E1659,r16=0x00000001 r17=0x00e12310 r18=0x0ffea010 r19=0x00000008
E1660,r20=0x0b3a49ff r21=0x0b3a2a04 r22=0x0035e908 r23=0x80000003
E1661,r24=0x80000001 r25=0x003c1920 r26=0x0b60e860 r27=0x0000000c
E1662,r28=0x0b592b40 r29=0x0000000c r30=0x0b3a420c r31=0x0b592b4c
E1663,<*> <*> xer=0x00000002 ctr=0x00000000
E1664,fpr31=0x00000000 00000000 28f5c28f 40128f5c
E1665,<*> r01=0x0ffea1c0 r02=0x1eeeeeee <*>
E1666,r04=0x085a6ae0 r05=0x000003fe r06=0x000fff68 r07=0x3fefff68
E1667,r08=0x089d85a0 r09=0x028fb5c0 r10=0x00a25be0 r11=0x00000004
E1668,r16=0x0000046d r17=0x00a35a08 r18=0x0292b038 r19=0x089f79a0
E1669,r20=0x00000002 r21=0x0000000c r22=0x00000085 r23=0x005cf7c8
E1670,r24=0x005e1ec8 r25=0xe22bbe98 r26=0x085a5718 r27=0x0858dd18
E1671,r28=0x003b6368 r29=0x0033a570 r30=0x0047eba0 r31=0x0a86c380
E1672,fpr0=0x00000000 0100011f 8cb2b750 4024093f
E1673,fpr3=0x00000000 408f4000 3740a5e9 4026f8d5
E1674,fpr4=0x00000000 3ff00000 843ea599 3f0804f2
E1675,fpr6=0x00000000 41601224 533cc265 3f088fd3
E1676,fpr7=0x5789d180 bfdc2b71 88e368f1 3ef4f8b5
E1677,fpr8=0x3883a497 bfe016b5 8da3311e 3f06d5a7
E1678,fpr9=0x00000000 40914400 7f72ea93 c073763e
E1679,<*> <*> 33333333 40873333
E1680,fpr11=0x648fbb1c bfd80aa1 b64fc1d3 4074e425
E1681,fpr13=0x00000000 0000011f 984983e1 c0756f84
E1682,r04=0x40000000 r05=0x00000000 r06=0x43380000 r07=0x00000001
E1683,r08=0x0031a180 r09=0x00320000 r10=0x0031b7c0 r11=0x0031cb30
E1684,r12=0xffff0b37 r13=0x1eeeeeee r14=0x00360000 r15=0x007500b0
E1685,r16=0x005cb3f8 r17=0x005cb358 r18=0x005ca830 r19=0x005ca830
E1686,r20=0x00000001 r21=0x0000001f r22=0x00000004 r23=0x0070a268
E1687,r24=0x0ffea290 r25=0x003d94e8 r26=0x0034f730 r27=0x00000000
E1688,r28=0x0034f6c0 r29=0x002f2300 r30=0x0070a290 r31=0x003d94c0
E1689,fpr1=0x6d9f302d 00759b38 c5b18dbd 3fdd0fef
E1690,fpr2=0x00000000 200006fa 1e1b2fae 40080650
E1691,fpr5=0x6d172905 407497d1 7ae147ae 4011ae14
E1692,fpr6=0xfe1a782a 3fbdc5fe 6b99523a 3fe93231
E1693,fpr7=0xbd0715ef 3fbdb8a5 9885abca beb8e10b
E1694,fpr9=0x3007c6cb 40944c74 f69f8e08 3fdffffe
E1695,fpr10=0x6ea1830b 40749745 74959e58 3de5102b
E1696,fpr11=0xda1a727b 4095618c 58ed155e 3e2f742a
E1697,fpr12=0x00000000 000000a0 15464563 3de51692
E1698,fpr13=0x00000000 060006fb 0fdd8d22 3d8357c0
E1699,symbol................16
E1700,mask..................0x80
E1701,0x40615575 0x91d60988
E1702,0x405ace5f 0x155e0196
E1703,0xc04f5438 0x0b4ac325
E1704,r00=0x1ff3a108 r01=0x1f407c60 r02=0x1eeeeeee r03=0x0000000b
E1705,r04=0x00000240 r05=0x1f407d34 r06=0x00000048 r07=0x0000a200
E1706,r08=0x02ea6ff8 r09=0x00000048 r10=0x0000001d r11=0x02ead0b8
E1707,r12=0x1ff40220 r13=0x1eeeeeee r14=0x1fcd0248 r15=0x1f9ed508
E1708,r16=0x1fcd0708 r17=0x1f700108 r18=0x1ffa9708 r19=0x1fcd0948
E1709,r20=0x1f427348 r21=0x1f714748 r22=0x1f9f7948 r23=0x00000000
E1710,r24=0x1fcc6750 r25=0x1f9ed750 r26=0x0000a200 r27=0xfffffdc0
E1711,r28=0x0000a200 r29=0x1ff401c8 r30=0x00000288 r31=0x03186110
E1712,lr=0x00211414 cr=0x44424a44 xer=0x20000002 ctr=0x0000003d
E1713,fpr12=0x00000001 00000028 8c6eda20 3fea245a
E1714,r00=0xb1140000 r01=0x1fffffc0 r02=0x1eeeeeee r03=0x002ba3d4
E1715,r04=0xb1150000 r05=0x0352f5e0 r06=0x002ba3d4 r07=0x00000000
E1716,r08=0x002b9c5c r09=0xa0000048 r10=0xb1150000 r11=0xb1150000
E1717,r12=0x00001cf3 r13=0x1eeeeeee r14=0x004eff08 r15=0x004eff10
E1718,r16=0x00000011 r17=0x0066fa50 r18=0x00657450 r19=0x0352b8d0
E1719,r24=0x00000000 r25=0x00000000 r26=0x00000000 r27=0x000ce5c8
E1720,r28=0x00000005 r29=0xa0000020 r30=0xa00000c0 r31=0x00000028
E1721,lr=0x002ba3d4 cr=0x28004422 xer=0x20000002 ctr=0x002b9c5c
E1722,msr=0x0000f000 dear=0x00000000 esr=0x00000000 fpscr=0x00002000
E1723,fpr0=0x00000000 20001cf3 07080000 01000313
E1724,fpr2=0x77ce1048 bfe675e5 b65c522f 40052e40
E1725,fpr3=0x0000000f 00000048 564e8f93 bff74167
E1726,fpr4=0xbb6bd241 bfd7147c 6f2832ff 3fe1a8bc
E1727,fpr5=0x902606e3 3fe7e35a 243d0164 c0152a1b
E1728,fpr6=0x4331eec8 bfe662a7 1129f091 40050650
E1729,fpr7=0x0000000f 00000048 8fd87920 bff7d205
E1730,fpr8=0x91190b3b bfcbd0a0 117324af 3fe184d6
E1731,fpr9=0x7c98c7a9 40096363 3c10b7f0 3ffe6634
E1732,<*> 3ff66666 66666666 3ff66666
E1733,fpr11=0x695c6701 3e4363aa 77478fd9 3fe0d90f
E1734,r04=0x0030e278 r05=0x00000000 r06=0xfefefeff r07=0x7f7f7f7f
E1735,r08=0x00808080 r09=0x0ffea9c8 r10=0x80808080 r11=0x00000042
E1736,r12=0x80808080 r13=0x1eeeeeee r14=0x40000000 r15=0x40000000
E1737,r20=0x003eab80 r21=0x006487c0 r22=0x006487c0 r23=0x00000000
E1738,r24=0x00000000 r25=0x006487c0 r26=0x0045c9c0 r27=0x00000310
E1739,r28=0x0030e270 r29=0x00000000 r30=0x00000310 r31=0x00759a50
E1740,fpr0=0x00000000 00030000 04000000 00000000
E1741,<*> bf216810 e50a1cb9 3f34ce3d
E1742,fpr2=0x00000000 07000607 00042076 00016207
E1743,fpr5=0x68d637f6 befb1101 ff902ae7 3f439972
E1744,fpr6=0xe8863bb6 3f503043 58a9662d 3f2dfdac
E1745,fpr11=0x9042fc36 bf114ab6 bfec5137 bee2ba98
E1746,r04=0x002e3610 r05=0x00350000 r06=0x0000000e r07=0x0000000e
E1747,<*> r09=0x00000000 <*> r11=0x00280000
E1748,<*> r13=0x1eeeeeee r14=0x00340000 <*>
E1749,<*> r17=0x00350000 r18=0x00350000 r19=0x00340000
E1750,r20=0x00000000 r21=0x00350000 <*> <*>
E1751,<*> r25=0x00340000 r26=0x00343454 <*>
E1752,r28=0xffffffff r29=0xffffffff r30=0x000007d0 r31=0x00350000
E1753,lr=0x00205034 cr=0x22848044 xer=0x00000002 ctr=0x000057ea
E1754,0x400617d0 0xe413abe8
E1755,0x3ff66666 0x66666666
E1756,r00=0x00000070 r01=0x1aa3a690 r02=0x1eeeeeee r03=0x00413a50
E1757,r04=0x00000008 r05=0x00458b50 r06=0x1aa3ad28 r07=0x00000068
E1758,r08=0x00000020 r09=0x1fcd1030 r10=0x1f9f8030 r11=0x00000060
E1759,r12=0x0000003f r13=0x1eeeeeee r14=0x006a8a08 r15=0x00d5db00
E1760,r16=0x1f16d030 r17=0x1f71f030 r18=0x00000018 r19=0x1f811290
E1761,r20=0x014067a8 r21=0x00000028 r22=0x01406738 r23=0x1f25f290
E1762,r24=0x1cb2f5a0 r25=0x1fdbb290 r26=0x1fae2290 r27=0x1f530290
E1763,r28=0x1cb2f538 r29=0x000f2268 r30=0x00000006 r31=0x1aa3a8d0
E1764,<*> <*> d9d7bdbb 3ddb7cdf
E1765,fpr5=0xc63ddf17 3fefabb7 84dc4fe1 3f0e019c
E1766,fpr6=0xf8561d3d c006dde7 84dc4fe1 3fce019c
E1767,fpr7=0x00000011 00000048 585fa747 3fe6dba1
E1768,fpr8=0x7f03a717 3fc8b161 b605c900 bf718d1a
E1769,fpr9=0xbe9ca759 4000efff 3b301df2 bff30219
E1770,fpr13=0x4bcd5d38 4000c8d0 128cfca0 3fa0a96f
E1771,r04=0x008bc0c4 r05=0x002e0000 r06=0x00348fc0 r07=0x00039cf0
E1772,r08=0x008b5208 r09=0xffff91d4 r10=0x00350000 r11=0x00350000
E1773,r12=0x00348fa8 r13=0x1eeeeeee r14=0x00350000 r15=0x00006a83
E1774,r24=0x00350000 r25=0x00350000 r26=0x00340000 r27=0x00350000
E1775,r28=0x00022b8e r29=0x0086f8b0 r30=0x00000002 r31=0x00008000
E1776,lr=0x002203e4 cr=0x44000044 xer=0x20000002 ctr=0x00006452
E1777,fpr4=0x9999999a 3fe99999 a0000000 40037e17
E1778,fpr5=0x0000002d 42c80000 40000000 3fd31b6b
E1779,fpr6=0x3145c070 00000003 40000000 3fe6c3eb
E1780,fpr7=0x799e790a 40b11ceb 40000000 3fe04888
E1781,fpr8=0x9c76db36 3ff36523 e0000000 3fba0da6
E1782,fpr13=0x0000008c 00006a83 29ee437c 3feb932c
E1783,ciod: for node <*> incomplete data written to core file <*>
E1784,r04=0x00443a38 r05=0x00000012 r06=0x0077e728 r07=0x00000000
E1785,r08=0x00774a8c r09=0x0077e710 r10=0x00f3af08 r11=0x00000000
E1786,r12=0x00000005 r13=0x1eeeeeee r14=0x00774a8c r15=0x00774a10
E1787,r16=0x00001c84 r17=0x00443a38 r18=0x00001ca4 r19=0x0044388c
E1788,r20=0x004438fc r21=0x00443964 r22=0x0034f5a4 r23=0x00000003
E1789,r24=0x007914b8 r25=0x00000004 r26=0x00000000 r27=0x00000001
E1790,r28=0x00000004 r29=0x00000005 r30=0x00000001 r31=0x0000000b
E1791,lr=0x0021a824 cr=0x42488884 xer=0x20000002 ctr=0x002208ac
E1792,fpr1=0x007e33f0 3fd0da8e 00000000 40368000
E1793,fpr2=0x00000000 20001c84 8e38e38e 403b38e3
E1794,fpr5=0xbc3685a2 40903797 00000000 bfd40000
E1795,fpr6=0xdb0d1713 40623f66 00000000 3fd80000
E1796,fpr11=0xb57c92bf 40625637 4fcf28c8 406162a6
E1797,fpr12=0x00000000 00000090 ea65a5d2 407275e5
E1798,fpr13=0x00000000 06001c94 53eb915a 4088ed0d
E1799,r00=0xbf8ae0f0 r01=0x0ffea660 r02=0x1eeeeeee r03=0x007523cc
E1800,r04=0x003eaf40 r05=0x00000010 r06=0x0027792c r07=0x00000000
E1801,r08=0x0ffea280 r09=0xedcb9683 r10=0x000003f0 r11=0x00000010
E1802,r12=0x00000b21 r13=0x1eeeeeee r14=0x006f02dc r15=0x006f02b8
E1803,r16=0x00000024 r17=0x00443a3c r18=0x00360000 r19=0x004438d0
E1804,r20=0x00443940 r21=0x0044397c r22=0x0034f650 r23=0x00000010
E1805,r24=0x006ef70c r25=0x00000003 r26=0x00000001 r27=0x00000003
E1806,r28=0x00000b60 r29=0x000003f0 r30=0x003eab90 r31=0x00752020
E1807,lr=0x002cde48 cr=0x44488842 xer=0x20000002 ctr=0x002ce28c
E1808,fpr0=0x00000000 20000b21 040c0000 01010300
E1809,fpr11=0x9d20b7c5 408bead8 b363781c 405246f3
E1810,fpr13=0x004ba730 3fc67a74 0024ffd4 fffffffc
E1811,r04=0x00000090 r05=0x00000000 r06=0x00340000 r07=0x00000000
E1812,r08=0x00000420 r09=0x10a95afd r10=0x0030b350 r11=0x0030a508
E1813,r12=0x00000028 r13=0x1eeeeeee r14=0x0092be50 r15=0x0092c000
E1814,r16=0x00000001 r17=0x00000000 r18=0x00000000 r19=0x00000000
E1815,r28=0x00000058 r29=0x00000000 r30=0x00352640 r31=0x00000000
E1816,<*> <*> xer=0x00000002 ctr=0x00266f2c
E1817,r00=0x00000001 r01=0x0ffea800 r02=0x00000000 r03=0x0000359d
E1818,r04=0x003bc0f0 r05=0x003bc2f0 r06=0x00000020 r07=0x00000020
E1819,fpr7=0x0000004e 42c80000 1dea4cc8 3c5e9184
E1820,fpr9=0x9c35f139 40a4e7cf 800e99b1 3fefcf0c
E1821,fpr10=0xe6721ace 3fe8a2f4 8568391d 3fbbf1b7
E1822,fpr13=0x00000000 0000359d f1e75989 3f2c5b7b
