block_id,n_events,surprise_score,classification,true_label
bgl_38934,100,0.002002,NORMAL,0
bgl_27819,100,0.003246,NORMAL,0
bgl_39645,100,0.002002,NORMAL,0
bgl_31903,100,0.002002,NORMAL,0
bgl_29042,100,0.003246,NORMAL,0
bgl_28329,100,0.003246,NORMAL,0
bgl_40009,100,0.002002,NORMAL,0
bgl_44481,100,0.676837,NORMAL,0
bgl_20170,100,0.003246,NORMAL,0
bgl_29013,100,0.003246,NORMAL,0
bgl_29030,100,0.003246,NORMAL,0
bgl_23934,100,0.003246,NORMAL,0
bgl_10539,100,0.013633,NORMAL,0
bgl_41400,100,9.139705,ANOMALY,1
bgl_29498,100,0.00237,NORMAL,0
bgl_33591,100,0.003616,NORMAL,0
bgl_8936,100,0.000462,NORMAL,0
bgl_1638,100,1.375486,UNCERTAIN,0
bgl_7960,100,0.010121,NORMAL,0
bgl_45018,100,0.661656,NORMAL,0
bgl_41322,100,0.002002,NORMAL,0
bgl_34566,100,0.00237,NORMAL,0
bgl_46267,100,0.842247,NORMAL,0
bgl_25002,100,0.003246,NORMAL,0
bgl_916,100,0.003246,NORMAL,0
bgl_7908,100,0.010121,NORMAL,0
bgl_30909,100,0.004105,NORMAL,0
bgl_21230,100,0.003246,NORMAL,0
bgl_1936,100,0.999161,NORMAL,1
bgl_31822,100,0.38485,NORMAL,0
bgl_11086,100,1.650367,UNCERTAIN,1
bgl_36792,100,0.294784,NORMAL,0
bgl_25270,100,0.003246,NORMAL,0
bgl_41796,100,1.634647,UNCERTAIN,0
bgl_14551,100,0.003246,NORMAL,0
bgl_949,100,0.003246,NORMAL,0
bgl_30295,100,0.000656,NORMAL,0
bgl_14585,100,0.003246,NORMAL,0
bgl_32148,100,0.648187,NORMAL,0
bgl_30531,100,9.3219,ANOMALY,1
bgl_19830,100,0.003246,NORMAL,0
bgl_166,100,9.139705,ANOMALY,1
bgl_23839,100,0.003246,NORMAL,0
bgl_19507,100,0.003246,NORMAL,0
bgl_46360,100,0.616309,NORMAL,0
bgl_12155,100,0.003246,NORMAL,0
bgl_22977,100,0.003246,NORMAL,0
bgl_25999,100,0.596143,NORMAL,0
bgl_32199,100,0.000462,NORMAL,0
bgl_30904,100,0.004105,NORMAL,0
bgl_34279,100,0.113679,NORMAL,0
bgl_19852,100,2.0739,UNCERTAIN,1
bgl_37416,100,0.002002,NORMAL,0
bgl_33966,100,0.00237,NORMAL,0
bgl_40050,100,0.002002,NORMAL,0
bgl_18948,100,0.003246,NORMAL,0
bgl_112,100,0.003246,NORMAL,0
bgl_29685,100,0.157022,NORMAL,0
bgl_11759,100,0.003246,NORMAL,0
bgl_36384,100,0.565111,NORMAL,0
bgl_23621,100,0.003246,NORMAL,0
bgl_44295,100,0.685668,NORMAL,0
bgl_7182,100,0.253404,NORMAL,0
bgl_19931,100,0.003246,NORMAL,0
bgl_38627,100,0.41698,NORMAL,0
bgl_41920,100,0.001215,NORMAL,0
bgl_41918,100,0.001215,NORMAL,0
bgl_30625,100,9.139705,ANOMALY,1
bgl_44850,100,0.66874,NORMAL,0
bgl_23075,100,0.003246,NORMAL,0
bgl_40223,100,0.130963,NORMAL,0
bgl_38733,100,0.00411,NORMAL,0
bgl_13493,100,0.000462,NORMAL,0
bgl_41934,100,0.489551,NORMAL,0
bgl_22365,100,0.003246,NORMAL,0
bgl_25301,100,0.003246,NORMAL,0
bgl_1567,100,0.003246,NORMAL,0
bgl_44616,100,0.667087,NORMAL,0
bgl_37663,100,0.002002,NORMAL,0
bgl_40907,100,0.00411,NORMAL,0
bgl_14648,100,0.003246,NORMAL,0
bgl_46405,100,0.609251,NORMAL,0
bgl_19827,100,0.003246,NORMAL,0
bgl_17083,100,0.003246,NORMAL,0
bgl_41613,100,0.540752,NORMAL,0
bgl_566,100,0.003246,NORMAL,0
bgl_394,100,0.003246,NORMAL,0
bgl_5172,100,0.00316,NORMAL,0
bgl_22934,100,0.003246,NORMAL,0
bgl_10332,100,0.001405,NORMAL,0
bgl_46183,100,0.859339,NORMAL,0
bgl_43783,100,0.66097,NORMAL,0
bgl_41671,100,0.004105,NORMAL,0
bgl_6114,100,0.383773,NORMAL,0
bgl_34857,100,0.000878,NORMAL,0
bgl_29359,100,0.00237,NORMAL,0
bgl_18529,100,0.003246,NORMAL,0
bgl_36356,100,1.206442,UNCERTAIN,0
bgl_4801,100,0.005054,NORMAL,0
bgl_34804,100,0.000878,NORMAL,0
bgl_1316,100,0.010121,NORMAL,0
bgl_13803,100,0.000462,NORMAL,0
bgl_29598,100,0.498422,NORMAL,0
bgl_14263,100,0.003246,NORMAL,0
bgl_26543,100,0.00411,NORMAL,0
bgl_37386,100,0.002002,NORMAL,0
bgl_45517,100,0.678778,NORMAL,0
bgl_25805,100,0.00411,NORMAL,0
bgl_36008,100,0.004105,NORMAL,0
bgl_36224,100,2.664986,ANOMALY,1
bgl_6157,100,0.122254,NORMAL,0
bgl_46904,100,0.010121,NORMAL,0
bgl_42650,100,3.323453,ANOMALY,1
bgl_27975,100,0.003246,NORMAL,0
bgl_44533,100,0.75972,NORMAL,0
bgl_20801,100,0.003246,NORMAL,0
bgl_22159,100,0.003246,NORMAL,0
bgl_4090,100,0.001405,NORMAL,0
bgl_21320,100,0.003246,NORMAL,0
bgl_23465,100,0.003246,NORMAL,0
bgl_15397,100,0.000462,NORMAL,0
bgl_7497,100,0.00345,NORMAL,0
bgl_19150,100,0.003246,NORMAL,0
bgl_17382,100,0.003246,NORMAL,0
bgl_43954,100,0.667445,NORMAL,0
bgl_13186,100,0.000462,NORMAL,0
bgl_9244,100,0.000462,NORMAL,0
bgl_31648,100,0.319157,NORMAL,0
bgl_32464,100,0.000462,NORMAL,0
bgl_28610,100,0.003246,NORMAL,0
bgl_9051,100,0.000462,NORMAL,0
bgl_30995,100,2.618835,ANOMALY,1
bgl_35260,100,9.139705,ANOMALY,1
bgl_37169,100,0.545548,NORMAL,0
bgl_8644,100,0.003246,NORMAL,0
bgl_41201,100,0.002002,NORMAL,0
bgl_8720,100,0.010121,NORMAL,0
bgl_41248,100,0.002002,NORMAL,0
bgl_44954,100,0.706332,NORMAL,0
bgl_17748,100,0.003246,NORMAL,0
bgl_28160,100,0.003246,NORMAL,0
bgl_25258,100,0.003246,NORMAL,0
bgl_38719,100,0.00411,NORMAL,0
bgl_18413,100,0.003246,NORMAL,0
bgl_34391,100,0.008224,NORMAL,0
bgl_35579,100,1.47627,UNCERTAIN,1
bgl_13521,100,0.000462,NORMAL,0
bgl_39453,100,0.002002,NORMAL,0
bgl_5956,100,0.376645,NORMAL,0
bgl_4910,100,8.132814,ANOMALY,1
bgl_34952,100,2.835127,ANOMALY,1
bgl_19343,100,0.003246,NORMAL,0
bgl_43799,100,0.66991,NORMAL,0
bgl_23925,100,0.003246,NORMAL,0
bgl_21935,100,0.003246,NORMAL,0
bgl_41892,100,0.001215,NORMAL,0
bgl_45347,100,0.677243,NORMAL,0
bgl_13412,100,0.000462,NORMAL,0
bgl_512,100,0.003246,NORMAL,0
bgl_35714,100,0.942634,NORMAL,0
bgl_26009,100,0.330213,NORMAL,0
bgl_6712,100,0.421381,NORMAL,0
bgl_4515,100,0.001405,NORMAL,0
bgl_4592,100,0.001405,NORMAL,0
bgl_6514,100,0.394451,NORMAL,0
bgl_40205,100,1.125239,NORMAL,0
bgl_22694,100,0.003246,NORMAL,0
bgl_41086,100,0.002002,NORMAL,0
bgl_18635,100,0.003246,NORMAL,0
bgl_27287,100,0.003246,NORMAL,0
bgl_20933,100,0.003246,NORMAL,0
bgl_26815,100,0.00411,NORMAL,0
bgl_36079,100,0.00175,NORMAL,0
bgl_41270,100,0.002002,NORMAL,0
bgl_1195,100,0.003246,NORMAL,0
bgl_28674,100,0.003246,NORMAL,0
bgl_26727,100,0.00411,NORMAL,0
bgl_10705,100,0.083362,NORMAL,0
bgl_47019,100,0.010121,NORMAL,0
bgl_27950,100,0.003246,NORMAL,0
bgl_16822,100,0.003246,NORMAL,0
bgl_28721,100,0.003246,NORMAL,0
bgl_44537,100,0.711206,NORMAL,0
bgl_21947,100,0.003246,NORMAL,0
bgl_32976,100,0.181759,NORMAL,0
bgl_21090,100,0.003246,NORMAL,0
bgl_30803,100,0.785834,NORMAL,1
bgl_42483,100,9.139705,ANOMALY,1
bgl_22255,100,0.460827,NORMAL,0
bgl_15549,100,0.003246,NORMAL,0
bgl_24868,100,0.003246,NORMAL,0
bgl_22769,100,0.003246,NORMAL,0
bgl_33343,100,9.139705,ANOMALY,1
bgl_13393,100,0.000462,NORMAL,0
bgl_13389,100,0.000462,NORMAL,0
bgl_29704,100,0.458143,NORMAL,0
bgl_35422,100,0.130963,NORMAL,0
bgl_37409,100,0.002002,NORMAL,0
bgl_46020,100,0.000522,NORMAL,0
bgl_27512,100,0.003246,NORMAL,0
bgl_12936,100,0.000462,NORMAL,0
bgl_5774,100,0.013633,NORMAL,0
bgl_29797,100,0.485351,NORMAL,0
bgl_16813,100,0.003246,NORMAL,0
bgl_6585,100,0.207215,NORMAL,0
bgl_39595,100,0.158121,NORMAL,0
bgl_27321,100,0.003246,NORMAL,0
bgl_383,100,0.003246,NORMAL,0
bgl_44216,100,0.661661,NORMAL,0
bgl_18471,100,0.003246,NORMAL,0
bgl_9653,100,0.003246,NORMAL,0
bgl_27164,100,0.003246,NORMAL,0
bgl_43197,100,0.674746,NORMAL,0
bgl_4995,100,8.132814,ANOMALY,1
bgl_6674,100,0.337873,NORMAL,0
bgl_6425,100,0.304081,NORMAL,0
bgl_46046,100,0.000522,NORMAL,0
bgl_26043,100,0.644738,NORMAL,0
bgl_4279,100,0.003246,NORMAL,0
bgl_7909,100,0.010121,NORMAL,0
bgl_10841,100,0.033659,NORMAL,0
bgl_28052,100,0.003246,NORMAL,0
bgl_22732,100,0.003246,NORMAL,0
bgl_41627,100,0.189397,NORMAL,0
bgl_19753,100,0.003246,NORMAL,0
bgl_14664,100,0.003246,NORMAL,0
bgl_23974,100,0.003246,NORMAL,0
bgl_41193,100,0.002002,NORMAL,0
bgl_20344,100,0.000462,NORMAL,0
bgl_31206,100,0.301684,NORMAL,0
bgl_17654,100,0.003246,NORMAL,0
bgl_1361,100,0.010121,NORMAL,0
bgl_39669,100,0.002002,NORMAL,0
bgl_3725,100,9.139705,ANOMALY,1
bgl_14968,100,0.003246,NORMAL,0
bgl_9862,100,0.003246,NORMAL,0
bgl_46550,100,0.003795,NORMAL,0
bgl_44396,100,0.676612,NORMAL,0
bgl_7340,100,0.389968,NORMAL,0
bgl_13080,100,6.931026,ANOMALY,1
bgl_13507,100,0.000462,NORMAL,0
bgl_2192,100,0.003246,NORMAL,0
bgl_24508,100,0.00411,NORMAL,0
bgl_16296,100,0.003246,NORMAL,0
bgl_37489,100,0.002002,NORMAL,0
bgl_26931,100,0.003246,NORMAL,0
bgl_6649,100,0.242596,NORMAL,0
bgl_6702,100,0.389669,NORMAL,0
bgl_16269,100,0.003246,NORMAL,0
bgl_36745,100,0.620393,NORMAL,0
bgl_22802,100,0.003246,NORMAL,0
bgl_46559,100,0.003795,NORMAL,0
bgl_3798,100,0.003246,NORMAL,0
bgl_11048,100,0.553667,NORMAL,1
bgl_5838,100,0.013633,NORMAL,0
bgl_41452,100,0.002002,NORMAL,0
bgl_18652,100,0.000462,NORMAL,0
bgl_2700,100,9.139705,ANOMALY,1
bgl_41485,100,0.002002,NORMAL,0
bgl_30670,100,0.004105,NORMAL,0
bgl_1439,100,0.118587,NORMAL,0
bgl_2724,100,9.139705,ANOMALY,1
bgl_3650,100,9.139705,ANOMALY,1
bgl_11865,100,0.003246,NORMAL,0
bgl_21765,100,0.003246,NORMAL,0
bgl_44699,100,0.702383,NORMAL,0
bgl_22901,100,0.003246,NORMAL,0
bgl_4511,100,0.001405,NORMAL,0
bgl_27048,100,0.003246,NORMAL,0
bgl_7567,100,0.003126,NORMAL,0
bgl_25030,100,0.003246,NORMAL,0
bgl_1860,100,0.010121,NORMAL,0
bgl_16059,100,0.003246,NORMAL,0
bgl_22921,100,0.003246,NORMAL,0
bgl_9148,100,0.000462,NORMAL,0
bgl_28372,100,0.003246,NORMAL,0
bgl_30687,100,2.885987,ANOMALY,1
bgl_44565,100,0.667322,NORMAL,0
bgl_35721,100,0.451204,NORMAL,0
bgl_22757,100,0.003246,NORMAL,0
bgl_14872,100,0.003246,NORMAL,0
bgl_33171,100,5.878056,ANOMALY,1
bgl_36928,100,0.002495,NORMAL,0
bgl_1058,100,0.003246,NORMAL,0
bgl_24351,100,0.00411,NORMAL,0
bgl_47127,100,0.945823,NORMAL,0
bgl_2930,100,9.139705,ANOMALY,1
bgl_4724,100,0.008797,NORMAL,0
bgl_23082,100,0.003246,NORMAL,0
bgl_23184,100,0.003246,NORMAL,0
bgl_26983,100,0.003246,NORMAL,0
bgl_12318,100,0.003246,NORMAL,0
bgl_43648,100,0.686005,NORMAL,0
bgl_32008,100,0.173927,NORMAL,0
bgl_7371,100,5.951314,ANOMALY,1
bgl_34140,100,0.679238,NORMAL,0
bgl_22897,100,0.003246,NORMAL,0
bgl_12760,100,0.003246,NORMAL,0
bgl_25836,100,0.00411,NORMAL,0
bgl_32818,100,0.002002,NORMAL,0
bgl_23955,100,0.003246,NORMAL,0
bgl_6284,100,0.470595,NORMAL,0
bgl_40505,100,0.239838,NORMAL,0
bgl_42888,100,0.81676,NORMAL,1
bgl_24869,100,0.003246,NORMAL,0
bgl_43909,100,0.657769,NORMAL,0
bgl_6335,100,0.318972,NORMAL,0
bgl_9455,100,0.000462,NORMAL,0
bgl_14421,100,0.003246,NORMAL,0
bgl_31406,100,0.002002,NORMAL,0
bgl_3715,100,9.139705,ANOMALY,1
bgl_43250,100,0.726644,NORMAL,0
bgl_35228,100,0.49704,NORMAL,0
bgl_15248,100,0.957218,NORMAL,0
bgl_36696,100,1.325221,UNCERTAIN,0
bgl_39088,100,0.002002,NORMAL,0
bgl_21720,100,0.003246,NORMAL,0
bgl_5421,100,0.412381,NORMAL,0
bgl_22926,100,0.003246,NORMAL,0
bgl_21555,100,0.003246,NORMAL,0
bgl_30533,100,1.026724,NORMAL,0
bgl_25394,100,0.003246,NORMAL,0
bgl_42525,100,0.001215,NORMAL,0
bgl_34574,100,0.621779,NORMAL,0
bgl_13681,100,0.000462,NORMAL,0
bgl_46055,100,0.000522,NORMAL,0
bgl_31779,100,0.470241,NORMAL,0
bgl_6084,100,0.272281,NORMAL,0
bgl_15714,100,0.003246,NORMAL,0
bgl_31229,100,0.002002,NORMAL,0
bgl_43029,100,0.682528,NORMAL,0
bgl_12050,100,0.003246,NORMAL,0
bgl_21403,100,0.003246,NORMAL,0
bgl_10315,100,0.158506,NORMAL,0
bgl_27638,100,0.003246,NORMAL,0
bgl_18279,100,0.003246,NORMAL,0
bgl_12873,100,0.470394,NORMAL,0
bgl_25651,100,0.00411,NORMAL,0
bgl_44479,100,0.686134,NORMAL,0
bgl_9738,100,0.003246,NORMAL,0
bgl_8491,100,0.003246,NORMAL,0
bgl_28511,100,0.003246,NORMAL,0
bgl_44757,100,0.715965,NORMAL,0
bgl_42380,100,0.727107,NORMAL,0
bgl_28376,100,0.003246,NORMAL,0
bgl_10744,100,0.00316,NORMAL,0
bgl_22037,100,0.003246,NORMAL,0
bgl_28949,100,0.003246,NORMAL,0
bgl_37180,100,0.514937,NORMAL,0
bgl_23330,100,0.003246,NORMAL,0
bgl_34146,100,0.348992,NORMAL,0
bgl_7644,100,0.001709,NORMAL,0
bgl_41661,100,0.002495,NORMAL,0
bgl_5491,100,0.180112,NORMAL,0
bgl_1812,100,0.003246,NORMAL,0
bgl_18789,100,0.003246,NORMAL,0
bgl_35008,100,1.158211,NORMAL,0
bgl_32192,100,0.000462,NORMAL,0
bgl_3829,100,4.286694,ANOMALY,1
bgl_33750,100,9.139705,ANOMALY,1
bgl_14096,100,0.003246,NORMAL,0
bgl_47056,100,0.010121,NORMAL,0
bgl_9015,100,0.000462,NORMAL,0
bgl_3928,100,8.132814,ANOMALY,1
bgl_20165,100,0.003246,NORMAL,0
bgl_22913,100,0.003246,NORMAL,0
bgl_17358,100,0.003246,NORMAL,0
bgl_7417,100,0.00297,NORMAL,0
bgl_29241,100,0.797908,NORMAL,0
bgl_44560,100,0.716714,NORMAL,0
bgl_44736,100,0.686231,NORMAL,0
bgl_43291,100,0.684364,NORMAL,0
bgl_44612,100,0.673575,NORMAL,0
bgl_26458,100,0.00411,NORMAL,0
bgl_27673,100,0.003246,NORMAL,0
bgl_26028,100,0.822427,NORMAL,0
bgl_17324,100,0.003246,NORMAL,0
bgl_11129,100,0.003246,NORMAL,0
bgl_42229,100,7.538128,ANOMALY,1
bgl_19125,100,0.003246,NORMAL,0
bgl_12662,100,0.003246,NORMAL,0
bgl_18389,100,0.003246,NORMAL,0
bgl_22594,100,0.003246,NORMAL,0
bgl_46921,100,0.010121,NORMAL,0
bgl_25342,100,0.003246,NORMAL,0
bgl_39450,100,0.002002,NORMAL,0
bgl_18224,100,0.003246,NORMAL,0
bgl_38725,100,0.00411,NORMAL,0
bgl_28326,100,0.003246,NORMAL,0
bgl_32385,100,0.000462,NORMAL,0
bgl_29677,100,0.567281,NORMAL,0
bgl_13390,100,0.000462,NORMAL,0
bgl_18258,100,0.003246,NORMAL,0
bgl_8757,100,0.003246,NORMAL,0
bgl_39661,100,0.002002,NORMAL,0
bgl_20033,100,0.003246,NORMAL,0
bgl_13158,100,0.000462,NORMAL,0
bgl_25225,100,0.74247,NORMAL,0
bgl_8297,100,0.010121,NORMAL,0
bgl_23492,100,0.003246,NORMAL,0
bgl_22736,100,0.003246,NORMAL,0
bgl_30795,100,9.172008,ANOMALY,1
bgl_21565,100,0.003246,NORMAL,0
bgl_14332,100,0.003246,NORMAL,0
bgl_45702,100,0.000522,NORMAL,0
bgl_24050,100,0.003246,NORMAL,0
bgl_31137,100,0.002002,NORMAL,0
bgl_38848,100,0.534577,NORMAL,0
bgl_40123,100,0.00411,NORMAL,0
bgl_29473,100,0.00237,NORMAL,0
bgl_21934,100,0.003246,NORMAL,0
bgl_20679,100,0.003246,NORMAL,0
bgl_1864,100,0.010121,NORMAL,0
bgl_43498,100,0.688866,NORMAL,0
bgl_6654,100,0.31031,NORMAL,0
bgl_2427,100,9.139705,ANOMALY,1
bgl_41402,100,9.139705,ANOMALY,1
bgl_19117,100,0.003246,NORMAL,0
bgl_28012,100,0.003246,NORMAL,0
bgl_21865,100,0.003246,NORMAL,0
bgl_42755,100,0.001215,NORMAL,0
bgl_30606,100,0.000878,NORMAL,0
bgl_11871,100,0.003246,NORMAL,0
bgl_15181,100,0.003246,NORMAL,0
bgl_32137,100,0.000462,NORMAL,0
bgl_33431,100,0.28617,NORMAL,0
bgl_2619,100,9.139705,ANOMALY,1
bgl_6127,100,0.424482,NORMAL,0
bgl_39238,100,0.002002,NORMAL,0
bgl_4119,100,0.001405,NORMAL,0
bgl_41068,100,0.002002,NORMAL,0
bgl_3212,100,9.139705,ANOMALY,1
bgl_3309,100,9.139705,ANOMALY,1
bgl_22469,100,0.003246,NORMAL,0
bgl_6451,100,0.305736,NORMAL,0
bgl_2072,100,0.003246,NORMAL,0
bgl_45303,100,0.646195,NORMAL,0
bgl_34626,100,0.259024,NORMAL,0
bgl_27617,100,0.003246,NORMAL,0
bgl_26659,100,0.00411,NORMAL,0
bgl_19467,100,0.003246,NORMAL,0
bgl_21577,100,0.003246,NORMAL,0
bgl_26915,100,0.003246,NORMAL,0
bgl_659,100,0.003246,NORMAL,0
bgl_26033,100,0.390936,NORMAL,0
bgl_15889,100,0.003246,NORMAL,0
bgl_38063,100,0.002002,NORMAL,0
bgl_41664,100,0.004105,NORMAL,0
bgl_36784,100,0.864524,NORMAL,0
bgl_15044,100,0.003246,NORMAL,0
bgl_3984,100,8.132814,ANOMALY,1
bgl_33839,100,0.393196,NORMAL,0
bgl_37505,100,0.00411,NORMAL,0
bgl_2278,100,9.139705,ANOMALY,1
bgl_39419,100,0.002002,NORMAL,0
bgl_33985,100,0.00237,NORMAL,0
bgl_15378,100,0.000462,NORMAL,0
bgl_29792,100,7.770078,ANOMALY,1
bgl_3912,100,8.132814,ANOMALY,1
bgl_32581,100,0.000462,NORMAL,0
bgl_23382,100,0.003246,NORMAL,0
bgl_45446,100,0.667393,NORMAL,0
bgl_26365,100,0.00411,NORMAL,0
bgl_6315,100,0.432247,NORMAL,0
bgl_36159,100,0.00175,NORMAL,0
bgl_14769,100,0.003246,NORMAL,0
bgl_11117,100,0.003246,NORMAL,0
bgl_28966,100,0.003246,NORMAL,0
bgl_43461,100,0.690383,NORMAL,0
bgl_44410,100,0.670541,NORMAL,0
bgl_46315,100,0.002495,NORMAL,0
bgl_5437,100,0.174194,NORMAL,0
bgl_30748,100,0.186725,NORMAL,0
bgl_41887,100,1.443163,UNCERTAIN,1
bgl_5628,100,0.407081,NORMAL,0
bgl_16421,100,0.003246,NORMAL,0
bgl_16780,100,0.003246,NORMAL,0
bgl_26919,100,0.003246,NORMAL,0
bgl_28390,100,0.003246,NORMAL,0
bgl_42007,100,3.533261,ANOMALY,1
bgl_14405,100,0.003246,NORMAL,0
bgl_25954,100,0.106663,NORMAL,0
bgl_43318,100,0.667629,NORMAL,0
bgl_6283,100,0.33262,NORMAL,0
bgl_42981,100,0.828484,NORMAL,0
bgl_4100,100,0.001405,NORMAL,0
bgl_31200,100,0.000462,NORMAL,0
bgl_21955,100,0.003246,NORMAL,0
bgl_35963,100,1.061716,NORMAL,0
bgl_21843,100,0.003246,NORMAL,0
bgl_13868,100,0.003246,NORMAL,0
bgl_22204,100,0.003246,NORMAL,0
bgl_2945,100,9.139705,ANOMALY,1
bgl_43805,100,0.687616,NORMAL,0
bgl_25880,100,0.00411,NORMAL,0
bgl_25333,100,0.003246,NORMAL,0
bgl_37875,100,0.437497,NORMAL,0
bgl_3838,100,8.132814,ANOMALY,1
bgl_19586,100,0.003246,NORMAL,0
bgl_27385,100,0.003246,NORMAL,0
bgl_42898,100,0.670877,NORMAL,0
bgl_28614,100,0.003246,NORMAL,0
bgl_2380,100,9.139705,ANOMALY,1
bgl_42223,100,8.461323,ANOMALY,1
bgl_38707,100,0.00411,NORMAL,0
bgl_40861,100,0.002002,NORMAL,0
bgl_20360,100,0.000462,NORMAL,0
bgl_4380,100,8.132814,ANOMALY,1
bgl_30503,100,2.00557,UNCERTAIN,1
bgl_16796,100,0.003246,NORMAL,0
bgl_11492,100,0.000462,NORMAL,0
bgl_34440,100,0.00237,NORMAL,0
bgl_11964,100,0.003246,NORMAL,0
bgl_6202,100,0.321647,NORMAL,0
bgl_1721,100,0.003246,NORMAL,0
bgl_19823,100,0.003246,NORMAL,0
bgl_15418,100,0.000462,NORMAL,0
bgl_25045,100,0.003246,NORMAL,0
bgl_9221,100,0.000462,NORMAL,0
bgl_9892,100,0.003246,NORMAL,0
bgl_42222,100,9.028187,ANOMALY,1
bgl_18081,100,0.003246,NORMAL,0
bgl_11760,100,0.003246,NORMAL,0
bgl_36265,100,0.004105,NORMAL,0
bgl_11076,100,0.003246,NORMAL,0
bgl_40820,100,0.002002,NORMAL,0
bgl_26021,100,0.584641,NORMAL,0
bgl_37054,100,0.905084,NORMAL,0
bgl_9583,100,0.003246,NORMAL,0
bgl_6252,100,0.228512,NORMAL,0
bgl_11078,100,0.800743,NORMAL,0
bgl_22141,100,0.003246,NORMAL,0
bgl_12165,100,0.003246,NORMAL,0
bgl_41380,100,0.627067,NORMAL,0
bgl_16075,100,0.003246,NORMAL,0
bgl_25865,100,0.00411,NORMAL,0
bgl_23700,100,0.003246,NORMAL,0
bgl_2020,100,0.003246,NORMAL,0
bgl_34212,100,0.00237,NORMAL,0
bgl_9383,100,0.000462,NORMAL,0
bgl_28410,100,0.003246,NORMAL,0
bgl_28419,100,0.003246,NORMAL,0
bgl_37151,100,0.604764,NORMAL,0
bgl_38533,100,0.340071,NORMAL,0
bgl_34689,100,0.003616,NORMAL,0
bgl_35512,100,0.352234,NORMAL,0
bgl_41171,100,0.002002,NORMAL,0
bgl_4710,100,0.008797,NORMAL,0
bgl_2381,100,9.139705,ANOMALY,1
bgl_2251,100,9.139705,ANOMALY,1
bgl_43365,100,0.678002,NORMAL,0
bgl_36518,100,0.274496,NORMAL,0
bgl_17468,100,0.003246,NORMAL,0
bgl_10206,100,0.003246,NORMAL,0
bgl_10872,100,0.009935,NORMAL,0
bgl_37376,100,0.002002,NORMAL,0
bgl_5008,100,4.933212,ANOMALY,1
bgl_46851,100,0.010121,NORMAL,0
bgl_4410,100,8.132814,ANOMALY,1
bgl_45257,100,0.671804,NORMAL,0
bgl_33137,100,0.000878,NORMAL,0
bgl_11055,100,0.003246,NORMAL,0
bgl_38406,100,0.002002,NORMAL,0
bgl_41417,100,0.002002,NORMAL,0
bgl_1823,100,0.111372,NORMAL,0
bgl_32002,100,1.110259,NORMAL,0
bgl_18751,100,0.003246,NORMAL,0
bgl_30690,100,4.41256,ANOMALY,1
bgl_9318,100,0.000462,NORMAL,0
bgl_13290,100,0.000462,NORMAL,0
bgl_15117,100,0.08542,NORMAL,0
bgl_47104,100,1.011134,NORMAL,0
bgl_33869,100,0.000878,NORMAL,0
bgl_33310,100,9.139705,ANOMALY,1
bgl_14899,100,0.003246,NORMAL,0
bgl_6659,100,0.267269,NORMAL,0
bgl_44821,100,0.680978,NORMAL,0
bgl_19769,100,0.003246,NORMAL,0
bgl_25397,100,0.003246,NORMAL,0
bgl_4418,100,8.132814,ANOMALY,1
bgl_25426,100,0.003246,NORMAL,0
bgl_11950,100,0.003246,NORMAL,0
bgl_37763,100,0.002002,NORMAL,0
bgl_28976,100,0.003246,NORMAL,0
bgl_45019,100,0.665202,NORMAL,0
bgl_40721,100,0.002002,NORMAL,0
bgl_6383,100,0.406957,NORMAL,0
bgl_14911,100,0.003246,NORMAL,0
bgl_16076,100,0.003246,NORMAL,0
bgl_4198,100,0.003246,NORMAL,0
bgl_9422,100,0.000462,NORMAL,0
bgl_24808,100,0.00411,NORMAL,0
bgl_32435,100,0.000462,NORMAL,0
bgl_32173,100,0.000462,NORMAL,0
bgl_22004,100,0.003246,NORMAL,0
bgl_1040,100,0.003246,NORMAL,0
bgl_3728,100,9.139705,ANOMALY,1
bgl_22292,100,4.919822,ANOMALY,1
bgl_32067,100,0.000462,NORMAL,0
bgl_36726,100,1.204887,NORMAL,0
bgl_45693,100,0.000522,NORMAL,0
bgl_19085,100,0.003246,NORMAL,0
bgl_7102,100,0.28813,NORMAL,0
bgl_35664,100,9.139705,ANOMALY,1
bgl_18602,100,0.003246,NORMAL,0
bgl_26351,100,0.00411,NORMAL,0
bgl_809,100,0.508968,NORMAL,1
bgl_6902,100,0.338832,NORMAL,0
bgl_23977,100,0.003246,NORMAL,0
bgl_2438,100,9.139705,ANOMALY,1
bgl_45753,100,1.348642,UNCERTAIN,0
bgl_30343,100,9.139705,ANOMALY,1
bgl_46098,100,0.000522,NORMAL,0
bgl_37792,100,0.002002,NORMAL,0
bgl_18783,100,0.003246,NORMAL,0
bgl_42860,100,0.000878,NORMAL,0
bgl_22552,100,0.003246,NORMAL,0
bgl_13459,100,0.000462,NORMAL,0
bgl_39091,100,0.002002,NORMAL,0
bgl_13639,100,0.000462,NORMAL,0
bgl_15585,100,0.003246,NORMAL,0
bgl_36174,100,1.233896,UNCERTAIN,0
bgl_23501,100,0.003246,NORMAL,0
bgl_32562,100,0.000462,NORMAL,0
bgl_41093,100,0.00411,NORMAL,0
bgl_37718,100,0.002002,NORMAL,0
bgl_9119,100,0.000462,NORMAL,0
bgl_26339,100,0.00411,NORMAL,0
bgl_33167,100,0.000878,NORMAL,0
bgl_16260,100,0.003246,NORMAL,0
bgl_41837,100,8.031196,ANOMALY,1
bgl_30723,100,0.004105,NORMAL,0
bgl_13540,100,0.000462,NORMAL,0
bgl_11985,100,0.003246,NORMAL,0
bgl_27842,100,0.003246,NORMAL,0
bgl_26308,100,0.418139,NORMAL,0
bgl_17652,100,0.003246,NORMAL,0
bgl_46142,100,0.998532,NORMAL,1
bgl_5862,100,0.013633,NORMAL,0
bgl_16559,100,0.104421,NORMAL,0
bgl_16416,100,0.003246,NORMAL,0
bgl_35056,100,3.525506,ANOMALY,1
bgl_2606,100,9.139705,ANOMALY,1
bgl_41344,100,0.8317,NORMAL,0
bgl_21035,100,0.003246,NORMAL,0
bgl_6708,100,0.468145,NORMAL,0
bgl_14775,100,0.003246,NORMAL,0
bgl_13922,100,0.003246,NORMAL,0
bgl_46859,100,0.010121,NORMAL,0
bgl_5394,100,0.281039,NORMAL,0
bgl_13380,100,0.000462,NORMAL,0
bgl_15862,100,0.003246,NORMAL,0
bgl_8925,100,0.000462,NORMAL,0
bgl_12596,100,0.003246,NORMAL,0
bgl_8460,100,0.130963,NORMAL,0
bgl_45263,100,0.680475,NORMAL,0
bgl_357,100,0.003246,NORMAL,0
bgl_36282,100,0.004105,NORMAL,0
bgl_7005,100,0.580983,NORMAL,0
bgl_7555,100,0.00297,NORMAL,0
bgl_3651,100,9.139705,ANOMALY,1
bgl_10486,100,0.009935,NORMAL,0
bgl_29412,100,0.00237,NORMAL,0
bgl_26876,100,0.003246,NORMAL,0
bgl_18066,100,0.003246,NORMAL,0
bgl_11212,100,0.003246,NORMAL,0
bgl_19034,100,0.003246,NORMAL,0
bgl_15083,100,2.710692,ANOMALY,1
bgl_1351,100,0.010121,NORMAL,0
bgl_1535,100,0.003246,NORMAL,0
bgl_17287,100,0.003246,NORMAL,0
bgl_15731,100,0.003246,NORMAL,0
bgl_31412,100,0.546741,NORMAL,0
bgl_34531,100,0.00237,NORMAL,0
bgl_8076,100,0.010121,NORMAL,0
bgl_22433,100,1.448917,UNCERTAIN,0
bgl_22525,100,0.003246,NORMAL,0
bgl_15327,100,0.003246,NORMAL,0
bgl_3881,100,8.132814,ANOMALY,1
bgl_6952,100,0.255399,NORMAL,0
bgl_21173,100,0.003246,NORMAL,0
bgl_38882,100,0.002002,NORMAL,0
bgl_31142,100,0.002002,NORMAL,0
bgl_32778,100,0.002002,NORMAL,0
bgl_40858,100,0.002002,NORMAL,0
bgl_22032,100,0.003246,NORMAL,0
bgl_42700,100,1.673213,UNCERTAIN,1
bgl_41711,100,0.004105,NORMAL,0
bgl_46893,100,0.010121,NORMAL,0
bgl_26162,100,0.00411,NORMAL,0
bgl_46664,100,0.004105,NORMAL,0
bgl_18564,100,0.003246,NORMAL,0
bgl_19100,100,0.003246,NORMAL,0
bgl_24442,100,0.00411,NORMAL,0
bgl_28242,100,0.003246,NORMAL,0
bgl_44532,100,0.680874,NORMAL,0
bgl_42979,100,0.678917,NORMAL,0
bgl_38770,100,0.00411,NORMAL,0
bgl_8840,100,0.342465,NORMAL,0
bgl_27678,100,0.003246,NORMAL,0
bgl_15987,100,0.003246,NORMAL,0
bgl_45299,100,0.691752,NORMAL,0
bgl_46102,100,0.000522,NORMAL,0
bgl_13994,100,0.003246,NORMAL,0
bgl_23406,100,0.003246,NORMAL,0
bgl_1366,100,0.010121,NORMAL,0
bgl_243,100,0.341055,NORMAL,1
bgl_45762,100,1.581834,UNCERTAIN,0
bgl_6319,100,0.419522,NORMAL,0
bgl_34063,100,0.00237,NORMAL,0
bgl_4973,100,8.132814,ANOMALY,1
bgl_40464,100,0.002002,NORMAL,0
bgl_44870,100,0.714439,NORMAL,0
bgl_25511,100,0.096222,NORMAL,0
bgl_29888,100,0.121505,NORMAL,0
bgl_45879,100,0.690291,NORMAL,0
bgl_46438,100,0.63685,NORMAL,0
bgl_38037,100,0.002002,NORMAL,0
bgl_6201,100,0.201855,NORMAL,0
bgl_7448,100,0.003073,NORMAL,0
bgl_21927,100,0.003246,NORMAL,0
bgl_27537,100,0.003246,NORMAL,0
bgl_41590,100,0.189396,NORMAL,0
bgl_14136,100,0.003246,NORMAL,0
bgl_21436,100,0.003246,NORMAL,0
bgl_17312,100,0.003246,NORMAL,0
bgl_12956,100,0.000462,NORMAL,0
bgl_7523,100,0.00297,NORMAL,0
bgl_13033,100,0.000462,NORMAL,0
bgl_22459,100,0.003246,NORMAL,0
bgl_8192,100,0.003246,NORMAL,0
bgl_42361,100,0.720024,NORMAL,0
bgl_2633,100,9.139705,ANOMALY,1
bgl_22833,100,0.003246,NORMAL,0
bgl_22650,100,0.003246,NORMAL,0
bgl_602,100,0.003246,NORMAL,0
bgl_23413,100,0.003246,NORMAL,0
bgl_37498,100,0.00411,NORMAL,0
bgl_8682,100,0.429351,NORMAL,0
bgl_23152,100,0.003246,NORMAL,0
bgl_45969,100,0.000522,NORMAL,0
bgl_43642,100,0.68119,NORMAL,0
bgl_4527,100,0.001405,NORMAL,0
bgl_37141,100,0.488031,NORMAL,0
bgl_11847,100,0.003246,NORMAL,0
bgl_10506,100,0.009935,NORMAL,0
bgl_14154,100,0.003246,NORMAL,0
bgl_31027,100,0.004105,NORMAL,0
bgl_19280,100,0.003246,NORMAL,0
bgl_16506,100,0.003246,NORMAL,0
bgl_15728,100,0.003246,NORMAL,0
bgl_45035,100,0.671642,NORMAL,0
bgl_45081,100,0.679585,NORMAL,0
bgl_31579,100,0.582966,NORMAL,0
bgl_35700,100,1.073625,NORMAL,0
bgl_41345,100,0.189397,NORMAL,0
bgl_32224,100,0.002002,NORMAL,0
bgl_9863,100,0.003246,NORMAL,0
bgl_30718,100,0.004105,NORMAL,0
bgl_15939,100,0.003246,NORMAL,0
bgl_1365,100,0.010121,NORMAL,0
bgl_14300,100,0.003246,NORMAL,0
bgl_6297,100,0.318226,NORMAL,0
bgl_34844,100,0.000878,NORMAL,0
bgl_39294,100,0.002002,NORMAL,0
bgl_1649,100,0.591726,NORMAL,0
bgl_39143,100,0.002002,NORMAL,0
bgl_19076,100,0.003246,NORMAL,0
bgl_19292,100,0.003246,NORMAL,0
bgl_15761,100,0.003246,NORMAL,0
bgl_11849,100,0.003246,NORMAL,0
bgl_26984,100,0.003246,NORMAL,0
bgl_38551,100,0.268962,NORMAL,0
bgl_33301,100,0.711457,NORMAL,0
bgl_14063,100,0.003246,NORMAL,0
bgl_28065,100,0.003246,NORMAL,0
bgl_46778,100,0.010121,NORMAL,0
bgl_34029,100,0.00237,NORMAL,0
bgl_45271,100,0.672829,NORMAL,0
bgl_42309,100,0.001215,NORMAL,0
bgl_18450,100,0.003246,NORMAL,0
bgl_17511,100,0.003246,NORMAL,0
bgl_21976,100,0.003246,NORMAL,0
bgl_44890,100,0.750228,NORMAL,0
bgl_38561,100,0.287617,NORMAL,0
bgl_31732,100,0.451737,NORMAL,0
bgl_38683,100,0.464494,NORMAL,0
bgl_17141,100,0.003246,NORMAL,0
bgl_14022,100,0.003246,NORMAL,0
bgl_46493,100,0.002495,NORMAL,0
bgl_6965,100,0.725415,NORMAL,0
bgl_11856,100,0.003246,NORMAL,0
bgl_28317,100,0.003246,NORMAL,0
bgl_28095,100,0.003246,NORMAL,0
bgl_33044,100,6.557338,ANOMALY,1
bgl_47082,100,3.702902,ANOMALY,0
bgl_5966,100,0.290786,NORMAL,0
bgl_19597,100,0.003246,NORMAL,0
bgl_30474,100,0.889546,NORMAL,0
bgl_9960,100,0.003246,NORMAL,0
bgl_42937,100,0.705786,NORMAL,0
bgl_24669,100,0.00411,NORMAL,0
bgl_44400,100,0.672306,NORMAL,0
bgl_20546,100,0.003246,NORMAL,0
bgl_33862,100,0.002495,NORMAL,0
bgl_41605,100,1.605987,UNCERTAIN,1
bgl_27778,100,0.003246,NORMAL,0
bgl_27271,100,0.003246,NORMAL,0
bgl_35676,100,0.740169,NORMAL,0
bgl_24434,100,0.00411,NORMAL,0
bgl_16088,100,0.003246,NORMAL,0
bgl_9983,100,0.003246,NORMAL,0
bgl_21571,100,0.003246,NORMAL,0
bgl_6293,100,0.438828,NORMAL,0
bgl_38423,100,0.002002,NORMAL,0
bgl_17919,100,0.003246,NORMAL,0
bgl_21232,100,0.003246,NORMAL,0
bgl_18125,100,0.003246,NORMAL,0
bgl_11142,100,0.003246,NORMAL,0
bgl_38267,100,0.002002,NORMAL,0
bgl_35830,100,0.143724,NORMAL,0
bgl_21335,100,0.003246,NORMAL,0
bgl_20632,100,0.003246,NORMAL,0
bgl_20663,100,0.003246,NORMAL,0
bgl_17071,100,0.003246,NORMAL,0
bgl_28619,100,0.003246,NORMAL,0
bgl_44061,100,0.65114,NORMAL,0
bgl_39484,100,0.002002,NORMAL,0
bgl_21005,100,0.003246,NORMAL,0
bgl_34043,100,0.00237,NORMAL,0
bgl_45508,100,0.675859,NORMAL,0
bgl_36348,100,0.006053,NORMAL,0
bgl_18516,100,0.003246,NORMAL,0
bgl_11678,100,0.003246,NORMAL,0
bgl_35915,100,0.003616,NORMAL,0
bgl_5934,100,0.392333,NORMAL,0
bgl_21,100,0.010121,NORMAL,0
bgl_42627,100,5.041228,ANOMALY,1
bgl_45232,100,0.663408,NORMAL,0
bgl_17864,100,0.003246,NORMAL,0
bgl_8316,100,0.010121,NORMAL,0
bgl_39302,100,0.002002,NORMAL,0
bgl_32461,100,0.000462,NORMAL,0
bgl_33798,100,0.327669,NORMAL,0
bgl_20898,100,0.003246,NORMAL,0
bgl_21749,100,0.003246,NORMAL,0
bgl_11169,100,0.003246,NORMAL,0
bgl_3718,100,9.139705,ANOMALY,1
bgl_4940,100,8.132814,ANOMALY,1
bgl_26770,100,0.00411,NORMAL,0
bgl_31088,100,1.230043,UNCERTAIN,0
bgl_15364,100,0.003246,NORMAL,0
bgl_27186,100,0.003246,NORMAL,0
bgl_18233,100,0.003246,NORMAL,0
bgl_16985,100,0.003246,NORMAL,0
bgl_7348,100,0.358508,NORMAL,0
bgl_43261,100,0.709561,NORMAL,0
bgl_39471,100,0.002002,NORMAL,0
bgl_11900,100,0.003246,NORMAL,0
bgl_8398,100,0.003246,NORMAL,0
bgl_33493,100,9.139705,ANOMALY,1
bgl_2185,100,0.003246,NORMAL,0
bgl_37148,100,0.496393,NORMAL,0
bgl_36812,100,0.010121,NORMAL,0
bgl_37010,100,0.002002,NORMAL,0
bgl_8386,100,0.757521,NORMAL,0
bgl_46352,100,9.139705,ANOMALY,1
bgl_12277,100,0.003246,NORMAL,0
bgl_11474,100,0.000462,NORMAL,0
bgl_18659,100,0.000462,NORMAL,0
bgl_28784,100,0.003246,NORMAL,0
bgl_1518,100,2.847295,ANOMALY,0
bgl_33419,100,0.004105,NORMAL,0
bgl_2517,100,9.139705,ANOMALY,1
bgl_38161,100,0.002002,NORMAL,0
bgl_5176,100,0.00316,NORMAL,0
bgl_11202,100,0.003246,NORMAL,0
bgl_38510,100,0.448409,NORMAL,0
bgl_17040,100,0.003246,NORMAL,0
bgl_2660,100,9.139705,ANOMALY,1
bgl_34589,100,0.021526,NORMAL,0
bgl_6818,100,0.323522,NORMAL,0
bgl_21979,100,0.003246,NORMAL,0
bgl_4394,100,8.132814,ANOMALY,1
bgl_41112,100,0.221512,NORMAL,0
bgl_26382,100,0.00411,NORMAL,0
bgl_12517,100,0.003246,NORMAL,0
bgl_43581,100,0.672454,NORMAL,0
bgl_1089,100,0.003246,NORMAL,0
bgl_1699,100,0.003246,NORMAL,0
bgl_3945,100,8.132814,ANOMALY,1
bgl_11949,100,0.003246,NORMAL,0
bgl_27413,100,0.003246,NORMAL,0
bgl_42374,100,0.001215,NORMAL,0
bgl_31889,100,0.002002,NORMAL,0
bgl_2116,100,0.003246,NORMAL,0
bgl_18188,100,0.003246,NORMAL,0
bgl_8753,100,0.928032,NORMAL,0
bgl_35605,100,0.73104,NORMAL,0
bgl_821,100,0.508632,NORMAL,1
bgl_14377,100,0.003246,NORMAL,0
bgl_15985,100,0.003246,NORMAL,0
bgl_17007,100,0.003246,NORMAL,0
bgl_28391,100,0.003246,NORMAL,0
bgl_1641,100,0.003246,NORMAL,0
bgl_13901,100,0.003246,NORMAL,0
bgl_36290,100,0.470391,NORMAL,0
bgl_8255,100,1.801068,UNCERTAIN,0
bgl_11361,100,0.000462,NORMAL,0
bgl_12836,100,0.003246,NORMAL,0
bgl_4958,100,8.132814,ANOMALY,1
bgl_19740,100,0.003246,NORMAL,0
bgl_34513,100,0.00237,NORMAL,0
bgl_43290,100,0.680945,NORMAL,0
bgl_12177,100,0.003246,NORMAL,0
bgl_951,100,0.003246,NORMAL,0
bgl_25274,100,0.003246,NORMAL,0
bgl_14419,100,0.003246,NORMAL,0
bgl_14452,100,0.003246,NORMAL,0
bgl_15607,100,0.003246,NORMAL,0
bgl_19528,100,0.003246,NORMAL,0
bgl_39918,100,0.122273,NORMAL,0
bgl_5929,100,0.424851,NORMAL,0
bgl_40417,100,0.002002,NORMAL,0
bgl_14016,100,0.003246,NORMAL,0
bgl_13411,100,0.000462,NORMAL,0
bgl_13741,100,0.000462,NORMAL,0
bgl_34672,100,0.003616,NORMAL,0
bgl_14153,100,0.003246,NORMAL,0
bgl_17023,100,0.003246,NORMAL,0
bgl_23694,100,0.003246,NORMAL,0
bgl_28409,100,0.003246,NORMAL,0
bgl_5749,100,0.270843,NORMAL,0
bgl_41383,100,0.889466,NORMAL,0
bgl_28939,100,0.003246,NORMAL,0
bgl_24422,100,0.00411,NORMAL,0
bgl_36543,100,0.131723,NORMAL,0
bgl_5246,100,8.132814,ANOMALY,1
bgl_36769,100,0.408128,NORMAL,0
bgl_4652,100,8.132814,ANOMALY,1
bgl_5047,100,4.934845,ANOMALY,1
bgl_25269,100,0.003246,NORMAL,0
bgl_31595,100,0.28018,NORMAL,0
bgl_1862,100,0.010121,NORMAL,0
bgl_8064,100,0.971841,NORMAL,0
bgl_30093,100,0.376213,NORMAL,0
bgl_32600,100,0.000462,NORMAL,0
bgl_19033,100,0.003246,NORMAL,0
bgl_22581,100,0.003246,NORMAL,0
bgl_77,100,0.000462,NORMAL,0
bgl_19964,100,3.090224,ANOMALY,1
bgl_2037,100,0.003246,NORMAL,0
bgl_5745,100,0.271788,NORMAL,0
bgl_5844,100,0.013633,NORMAL,0
bgl_398,100,0.003246,NORMAL,0
bgl_10579,100,0.013633,NORMAL,0
bgl_28445,100,0.003246,NORMAL,0
bgl_22258,100,0.56552,NORMAL,0
bgl_21942,100,0.003246,NORMAL,0
bgl_28754,100,0.003246,NORMAL,0
bgl_15589,100,0.003246,NORMAL,0
bgl_651,100,0.003246,NORMAL,0
bgl_15924,100,0.003246,NORMAL,0
bgl_6466,100,0.245222,NORMAL,0
bgl_5591,100,0.290688,NORMAL,0
bgl_2409,100,9.139705,ANOMALY,1
bgl_14277,100,0.003246,NORMAL,0
bgl_16685,100,0.003246,NORMAL,0
bgl_41791,100,9.139705,ANOMALY,1
bgl_35139,100,0.004105,NORMAL,0
bgl_18640,100,0.003246,NORMAL,0
bgl_28069,100,0.003246,NORMAL,0
bgl_4875,100,8.132814,ANOMALY,1
bgl_18871,100,0.003246,NORMAL,0
bgl_7198,100,0.179361,NORMAL,0
bgl_46376,100,0.64724,NORMAL,0
bgl_28546,100,0.003246,NORMAL,0
bgl_12025,100,0.003246,NORMAL,0
bgl_18708,100,0.640617,NORMAL,0
bgl_29431,100,0.083493,NORMAL,0
bgl_998,100,0.003246,NORMAL,0
bgl_38583,100,0.00411,NORMAL,0
bgl_8858,100,0.130963,NORMAL,0
bgl_43908,100,0.651624,NORMAL,0
bgl_16313,100,0.003246,NORMAL,0
bgl_15637,100,0.003246,NORMAL,0
bgl_24848,100,1.437083,UNCERTAIN,0
bgl_44469,100,0.738749,NORMAL,0
bgl_5242,100,8.132814,ANOMALY,1
bgl_13662,100,0.000462,NORMAL,0
bgl_34028,100,0.00237,NORMAL,0
bgl_31396,100,0.002002,NORMAL,0
bgl_14127,100,0.003246,NORMAL,0
bgl_15680,100,0.003246,NORMAL,0
bgl_3922,100,8.132814,ANOMALY,1
bgl_32203,100,0.000462,NORMAL,0
bgl_17657,100,0.003246,NORMAL,0
bgl_32440,100,0.000462,NORMAL,0
bgl_8365,100,0.010121,NORMAL,0
bgl_41998,100,0.004105,NORMAL,0
bgl_20829,100,0.003246,NORMAL,0
bgl_17138,100,0.003246,NORMAL,0
bgl_14992,100,0.003246,NORMAL,0
bgl_14449,100,0.003246,NORMAL,0
bgl_23631,100,0.003246,NORMAL,0
bgl_21801,100,0.003246,NORMAL,0
bgl_45029,100,0.665454,NORMAL,0
bgl_4808,100,0.005054,NORMAL,0
bgl_22054,100,0.003246,NORMAL,0
bgl_30212,100,0.000656,NORMAL,0
bgl_46225,100,0.002495,NORMAL,0
bgl_6024,100,0.30857,NORMAL,0
bgl_11712,100,0.003246,NORMAL,0
bgl_43051,100,1.163515,NORMAL,0
bgl_10027,100,0.003246,NORMAL,0
bgl_45985,100,0.000522,NORMAL,0
bgl_4673,100,0.001405,NORMAL,0
bgl_24901,100,0.003246,NORMAL,0
bgl_10530,100,0.013685,NORMAL,0
bgl_37585,100,0.002002,NORMAL,0
bgl_4038,100,0.001405,NORMAL,0
bgl_12829,100,0.003246,NORMAL,0
bgl_11472,100,0.000462,NORMAL,0
bgl_42775,100,9.42675,ANOMALY,1
bgl_24501,100,0.00411,NORMAL,0
bgl_34949,100,0.934504,NORMAL,0
bgl_13547,100,0.000462,NORMAL,0
bgl_29530,100,0.00237,NORMAL,0
bgl_31687,100,0.002002,NORMAL,0
bgl_12910,100,0.700541,NORMAL,0
bgl_39446,100,0.002002,NORMAL,0
bgl_23287,100,0.003246,NORMAL,0
bgl_8489,100,0.003246,NORMAL,0
bgl_42626,100,3.05831,ANOMALY,1
bgl_6604,100,0.110815,NORMAL,0
bgl_40075,100,0.002002,NORMAL,0
bgl_32606,100,0.000462,NORMAL,0
bgl_4782,100,0.005054,NORMAL,0
bgl_27693,100,0.003246,NORMAL,0
bgl_34322,100,0.00237,NORMAL,0
bgl_44071,100,0.659754,NORMAL,0
bgl_39409,100,0.00411,NORMAL,0
bgl_35890,100,0.004105,NORMAL,0
bgl_6928,100,0.216106,NORMAL,0
bgl_28958,100,0.003246,NORMAL,0
bgl_19957,100,0.003616,NORMAL,0
bgl_17172,100,0.003246,NORMAL,0
bgl_10643,100,0.077924,NORMAL,0
bgl_3739,100,9.139705,ANOMALY,1
bgl_21760,100,0.003246,NORMAL,0
bgl_12793,100,0.003246,NORMAL,0
bgl_13772,100,0.000462,NORMAL,0
bgl_10478,100,0.009935,NORMAL,0
bgl_46467,100,9.139705,ANOMALY,1
bgl_27904,100,1.018279,NORMAL,0
bgl_6596,100,0.28876,NORMAL,0
bgl_29656,100,0.320697,NORMAL,0
bgl_10041,100,0.003246,NORMAL,0
bgl_2310,100,9.139705,ANOMALY,1
bgl_17027,100,0.003246,NORMAL,0
bgl_4774,100,0.00316,NORMAL,0
bgl_19362,100,0.003246,NORMAL,0
bgl_29698,100,0.459626,NORMAL,0
bgl_43263,100,0.764238,NORMAL,0
bgl_11268,100,0.003246,NORMAL,0
bgl_26777,100,0.00411,NORMAL,0
bgl_30077,100,1.90663,UNCERTAIN,1
bgl_26798,100,0.00411,NORMAL,0
bgl_43380,100,0.707431,NORMAL,0
bgl_37760,100,0.002002,NORMAL,0
bgl_9316,100,0.000462,NORMAL,0
bgl_29165,100,0.948016,NORMAL,0
bgl_6949,100,0.185466,NORMAL,0
bgl_32539,100,0.000462,NORMAL,0
bgl_24633,100,0.00411,NORMAL,0
bgl_37556,100,0.290619,NORMAL,0
bgl_11374,100,0.000462,NORMAL,0
bgl_27689,100,0.003246,NORMAL,0
bgl_5983,100,0.268466,NORMAL,0
bgl_12457,100,0.003246,NORMAL,0
bgl_26631,100,0.00411,NORMAL,0
bgl_20093,100,0.003246,NORMAL,0
bgl_23594,100,0.003246,NORMAL,0
bgl_9183,100,0.000462,NORMAL,0
bgl_45767,100,0.953077,NORMAL,0
bgl_17867,100,0.003246,NORMAL,0
bgl_4998,100,4.904226,ANOMALY,1
bgl_11244,100,0.003246,NORMAL,0
bgl_25959,100,0.38591,NORMAL,0
bgl_18105,100,0.003246,NORMAL,0
bgl_25194,100,0.00411,NORMAL,0
bgl_15445,100,0.000462,NORMAL,0
bgl_46469,100,9.139705,ANOMALY,1
bgl_12199,100,0.003246,NORMAL,0
bgl_30614,100,0.000878,NORMAL,0
bgl_27876,100,0.003246,NORMAL,0
bgl_5225,100,0.005054,NORMAL,0
bgl_6561,100,0.157218,NORMAL,0
bgl_17105,100,0.003246,NORMAL,0
bgl_2594,100,9.139705,ANOMALY,1
bgl_7850,100,0.010121,NORMAL,0
bgl_15333,100,0.003246,NORMAL,0
bgl_8758,100,0.003246,NORMAL,0
bgl_38893,100,0.002002,NORMAL,0
bgl_40350,100,0.002002,NORMAL,0
bgl_9317,100,0.000462,NORMAL,0
bgl_44040,100,0.668833,NORMAL,0
bgl_8148,100,0.969965,NORMAL,0
bgl_10932,100,0.189397,NORMAL,0
bgl_28844,100,0.003246,NORMAL,0
bgl_39881,100,0.002002,NORMAL,0
bgl_20035,100,0.003246,NORMAL,0
bgl_16328,100,0.003246,NORMAL,0
bgl_5402,100,0.296964,NORMAL,0
bgl_32608,100,0.000462,NORMAL,0
bgl_25601,100,0.00411,NORMAL,0
bgl_16690,100,0.003246,NORMAL,0
bgl_45582,100,0.555548,NORMAL,0
bgl_30315,100,0.000656,NORMAL,0
bgl_34588,100,0.021526,NORMAL,0
bgl_15899,100,0.003246,NORMAL,0
bgl_2256,100,9.139705,ANOMALY,1
bgl_39036,100,0.107333,NORMAL,0
bgl_2464,100,9.139705,ANOMALY,1
bgl_4740,100,0.00316,NORMAL,0
bgl_31286,100,0.002002,NORMAL,0
bgl_37129,100,0.002002,NORMAL,0
bgl_22320,100,0.003246,NORMAL,0
bgl_12470,100,0.003246,NORMAL,0
bgl_40631,100,0.002002,NORMAL,0
bgl_42431,100,0.001215,NORMAL,0
bgl_13556,100,0.000462,NORMAL,0
bgl_23125,100,0.003246,NORMAL,0
bgl_36417,100,1.302956,UNCERTAIN,1
bgl_27364,100,0.003246,NORMAL,0
bgl_36717,100,1.947736,UNCERTAIN,1
bgl_33585,100,0.003616,NORMAL,0
bgl_3925,100,8.132814,ANOMALY,1
bgl_34805,100,0.000878,NORMAL,0
bgl_29289,100,0.533933,NORMAL,0
bgl_11230,100,0.003246,NORMAL,0
bgl_43717,100,0.682795,NORMAL,0
bgl_30365,100,0.000656,NORMAL,0
bgl_12766,100,0.003246,NORMAL,0
bgl_39499,100,0.00411,NORMAL,0
bgl_35396,100,1.024967,NORMAL,0
bgl_27692,100,0.003246,NORMAL,0
bgl_33510,100,2.236762,ANOMALY,1
bgl_25544,100,0.00411,NORMAL,0
bgl_10699,100,0.083362,NORMAL,0
bgl_41702,100,0.004105,NORMAL,0
bgl_3819,100,0.034337,NORMAL,0
bgl_44204,100,0.682795,NORMAL,0
bgl_17692,100,0.003246,NORMAL,0
bgl_4602,100,0.001405,NORMAL,0
bgl_962,100,0.003246,NORMAL,0
bgl_18487,100,0.003246,NORMAL,0
bgl_10065,100,0.003246,NORMAL,0
bgl_31290,100,0.334916,NORMAL,0
bgl_18461,100,0.003246,NORMAL,0
bgl_7283,100,0.094713,NORMAL,0
bgl_24354,100,0.00411,NORMAL,0
bgl_29820,100,0.789156,NORMAL,0
bgl_32041,100,1.527,UNCERTAIN,0
bgl_28140,100,0.003246,NORMAL,0
bgl_1330,100,0.010121,NORMAL,0
bgl_26548,100,0.00411,NORMAL,0
bgl_20886,100,0.003246,NORMAL,0
bgl_35793,100,2.011808,UNCERTAIN,1
bgl_5124,100,5.540609,ANOMALY,1
bgl_14753,100,0.003246,NORMAL,0
bgl_3746,100,9.139705,ANOMALY,1
bgl_12510,100,0.003246,NORMAL,0
bgl_25139,100,0.003246,NORMAL,0
bgl_5357,100,0.21647,NORMAL,0
bgl_7229,100,0.274169,NORMAL,0
bgl_42793,100,0.833693,NORMAL,0
bgl_23550,100,0.003246,NORMAL,0
bgl_29957,100,0.350672,NORMAL,0
bgl_37467,100,0.002002,NORMAL,0
bgl_28997,100,0.003246,NORMAL,0
bgl_17902,100,0.003246,NORMAL,0
bgl_24117,100,0.003246,NORMAL,0
bgl_25756,100,0.00411,NORMAL,0
bgl_35170,100,0.21933,NORMAL,0
bgl_36280,100,0.004105,NORMAL,0
bgl_30262,100,0.000656,NORMAL,0
bgl_46099,100,0.000522,NORMAL,0
bgl_4300,100,8.132814,ANOMALY,1
bgl_29945,100,0.53881,NORMAL,0
bgl_45797,100,0.479593,NORMAL,0
bgl_27217,100,0.003246,NORMAL,0
bgl_17150,100,0.003246,NORMAL,0
bgl_25718,100,0.00411,NORMAL,0
bgl_13402,100,0.000462,NORMAL,0
bgl_42949,100,0.679703,NORMAL,0
bgl_41751,100,9.139705,ANOMALY,1
bgl_20548,100,0.003246,NORMAL,0
bgl_44342,100,0.684554,NORMAL,0
bgl_41455,100,0.002002,NORMAL,0
bgl_32864,100,0.002002,NORMAL,0
bgl_32573,100,0.000462,NORMAL,0
bgl_14477,100,0.003246,NORMAL,0
bgl_46754,100,0.010121,NORMAL,0
bgl_12344,100,0.755375,NORMAL,0
bgl_34355,100,0.00237,NORMAL,0
bgl_5951,100,0.458291,NORMAL,0
bgl_3023,100,9.139705,ANOMALY,1
bgl_21065,100,0.003246,NORMAL,0
bgl_82,100,0.000462,NORMAL,0
bgl_2825,100,9.139705,ANOMALY,1
bgl_21968,100,0.003246,NORMAL,0
bgl_33570,100,0.003616,NORMAL,0
bgl_4662,100,0.001405,NORMAL,0
bgl_3516,100,9.139705,ANOMALY,1
bgl_3104,100,9.139705,ANOMALY,1
bgl_38659,100,0.304932,NORMAL,0
bgl_14052,100,0.003246,NORMAL,0
bgl_9395,100,0.000462,NORMAL,0
bgl_36386,100,0.826735,NORMAL,0
bgl_18786,100,0.003246,NORMAL,0
bgl_43560,100,0.697361,NORMAL,0
bgl_24225,100,0.00411,NORMAL,0
bgl_18953,100,0.003246,NORMAL,0
bgl_27797,100,0.003246,NORMAL,0
bgl_4005,100,0.001405,NORMAL,0
bgl_1422,100,0.003246,NORMAL,0
bgl_17497,100,0.003246,NORMAL,0
bgl_35394,100,5.882294,ANOMALY,1
bgl_11586,100,0.000462,NORMAL,0
bgl_14402,100,0.003246,NORMAL,0
bgl_7824,100,0.010121,NORMAL,0
bgl_7203,100,0.324597,NORMAL,0
bgl_32411,100,1.257183,UNCERTAIN,0
bgl_9567,100,0.003246,NORMAL,0
bgl_40236,100,0.130963,NORMAL,0
bgl_15672,100,0.003246,NORMAL,0
bgl_1443,100,1.255204,UNCERTAIN,0
bgl_31350,100,0.002002,NORMAL,0
bgl_4245,100,0.003246,NORMAL,0
bgl_28371,100,0.003246,NORMAL,0
bgl_7632,100,0.002105,NORMAL,0
bgl_8321,100,0.010121,NORMAL,0
bgl_26319,100,0.436057,NORMAL,0
bgl_6014,100,0.145167,NORMAL,0
bgl_22496,100,0.003246,NORMAL,0
bgl_26163,100,0.00411,NORMAL,0
bgl_3151,100,9.139705,ANOMALY,1
bgl_13406,100,0.000462,NORMAL,0
bgl_36193,100,0.6461,NORMAL,0
bgl_14370,100,0.003246,NORMAL,0
bgl_16593,100,0.003246,NORMAL,0
bgl_9241,100,0.000462,NORMAL,0
bgl_2970,100,9.139705,ANOMALY,1
bgl_23715,100,0.003246,NORMAL,0
bgl_34101,100,0.00237,NORMAL,0
bgl_25604,100,0.00411,NORMAL,0
bgl_45611,100,0.727294,NORMAL,0
bgl_26791,100,0.00411,NORMAL,0
bgl_37351,100,0.002002,NORMAL,0
bgl_27705,100,0.003246,NORMAL,0
bgl_7389,100,7.156838,ANOMALY,1
bgl_38449,100,0.002002,NORMAL,0
bgl_4476,100,0.001405,NORMAL,0
bgl_20142,100,0.003246,NORMAL,0
bgl_12488,100,0.003246,NORMAL,0
bgl_35448,100,0.002495,NORMAL,0
bgl_19124,100,0.003246,NORMAL,0
bgl_34695,100,0.003616,NORMAL,0
bgl_32577,100,0.000462,NORMAL,0
bgl_18035,100,0.003246,NORMAL,0
bgl_44507,100,0.670285,NORMAL,0
bgl_9754,100,0.003246,NORMAL,0
bgl_18204,100,0.003246,NORMAL,0
bgl_34899,100,1.188009,NORMAL,0
bgl_27347,100,0.003246,NORMAL,0
bgl_42251,100,9.139705,ANOMALY,1
bgl_24427,100,0.00411,NORMAL,0
bgl_14098,100,0.003246,NORMAL,0
bgl_19432,100,0.003246,NORMAL,0
bgl_833,100,0.167662,NORMAL,1
bgl_32933,100,1.067444,NORMAL,0
bgl_27732,100,0.003246,NORMAL,0
bgl_26893,100,0.003246,NORMAL,0
bgl_32103,100,0.000462,NORMAL,0
bgl_15853,100,0.003246,NORMAL,0
bgl_15865,100,0.003246,NORMAL,0
bgl_18760,100,0.003246,NORMAL,0
bgl_14124,100,0.003246,NORMAL,0
bgl_38597,100,0.00411,NORMAL,0
bgl_19910,100,0.003246,NORMAL,0
bgl_3169,100,9.139705,ANOMALY,1
bgl_40278,100,0.002495,NORMAL,0
bgl_16243,100,0.003246,NORMAL,0
bgl_17167,100,0.003246,NORMAL,0
bgl_8700,100,0.209522,NORMAL,0
bgl_34412,100,0.00237,NORMAL,0
bgl_37431,100,0.002002,NORMAL,0
bgl_30421,100,0.461541,NORMAL,0
bgl_33725,100,9.139705,ANOMALY,1
bgl_25376,100,0.003246,NORMAL,0
bgl_25659,100,0.00411,NORMAL,0
bgl_12160,100,0.003246,NORMAL,0
bgl_40606,100,0.002002,NORMAL,0
bgl_20952,100,0.003246,NORMAL,0
bgl_28892,100,0.003246,NORMAL,0
bgl_11028,100,0.51282,NORMAL,0
bgl_5729,100,0.393122,NORMAL,0
bgl_32660,100,0.002002,NORMAL,0
bgl_21080,100,0.003246,NORMAL,0
bgl_42896,100,0.662319,NORMAL,0
bgl_16770,100,0.003246,NORMAL,0
bgl_9568,100,0.003246,NORMAL,0
bgl_38791,100,0.00411,NORMAL,0
bgl_21033,100,0.003246,NORMAL,0
bgl_22532,100,0.003246,NORMAL,0
bgl_25140,100,0.003246,NORMAL,0
bgl_13410,100,0.000462,NORMAL,0
bgl_29183,100,0.903658,NORMAL,0
bgl_2857,100,9.139705,ANOMALY,1
bgl_28215,100,0.003246,NORMAL,0
bgl_28776,100,0.003246,NORMAL,0
bgl_8988,100,0.000462,NORMAL,0
bgl_25458,100,0.003246,NORMAL,0
bgl_26754,100,0.00411,NORMAL,0
bgl_9566,100,0.003246,NORMAL,0
bgl_45295,100,0.675395,NORMAL,0
bgl_25598,100,0.00411,NORMAL,0
bgl_14453,100,0.003246,NORMAL,0
bgl_5698,100,0.336002,NORMAL,0
bgl_23505,100,0.003246,NORMAL,0
bgl_46121,100,0.000522,NORMAL,0
bgl_38854,100,0.00411,NORMAL,0
bgl_5796,100,0.398017,NORMAL,0
bgl_36020,100,0.003616,NORMAL,0
bgl_18857,100,0.003246,NORMAL,0
bgl_16049,100,0.003246,NORMAL,0
bgl_24610,100,0.00411,NORMAL,0
bgl_44081,100,0.660029,NORMAL,0
bgl_5761,100,0.013633,NORMAL,0
bgl_27395,100,0.003246,NORMAL,0
bgl_34845,100,0.000878,NORMAL,0
bgl_16435,100,0.003246,NORMAL,0
bgl_3414,100,9.139705,ANOMALY,1
bgl_16442,100,0.003246,NORMAL,0
bgl_8537,100,0.003246,NORMAL,0
bgl_201,100,0.17215,NORMAL,1
bgl_12412,100,0.130963,NORMAL,0
bgl_28363,100,0.003246,NORMAL,0
bgl_22474,100,0.003246,NORMAL,0
bgl_44200,100,0.682795,NORMAL,0
bgl_35032,100,1.880767,UNCERTAIN,0
bgl_1767,100,0.003246,NORMAL,0
bgl_32616,100,0.002002,NORMAL,0
bgl_26637,100,0.00411,NORMAL,0
bgl_11575,100,0.000462,NORMAL,0
bgl_8000,100,0.313672,NORMAL,0
bgl_4988,100,8.132814,ANOMALY,1
bgl_23723,100,0.003246,NORMAL,0
bgl_25472,100,0.003246,NORMAL,0
bgl_18436,100,0.003246,NORMAL,0
bgl_17496,100,0.003246,NORMAL,0
bgl_4021,100,0.001405,NORMAL,0
bgl_5945,100,0.436683,NORMAL,0
bgl_3021,100,9.139705,ANOMALY,1
bgl_8441,100,0.003246,NORMAL,0
bgl_23851,100,0.003246,NORMAL,0
bgl_37279,100,0.002002,NORMAL,0
bgl_23864,100,0.003246,NORMAL,0
bgl_4317,100,8.132814,ANOMALY,1
bgl_10878,100,0.009935,NORMAL,0
bgl_7002,100,0.260889,NORMAL,0
bgl_12634,100,0.003246,NORMAL,0
bgl_14781,100,0.003246,NORMAL,0
bgl_13684,100,0.000462,NORMAL,0
bgl_37894,100,0.750586,NORMAL,0
bgl_40813,100,0.002002,NORMAL,0
bgl_30963,100,0.004105,NORMAL,0
bgl_19533,100,0.003246,NORMAL,0
bgl_24381,100,0.00411,NORMAL,0
bgl_13594,100,0.000462,NORMAL,0
bgl_12268,100,0.096309,NORMAL,0
bgl_46986,100,0.010121,NORMAL,0
bgl_19686,100,0.003246,NORMAL,0
bgl_17525,100,0.003246,NORMAL,0
bgl_21129,100,0.003246,NORMAL,0
bgl_46323,100,0.002495,NORMAL,0
bgl_14919,100,0.003246,NORMAL,0
bgl_37593,100,0.002002,NORMAL,0
bgl_34520,100,0.644029,NORMAL,0
bgl_33258,100,8.049964,ANOMALY,1
bgl_12427,100,0.003246,NORMAL,0
bgl_36930,100,0.002495,NORMAL,0
bgl_43871,100,0.668545,NORMAL,0
bgl_4655,100,0.001405,NORMAL,0
bgl_15667,100,0.003246,NORMAL,0
bgl_19213,100,0.003246,NORMAL,0
bgl_13674,100,0.000462,NORMAL,0
bgl_21101,100,0.003246,NORMAL,0
bgl_6803,100,0.426641,NORMAL,0
bgl_34217,100,0.00237,NORMAL,0
bgl_7932,100,0.010121,NORMAL,0
bgl_21807,100,0.003246,NORMAL,0
bgl_39377,100,0.002002,NORMAL,0
bgl_42836,100,0.752509,NORMAL,0
bgl_19797,100,0.003246,NORMAL,0
bgl_18903,100,0.003246,NORMAL,0
bgl_36793,100,0.235177,NORMAL,0
bgl_34176,100,0.00237,NORMAL,0
bgl_24174,100,3.419124,ANOMALY,1
bgl_5565,100,0.258539,NORMAL,0
bgl_41510,100,0.004105,NORMAL,0
bgl_30536,100,1.493157,UNCERTAIN,0
bgl_12514,100,0.003246,NORMAL,0
bgl_39099,100,0.002002,NORMAL,0
bgl_8609,100,0.003246,NORMAL,0
bgl_20186,100,0.003246,NORMAL,0
bgl_36318,100,0.002495,NORMAL,0
bgl_25011,100,0.003246,NORMAL,0
bgl_7862,100,0.010121,NORMAL,0
bgl_10216,100,0.003246,NORMAL,0
bgl_5716,100,0.379131,NORMAL,0
bgl_26486,100,0.00411,NORMAL,0
bgl_35871,100,0.730487,NORMAL,0
bgl_16764,100,0.003246,NORMAL,0
bgl_26127,100,0.00411,NORMAL,0
bgl_39359,100,0.002002,NORMAL,0
bgl_20343,100,0.000462,NORMAL,0
bgl_15656,100,0.003246,NORMAL,0
bgl_3785,100,0.003246,NORMAL,0
bgl_32178,100,0.000462,NORMAL,0
bgl_33275,100,9.139705,ANOMALY,1
bgl_28423,100,0.003246,NORMAL,0
bgl_7924,100,0.010121,NORMAL,0
bgl_42083,100,0.000609,NORMAL,0
bgl_11401,100,0.000462,NORMAL,0
bgl_32697,100,0.002002,NORMAL,0
bgl_23649,100,0.003246,NORMAL,0
bgl_17045,100,0.003246,NORMAL,0
bgl_8897,100,0.000462,NORMAL,0
bgl_27532,100,0.003246,NORMAL,0
bgl_11677,100,0.003246,NORMAL,0
bgl_37333,100,0.002002,NORMAL,0
bgl_6007,100,0.212519,NORMAL,0
bgl_28605,100,0.003246,NORMAL,0
bgl_34278,100,0.00237,NORMAL,0
bgl_37791,100,0.002002,NORMAL,0
bgl_18110,100,0.003246,NORMAL,0
bgl_22138,100,0.003246,NORMAL,0
bgl_10690,100,0.083362,NORMAL,0
bgl_17044,100,0.003246,NORMAL,0
bgl_12389,100,0.130963,NORMAL,0
bgl_41037,100,0.002002,NORMAL,0
bgl_3958,100,8.132814,ANOMALY,1
bgl_12859,100,0.003246,NORMAL,0
bgl_34343,100,0.713773,NORMAL,0
bgl_3340,100,9.139705,ANOMALY,1
bgl_2206,100,0.003246,NORMAL,0
bgl_30182,100,0.000656,NORMAL,0
bgl_32673,100,0.002002,NORMAL,0
bgl_3108,100,9.139705,ANOMALY,1
bgl_23617,100,0.003246,NORMAL,0
bgl_37311,100,0.002002,NORMAL,0
bgl_23950,100,0.003246,NORMAL,0
bgl_16747,100,0.003246,NORMAL,0
bgl_18265,100,0.003246,NORMAL,0
bgl_13802,100,0.000462,NORMAL,0
bgl_28878,100,0.003246,NORMAL,0
bgl_19232,100,0.003246,NORMAL,0
bgl_22074,100,0.003246,NORMAL,0
bgl_22750,100,0.003246,NORMAL,0
bgl_8061,100,0.372978,NORMAL,0
bgl_30999,100,1.543163,UNCERTAIN,1
bgl_11826,100,0.003246,NORMAL,0
bgl_11105,100,0.003246,NORMAL,0
bgl_14334,100,0.003246,NORMAL,0
bgl_28,100,0.010121,NORMAL,0
bgl_18963,100,0.003246,NORMAL,0
bgl_42211,100,8.591351,ANOMALY,1
bgl_3350,100,9.139705,ANOMALY,1
bgl_43963,100,0.682572,NORMAL,0
bgl_14885,100,0.003246,NORMAL,0
bgl_4107,100,0.001405,NORMAL,0
bgl_5024,100,4.937646,ANOMALY,1
bgl_13637,100,0.000462,NORMAL,0
bgl_42068,100,0.000609,NORMAL,0
bgl_33457,100,0.411285,NORMAL,0
bgl_15373,100,0.003246,NORMAL,0
bgl_3825,100,0.034337,NORMAL,0
bgl_18113,100,0.003246,NORMAL,0
bgl_11228,100,0.003246,NORMAL,0
bgl_1122,100,0.003246,NORMAL,0
bgl_10828,100,0.007853,NORMAL,0
bgl_44026,100,0.676861,NORMAL,0
bgl_37728,100,0.002002,NORMAL,0
bgl_13103,100,0.000462,NORMAL,0
bgl_2984,100,9.139705,ANOMALY,1
bgl_42043,100,9.139705,ANOMALY,1
bgl_29231,100,0.874526,NORMAL,0
bgl_23187,100,0.003246,NORMAL,0
bgl_46280,100,0.523016,NORMAL,0
bgl_39850,100,0.002002,NORMAL,0
bgl_29550,100,0.00237,NORMAL,0
bgl_23456,100,0.003246,NORMAL,0
bgl_15448,100,0.000462,NORMAL,0
bgl_38502,100,0.485573,NORMAL,0
bgl_13359,100,0.000462,NORMAL,0
bgl_18959,100,0.003246,NORMAL,0
bgl_13955,100,0.003246,NORMAL,0
bgl_30040,100,1.191468,NORMAL,0
bgl_22873,100,0.003246,NORMAL,0
bgl_18383,100,0.003246,NORMAL,0
bgl_10614,100,0.013633,NORMAL,0
bgl_30981,100,0.833722,NORMAL,0
bgl_28515,100,0.003246,NORMAL,0
bgl_9546,100,0.000462,NORMAL,0
bgl_17041,100,0.003246,NORMAL,0
bgl_45296,100,0.661838,NORMAL,0
bgl_20570,100,0.003246,NORMAL,0
bgl_32122,100,0.000462,NORMAL,0
bgl_33437,100,0.96615,NORMAL,0
bgl_16560,100,0.003246,NORMAL,0
bgl_22003,100,0.003246,NORMAL,0
bgl_19752,100,0.003246,NORMAL,0
bgl_36623,100,0.000878,NORMAL,0
bgl_19520,100,0.003246,NORMAL,0
bgl_17339,100,0.003246,NORMAL,0
bgl_2017,100,0.003246,NORMAL,0
bgl_10918,100,0.130963,NORMAL,0
bgl_40491,100,0.919656,NORMAL,0
bgl_25454,100,0.003246,NORMAL,0
bgl_17825,100,0.003246,NORMAL,0
bgl_6416,100,0.305808,NORMAL,0
bgl_24064,100,0.003246,NORMAL,0
bgl_21162,100,0.003246,NORMAL,0
bgl_8389,100,0.003246,NORMAL,0
bgl_3877,100,8.132814,ANOMALY,1
bgl_24208,100,0.00411,NORMAL,0
bgl_38651,100,0.764677,NORMAL,0
bgl_38604,100,0.314528,NORMAL,0
bgl_22335,100,0.003246,NORMAL,0
bgl_13818,100,0.000462,NORMAL,0
bgl_7328,100,0.610519,NORMAL,0
bgl_16968,100,0.003246,NORMAL,0
bgl_28133,100,0.003246,NORMAL,0
bgl_2062,100,0.003246,NORMAL,0
bgl_17841,100,0.003246,NORMAL,0
bgl_6354,100,0.286792,NORMAL,0
bgl_24618,100,0.00411,NORMAL,0
bgl_24895,100,0.003246,NORMAL,0
bgl_7468,100,0.003073,NORMAL,0
bgl_5440,100,0.117252,NORMAL,0
bgl_46703,100,4.719084,ANOMALY,1
bgl_9527,100,0.000462,NORMAL,0
bgl_40696,100,0.002002,NORMAL,0
bgl_40615,100,0.002002,NORMAL,0
bgl_22391,100,0.003246,NORMAL,0
bgl_15370,100,0.003246,NORMAL,0
bgl_11317,100,0.003246,NORMAL,0
bgl_32082,100,0.000462,NORMAL,0
bgl_14420,100,0.003246,NORMAL,0
bgl_4293,100,8.132814,ANOMALY,1
bgl_43893,100,0.669448,NORMAL,0
bgl_28934,100,0.003246,NORMAL,0
bgl_6280,100,0.284291,NORMAL,0
bgl_28037,100,0.003246,NORMAL,0
bgl_40146,100,0.002002,NORMAL,0
bgl_7438,100,0.143198,NORMAL,0
bgl_16365,100,0.003246,NORMAL,0
bgl_41418,100,0.002002,NORMAL,0
bgl_11258,100,0.003246,NORMAL,0
bgl_25722,100,0.00411,NORMAL,0
bgl_42917,100,0.694186,NORMAL,0
bgl_28405,100,0.003246,NORMAL,0
bgl_19899,100,0.003246,NORMAL,0
bgl_5898,100,0.250795,NORMAL,0
bgl_24103,100,8.272138,ANOMALY,0
bgl_29472,100,0.00237,NORMAL,0
bgl_34860,100,0.000878,NORMAL,0
bgl_9147,100,0.000462,NORMAL,0
bgl_25282,100,0.003246,NORMAL,0
bgl_20095,100,0.003246,NORMAL,0
bgl_45113,100,0.713555,NORMAL,0
bgl_42667,100,8.729006,ANOMALY,1
bgl_38429,100,0.002002,NORMAL,0
bgl_22688,100,0.003246,NORMAL,0
bgl_23636,100,0.003246,NORMAL,0
bgl_29025,100,0.003246,NORMAL,0
bgl_10757,100,0.005054,NORMAL,0
bgl_46911,100,0.010121,NORMAL,0
bgl_17459,100,0.003246,NORMAL,0
bgl_2472,100,9.139705,ANOMALY,1
bgl_5157,100,0.00316,NORMAL,0
bgl_32702,100,0.002002,NORMAL,0
bgl_1200,100,1.873489,UNCERTAIN,0
bgl_2972,100,9.139705,ANOMALY,1
bgl_8967,100,0.000462,NORMAL,0
bgl_23442,100,0.003246,NORMAL,0
bgl_7738,100,0.003246,NORMAL,0
bgl_42475,100,0.001215,NORMAL,0
bgl_23959,100,0.003246,NORMAL,0
bgl_43440,100,0.69416,NORMAL,0
bgl_42189,100,0.000609,NORMAL,0
bgl_11855,100,0.003246,NORMAL,0
bgl_21961,100,0.003246,NORMAL,0
bgl_31233,100,0.002002,NORMAL,0
bgl_1135,100,0.003246,NORMAL,0
bgl_39913,100,0.002002,NORMAL,0
bgl_36568,100,0.921979,NORMAL,0
bgl_7237,100,0.415582,NORMAL,0
bgl_22936,100,0.003246,NORMAL,0
bgl_9689,100,0.003246,NORMAL,0
bgl_43609,100,0.700026,NORMAL,0
bgl_36242,100,0.424507,NORMAL,0
bgl_32000,100,0.792597,NORMAL,0
bgl_28702,100,0.003246,NORMAL,0
bgl_16170,100,0.003246,NORMAL,0
bgl_8456,100,0.188885,NORMAL,0
bgl_17294,100,0.003246,NORMAL,0
bgl_18621,100,0.003246,NORMAL,0
bgl_25592,100,0.00411,NORMAL,0
bgl_24845,100,2.887757,ANOMALY,1
bgl_10088,100,0.003246,NORMAL,0
bgl_46495,100,0.002495,NORMAL,0
bgl_16193,100,0.003246,NORMAL,0
bgl_33412,100,9.139705,ANOMALY,1
bgl_26883,100,0.003246,NORMAL,0
bgl_46675,100,0.985167,NORMAL,0
bgl_23163,100,0.003246,NORMAL,0
bgl_19627,100,0.003246,NORMAL,0
bgl_20682,100,0.003246,NORMAL,0
bgl_27873,100,0.003246,NORMAL,0
bgl_14390,100,0.003246,NORMAL,0
bgl_32331,100,0.000462,NORMAL,0
bgl_5863,100,0.013633,NORMAL,0
bgl_36233,100,0.511861,NORMAL,0
bgl_32305,100,0.000462,NORMAL,0
bgl_21039,100,0.003246,NORMAL,0
bgl_16246,100,0.003246,NORMAL,0
bgl_45151,100,0.695682,NORMAL,0
bgl_30664,100,0.469735,NORMAL,0
bgl_1172,100,0.003246,NORMAL,0
bgl_32451,100,0.000462,NORMAL,0
bgl_10138,100,0.003246,NORMAL,0
bgl_13120,100,0.000462,NORMAL,0
bgl_39215,100,0.002002,NORMAL,0
bgl_25916,100,0.332398,NORMAL,0
bgl_42245,100,9.139705,ANOMALY,1
bgl_41819,100,8.644221,ANOMALY,1
bgl_13124,100,0.000462,NORMAL,0
bgl_10383,100,0.013633,NORMAL,0
bgl_132,100,0.003246,NORMAL,0
bgl_13456,100,0.000462,NORMAL,0
bgl_29906,100,0.021526,NORMAL,0
bgl_21049,100,0.003246,NORMAL,0
bgl_7031,100,0.368532,NORMAL,0
bgl_38936,100,0.002002,NORMAL,0
bgl_18772,100,0.003246,NORMAL,0
bgl_21094,100,0.003246,NORMAL,0
bgl_36028,100,0.101147,NORMAL,0
bgl_22509,100,0.003246,NORMAL,0
bgl_1240,100,0.010121,NORMAL,0
bgl_41814,100,0.206507,NORMAL,0
bgl_5877,100,0.47306,NORMAL,0
bgl_17908,100,0.003246,NORMAL,0
bgl_8976,100,0.000462,NORMAL,0
bgl_23992,100,0.003246,NORMAL,0
bgl_18714,100,0.411324,NORMAL,0
bgl_43497,100,0.938306,NORMAL,0
bgl_45073,100,0.678183,NORMAL,0
bgl_10073,100,0.096309,NORMAL,0
bgl_8153,100,0.003246,NORMAL,0
bgl_37219,100,0.540135,NORMAL,0
bgl_45416,100,0.760871,NORMAL,0
bgl_22887,100,0.003246,NORMAL,0
bgl_10569,100,0.021893,NORMAL,0
bgl_13159,100,0.000462,NORMAL,0
bgl_32281,100,0.002002,NORMAL,0
bgl_29995,100,0.435488,NORMAL,0
bgl_12620,100,0.003246,NORMAL,0
bgl_8296,100,0.010121,NORMAL,0
bgl_42656,100,6.677078,ANOMALY,1
bgl_19856,100,0.003246,NORMAL,0
bgl_30920,100,0.004105,NORMAL,0
bgl_43314,100,0.660215,NORMAL,0
bgl_21008,100,0.003246,NORMAL,0
bgl_30730,100,0.793334,NORMAL,0
bgl_46910,100,0.010121,NORMAL,0
bgl_43957,100,0.664195,NORMAL,0
bgl_46264,100,0.809747,NORMAL,0
bgl_45545,100,0.682572,NORMAL,0
bgl_42827,100,0.530325,NORMAL,0
bgl_9727,100,0.003246,NORMAL,0
bgl_16428,100,0.003246,NORMAL,0
bgl_29447,100,0.00237,NORMAL,0
bgl_16028,100,0.003246,NORMAL,0
bgl_2962,100,9.139705,ANOMALY,1
bgl_11378,100,0.000462,NORMAL,0
bgl_27917,100,0.003246,NORMAL,0
bgl_12908,100,0.232007,NORMAL,0
bgl_10237,100,0.003246,NORMAL,0
bgl_11093,100,0.08542,NORMAL,0
bgl_5099,100,5.53934,ANOMALY,1
bgl_5097,100,5.420888,ANOMALY,1
bgl_45495,100,0.674194,NORMAL,0
bgl_19994,100,0.003246,NORMAL,0
bgl_26034,100,0.516563,NORMAL,0
bgl_4397,100,8.132814,ANOMALY,1
bgl_15540,100,0.003246,NORMAL,0
bgl_5654,100,0.497494,NORMAL,0
bgl_39564,100,0.002002,NORMAL,0
bgl_17835,100,0.003246,NORMAL,0
bgl_27024,100,0.003246,NORMAL,0
bgl_31915,100,0.002002,NORMAL,0
bgl_24195,100,0.00411,NORMAL,0
bgl_41260,100,0.002002,NORMAL,0
bgl_20385,100,0.000462,NORMAL,0
bgl_19478,100,0.003246,NORMAL,0
bgl_38763,100,0.00411,NORMAL,0
bgl_17621,100,0.003246,NORMAL,0
bgl_13568,100,0.000462,NORMAL,0
bgl_38512,100,0.496365,NORMAL,0
bgl_18743,100,1.503359,UNCERTAIN,0
bgl_20039,100,0.003246,NORMAL,0
bgl_16484,100,0.146501,NORMAL,0
bgl_41839,100,5.363771,ANOMALY,1
bgl_9457,100,0.000462,NORMAL,0
bgl_10850,100,0.033659,NORMAL,0
bgl_42300,100,0.935745,NORMAL,0
bgl_44971,100,0.74769,NORMAL,0
bgl_20881,100,0.003246,NORMAL,0
bgl_13297,100,0.000462,NORMAL,0
bgl_2270,100,9.139705,ANOMALY,1
bgl_45712,100,1.17632,NORMAL,0
bgl_10510,100,0.009935,NORMAL,0
bgl_31592,100,0.491879,NORMAL,0
bgl_35517,100,0.588805,NORMAL,0
bgl_34195,100,0.00237,NORMAL,0
bgl_7400,100,7.366147,ANOMALY,1
bgl_2445,100,9.139705,ANOMALY,1
bgl_18636,100,0.003246,NORMAL,0
bgl_37338,100,0.002002,NORMAL,0
bgl_18566,100,0.003246,NORMAL,0
bgl_11536,100,0.000462,NORMAL,0
bgl_41783,100,0.270563,NORMAL,0
bgl_27192,100,0.003246,NORMAL,0
bgl_38959,100,0.002002,NORMAL,0
bgl_9829,100,0.003246,NORMAL,0
bgl_46724,100,6.942738,ANOMALY,1
bgl_7048,100,0.280876,NORMAL,0
bgl_9808,100,0.003246,NORMAL,0
bgl_13327,100,0.000462,NORMAL,0
bgl_44884,100,0.704229,NORMAL,0
bgl_6001,100,0.231805,NORMAL,0
bgl_33099,100,9.139705,ANOMALY,1
bgl_40811,100,0.002002,NORMAL,0
bgl_31494,100,0.000462,NORMAL,0
bgl_30398,100,9.139705,ANOMALY,1
bgl_28197,100,0.003246,NORMAL,0
bgl_46565,100,9.139705,ANOMALY,1
bgl_6931,100,0.301296,NORMAL,0
bgl_44818,100,1.16442,NORMAL,0
bgl_39197,100,0.002002,NORMAL,0
bgl_22563,100,0.003246,NORMAL,0
bgl_37796,100,0.002002,NORMAL,0
bgl_14940,100,0.003246,NORMAL,0
bgl_25699,100,0.00411,NORMAL,0
bgl_45240,100,0.682572,NORMAL,0
bgl_676,100,0.003246,NORMAL,0
bgl_12560,100,0.003246,NORMAL,0
bgl_9662,100,0.003246,NORMAL,0
bgl_25887,100,0.00411,NORMAL,0
bgl_27100,100,0.003246,NORMAL,0
bgl_33052,100,1.274021,UNCERTAIN,0
bgl_14989,100,0.003246,NORMAL,0
bgl_29489,100,0.175102,NORMAL,0
bgl_18712,100,0.609629,NORMAL,0
bgl_8422,100,0.304427,NORMAL,0
bgl_21483,100,0.003246,NORMAL,0
bgl_25616,100,0.00411,NORMAL,0
bgl_19399,100,0.003246,NORMAL,0
bgl_40240,100,0.010121,NORMAL,0
bgl_38762,100,0.00411,NORMAL,0
bgl_8279,100,9.139705,ANOMALY,1
bgl_2761,100,5.483576,ANOMALY,1
bgl_2855,100,9.139705,ANOMALY,1
bgl_34612,100,0.236482,NORMAL,0
bgl_23835,100,0.003246,NORMAL,0
bgl_42399,100,9.046821,ANOMALY,1
bgl_10881,100,0.009935,NORMAL,0
bgl_37360,100,0.002002,NORMAL,0
bgl_361,100,0.003246,NORMAL,0
bgl_1339,100,0.010121,NORMAL,0
bgl_2232,100,9.139705,ANOMALY,1
bgl_25241,100,0.003246,NORMAL,0
bgl_16671,100,0.003246,NORMAL,0
bgl_12308,100,0.003246,NORMAL,0
bgl_8213,100,0.003246,NORMAL,0
bgl_11453,100,0.000462,NORMAL,0
bgl_3005,100,9.139705,ANOMALY,1
bgl_22664,100,0.003246,NORMAL,0
bgl_29288,100,0.407316,NORMAL,0
bgl_41290,100,0.002002,NORMAL,0
bgl_43127,100,0.721772,NORMAL,0
bgl_27855,100,0.003246,NORMAL,0
bgl_16660,100,0.003246,NORMAL,0
bgl_8290,100,0.010121,NORMAL,0
bgl_4333,100,8.132814,ANOMALY,1
bgl_41303,100,0.002002,NORMAL,0
bgl_41972,100,1.215206,UNCERTAIN,0
bgl_25837,100,0.00411,NORMAL,0
bgl_10091,100,0.003246,NORMAL,0
bgl_25178,100,0.00411,NORMAL,0
bgl_18670,100,0.000462,NORMAL,0
bgl_11744,100,0.003246,NORMAL,0
bgl_26222,100,0.340387,NORMAL,0
bgl_35549,100,1.464574,UNCERTAIN,1
bgl_34118,100,0.00237,NORMAL,0
bgl_22727,100,0.003246,NORMAL,0
bgl_11065,100,0.003246,NORMAL,0
bgl_27181,100,0.003246,NORMAL,0
bgl_20100,100,0.003246,NORMAL,0
bgl_1923,100,0.14408,NORMAL,0
bgl_8430,100,0.003246,NORMAL,0
bgl_5533,100,0.385657,NORMAL,0
bgl_5289,100,5.109128,ANOMALY,1
bgl_46598,100,3.924372,ANOMALY,1
bgl_35207,100,0.251505,NORMAL,0
bgl_44019,100,0.647933,NORMAL,0
bgl_13882,100,0.003246,NORMAL,0
bgl_32494,100,0.000462,NORMAL,0
bgl_29113,100,0.632077,NORMAL,0
bgl_34296,100,0.00237,NORMAL,0
bgl_15869,100,0.003246,NORMAL,0
bgl_24522,100,0.00411,NORMAL,0
bgl_35397,100,1.095636,NORMAL,0
bgl_16439,100,0.003246,NORMAL,0
bgl_14054,100,0.003246,NORMAL,0
bgl_18755,100,0.003246,NORMAL,0
bgl_8200,100,0.003246,NORMAL,0
bgl_20568,100,0.003246,NORMAL,0
bgl_29364,100,0.00237,NORMAL,0
bgl_34652,100,0.00237,NORMAL,0
bgl_6553,100,0.30816,NORMAL,0
bgl_789,100,0.33886,NORMAL,1
bgl_26948,100,0.003246,NORMAL,0
bgl_46608,100,9.139705,ANOMALY,1
bgl_4590,100,0.001405,NORMAL,0
bgl_40432,100,0.00411,NORMAL,0
bgl_32333,100,0.000462,NORMAL,0
bgl_13471,100,0.000462,NORMAL,0
bgl_5045,100,4.967844,ANOMALY,1
bgl_14043,100,0.003246,NORMAL,0
bgl_22747,100,0.003246,NORMAL,0
bgl_44571,100,1.040488,NORMAL,0
bgl_38028,100,0.002002,NORMAL,0
bgl_28349,100,0.003246,NORMAL,0
bgl_10668,100,0.183159,NORMAL,0
bgl_24111,100,0.003246,NORMAL,0
bgl_27934,100,0.003246,NORMAL,0
bgl_45123,100,0.685111,NORMAL,0
bgl_11816,100,0.003246,NORMAL,0
bgl_42845,100,0.000878,NORMAL,0
bgl_17955,100,0.003246,NORMAL,0
bgl_37772,100,0.002002,NORMAL,0
bgl_6198,100,0.53702,NORMAL,0
bgl_20123,100,0.003246,NORMAL,0
bgl_22450,100,0.003246,NORMAL,0
bgl_31304,100,0.000462,NORMAL,0
bgl_23922,100,0.003246,NORMAL,0
bgl_14840,100,0.003246,NORMAL,0
bgl_26502,100,0.00411,NORMAL,0
bgl_12008,100,0.003246,NORMAL,0
bgl_45992,100,0.000522,NORMAL,0
bgl_31570,100,0.457287,NORMAL,0
bgl_17379,100,0.003246,NORMAL,0
bgl_17782,100,0.003246,NORMAL,0
bgl_4792,100,0.005054,NORMAL,0
bgl_26198,100,0.571244,NORMAL,0
bgl_36779,100,0.236317,NORMAL,0
bgl_6381,100,0.281158,NORMAL,0
bgl_42694,100,0.001215,NORMAL,0
bgl_41108,100,0.002002,NORMAL,0
bgl_24712,100,0.00411,NORMAL,0
bgl_11679,100,0.003246,NORMAL,0
bgl_38284,100,0.002002,NORMAL,0
bgl_42549,100,0.001215,NORMAL,0
bgl_33309,100,2.818755,ANOMALY,1
bgl_39173,100,0.002002,NORMAL,0
bgl_15909,100,0.003246,NORMAL,0
bgl_1911,100,0.130963,NORMAL,0
bgl_529,100,0.003246,NORMAL,0
bgl_39902,100,0.002002,NORMAL,0
bgl_6331,100,0.385274,NORMAL,0
bgl_18546,100,0.003246,NORMAL,0
bgl_14378,100,0.003246,NORMAL,0
bgl_22965,100,0.003246,NORMAL,0
bgl_34974,100,2.426268,ANOMALY,1
bgl_20376,100,0.000462,NORMAL,0
bgl_12786,100,0.003246,NORMAL,0
bgl_2470,100,9.139705,ANOMALY,1
bgl_18462,100,0.003246,NORMAL,0
bgl_36737,100,0.907011,NORMAL,0
bgl_40378,100,0.002002,NORMAL,0
bgl_25530,100,0.00411,NORMAL,0
bgl_32198,100,0.000462,NORMAL,0
bgl_20600,100,0.003246,NORMAL,0
bgl_18132,100,0.003246,NORMAL,0
bgl_20130,100,0.003246,NORMAL,0
bgl_35894,100,0.004105,NORMAL,0
bgl_21075,100,0.003246,NORMAL,0
bgl_45942,100,0.000522,NORMAL,0
bgl_19886,100,0.003246,NORMAL,0
bgl_21227,100,0.003246,NORMAL,0
bgl_10419,100,0.013633,NORMAL,0
bgl_14353,100,0.003246,NORMAL,0
bgl_12476,100,0.003246,NORMAL,0
bgl_22281,100,0.118934,NORMAL,0
bgl_47007,100,0.010121,NORMAL,0
bgl_18777,100,0.003246,NORMAL,0
bgl_3216,100,9.139705,ANOMALY,1
bgl_5554,100,0.517406,NORMAL,0
bgl_43566,100,0.683516,NORMAL,0
bgl_15056,100,0.003246,NORMAL,0
bgl_8048,100,1.315203,UNCERTAIN,0
bgl_43505,100,0.660347,NORMAL,0
bgl_10801,100,0.013633,NORMAL,0
bgl_38519,100,0.56991,NORMAL,0
bgl_2184,100,0.003246,NORMAL,0
bgl_36184,100,1.15408,NORMAL,1
bgl_10302,100,0.055957,NORMAL,0
bgl_32157,100,0.000462,NORMAL,0
bgl_37942,100,0.002002,NORMAL,0
bgl_38540,100,0.355848,NORMAL,0
bgl_10675,100,0.365443,NORMAL,0
bgl_45866,100,1.188879,NORMAL,0
bgl_30838,100,0.000878,NORMAL,0
bgl_2867,100,9.139705,ANOMALY,1
bgl_32783,100,0.002002,NORMAL,0
bgl_10040,100,0.003246,NORMAL,0
bgl_4628,100,8.132814,ANOMALY,1
bgl_26607,100,0.00411,NORMAL,0
bgl_37285,100,0.002002,NORMAL,0
bgl_17881,100,0.003246,NORMAL,0
bgl_28817,100,0.003246,NORMAL,0
bgl_21456,100,0.003246,NORMAL,0
bgl_11009,100,0.607986,NORMAL,0
bgl_45798,100,0.712216,NORMAL,0
bgl_34543,100,0.00237,NORMAL,0
bgl_34476,100,0.00237,NORMAL,0
bgl_7465,100,0.003073,NORMAL,0
bgl_33039,100,0.001121,NORMAL,0
bgl_22266,100,0.119235,NORMAL,0
bgl_27660,100,0.003246,NORMAL,0
bgl_19655,100,0.003246,NORMAL,0
bgl_2068,100,0.491906,NORMAL,0
bgl_27747,100,0.003246,NORMAL,0
bgl_44387,100,0.67172,NORMAL,0
bgl_25638,100,0.00411,NORMAL,0
bgl_28014,100,0.003246,NORMAL,0
bgl_8395,100,0.003246,NORMAL,0
bgl_17401,100,0.003246,NORMAL,0
bgl_22569,100,0.003246,NORMAL,0
bgl_16033,100,0.003246,NORMAL,0
bgl_29149,100,0.786007,NORMAL,0
bgl_3448,100,9.139705,ANOMALY,1
bgl_13710,100,0.000462,NORMAL,0
bgl_36694,100,0.154685,NORMAL,0
bgl_16739,100,0.003246,NORMAL,0
bgl_12990,100,0.000462,NORMAL,0
bgl_5304,100,5.308432,ANOMALY,1
bgl_22944,100,0.003246,NORMAL,0
bgl_28353,100,0.003246,NORMAL,0
bgl_18303,100,0.003246,NORMAL,0
bgl_19646,100,0.003246,NORMAL,0
bgl_4425,100,8.132814,ANOMALY,1
bgl_32807,100,0.002002,NORMAL,0
bgl_39870,100,0.002002,NORMAL,0
bgl_25256,100,0.003246,NORMAL,0
bgl_1656,100,0.034337,NORMAL,0
bgl_26448,100,0.00411,NORMAL,0
bgl_17133,100,0.003246,NORMAL,0
bgl_33162,100,0.129731,NORMAL,0
bgl_25780,100,0.00411,NORMAL,0
bgl_25260,100,0.003246,NORMAL,0
bgl_35241,100,0.002495,NORMAL,0
bgl_42764,100,6.633362,ANOMALY,1
bgl_14033,100,0.003246,NORMAL,0
bgl_45277,100,0.669458,NORMAL,0
bgl_33034,100,0.888551,NORMAL,0
bgl_22874,100,0.003246,NORMAL,0
bgl_1188,100,1.352642,UNCERTAIN,0
bgl_10239,100,0.003246,NORMAL,0
bgl_46860,100,0.010121,NORMAL,0
bgl_33512,100,5.887836,ANOMALY,1
bgl_29068,100,0.003246,NORMAL,0
bgl_3847,100,8.132814,ANOMALY,1
bgl_40195,100,0.002002,NORMAL,0
bgl_22672,100,0.003246,NORMAL,0
bgl_44525,100,0.691271,NORMAL,0
bgl_7152,100,0.313203,NORMAL,0
bgl_20361,100,0.000462,NORMAL,0
bgl_18277,100,0.003246,NORMAL,0
bgl_25576,100,0.00411,NORMAL,0
bgl_10022,100,0.003246,NORMAL,0
bgl_43443,100,0.997303,NORMAL,0
bgl_29373,100,0.00237,NORMAL,0
bgl_28324,100,0.003246,NORMAL,0
bgl_28915,100,0.003246,NORMAL,0
bgl_25160,100,0.00411,NORMAL,0
bgl_44981,100,0.701804,NORMAL,0
bgl_16614,100,0.003246,NORMAL,0
bgl_8761,100,0.003246,NORMAL,0
bgl_22790,100,0.003246,NORMAL,0
bgl_13516,100,0.000462,NORMAL,0
bgl_2730,100,9.139705,ANOMALY,1
bgl_22311,100,0.005524,NORMAL,0
bgl_37522,100,0.670742,NORMAL,0
bgl_13024,100,0.000462,NORMAL,0
bgl_29008,100,0.003246,NORMAL,0
bgl_6385,100,0.256771,NORMAL,0
bgl_23018,100,0.003246,NORMAL,0
bgl_29622,100,0.243267,NORMAL,0
bgl_517,100,0.003246,NORMAL,0
bgl_31029,100,0.004105,NORMAL,0
bgl_34556,100,0.655954,NORMAL,0
bgl_33848,100,0.389128,NORMAL,0
bgl_43398,100,0.704141,NORMAL,0
bgl_7860,100,0.010121,NORMAL,0
bgl_22017,100,0.003246,NORMAL,0
bgl_34168,100,0.00237,NORMAL,0
bgl_14242,100,0.003246,NORMAL,0
bgl_9243,100,0.000462,NORMAL,0
bgl_9919,100,0.003246,NORMAL,0
bgl_41807,100,5.828644,ANOMALY,1
bgl_15179,100,0.003246,NORMAL,0
bgl_32232,100,0.002002,NORMAL,0
bgl_33163,100,0.000878,NORMAL,0
bgl_169,100,0.502352,NORMAL,0
bgl_39408,100,0.00411,NORMAL,0
bgl_24805,100,0.00411,NORMAL,0
bgl_28269,100,0.003246,NORMAL,0
bgl_34422,100,0.00237,NORMAL,0
bgl_40620,100,0.002002,NORMAL,0
bgl_4190,100,0.003246,NORMAL,0
bgl_22286,100,0.771546,NORMAL,0
bgl_42891,100,0.908326,NORMAL,0
bgl_43394,100,0.691491,NORMAL,0
bgl_46687,100,6.128524,ANOMALY,1
bgl_30018,100,1.365274,UNCERTAIN,0
bgl_27113,100,0.003246,NORMAL,0
bgl_32566,100,0.000462,NORMAL,0
bgl_39232,100,0.101083,NORMAL,0
bgl_24474,100,0.00411,NORMAL,0
bgl_26159,100,0.00411,NORMAL,0
bgl_6122,100,0.238453,NORMAL,0
bgl_28127,100,0.003246,NORMAL,0
bgl_23580,100,0.003246,NORMAL,0
bgl_24842,100,0.695929,NORMAL,0
bgl_14417,100,0.003246,NORMAL,0
bgl_28811,100,0.003246,NORMAL,0
bgl_44392,100,0.687344,NORMAL,0
bgl_45193,100,0.676343,NORMAL,0
bgl_33604,100,9.139705,ANOMALY,1
bgl_40963,100,0.002002,NORMAL,0
bgl_7981,100,0.003246,NORMAL,0
bgl_9681,100,0.003246,NORMAL,0
bgl_4813,100,0.005054,NORMAL,0
bgl_44524,100,0.671066,NORMAL,0
bgl_9142,100,0.000462,NORMAL,0
bgl_8638,100,0.003246,NORMAL,0
bgl_29441,100,0.06995,NORMAL,0
bgl_7662,100,0.001709,NORMAL,0
bgl_35120,100,0.178524,NORMAL,0
bgl_39527,100,0.002002,NORMAL,0
bgl_25253,100,0.003246,NORMAL,0
bgl_20622,100,0.003246,NORMAL,0
bgl_15070,100,0.003246,NORMAL,0
bgl_35340,100,0.873783,NORMAL,0
bgl_17706,100,0.003246,NORMAL,0
bgl_38078,100,0.002002,NORMAL,0
bgl_9283,100,0.510322,NORMAL,0
bgl_37039,100,0.00411,NORMAL,0
bgl_45108,100,0.669217,NORMAL,0
bgl_16132,100,0.003246,NORMAL,0
bgl_36215,100,1.80949,UNCERTAIN,0
bgl_17436,100,0.003246,NORMAL,0
bgl_32643,100,0.002002,NORMAL,0
bgl_35921,100,1.089801,NORMAL,0
bgl_29577,100,0.021526,NORMAL,0
bgl_3707,100,9.139705,ANOMALY,1
bgl_31078,100,4.761916,ANOMALY,1
bgl_15931,100,0.003246,NORMAL,0
bgl_35633,100,0.808701,NORMAL,0
bgl_7366,100,0.308227,NORMAL,0
bgl_2444,100,9.139705,ANOMALY,1
bgl_14823,100,0.003246,NORMAL,0
bgl_6213,100,0.149969,NORMAL,0
bgl_11811,100,0.003246,NORMAL,0
bgl_16415,100,0.003246,NORMAL,0
bgl_24049,100,0.003246,NORMAL,0
bgl_34834,100,0.000878,NORMAL,0
bgl_13104,100,0.000462,NORMAL,0
bgl_19398,100,0.003246,NORMAL,0
bgl_22421,100,0.003616,NORMAL,0
bgl_22108,100,0.003246,NORMAL,0
bgl_16532,100,0.003246,NORMAL,0
bgl_35596,100,0.447692,NORMAL,0
bgl_19987,100,0.003246,NORMAL,0
bgl_29357,100,0.117123,NORMAL,0
bgl_5978,100,0.32168,NORMAL,0
bgl_12802,100,0.003246,NORMAL,0
bgl_45852,100,1.14007,NORMAL,0
bgl_990,100,0.003246,NORMAL,0
bgl_32855,100,0.002002,NORMAL,0
bgl_31205,100,0.000462,NORMAL,0
bgl_43283,100,0.700726,NORMAL,0
bgl_33333,100,2.932482,ANOMALY,1
bgl_29872,100,1.740438,UNCERTAIN,1
bgl_42443,100,0.001215,NORMAL,0
bgl_2010,100,0.003246,NORMAL,0
bgl_33726,100,6.360284,ANOMALY,1
bgl_9049,100,0.000462,NORMAL,0
bgl_12456,100,0.003246,NORMAL,0
bgl_8427,100,0.003246,NORMAL,0
bgl_37946,100,0.002002,NORMAL,0
bgl_17424,100,0.003246,NORMAL,0
bgl_1334,100,0.010121,NORMAL,0
bgl_20911,100,0.003246,NORMAL,0
bgl_44451,100,0.671356,NORMAL,0
bgl_20014,100,0.003246,NORMAL,0
bgl_33947,100,0.00237,NORMAL,0
bgl_17661,100,0.003246,NORMAL,0
bgl_2782,100,9.139705,ANOMALY,1
bgl_45665,100,0.682572,NORMAL,0
bgl_3267,100,9.139705,ANOMALY,1
bgl_33432,100,0.411155,NORMAL,0
bgl_13234,100,0.000462,NORMAL,0
bgl_31447,100,0.002002,NORMAL,0
bgl_24071,100,0.003246,NORMAL,0
bgl_35734,100,0.12581,NORMAL,0
bgl_36194,100,0.367816,NORMAL,0
bgl_33576,100,0.003616,NORMAL,0
bgl_45831,100,9.139705,ANOMALY,1
bgl_8746,100,0.010121,NORMAL,0
bgl_20624,100,0.003246,NORMAL,0
bgl_1147,100,0.003246,NORMAL,0
bgl_31342,100,0.002002,NORMAL,0
bgl_45491,100,0.672259,NORMAL,0
bgl_46785,100,0.010121,NORMAL,0
bgl_41285,100,0.002002,NORMAL,0
bgl_31654,100,0.292963,NORMAL,0
bgl_46313,100,0.002495,NORMAL,0
bgl_43289,100,0.695761,NORMAL,0
bgl_44128,100,0.668127,NORMAL,0
bgl_30879,100,0.003616,NORMAL,0
bgl_17431,100,0.003246,NORMAL,0
bgl_13680,100,0.000462,NORMAL,0
bgl_28973,100,0.003246,NORMAL,0
bgl_45926,100,1.089928,NORMAL,0
bgl_42712,100,9.113146,ANOMALY,1
bgl_24670,100,0.00411,NORMAL,0
bgl_7041,100,0.356694,NORMAL,0
bgl_2098,100,0.003246,NORMAL,0
bgl_44048,100,0.666399,NORMAL,0
bgl_8311,100,0.010121,NORMAL,0
bgl_9906,100,0.003246,NORMAL,0
bgl_32650,100,0.002002,NORMAL,0
bgl_40509,100,0.00411,NORMAL,0
bgl_23812,100,0.609118,NORMAL,0
bgl_6336,100,0.269625,NORMAL,0
bgl_14159,100,0.003246,NORMAL,0
bgl_33940,100,0.00237,NORMAL,0
bgl_19433,100,0.003246,NORMAL,0
bgl_5403,100,0.23359,NORMAL,0
bgl_19815,100,0.003246,NORMAL,0
bgl_8494,100,0.349575,NORMAL,0
bgl_22410,100,0.583087,NORMAL,0
bgl_2289,100,9.139705,ANOMALY,1
bgl_868,100,0.003246,NORMAL,0
bgl_3468,100,9.139705,ANOMALY,1
bgl_41980,100,0.130963,NORMAL,0
bgl_15552,100,0.003246,NORMAL,0
bgl_29374,100,0.177878,NORMAL,0
bgl_27780,100,0.003246,NORMAL,0
bgl_19857,100,0.003246,NORMAL,0
bgl_543,100,0.003246,NORMAL,0
bgl_13172,100,0.000462,NORMAL,0
bgl_23828,100,0.003246,NORMAL,0
bgl_34526,100,0.00237,NORMAL,0
bgl_2336,100,9.139705,ANOMALY,1
bgl_47089,100,1.030261,NORMAL,1
bgl_3664,100,9.139705,ANOMALY,1
bgl_4440,100,8.132814,ANOMALY,1
bgl_14008,100,0.003246,NORMAL,0
bgl_40634,100,0.002002,NORMAL,0
bgl_20291,100,0.000462,NORMAL,0
bgl_36884,100,0.814379,NORMAL,0
bgl_26454,100,0.00411,NORMAL,0
bgl_1148,100,0.003246,NORMAL,0
bgl_33080,100,9.139705,ANOMALY,1
bgl_15893,100,0.003246,NORMAL,0
bgl_2812,100,9.139705,ANOMALY,1
bgl_37600,100,0.002002,NORMAL,0
bgl_19373,100,0.003246,NORMAL,0
bgl_19479,100,0.003246,NORMAL,0
bgl_18750,100,0.003246,NORMAL,0
bgl_44079,100,0.674734,NORMAL,0
bgl_2928,100,9.139705,ANOMALY,1
bgl_46041,100,0.000522,NORMAL,0
bgl_18508,100,0.003246,NORMAL,0
bgl_11127,100,0.003246,NORMAL,0
bgl_35872,100,0.530536,NORMAL,0
bgl_8611,100,0.003246,NORMAL,0
bgl_8424,100,1.127929,NORMAL,0
bgl_41492,100,0.002002,NORMAL,0
bgl_13533,100,0.000462,NORMAL,0
bgl_10274,100,0.010121,NORMAL,0
bgl_24399,100,0.00411,NORMAL,0
bgl_15974,100,0.003246,NORMAL,0
bgl_13709,100,0.000462,NORMAL,0
bgl_4340,100,8.132814,ANOMALY,1
bgl_46204,100,0.783742,NORMAL,0
bgl_24200,100,0.00411,NORMAL,0
bgl_1153,100,0.003246,NORMAL,0
bgl_7361,100,0.537186,NORMAL,0
bgl_19321,100,0.003246,NORMAL,0
bgl_12105,100,0.003246,NORMAL,0
bgl_42612,100,3.89655,ANOMALY,1
bgl_19144,100,0.003246,NORMAL,0
bgl_704,100,0.17215,NORMAL,1
bgl_44657,100,0.682835,NORMAL,0
bgl_30254,100,0.000656,NORMAL,0
bgl_20778,100,0.003246,NORMAL,0
bgl_14403,100,0.003246,NORMAL,0
bgl_41932,100,0.003501,NORMAL,0
bgl_22404,100,0.003246,NORMAL,0
bgl_1106,100,0.003246,NORMAL,0
bgl_25515,100,0.003246,NORMAL,0
bgl_12835,100,0.003246,NORMAL,0
bgl_4639,100,8.132814,ANOMALY,1
bgl_35882,100,0.992121,NORMAL,0
bgl_32510,100,0.000462,NORMAL,0
bgl_9029,100,0.000462,NORMAL,0
bgl_27126,100,0.003246,NORMAL,0
bgl_43017,100,0.730327,NORMAL,0
bgl_47025,100,0.010121,NORMAL,0
bgl_11908,100,0.003246,NORMAL,0
bgl_34393,100,0.00237,NORMAL,0
bgl_38096,100,0.002002,NORMAL,0
bgl_20334,100,0.107823,NORMAL,0
bgl_30561,100,9.139705,ANOMALY,1
bgl_1288,100,0.010121,NORMAL,0
bgl_40300,100,1.165994,NORMAL,0
bgl_19289,100,0.003246,NORMAL,0
bgl_33921,100,0.00237,NORMAL,0
bgl_6716,100,0.377104,NORMAL,0
bgl_6709,100,0.597592,NORMAL,0
bgl_14275,100,0.003246,NORMAL,0
bgl_17269,100,0.003246,NORMAL,0
bgl_20125,100,0.003246,NORMAL,0
bgl_46271,100,0.869776,NORMAL,0
bgl_1056,100,0.003246,NORMAL,0
bgl_18096,100,0.003246,NORMAL,0
bgl_14906,100,0.003246,NORMAL,0
bgl_15466,100,0.000462,NORMAL,0
bgl_21827,100,0.003246,NORMAL,0
bgl_18384,100,0.003246,NORMAL,0
bgl_35222,100,0.907727,NORMAL,0
bgl_23540,100,0.003246,NORMAL,0
bgl_22167,100,0.003246,NORMAL,0
bgl_43131,100,0.729417,NORMAL,0
bgl_44620,100,0.669701,NORMAL,0
bgl_28972,100,0.003246,NORMAL,0
bgl_29581,100,0.021526,NORMAL,0
bgl_15495,100,0.000462,NORMAL,0
bgl_10988,100,0.464618,NORMAL,0
bgl_2134,100,0.130963,NORMAL,0
bgl_34835,100,0.000878,NORMAL,0
bgl_18815,100,0.003246,NORMAL,0
bgl_21030,100,0.003246,NORMAL,0
bgl_7066,100,0.199997,NORMAL,0
bgl_44459,100,0.694256,NORMAL,0
bgl_23205,100,0.003246,NORMAL,0
bgl_21486,100,0.003246,NORMAL,0
bgl_11347,100,0.000462,NORMAL,0
bgl_13200,100,0.000462,NORMAL,0
bgl_43280,100,0.690453,NORMAL,0
bgl_20631,100,0.003246,NORMAL,0
bgl_15066,100,0.003246,NORMAL,0
bgl_239,100,0.336645,NORMAL,1
bgl_18294,100,0.003246,NORMAL,0
bgl_44261,100,0.674664,NORMAL,0
bgl_26249,100,0.442716,NORMAL,0
bgl_5451,100,0.233649,NORMAL,0
bgl_9626,100,0.003246,NORMAL,0
bgl_43265,100,0.682801,NORMAL,0
bgl_4181,100,0.003246,NORMAL,0
bgl_32825,100,0.002002,NORMAL,0
bgl_25324,100,0.003246,NORMAL,0
bgl_10134,100,0.003246,NORMAL,0
bgl_1131,100,0.003246,NORMAL,0
bgl_35729,100,1.088163,NORMAL,0
bgl_5550,100,0.491858,NORMAL,0
bgl_1412,100,0.003246,NORMAL,0
bgl_28247,100,0.003246,NORMAL,0
bgl_20449,100,0.000462,NORMAL,0
bgl_26852,100,0.00411,NORMAL,0
bgl_30495,100,1.276588,UNCERTAIN,1
bgl_29513,100,0.00237,NORMAL,0
bgl_8171,100,0.995502,NORMAL,0
bgl_4365,100,8.132814,ANOMALY,1
bgl_12174,100,0.003246,NORMAL,0
bgl_16549,100,0.003246,NORMAL,0
bgl_20974,100,0.003246,NORMAL,0
bgl_44356,100,0.754871,NORMAL,0
bgl_26037,100,0.568801,NORMAL,0
bgl_8375,100,0.623132,NORMAL,0
bgl_46065,100,0.000522,NORMAL,0
bgl_22624,100,0.003246,NORMAL,0
bgl_33824,100,0.273796,NORMAL,0
bgl_44339,100,0.720548,NORMAL,0
bgl_40796,100,0.00411,NORMAL,0
bgl_42093,100,0.000609,NORMAL,0
bgl_9254,100,0.003246,NORMAL,0
bgl_36337,100,0.003616,NORMAL,0
bgl_37717,100,0.002002,NORMAL,0
bgl_44052,100,0.640602,NORMAL,0
bgl_2559,100,9.139705,ANOMALY,1
bgl_38574,100,0.00411,NORMAL,0
bgl_45535,100,0.682795,NORMAL,0
bgl_14896,100,0.003246,NORMAL,0
bgl_45689,100,0.000522,NORMAL,0
bgl_35974,100,1.410867,UNCERTAIN,0
bgl_16963,100,0.003246,NORMAL,0
bgl_23596,100,0.003246,NORMAL,0
bgl_8221,100,0.003246,NORMAL,0
bgl_25439,100,0.003246,NORMAL,0
bgl_45275,100,0.682929,NORMAL,0
bgl_8810,100,0.003246,NORMAL,0
bgl_30167,100,6.143826,ANOMALY,1
bgl_37766,100,0.002002,NORMAL,0
bgl_1264,100,0.010121,NORMAL,0
bgl_7064,100,0.20048,NORMAL,0
bgl_23100,100,0.003246,NORMAL,0
bgl_7303,100,0.702891,NORMAL,0
bgl_4781,100,0.005054,NORMAL,0
bgl_21592,100,0.003246,NORMAL,0
bgl_8748,100,0.010121,NORMAL,0
bgl_29571,100,0.021526,NORMAL,0
bgl_16647,100,0.003246,NORMAL,0
bgl_8698,100,0.003616,NORMAL,0
bgl_26712,100,0.00411,NORMAL,0
bgl_18720,100,0.70236,NORMAL,0
bgl_32077,100,0.000462,NORMAL,0
bgl_29654,100,0.555573,NORMAL,0
bgl_24463,100,0.00411,NORMAL,0
bgl_7434,100,0.00297,NORMAL,0
bgl_898,100,0.003246,NORMAL,0
bgl_5145,100,0.00316,NORMAL,0
bgl_11605,100,0.130963,NORMAL,0
bgl_17087,100,0.003246,NORMAL,0
bgl_200,100,0.172105,NORMAL,1
bgl_23775,100,0.003246,NORMAL,0
bgl_41688,100,0.004105,NORMAL,0
bgl_36989,100,0.002002,NORMAL,0
bgl_43793,100,0.807653,NORMAL,0
bgl_3157,100,9.139705,ANOMALY,1
bgl_16533,100,0.003246,NORMAL,0
bgl_13793,100,0.000462,NORMAL,0
bgl_6010,100,0.424446,NORMAL,0
bgl_765,100,0.838807,NORMAL,1
bgl_41684,100,0.004105,NORMAL,0
bgl_36786,100,0.766371,NORMAL,0
bgl_1866,100,0.010121,NORMAL,0
bgl_5914,100,0.348081,NORMAL,0
bgl_38130,100,0.002002,NORMAL,0
bgl_1942,100,9.139705,ANOMALY,1
bgl_9439,100,0.000462,NORMAL,0
bgl_35774,100,0.003616,NORMAL,0
bgl_39605,100,0.002002,NORMAL,0
bgl_42091,100,0.000609,NORMAL,0
bgl_28981,100,0.003246,NORMAL,0
bgl_26672,100,0.00411,NORMAL,0
bgl_3888,100,8.132814,ANOMALY,1
bgl_42744,100,4.008808,ANOMALY,1
bgl_35447,100,0.002495,NORMAL,0
bgl_9287,100,0.003246,NORMAL,0
bgl_20396,100,0.000462,NORMAL,0
bgl_40054,100,0.002002,NORMAL,0
bgl_20193,100,0.003246,NORMAL,0
bgl_27707,100,0.003246,NORMAL,0
bgl_13761,100,0.000462,NORMAL,0
bgl_10018,100,0.003246,NORMAL,0
bgl_21936,100,0.003246,NORMAL,0
bgl_17035,100,0.003246,NORMAL,0
bgl_42061,100,0.000609,NORMAL,0
bgl_26579,100,0.00411,NORMAL,0
bgl_41073,100,0.002002,NORMAL,0
bgl_9729,100,0.003246,NORMAL,0
bgl_19421,100,0.003246,NORMAL,0
bgl_43743,100,0.678579,NORMAL,0
bgl_15184,100,0.003246,NORMAL,0
bgl_44882,100,0.905768,NORMAL,0
bgl_26035,100,0.49655,NORMAL,0
bgl_20147,100,0.003246,NORMAL,0
bgl_38166,100,0.002002,NORMAL,0
bgl_16056,100,0.003246,NORMAL,0
bgl_25307,100,0.003246,NORMAL,0
bgl_7607,100,0.002105,NORMAL,0
bgl_3943,100,8.132814,ANOMALY,1
bgl_18004,100,0.003246,NORMAL,0
bgl_37322,100,0.002002,NORMAL,0
bgl_36099,100,0.00175,NORMAL,0
bgl_21089,100,0.003246,NORMAL,0
bgl_13682,100,0.000462,NORMAL,0
bgl_9068,100,0.00464,NORMAL,0
bgl_41570,100,0.391744,NORMAL,0
bgl_28985,100,0.003246,NORMAL,0
bgl_21996,100,0.003246,NORMAL,0
bgl_4860,100,8.132814,ANOMALY,1
bgl_26113,100,0.402687,NORMAL,0
bgl_6759,100,0.451589,NORMAL,0
bgl_16019,100,0.003246,NORMAL,0
bgl_3848,100,8.132814,ANOMALY,1
bgl_28041,100,0.003246,NORMAL,0
bgl_45916,100,0.002495,NORMAL,0
bgl_36311,100,0.002495,NORMAL,0
bgl_14915,100,0.003246,NORMAL,0
bgl_28022,100,0.003246,NORMAL,0
bgl_2890,100,9.139705,ANOMALY,1
bgl_12904,100,0.432956,NORMAL,0
bgl_1072,100,0.003246,NORMAL,0
bgl_41384,100,1.172542,NORMAL,0
bgl_1581,100,0.376114,NORMAL,0
bgl_17276,100,0.003246,NORMAL,0
bgl_31901,100,0.002002,NORMAL,0
bgl_26959,100,0.003246,NORMAL,0
bgl_8205,100,0.003246,NORMAL,0
bgl_4646,100,8.132814,ANOMALY,1
bgl_11627,100,0.003246,NORMAL,0
bgl_5611,100,0.236453,NORMAL,0
bgl_25028,100,0.003246,NORMAL,0
bgl_5412,100,0.373995,NORMAL,0
bgl_8177,100,0.888608,NORMAL,0
bgl_35743,100,0.002495,NORMAL,0
bgl_29143,100,0.976209,NORMAL,0
bgl_34207,100,0.00237,NORMAL,0
bgl_4170,100,0.111372,NORMAL,0
bgl_6789,100,0.381515,NORMAL,0
bgl_43692,100,0.682183,NORMAL,0
bgl_7935,100,0.010121,NORMAL,0
bgl_19190,100,0.003246,NORMAL,0
bgl_20825,100,0.003246,NORMAL,0
bgl_34186,100,0.00237,NORMAL,0
bgl_44986,100,0.679355,NORMAL,0
bgl_609,100,0.003246,NORMAL,0
bgl_32269,100,0.002002,NORMAL,0
bgl_8023,100,0.010121,NORMAL,0
bgl_38633,100,0.116094,NORMAL,0
bgl_30557,100,9.139705,ANOMALY,1
bgl_37724,100,0.002002,NORMAL,0
bgl_41881,100,5.053484,ANOMALY,1
bgl_4373,100,8.132814,ANOMALY,1
bgl_2775,100,9.139705,ANOMALY,1
bgl_35901,100,0.003616,NORMAL,0
bgl_4885,100,8.132814,ANOMALY,1
bgl_9506,100,0.000462,NORMAL,0
bgl_4266,100,0.003246,NORMAL,0
bgl_40321,100,0.241523,NORMAL,0
bgl_5724,100,0.385869,NORMAL,0
bgl_19619,100,0.003246,NORMAL,0
bgl_23401,100,0.003246,NORMAL,0
bgl_1894,100,0.003246,NORMAL,0
bgl_32370,100,0.000462,NORMAL,0
bgl_40150,100,0.002002,NORMAL,0
bgl_38809,100,0.00411,NORMAL,0
bgl_17800,100,0.003246,NORMAL,0
bgl_17791,100,0.003246,NORMAL,0
bgl_21300,100,0.003246,NORMAL,0
bgl_36326,100,0.002495,NORMAL,0
bgl_18161,100,0.003246,NORMAL,0
bgl_10283,100,0.055957,NORMAL,0
bgl_15963,100,0.003246,NORMAL,0
bgl_16910,100,0.003246,NORMAL,0
bgl_13030,100,0.000462,NORMAL,0
bgl_23672,100,0.003246,NORMAL,0
bgl_27870,100,0.003246,NORMAL,0
bgl_32107,100,0.000462,NORMAL,0
bgl_37389,100,0.002002,NORMAL,0
bgl_5799,100,0.375067,NORMAL,0
bgl_14951,100,0.003246,NORMAL,0
bgl_27094,100,0.003246,NORMAL,0
bgl_41784,100,0.943477,NORMAL,0
bgl_41986,100,0.130963,NORMAL,0
bgl_21100,100,0.003246,NORMAL,0
bgl_176,100,0.003246,NORMAL,0
bgl_11172,100,0.003246,NORMAL,0
bgl_38644,100,0.317701,NORMAL,0
bgl_43544,100,0.757143,NORMAL,0
bgl_20131,100,0.003246,NORMAL,0
bgl_22731,100,0.003246,NORMAL,0
bgl_39123,100,0.002002,NORMAL,0
bgl_45354,100,0.676324,NORMAL,0
bgl_21756,100,0.003246,NORMAL,0
bgl_9531,100,0.000462,NORMAL,0
bgl_5807,100,0.576032,NORMAL,0
bgl_9102,100,0.000462,NORMAL,0
bgl_45374,100,0.667343,NORMAL,0
bgl_886,100,0.003246,NORMAL,0
bgl_44756,100,0.700523,NORMAL,0
bgl_15077,100,0.003246,NORMAL,0
bgl_2900,100,9.139705,ANOMALY,1
bgl_20567,100,0.003246,NORMAL,0
bgl_41486,100,0.002002,NORMAL,0
bgl_10743,100,0.00316,NORMAL,0
bgl_2485,100,9.139705,ANOMALY,1
bgl_23483,100,0.003246,NORMAL,0
bgl_46052,100,0.000522,NORMAL,0
bgl_23484,100,0.003246,NORMAL,0
bgl_2009,100,0.260307,NORMAL,0
bgl_29531,100,0.00237,NORMAL,0
bgl_40006,100,0.002002,NORMAL,0
bgl_14549,100,0.003246,NORMAL,0
bgl_11364,100,0.000462,NORMAL,0
bgl_6980,100,0.307472,NORMAL,0
bgl_10672,100,0.003616,NORMAL,0
bgl_2362,100,9.139705,ANOMALY,1
bgl_40037,100,0.002002,NORMAL,0
bgl_2584,100,9.139705,ANOMALY,1
bgl_27696,100,0.003246,NORMAL,0
bgl_3210,100,9.139705,ANOMALY,1
bgl_42634,100,4.574131,ANOMALY,0
bgl_29589,100,0.271904,NORMAL,0
bgl_30319,100,0.000656,NORMAL,0
bgl_45865,100,0.811196,NORMAL,0
bgl_35750,100,0.002495,NORMAL,0
bgl_35624,100,2.491993,ANOMALY,1
bgl_15535,100,0.003246,NORMAL,0
bgl_22715,100,0.003246,NORMAL,0
bgl_24350,100,0.00411,NORMAL,0
bgl_7306,100,0.575738,NORMAL,0
bgl_36507,100,2.372116,ANOMALY,1
bgl_17904,100,0.003246,NORMAL,0
bgl_13954,100,0.003246,NORMAL,0
bgl_42286,100,0.813482,NORMAL,0
bgl_17795,100,0.003246,NORMAL,0
bgl_42924,100,0.694389,NORMAL,0
bgl_20811,100,0.003246,NORMAL,0
bgl_29342,100,0.345167,NORMAL,0
bgl_39743,100,0.002002,NORMAL,0
bgl_11623,100,0.003246,NORMAL,0
bgl_44430,100,0.673299,NORMAL,0
bgl_30592,100,0.004105,NORMAL,0
bgl_8892,100,0.000462,NORMAL,0
bgl_27550,100,0.003246,NORMAL,0
bgl_25098,100,0.003246,NORMAL,0
bgl_26082,100,0.443331,NORMAL,0
bgl_46865,100,0.010121,NORMAL,0
bgl_12109,100,0.003246,NORMAL,0
bgl_7648,100,0.001709,NORMAL,0
bgl_35798,100,1.772884,UNCERTAIN,1
bgl_29719,100,0.2692,NORMAL,0
bgl_14174,100,0.003246,NORMAL,0
bgl_14735,100,0.003246,NORMAL,0
bgl_33528,100,0.001912,NORMAL,0
bgl_33180,100,9.139705,ANOMALY,1
bgl_8476,100,0.003246,NORMAL,0
bgl_36833,100,0.829625,NORMAL,0
bgl_35238,100,6.67777,ANOMALY,1
bgl_36852,100,0.503081,NORMAL,1
bgl_27823,100,0.003246,NORMAL,0
bgl_7137,100,0.335784,NORMAL,0
bgl_13457,100,0.000462,NORMAL,0
bgl_11776,100,0.003246,NORMAL,0
bgl_145,100,0.130963,NORMAL,0
bgl_46377,100,0.653467,NORMAL,0
bgl_35505,100,3.492244,ANOMALY,1
bgl_14509,100,0.003246,NORMAL,0
bgl_41348,100,0.189397,NORMAL,0
bgl_46174,100,0.003616,NORMAL,0
bgl_8446,100,0.003246,NORMAL,0
bgl_30541,100,8.450493,ANOMALY,1
bgl_3442,100,9.139705,ANOMALY,1
bgl_4297,100,8.132814,ANOMALY,1
bgl_43834,100,0.670696,NORMAL,0
bgl_21723,100,0.003246,NORMAL,0
bgl_28736,100,0.003246,NORMAL,0
bgl_38774,100,0.00411,NORMAL,0
bgl_38048,100,0.002002,NORMAL,0
bgl_38341,100,0.002002,NORMAL,0
bgl_46295,100,0.002495,NORMAL,0
bgl_26801,100,0.00411,NORMAL,0
bgl_19463,100,0.003246,NORMAL,0
bgl_13875,100,0.003246,NORMAL,0
bgl_43843,100,0.680291,NORMAL,0
bgl_11758,100,0.003246,NORMAL,0
bgl_14135,100,0.003246,NORMAL,0
bgl_17374,100,0.003246,NORMAL,0
bgl_32055,100,0.000462,NORMAL,0
bgl_11282,100,0.003246,NORMAL,0
bgl_36893,100,0.130963,NORMAL,0
bgl_8245,100,0.45921,NORMAL,0
bgl_32397,100,0.000462,NORMAL,0
bgl_42971,100,0.671257,NORMAL,0
bgl_26134,100,0.00411,NORMAL,0
bgl_13141,100,0.000462,NORMAL,0
bgl_32524,100,0.000462,NORMAL,0
bgl_32795,100,0.002002,NORMAL,0
bgl_37734,100,0.002002,NORMAL,0
bgl_1743,100,0.003246,NORMAL,0
bgl_14965,100,0.003246,NORMAL,0
bgl_4395,100,8.132814,ANOMALY,1
bgl_36252,100,0.000656,NORMAL,0
bgl_35510,100,0.40774,NORMAL,0
bgl_19128,100,0.003246,NORMAL,0
bgl_25935,100,0.003246,NORMAL,0
bgl_4543,100,0.001405,NORMAL,0
bgl_28704,100,0.003246,NORMAL,0
bgl_5849,100,0.013633,NORMAL,0
bgl_7174,100,0.192841,NORMAL,0
bgl_43760,100,0.663454,NORMAL,0
bgl_26016,100,0.178885,NORMAL,0
bgl_5060,100,4.964304,ANOMALY,1
bgl_11529,100,0.000462,NORMAL,0
bgl_8657,100,0.003246,NORMAL,0
bgl_11958,100,0.003246,NORMAL,0
bgl_43515,100,0.67068,NORMAL,0
bgl_1049,100,0.003246,NORMAL,0
bgl_18331,100,0.003246,NORMAL,0
bgl_13908,100,0.003246,NORMAL,0
bgl_17532,100,0.003246,NORMAL,0
bgl_10043,100,0.003246,NORMAL,0
bgl_10125,100,0.003246,NORMAL,0
bgl_23464,100,0.003246,NORMAL,0
bgl_35143,100,0.004105,NORMAL,0
bgl_20202,100,0.003246,NORMAL,0
bgl_26407,100,0.00411,NORMAL,0
bgl_4714,100,0.008797,NORMAL,0
bgl_41268,100,0.002002,NORMAL,0
bgl_30456,100,0.004105,NORMAL,0
bgl_35917,100,0.003616,NORMAL,0
bgl_25538,100,0.00411,NORMAL,0
bgl_44506,100,0.711146,NORMAL,0
bgl_19824,100,0.003246,NORMAL,0
bgl_46312,100,0.002495,NORMAL,0
bgl_2193,100,0.003246,NORMAL,0
bgl_18178,100,0.003246,NORMAL,0
bgl_2628,100,9.139705,ANOMALY,1
bgl_13193,100,0.000462,NORMAL,0
bgl_36781,100,0.954315,NORMAL,0
bgl_38017,100,0.002002,NORMAL,0
bgl_10960,100,0.244491,NORMAL,0
bgl_37632,100,0.002002,NORMAL,0
bgl_21484,100,0.003246,NORMAL,0
bgl_11470,100,0.000462,NORMAL,0
bgl_29054,100,0.003246,NORMAL,0
bgl_36963,100,1.402494,UNCERTAIN,0
bgl_14829,100,0.003246,NORMAL,0
bgl_40942,100,0.002002,NORMAL,0
bgl_22134,100,0.003246,NORMAL,0
bgl_12578,100,0.003246,NORMAL,0
bgl_43063,100,0.672169,NORMAL,0
bgl_36262,100,0.004105,NORMAL,0
bgl_14894,100,0.003246,NORMAL,0
bgl_33313,100,9.139705,ANOMALY,1
bgl_38045,100,0.125322,NORMAL,0
bgl_13048,100,0.000462,NORMAL,0
bgl_17708,100,0.003246,NORMAL,0
bgl_11397,100,0.000462,NORMAL,0
bgl_3214,100,9.139705,ANOMALY,1
bgl_9474,100,0.000462,NORMAL,0
bgl_23769,100,0.003246,NORMAL,0
bgl_37078,100,0.449506,NORMAL,0
bgl_46759,100,0.010121,NORMAL,0
bgl_17840,100,0.003246,NORMAL,0
bgl_11431,100,0.000462,NORMAL,0
bgl_39852,100,0.002002,NORMAL,0
bgl_31154,100,0.002002,NORMAL,0
bgl_43442,100,1.140346,NORMAL,0
bgl_27247,100,0.194794,NORMAL,0
bgl_7049,100,0.339332,NORMAL,0
bgl_41670,100,0.004105,NORMAL,0
bgl_2240,100,9.139705,ANOMALY,1
bgl_16280,100,0.003246,NORMAL,0
bgl_20389,100,0.000462,NORMAL,0
bgl_2899,100,9.139705,ANOMALY,1
bgl_8028,100,0.010121,NORMAL,0
bgl_24226,100,0.00411,NORMAL,0
bgl_43142,100,0.739858,NORMAL,0
bgl_10025,100,0.003246,NORMAL,0
bgl_34465,100,0.00237,NORMAL,0
bgl_13599,100,0.000462,NORMAL,0
bgl_29944,100,0.397168,NORMAL,0
bgl_14248,100,0.003246,NORMAL,0
bgl_19951,100,0.171233,NORMAL,0
bgl_22788,100,0.003246,NORMAL,0
bgl_26316,100,0.275866,NORMAL,0
bgl_33323,100,9.139705,ANOMALY,1
bgl_24099,100,0.501743,NORMAL,0
bgl_35506,100,1.404815,UNCERTAIN,1
bgl_10347,100,0.00316,NORMAL,0
bgl_42747,100,0.001215,NORMAL,0
bgl_26700,100,0.00411,NORMAL,0
bgl_25744,100,0.00411,NORMAL,0
bgl_19063,100,0.003246,NORMAL,0
bgl_36828,100,0.223787,NORMAL,0
bgl_29438,100,0.175478,NORMAL,0
bgl_32023,100,1.508748,UNCERTAIN,0
bgl_36052,100,0.00175,NORMAL,0
bgl_45030,100,0.670124,NORMAL,0
bgl_2748,100,9.139705,ANOMALY,1
bgl_6221,100,0.269704,NORMAL,0
bgl_34449,100,0.00237,NORMAL,0
bgl_33630,100,0.002495,NORMAL,0
bgl_36361,100,2.449404,ANOMALY,1
bgl_28868,100,0.003246,NORMAL,0
bgl_9370,100,0.000462,NORMAL,0
bgl_19316,100,0.003246,NORMAL,0
bgl_27003,100,0.003246,NORMAL,0
bgl_31529,100,0.000462,NORMAL,0
bgl_32599,100,0.000462,NORMAL,0
bgl_9633,100,0.003246,NORMAL,0
bgl_20259,100,0.000462,NORMAL,0
bgl_46823,100,0.010121,NORMAL,0
bgl_42628,100,7.141576,ANOMALY,1
bgl_1580,100,0.003246,NORMAL,0
bgl_8404,100,0.003246,NORMAL,0
bgl_284,100,0.003246,NORMAL,0
bgl_40202,100,0.400265,NORMAL,0
bgl_30366,100,0.000656,NORMAL,0
bgl_21041,100,0.003246,NORMAL,0
bgl_31631,100,0.304113,NORMAL,0
bgl_15278,100,0.003246,NORMAL,0
bgl_12136,100,0.003246,NORMAL,0
bgl_15183,100,0.003246,NORMAL,0
bgl_866,100,0.003246,NORMAL,0
bgl_4255,100,0.003246,NORMAL,0
bgl_47042,100,0.010121,NORMAL,0
bgl_26193,100,0.273855,NORMAL,0
bgl_29846,100,5.864634,ANOMALY,1
bgl_37470,100,0.002002,NORMAL,0
bgl_29593,100,0.467741,NORMAL,0
bgl_24798,100,0.266392,NORMAL,0
bgl_33515,100,0.448071,NORMAL,0
bgl_24432,100,0.00411,NORMAL,0
bgl_5882,100,0.39539,NORMAL,0
bgl_20523,100,0.003246,NORMAL,0
bgl_27391,100,0.003246,NORMAL,0
bgl_2637,100,9.139705,ANOMALY,1
bgl_24334,100,0.00411,NORMAL,0
bgl_10995,100,0.250171,NORMAL,0
bgl_31400,100,0.002002,NORMAL,0
bgl_1961,100,0.003246,NORMAL,0
bgl_27055,100,0.003246,NORMAL,0
bgl_33700,100,9.139705,ANOMALY,1
bgl_31633,100,0.385453,NORMAL,0
bgl_10039,100,0.003246,NORMAL,0
bgl_34237,100,0.00237,NORMAL,0
bgl_24222,100,0.00411,NORMAL,0
bgl_34676,100,0.003616,NORMAL,0
bgl_43276,100,0.692882,NORMAL,0
bgl_22765,100,0.003246,NORMAL,0
bgl_45313,100,1.034928,NORMAL,0
bgl_23225,100,0.003246,NORMAL,0
bgl_13867,100,0.003246,NORMAL,0
bgl_30875,100,0.003616,NORMAL,0
bgl_13597,100,0.000462,NORMAL,0
bgl_9053,100,0.000462,NORMAL,0
bgl_45314,100,0.690967,NORMAL,0
bgl_38029,100,0.002002,NORMAL,0
bgl_41561,100,0.671486,NORMAL,0
bgl_31488,100,0.000462,NORMAL,0
bgl_47062,100,0.010121,NORMAL,0
bgl_8108,100,0.003246,NORMAL,0
bgl_33635,100,0.002495,NORMAL,0
bgl_20698,100,0.003246,NORMAL,0
bgl_7003,100,0.458588,NORMAL,0
bgl_16368,100,0.003246,NORMAL,0
bgl_42780,100,0.001215,NORMAL,0
bgl_7686,100,0.013571,NORMAL,0
bgl_42324,100,0.751231,NORMAL,0
bgl_18949,100,0.003246,NORMAL,0
bgl_11214,100,0.003246,NORMAL,0
bgl_16471,100,0.003246,NORMAL,0
bgl_20724,100,1.252865,UNCERTAIN,0
bgl_8966,100,0.000462,NORMAL,0
bgl_2649,100,9.139705,ANOMALY,1
bgl_22234,100,0.003246,NORMAL,0
bgl_22562,100,0.003246,NORMAL,0
bgl_2826,100,9.139705,ANOMALY,1
bgl_20766,100,0.003246,NORMAL,0
bgl_43620,100,0.677273,NORMAL,0
bgl_15584,100,0.003246,NORMAL,0
bgl_7667,100,0.001709,NORMAL,0
bgl_45493,100,0.655967,NORMAL,0
bgl_41925,100,0.003501,NORMAL,0
bgl_13691,100,0.000462,NORMAL,0
bgl_12157,100,0.003246,NORMAL,0
bgl_39473,100,0.002002,NORMAL,0
bgl_44841,100,0.68354,NORMAL,0
bgl_4409,100,8.132814,ANOMALY,1
bgl_24144,100,0.023155,NORMAL,0
bgl_40517,100,0.002002,NORMAL,0
bgl_5985,100,0.244718,NORMAL,0
bgl_46192,100,0.003616,NORMAL,0
bgl_28225,100,0.003246,NORMAL,0
bgl_42461,100,4.203942,ANOMALY,1
bgl_10697,100,0.083362,NORMAL,0
bgl_2532,100,9.139705,ANOMALY,1
bgl_33851,100,0.189396,NORMAL,0
bgl_1057,100,0.003246,NORMAL,0
bgl_38532,100,0.074387,NORMAL,0
bgl_31108,100,0.000462,NORMAL,0
bgl_43959,100,0.673726,NORMAL,0
bgl_18845,100,0.003246,NORMAL,0
bgl_44304,100,0.682638,NORMAL,0
bgl_12566,100,0.003246,NORMAL,0
bgl_11670,100,0.003246,NORMAL,0
bgl_31450,100,0.002002,NORMAL,0
bgl_37557,100,0.284772,NORMAL,0
bgl_2966,100,9.139705,ANOMALY,1
bgl_17315,100,0.003246,NORMAL,0
bgl_3554,100,9.139705,ANOMALY,1
bgl_33150,100,0.000878,NORMAL,0
bgl_2461,100,9.139705,ANOMALY,1
bgl_35788,100,0.003616,NORMAL,0
bgl_33718,100,9.139705,ANOMALY,1
bgl_34914,100,1.295936,UNCERTAIN,0
bgl_15723,100,0.003246,NORMAL,0
bgl_38569,100,0.190359,NORMAL,0
bgl_40733,100,0.002002,NORMAL,0
bgl_3602,100,9.139705,ANOMALY,1
bgl_12559,100,0.003246,NORMAL,0
bgl_22776,100,0.003246,NORMAL,0
bgl_9970,100,0.003246,NORMAL,0
bgl_44755,100,0.729122,NORMAL,0
bgl_21037,100,0.003246,NORMAL,0
bgl_46050,100,0.000522,NORMAL,0
bgl_13326,100,0.000462,NORMAL,0
bgl_17951,100,0.003246,NORMAL,0
bgl_21623,100,0.003246,NORMAL,0
bgl_7219,100,0.395682,NORMAL,0
bgl_19132,100,0.003246,NORMAL,0
bgl_3147,100,9.139705,ANOMALY,1
bgl_15648,100,0.003246,NORMAL,0
bgl_28370,100,0.003246,NORMAL,0
bgl_1130,100,0.003246,NORMAL,0
bgl_37560,100,0.096227,NORMAL,0
bgl_7876,100,0.010121,NORMAL,0
bgl_2316,100,9.139705,ANOMALY,1
bgl_38308,100,0.002002,NORMAL,0
bgl_38971,100,0.002002,NORMAL,0
bgl_19042,100,0.003246,NORMAL,0
bgl_8301,100,0.010121,NORMAL,0
bgl_24344,100,0.00411,NORMAL,0
bgl_23032,100,0.003246,NORMAL,0
bgl_29928,100,0.605456,NORMAL,0
bgl_20110,100,0.003246,NORMAL,0
bgl_9678,100,0.003246,NORMAL,0
bgl_28323,100,0.003246,NORMAL,0
bgl_15269,100,0.003246,NORMAL,0
bgl_38493,100,0.237816,NORMAL,0
bgl_12607,100,0.003246,NORMAL,0
bgl_13108,100,0.000462,NORMAL,0
bgl_22284,100,0.328035,NORMAL,0
bgl_19913,100,0.003246,NORMAL,0
bgl_38523,100,0.00411,NORMAL,0
bgl_34669,100,0.003616,NORMAL,0
bgl_14291,100,0.003246,NORMAL,0
bgl_33637,100,0.002495,NORMAL,0
bgl_24785,100,0.00411,NORMAL,0
bgl_21940,100,0.003246,NORMAL,0
bgl_30300,100,0.000656,NORMAL,0
bgl_10938,100,0.003246,NORMAL,0
bgl_10485,100,0.009935,NORMAL,0
bgl_24236,100,0.00411,NORMAL,0
bgl_41156,100,0.002002,NORMAL,0
bgl_11393,100,0.000462,NORMAL,0
bgl_35414,100,3.059429,ANOMALY,1
bgl_12153,100,0.003246,NORMAL,0
bgl_4073,100,0.001405,NORMAL,0
bgl_5026,100,4.959646,ANOMALY,1
bgl_28975,100,0.003246,NORMAL,0
bgl_23148,100,0.003246,NORMAL,0
bgl_14064,100,0.003246,NORMAL,0
bgl_32264,100,0.002002,NORMAL,0
bgl_33696,100,0.787238,NORMAL,0
bgl_16351,100,0.003246,NORMAL,0
bgl_3573,100,9.139705,ANOMALY,1
bgl_23854,100,0.003246,NORMAL,0
bgl_36576,100,0.595356,NORMAL,0
bgl_38929,100,0.002002,NORMAL,0
bgl_31037,100,0.004105,NORMAL,0
bgl_23755,100,0.003246,NORMAL,0
bgl_11757,100,0.003246,NORMAL,0
bgl_38258,100,0.604899,NORMAL,0
bgl_18381,100,0.003246,NORMAL,0
bgl_46713,100,4.853524,ANOMALY,1
bgl_41061,100,0.002002,NORMAL,0
bgl_4133,100,0.001405,NORMAL,0
bgl_24370,100,0.00411,NORMAL,0
bgl_236,100,0.33794,NORMAL,1
bgl_26363,100,0.00411,NORMAL,0
bgl_41851,100,0.996131,NORMAL,1
bgl_10030,100,0.003246,NORMAL,0
bgl_12055,100,0.003246,NORMAL,0
bgl_29274,100,0.585325,NORMAL,0
bgl_17481,100,0.003246,NORMAL,0
bgl_14668,100,0.003246,NORMAL,0
bgl_22693,100,0.003246,NORMAL,0
bgl_34705,100,0.003616,NORMAL,0
bgl_10982,100,0.649256,NORMAL,0
bgl_41482,100,0.002002,NORMAL,0
bgl_13809,100,0.000462,NORMAL,0
bgl_36894,100,0.130963,NORMAL,0
bgl_22772,100,0.003246,NORMAL,0
bgl_4843,100,0.013633,NORMAL,0
bgl_11108,100,0.003246,NORMAL,0
bgl_30556,100,9.139705,ANOMALY,1
bgl_32503,100,0.000462,NORMAL,0
bgl_203,100,0.325584,NORMAL,1
bgl_44854,100,0.657268,NORMAL,0
bgl_3041,100,9.139705,ANOMALY,1
bgl_21379,100,0.003246,NORMAL,0
bgl_26353,100,0.00411,NORMAL,0
bgl_19481,100,0.003246,NORMAL,0
bgl_38339,100,0.002002,NORMAL,0
bgl_11557,100,0.000462,NORMAL,0
bgl_19387,100,0.003246,NORMAL,0
bgl_42086,100,0.000609,NORMAL,0
bgl_43244,100,0.692336,NORMAL,0
bgl_27140,100,0.003246,NORMAL,0
bgl_13664,100,0.000462,NORMAL,0
bgl_32422,100,0.000462,NORMAL,0
bgl_7146,100,0.517131,NORMAL,0
bgl_31306,100,0.000462,NORMAL,0
bgl_34815,100,0.000878,NORMAL,0
bgl_38025,100,0.002002,NORMAL,0
bgl_20535,100,0.003246,NORMAL,0
bgl_17645,100,0.003246,NORMAL,0
bgl_9742,100,0.003246,NORMAL,0
bgl_14859,100,0.003246,NORMAL,0
bgl_32016,100,1.438239,UNCERTAIN,0
bgl_43099,100,0.78795,NORMAL,0
bgl_35130,100,0.004105,NORMAL,0
bgl_3827,100,0.00487,NORMAL,0
bgl_21057,100,0.003246,NORMAL,0
bgl_26236,100,0.540412,NORMAL,0
bgl_33804,100,0.615141,NORMAL,0
bgl_8363,100,0.010121,NORMAL,0
bgl_41706,100,0.004105,NORMAL,0
bgl_6621,100,0.196357,NORMAL,0
bgl_22925,100,0.003246,NORMAL,0
bgl_39196,100,0.002002,NORMAL,0
bgl_38575,100,0.00411,NORMAL,0
bgl_39193,100,0.002002,NORMAL,0
bgl_17842,100,0.003246,NORMAL,0
bgl_16888,100,0.003246,NORMAL,0
bgl_37719,100,0.002002,NORMAL,0
bgl_37049,100,0.562461,NORMAL,0
bgl_40352,100,0.002002,NORMAL,0
bgl_46585,100,3.634447,ANOMALY,1
bgl_22376,100,0.003246,NORMAL,0
bgl_18076,100,0.003246,NORMAL,0
bgl_23322,100,0.003246,NORMAL,0
bgl_31924,100,0.002002,NORMAL,0
bgl_11004,100,0.399347,NORMAL,0
bgl_11252,100,0.003246,NORMAL,0
bgl_24536,100,0.00411,NORMAL,0
bgl_3894,100,8.132814,ANOMALY,1
bgl_19380,100,0.003246,NORMAL,0
bgl_31637,100,0.336351,NORMAL,0
bgl_40207,100,0.800942,NORMAL,0
bgl_10310,100,0.055957,NORMAL,0
bgl_9213,100,0.000462,NORMAL,0
bgl_27576,100,0.003246,NORMAL,0
bgl_21521,100,0.003246,NORMAL,0
bgl_12324,100,1.192584,NORMAL,0
bgl_17626,100,0.003246,NORMAL,0
bgl_40172,100,0.002002,NORMAL,0
bgl_8803,100,0.003246,NORMAL,0
bgl_17498,100,0.003246,NORMAL,0
bgl_11321,100,0.003246,NORMAL,0
bgl_15383,100,0.000462,NORMAL,0
bgl_32273,100,0.002002,NORMAL,0
bgl_14253,100,0.003246,NORMAL,0
bgl_44988,100,0.685375,NORMAL,0
bgl_37087,100,0.002002,NORMAL,0
bgl_14892,100,0.003246,NORMAL,0
bgl_3462,100,9.139705,ANOMALY,1
bgl_32688,100,0.002002,NORMAL,0
bgl_7608,100,0.002105,NORMAL,0
bgl_1719,100,0.003246,NORMAL,0
bgl_39180,100,0.002002,NORMAL,0
bgl_22352,100,0.003246,NORMAL,0
bgl_31182,100,0.002002,NORMAL,0
bgl_8820,100,0.003246,NORMAL,0
bgl_21759,100,0.003246,NORMAL,0
bgl_7597,100,0.003126,NORMAL,0
bgl_16743,100,0.003246,NORMAL,0
bgl_9679,100,0.003246,NORMAL,0
bgl_28504,100,0.003246,NORMAL,0
bgl_34177,100,0.00237,NORMAL,0
bgl_31440,100,0.002002,NORMAL,0
bgl_29395,100,0.095048,NORMAL,0
bgl_25690,100,0.00411,NORMAL,0
bgl_32126,100,0.000462,NORMAL,0
bgl_126,100,0.13197,NORMAL,0
bgl_26552,100,0.00411,NORMAL,0
bgl_44190,100,0.682795,NORMAL,0
bgl_36304,100,0.002495,NORMAL,0
bgl_2946,100,9.139705,ANOMALY,1
bgl_36251,100,0.000656,NORMAL,0
bgl_33788,100,0.806062,NORMAL,0
bgl_30752,100,9.139705,ANOMALY,1
bgl_43366,100,0.67968,NORMAL,0
bgl_42962,100,0.681042,NORMAL,0
bgl_1059,100,0.111372,NORMAL,0
bgl_39040,100,0.00411,NORMAL,0
bgl_15142,100,1.376282,UNCERTAIN,0
bgl_13932,100,0.727639,NORMAL,0
bgl_35363,100,1.013414,NORMAL,0
bgl_10685,100,0.055957,NORMAL,0
bgl_19229,100,0.003246,NORMAL,0
bgl_256,100,0.45576,NORMAL,1
bgl_2081,100,0.181642,NORMAL,0
bgl_36489,100,0.003616,NORMAL,0
bgl_39436,100,0.002002,NORMAL,0
bgl_8836,100,1.705142,UNCERTAIN,0
bgl_11419,100,0.000462,NORMAL,0
bgl_28880,100,0.003246,NORMAL,0
bgl_1552,100,0.003246,NORMAL,0
bgl_36649,100,1.010511,NORMAL,0
bgl_10981,100,0.429946,NORMAL,0
bgl_2357,100,9.139705,ANOMALY,1
bgl_3729,100,9.139705,ANOMALY,1
bgl_8741,100,0.010121,NORMAL,0
bgl_20153,100,0.109916,NORMAL,0
bgl_44516,100,0.682868,NORMAL,0
bgl_6461,100,0.202472,NORMAL,0
bgl_6132,100,0.439815,NORMAL,0
bgl_46089,100,0.000522,NORMAL,0
bgl_33022,100,0.456302,NORMAL,0
bgl_44152,100,0.671407,NORMAL,0
bgl_28773,100,0.003246,NORMAL,0
bgl_2609,100,9.139705,ANOMALY,1
bgl_19253,100,0.003246,NORMAL,0
bgl_26117,100,0.688509,NORMAL,0
bgl_23856,100,0.003246,NORMAL,0
bgl_10055,100,0.003246,NORMAL,0
bgl_39379,100,0.002002,NORMAL,0
bgl_13613,100,0.000462,NORMAL,0
bgl_41696,100,0.004105,NORMAL,0
bgl_44765,100,0.690893,NORMAL,0
bgl_40755,100,0.002002,NORMAL,0
bgl_5871,100,0.013633,NORMAL,0
bgl_37000,100,0.002002,NORMAL,0
bgl_13117,100,0.000462,NORMAL,0
bgl_30566,100,9.139705,ANOMALY,1
bgl_11096,100,0.08542,NORMAL,0
bgl_20043,100,0.003246,NORMAL,0
bgl_8555,100,0.003246,NORMAL,0
bgl_28454,100,0.003246,NORMAL,0
bgl_14270,100,0.003246,NORMAL,0
bgl_40471,100,0.002002,NORMAL,0
bgl_14933,100,0.003246,NORMAL,0
bgl_1556,100,0.003246,NORMAL,0
bgl_11839,100,0.003246,NORMAL,0
bgl_39519,100,0.002002,NORMAL,0
bgl_15611,100,0.003246,NORMAL,0
bgl_36009,100,0.004105,NORMAL,0
bgl_310,100,0.171012,NORMAL,1
bgl_31668,100,0.002002,NORMAL,0
bgl_30600,100,0.000878,NORMAL,0
bgl_42125,100,0.000609,NORMAL,0
bgl_12127,100,0.003246,NORMAL,0
bgl_13157,100,0.000462,NORMAL,0
bgl_20034,100,0.003246,NORMAL,0
bgl_31177,100,0.002002,NORMAL,0
bgl_38392,100,0.002002,NORMAL,0
bgl_19954,100,0.003616,NORMAL,0
bgl_6650,100,0.275217,NORMAL,0
bgl_10746,100,0.00316,NORMAL,0
bgl_24688,100,0.00411,NORMAL,0
bgl_20913,100,0.003246,NORMAL,0
bgl_21459,100,0.003246,NORMAL,0
bgl_45105,100,0.693608,NORMAL,0
bgl_8215,100,0.003246,NORMAL,0
bgl_25151,100,0.00411,NORMAL,0
bgl_27318,100,0.003246,NORMAL,0
bgl_3830,100,8.132814,ANOMALY,1
bgl_25261,100,0.003246,NORMAL,0
bgl_44006,100,0.662263,NORMAL,0
bgl_23178,100,0.003246,NORMAL,0
bgl_18488,100,0.003246,NORMAL,0
bgl_27096,100,0.003246,NORMAL,0
bgl_2600,100,9.139705,ANOMALY,1
bgl_6941,100,0.194887,NORMAL,0
bgl_21324,100,0.003246,NORMAL,0
bgl_40415,100,0.002002,NORMAL,0
bgl_20185,100,0.003246,NORMAL,0
bgl_17856,100,0.003246,NORMAL,0
bgl_36552,100,0.407379,NORMAL,0
bgl_3174,100,9.139705,ANOMALY,1
bgl_28881,100,0.003246,NORMAL,0
bgl_35576,100,1.351457,UNCERTAIN,0
bgl_11100,100,0.156397,NORMAL,0
bgl_4071,100,0.001405,NORMAL,0
bgl_46346,100,0.615043,NORMAL,0
bgl_20493,100,0.003246,NORMAL,0
bgl_34234,100,0.00237,NORMAL,0
bgl_43672,100,0.664343,NORMAL,0
bgl_6246,100,0.328319,NORMAL,0
bgl_1079,100,0.003246,NORMAL,0
bgl_19149,100,0.003246,NORMAL,0
bgl_5708,100,0.335211,NORMAL,0
bgl_22981,100,0.003246,NORMAL,0
bgl_21700,100,0.003246,NORMAL,0
bgl_41262,100,0.002002,NORMAL,0
bgl_731,100,0.506326,NORMAL,1
bgl_39628,100,0.002002,NORMAL,0
bgl_21367,100,0.003246,NORMAL,0
bgl_20877,100,0.003246,NORMAL,0
bgl_16133,100,0.003246,NORMAL,0
bgl_22399,100,0.003246,NORMAL,0
bgl_39202,100,0.002002,NORMAL,0
bgl_6241,100,0.253244,NORMAL,0
bgl_37548,100,0.589093,NORMAL,0
bgl_1794,100,0.003246,NORMAL,0
bgl_32420,100,0.000462,NORMAL,0
bgl_22384,100,0.003246,NORMAL,0
bgl_14486,100,0.003246,NORMAL,0
bgl_9652,100,0.003246,NORMAL,0
bgl_30076,100,1.475589,UNCERTAIN,0
bgl_37170,100,0.612676,NORMAL,0
bgl_30996,100,2.355108,ANOMALY,1
bgl_45842,100,1.147876,NORMAL,0
bgl_1442,100,1.384644,UNCERTAIN,0
bgl_10680,100,0.055957,NORMAL,0
bgl_26829,100,0.00411,NORMAL,0
bgl_40072,100,0.002002,NORMAL,0
bgl_7223,100,0.224043,NORMAL,0
bgl_12191,100,0.003246,NORMAL,0
bgl_1579,100,0.003246,NORMAL,0
bgl_22967,100,0.003246,NORMAL,0
bgl_41214,100,0.002002,NORMAL,0
bgl_21625,100,0.003246,NORMAL,0
bgl_44300,100,0.681153,NORMAL,0
bgl_28922,100,0.003246,NORMAL,0
bgl_43354,100,0.684842,NORMAL,0
bgl_16014,100,0.003246,NORMAL,0
bgl_228,100,1.005212,NORMAL,1
bgl_19835,100,0.003246,NORMAL,0
bgl_36733,100,1.097554,NORMAL,0
bgl_9510,100,0.000462,NORMAL,0
bgl_22819,100,0.003246,NORMAL,0
bgl_19783,100,0.111372,NORMAL,0
bgl_13262,100,0.000462,NORMAL,0
bgl_20807,100,0.003246,NORMAL,0
bgl_37046,100,0.70701,NORMAL,0
bgl_2745,100,9.139705,ANOMALY,1
bgl_18938,100,0.003246,NORMAL,0
bgl_24466,100,0.00411,NORMAL,0
bgl_24180,100,1.648503,UNCERTAIN,1
bgl_14367,100,0.003246,NORMAL,0
bgl_26935,100,0.003246,NORMAL,0
bgl_33083,100,9.139705,ANOMALY,1
bgl_46867,100,0.010121,NORMAL,0
bgl_19014,100,0.003246,NORMAL,0
bgl_37622,100,0.002002,NORMAL,0
bgl_33842,100,0.470805,NORMAL,0
bgl_15197,100,0.003246,NORMAL,0
bgl_24020,100,0.003246,NORMAL,0
bgl_17976,100,0.003246,NORMAL,0
bgl_35533,100,9.139705,ANOMALY,1
bgl_24525,100,0.00411,NORMAL,0
bgl_9462,100,0.000462,NORMAL,0
bgl_28588,100,0.003246,NORMAL,0
bgl_8125,100,0.003246,NORMAL,0
bgl_44799,100,0.693996,NORMAL,0
bgl_29780,100,0.665,NORMAL,0
bgl_42275,100,0.001215,NORMAL,0
bgl_538,100,0.003246,NORMAL,0
bgl_24636,100,0.00411,NORMAL,0
bgl_34692,100,0.003616,NORMAL,0
bgl_31496,100,0.000462,NORMAL,0
bgl_43794,100,0.685151,NORMAL,0
bgl_46804,100,0.010121,NORMAL,0
bgl_41912,100,0.001215,NORMAL,0
bgl_20414,100,0.000462,NORMAL,0
bgl_42377,100,0.001215,NORMAL,0
bgl_26796,100,0.00411,NORMAL,0
bgl_2298,100,9.139705,ANOMALY,1
bgl_25531,100,0.00411,NORMAL,0
bgl_43616,100,0.678088,NORMAL,0
bgl_331,100,0.003246,NORMAL,0
bgl_44125,100,0.665905,NORMAL,0
bgl_12205,100,0.003246,NORMAL,0
bgl_10576,100,0.013633,NORMAL,0
bgl_21951,100,0.003246,NORMAL,0
bgl_15618,100,0.003246,NORMAL,0
bgl_10410,100,0.013633,NORMAL,0
bgl_38314,100,0.002002,NORMAL,0
bgl_7128,100,0.505114,NORMAL,0
bgl_2220,100,0.003246,NORMAL,0
bgl_12875,100,0.437307,NORMAL,0
bgl_840,100,0.003246,NORMAL,0
bgl_43015,100,0.706596,NORMAL,0
bgl_26899,100,0.003246,NORMAL,0
bgl_6300,100,0.17077,NORMAL,0
bgl_13401,100,0.000462,NORMAL,0
bgl_38473,100,0.00411,NORMAL,0
bgl_35822,100,0.189397,NORMAL,0
bgl_15739,100,0.003246,NORMAL,0
bgl_13673,100,0.000462,NORMAL,0
bgl_22163,100,0.003246,NORMAL,0
bgl_5205,100,0.005054,NORMAL,0
bgl_13467,100,0.000462,NORMAL,0
bgl_31084,100,9.139705,ANOMALY,1
bgl_28226,100,0.003246,NORMAL,0
bgl_42730,100,0.001215,NORMAL,0
bgl_24942,100,0.003246,NORMAL,0
bgl_4769,100,0.00316,NORMAL,0
bgl_22381,100,0.003246,NORMAL,0
bgl_4359,100,8.132814,ANOMALY,1
bgl_3050,100,9.139705,ANOMALY,1
bgl_10624,100,0.013633,NORMAL,0
bgl_29445,100,0.00237,NORMAL,0
bgl_3429,100,9.139705,ANOMALY,1
bgl_436,100,0.003246,NORMAL,0
bgl_12024,100,0.003246,NORMAL,0
bgl_32239,100,0.002002,NORMAL,0
bgl_8511,100,0.589443,NORMAL,0
bgl_7968,100,0.003246,NORMAL,0
bgl_26373,100,0.00411,NORMAL,0
bgl_22839,100,0.003246,NORMAL,0
bgl_26542,100,0.00411,NORMAL,0
bgl_7122,100,0.277214,NORMAL,0
bgl_21901,100,0.003246,NORMAL,0
bgl_17716,100,0.003246,NORMAL,0
bgl_34486,100,0.00237,NORMAL,0
bgl_13444,100,0.000462,NORMAL,0
bgl_36975,100,0.227018,NORMAL,0
bgl_45326,100,0.687986,NORMAL,0
bgl_43436,100,0.701317,NORMAL,0
bgl_12171,100,0.003246,NORMAL,0
bgl_40705,100,0.002002,NORMAL,0
bgl_26337,100,0.00411,NORMAL,0
bgl_12721,100,0.003246,NORMAL,0
bgl_29926,100,0.554904,NORMAL,0
bgl_19909,100,0.003246,NORMAL,0
bgl_24511,100,0.00411,NORMAL,0
bgl_4561,100,0.001405,NORMAL,0
bgl_16162,100,0.003246,NORMAL,0
bgl_19036,100,0.003246,NORMAL,0
bgl_18444,100,0.233595,NORMAL,0
bgl_4324,100,8.132814,ANOMALY,1
bgl_9264,100,1.078154,NORMAL,0
bgl_34133,100,0.00237,NORMAL,0
bgl_36015,100,0.003616,NORMAL,0
bgl_40425,100,0.002002,NORMAL,0
bgl_20046,100,0.003246,NORMAL,0
bgl_10676,100,0.822381,NORMAL,0
bgl_32489,100,0.000462,NORMAL,0
bgl_42811,100,0.001215,NORMAL,0
bgl_3667,100,9.139705,ANOMALY,1
bgl_46840,100,0.010121,NORMAL,0
bgl_2296,100,9.139705,ANOMALY,1
bgl_40654,100,0.002002,NORMAL,0
bgl_41255,100,0.002002,NORMAL,0
bgl_24392,100,0.00411,NORMAL,0
bgl_39304,100,0.002002,NORMAL,0
bgl_22610,100,0.003246,NORMAL,0
bgl_35940,100,0.321249,NORMAL,0
bgl_38333,100,0.002002,NORMAL,0
bgl_25985,100,0.398565,NORMAL,0
bgl_36408,100,0.002495,NORMAL,0
bgl_11987,100,0.003246,NORMAL,0
bgl_38600,100,0.336948,NORMAL,0
bgl_34957,100,1.138781,NORMAL,0
bgl_41186,100,0.002002,NORMAL,0
bgl_6380,100,0.305014,NORMAL,0
bgl_9908,100,0.003246,NORMAL,0
bgl_15220,100,0.003246,NORMAL,0
bgl_28132,100,0.003246,NORMAL,0
bgl_26386,100,0.00411,NORMAL,0
bgl_26225,100,0.379339,NORMAL,0
bgl_27117,100,0.003246,NORMAL,0
bgl_10803,100,0.013633,NORMAL,0
bgl_36692,100,0.335683,NORMAL,0
bgl_8345,100,0.010121,NORMAL,0
bgl_35581,100,0.575642,NORMAL,0
bgl_27995,100,0.003246,NORMAL,0
bgl_34522,100,0.00237,NORMAL,0
bgl_2833,100,9.139705,ANOMALY,1
bgl_46461,100,0.988556,NORMAL,0
bgl_15748,100,0.003246,NORMAL,0
bgl_12023,100,0.003246,NORMAL,0
bgl_37991,100,0.002002,NORMAL,0
bgl_33970,100,0.00237,NORMAL,0
bgl_21203,100,0.003246,NORMAL,0
bgl_20349,100,0.000462,NORMAL,0
bgl_3470,100,9.139705,ANOMALY,1
bgl_29617,100,0.549048,NORMAL,0
bgl_21841,100,0.003246,NORMAL,0
bgl_27167,100,0.003246,NORMAL,0
bgl_11902,100,0.003246,NORMAL,0
bgl_31986,100,1.066308,NORMAL,0
bgl_28085,100,0.003246,NORMAL,0
bgl_19521,100,0.003246,NORMAL,0
bgl_17750,100,0.003246,NORMAL,0
bgl_5532,100,0.222216,NORMAL,0
bgl_30116,100,1.056362,NORMAL,0
bgl_29505,100,0.00237,NORMAL,0
bgl_34646,100,0.00237,NORMAL,0
bgl_1806,100,0.003246,NORMAL,0
bgl_45952,100,0.000522,NORMAL,0
bgl_9610,100,0.003246,NORMAL,0
bgl_3934,100,8.132814,ANOMALY,1
bgl_25173,100,0.00411,NORMAL,0
bgl_30082,100,2.001264,UNCERTAIN,1
bgl_36412,100,0.002495,NORMAL,0
bgl_31380,100,0.002002,NORMAL,0
bgl_21190,100,0.122435,NORMAL,0
bgl_42889,100,1.020904,NORMAL,0
bgl_20939,100,0.003246,NORMAL,0
bgl_40261,100,0.591926,NORMAL,0
bgl_11363,100,0.000462,NORMAL,0
bgl_23264,100,0.003246,NORMAL,0
bgl_8632,100,0.003246,NORMAL,0
bgl_12809,100,0.003246,NORMAL,0
bgl_16530,100,0.003246,NORMAL,0
bgl_6320,100,0.192123,NORMAL,0
bgl_33550,100,2.738055,ANOMALY,1
bgl_30305,100,0.000656,NORMAL,0
bgl_1105,100,0.003246,NORMAL,0
bgl_30774,100,0.939746,NORMAL,0
bgl_1225,100,0.003246,NORMAL,0
bgl_5897,100,0.236954,NORMAL,0
bgl_13062,100,0.000462,NORMAL,0
bgl_31010,100,1.72915,UNCERTAIN,1
bgl_20469,100,0.000462,NORMAL,0
bgl_22030,100,0.003246,NORMAL,0
bgl_33329,100,2.676781,ANOMALY,1
bgl_43596,100,0.685905,NORMAL,0
bgl_19446,100,0.003246,NORMAL,0
bgl_30336,100,0.000656,NORMAL,0
bgl_18558,100,0.003246,NORMAL,0
bgl_20005,100,0.003246,NORMAL,0
bgl_30528,100,9.153847,ANOMALY,1
bgl_13211,100,0.000462,NORMAL,0
bgl_46038,100,0.000522,NORMAL,0
bgl_6003,100,0.172568,NORMAL,0
bgl_8128,100,0.003246,NORMAL,0
bgl_12098,100,0.003246,NORMAL,0
bgl_19768,100,0.003246,NORMAL,0
bgl_5944,100,0.318043,NORMAL,0
bgl_4142,100,0.001405,NORMAL,0
bgl_12278,100,0.003246,NORMAL,0
bgl_32549,100,0.000462,NORMAL,0
bgl_19589,100,0.003246,NORMAL,0
bgl_35098,100,0.852054,NORMAL,0
bgl_42212,100,8.460105,ANOMALY,1
bgl_23749,100,0.003246,NORMAL,0
bgl_4626,100,8.132814,ANOMALY,1
bgl_3149,100,9.139705,ANOMALY,1
bgl_16551,100,0.003246,NORMAL,0
bgl_24396,100,0.00411,NORMAL,0
bgl_1487,100,0.300904,NORMAL,0
bgl_20332,100,0.000462,NORMAL,0
bgl_20075,100,0.003246,NORMAL,0
bgl_18965,100,0.003246,NORMAL,0
bgl_15198,100,0.003246,NORMAL,0
bgl_32765,100,0.002002,NORMAL,0
bgl_16426,100,0.003246,NORMAL,0
bgl_37316,100,0.002002,NORMAL,0
bgl_3354,100,9.139705,ANOMALY,1
bgl_20795,100,0.003246,NORMAL,0
bgl_1905,100,0.679083,NORMAL,0
bgl_33795,100,0.305216,NORMAL,0
bgl_18806,100,0.003246,NORMAL,0
bgl_23554,100,0.003246,NORMAL,0
bgl_41023,100,0.002002,NORMAL,0
bgl_13433,100,0.000462,NORMAL,0
bgl_40890,100,9.139705,ANOMALY,1
bgl_35151,100,9.139705,ANOMALY,1
bgl_41276,100,0.002002,NORMAL,0
bgl_40933,100,0.002002,NORMAL,0
bgl_18613,100,0.003246,NORMAL,0
bgl_19400,100,0.003246,NORMAL,0
bgl_28558,100,0.003246,NORMAL,0
bgl_18798,100,0.003246,NORMAL,0
bgl_26141,100,0.00411,NORMAL,0
bgl_4819,100,0.013633,NORMAL,0
bgl_20733,100,0.003246,NORMAL,0
bgl_14630,100,0.003246,NORMAL,0
bgl_42133,100,0.000609,NORMAL,0
bgl_8276,100,9.130753,ANOMALY,1
bgl_8909,100,0.000462,NORMAL,0
bgl_16139,100,0.003246,NORMAL,0
bgl_24653,100,0.12934,NORMAL,0
bgl_21754,100,0.003246,NORMAL,0
bgl_39317,100,0.00411,NORMAL,0
bgl_20763,100,0.003246,NORMAL,0
bgl_35880,100,1.573747,UNCERTAIN,0
bgl_33650,100,3.579348,ANOMALY,1
bgl_26831,100,0.00411,NORMAL,0
bgl_18733,100,0.467559,NORMAL,0
bgl_27458,100,0.003246,NORMAL,0
bgl_38684,100,0.456124,NORMAL,0
bgl_32709,100,0.002002,NORMAL,0
bgl_17210,100,0.003246,NORMAL,0
bgl_38327,100,0.002002,NORMAL,0
bgl_27340,100,0.003246,NORMAL,0
bgl_22319,100,0.003246,NORMAL,0
bgl_46454,100,4.898937,ANOMALY,1
bgl_21159,100,0.003246,NORMAL,0
bgl_195,100,0.337941,NORMAL,1
bgl_44761,100,0.668044,NORMAL,0
bgl_16893,100,0.003246,NORMAL,0
bgl_42011,100,9.139705,ANOMALY,1
bgl_1816,100,0.003246,NORMAL,0
bgl_19819,100,0.003246,NORMAL,0
bgl_26086,100,0.554118,NORMAL,0
bgl_34675,100,0.003616,NORMAL,0
bgl_1698,100,0.003246,NORMAL,0
bgl_7900,100,0.010121,NORMAL,0
bgl_21675,100,0.003246,NORMAL,0
bgl_32559,100,0.000462,NORMAL,0
bgl_6006,100,0.321778,NORMAL,0
bgl_14269,100,0.003246,NORMAL,0
bgl_2851,100,9.139705,ANOMALY,1
bgl_6540,100,0.404499,NORMAL,0
bgl_8323,100,0.010121,NORMAL,0
bgl_4537,100,0.001405,NORMAL,0
bgl_29574,100,0.021526,NORMAL,0
bgl_32713,100,0.002002,NORMAL,0
bgl_37743,100,0.002002,NORMAL,0
bgl_4011,100,0.001405,NORMAL,0
bgl_14834,100,0.003246,NORMAL,0
bgl_22394,100,0.003246,NORMAL,0
bgl_41283,100,0.002002,NORMAL,0
bgl_12965,100,0.000462,NORMAL,0
bgl_19968,100,1.438472,UNCERTAIN,0
bgl_18908,100,0.003246,NORMAL,0
bgl_31114,100,0.002002,NORMAL,0
bgl_38255,100,0.659539,NORMAL,0
bgl_6042,100,0.219521,NORMAL,0
bgl_44967,100,1.103807,NORMAL,0
bgl_14491,100,0.003246,NORMAL,0
bgl_12280,100,0.472991,NORMAL,0
bgl_15334,100,0.003246,NORMAL,0
bgl_18328,100,0.003246,NORMAL,0
bgl_21267,100,0.003246,NORMAL,0
bgl_24890,100,0.003246,NORMAL,0
bgl_19202,100,0.003246,NORMAL,0
bgl_45750,100,1.118069,NORMAL,0
bgl_3593,100,9.139705,ANOMALY,1
bgl_14307,100,0.003246,NORMAL,0
bgl_35744,100,0.002495,NORMAL,0
bgl_25450,100,0.003246,NORMAL,0
bgl_6437,100,0.263594,NORMAL,0
bgl_33646,100,9.139705,ANOMALY,1
bgl_20798,100,0.003246,NORMAL,0
bgl_43479,100,0.677554,NORMAL,0
bgl_36380,100,1.124134,NORMAL,0
bgl_34530,100,0.00237,NORMAL,0
bgl_19784,100,0.003246,NORMAL,0
bgl_12359,100,0.00409,NORMAL,0
bgl_6613,100,0.282956,NORMAL,0
bgl_13862,100,0.003246,NORMAL,0
bgl_39541,100,0.002002,NORMAL,0
bgl_720,100,0.340585,NORMAL,1
bgl_44457,100,0.655629,NORMAL,0
bgl_7204,100,0.528065,NORMAL,0
bgl_2591,100,9.139705,ANOMALY,1
bgl_32752,100,0.002002,NORMAL,0
bgl_27700,100,0.003246,NORMAL,0
bgl_3230,100,9.139705,ANOMALY,1
bgl_39250,100,0.002002,NORMAL,0
bgl_27097,100,0.003246,NORMAL,0
bgl_12197,100,0.003246,NORMAL,0
bgl_33009,100,0.370782,NORMAL,0
bgl_34397,100,0.00237,NORMAL,0
bgl_15043,100,0.003246,NORMAL,0
bgl_7799,100,0.010121,NORMAL,0
bgl_5372,100,0.35722,NORMAL,0
bgl_14148,100,0.003246,NORMAL,0
bgl_39749,100,0.002002,NORMAL,0
bgl_45683,100,0.735111,NORMAL,0
bgl_38181,100,0.002002,NORMAL,0
bgl_6554,100,0.28821,NORMAL,0
bgl_20256,100,0.000462,NORMAL,0
bgl_1140,100,0.003246,NORMAL,0
bgl_4915,100,8.132814,ANOMALY,1
bgl_10753,100,0.005054,NORMAL,0
bgl_2452,100,9.139705,ANOMALY,1
bgl_36050,100,0.00175,NORMAL,0
bgl_14984,100,0.003246,NORMAL,0
bgl_30843,100,4.706854,ANOMALY,1
bgl_30043,100,1.242222,UNCERTAIN,0
bgl_29283,100,0.262527,NORMAL,0
bgl_6219,100,0.342937,NORMAL,0
bgl_8238,100,0.003246,NORMAL,0
bgl_24493,100,0.00411,NORMAL,0
bgl_8094,100,0.010121,NORMAL,0
bgl_7562,100,0.003126,NORMAL,0
bgl_43083,100,0.676795,NORMAL,0
bgl_279,100,0.003246,NORMAL,0
bgl_30358,100,0.000656,NORMAL,0
bgl_19058,100,0.003246,NORMAL,0
bgl_30105,100,0.99547,NORMAL,0
bgl_27369,100,0.638045,NORMAL,1
bgl_9394,100,0.000462,NORMAL,0
bgl_10606,100,0.021038,NORMAL,0
bgl_25950,100,0.297246,NORMAL,0
bgl_25213,100,0.00411,NORMAL,0
bgl_619,100,0.003246,NORMAL,0
bgl_27767,100,0.003246,NORMAL,0
bgl_29672,100,0.654388,NORMAL,0
bgl_32739,100,0.002002,NORMAL,0
bgl_35114,100,2.620159,ANOMALY,1
bgl_31745,100,0.401856,NORMAL,0
bgl_21990,100,0.003246,NORMAL,0
bgl_2624,100,9.139705,ANOMALY,1
bgl_1323,100,0.010121,NORMAL,0
bgl_17612,100,0.003246,NORMAL,0
bgl_45306,100,0.697282,NORMAL,0
bgl_5054,100,4.892874,ANOMALY,1
bgl_17140,100,0.003246,NORMAL,0
bgl_19502,100,0.003246,NORMAL,0
bgl_3850,100,8.132814,ANOMALY,1
bgl_45279,100,0.663287,NORMAL,0
bgl_30608,100,0.000878,NORMAL,0
bgl_16405,100,0.003246,NORMAL,0
bgl_37198,100,0.714816,NORMAL,0
bgl_26215,100,0.113681,NORMAL,0
bgl_27211,100,0.003246,NORMAL,0
bgl_35957,100,0.004105,NORMAL,0
bgl_5762,100,0.013633,NORMAL,0
bgl_4421,100,8.132814,ANOMALY,1
bgl_43185,100,0.668992,NORMAL,0
bgl_10796,100,0.013633,NORMAL,0
bgl_45445,100,0.687755,NORMAL,0
bgl_8397,100,0.003246,NORMAL,0
bgl_4768,100,0.00316,NORMAL,0
bgl_30379,100,6.962898,ANOMALY,1
bgl_5371,100,0.246066,NORMAL,0
bgl_219,100,0.003246,NORMAL,0
bgl_8823,100,0.003246,NORMAL,0
bgl_6729,100,0.549429,NORMAL,0
bgl_41614,100,0.939224,NORMAL,0
bgl_22425,100,9.139705,ANOMALY,1
bgl_42291,100,0.777955,NORMAL,0
bgl_16220,100,0.003246,NORMAL,0
bgl_26434,100,0.00411,NORMAL,0
bgl_13683,100,0.000462,NORMAL,0
bgl_9968,100,0.003246,NORMAL,0
bgl_7509,100,0.00345,NORMAL,0
bgl_31961,100,0.002002,NORMAL,0
bgl_18748,100,0.003246,NORMAL,0
bgl_44391,100,0.686515,NORMAL,0
bgl_1456,100,0.003246,NORMAL,0
bgl_26687,100,0.00411,NORMAL,0
bgl_45121,100,0.680869,NORMAL,0
bgl_22324,100,0.003246,NORMAL,0
bgl_30181,100,0.000656,NORMAL,0
bgl_14017,100,0.003246,NORMAL,0
bgl_7429,100,0.00297,NORMAL,0
bgl_47115,100,0.703599,NORMAL,0
bgl_43617,100,0.686717,NORMAL,0
bgl_44613,100,0.676001,NORMAL,0
bgl_8204,100,0.003246,NORMAL,0
bgl_32193,100,0.000462,NORMAL,0
bgl_12575,100,0.003246,NORMAL,0
bgl_494,100,0.003246,NORMAL,0
bgl_39108,100,0.002002,NORMAL,0
bgl_27349,100,0.003246,NORMAL,0
bgl_10630,100,0.077924,NORMAL,0
bgl_26669,100,0.00411,NORMAL,0
bgl_43718,100,0.682795,NORMAL,0
bgl_18624,100,0.003246,NORMAL,0
bgl_28216,100,0.003246,NORMAL,0
bgl_33681,100,9.139705,ANOMALY,1
bgl_37300,100,0.002002,NORMAL,0
bgl_46373,100,0.924977,NORMAL,0
bgl_35780,100,0.003616,NORMAL,0
bgl_34214,100,0.00237,NORMAL,0
bgl_37870,100,0.506334,NORMAL,0
bgl_12172,100,0.003246,NORMAL,0
bgl_29949,100,0.355424,NORMAL,0
bgl_20849,100,0.003246,NORMAL,0
bgl_40932,100,0.002002,NORMAL,0
bgl_17418,100,0.003246,NORMAL,0
bgl_43978,100,0.6646,NORMAL,0
bgl_18875,100,0.003246,NORMAL,0
bgl_36147,100,0.00175,NORMAL,0
bgl_25970,100,0.545606,NORMAL,0
bgl_1590,100,0.003246,NORMAL,0
bgl_11210,100,0.003246,NORMAL,0
bgl_38203,100,0.002002,NORMAL,0
bgl_9879,100,0.003246,NORMAL,0
bgl_13072,100,0.000462,NORMAL,0
bgl_38337,100,0.002002,NORMAL,0
bgl_13195,100,0.000462,NORMAL,0
bgl_33562,100,0.003616,NORMAL,0
bgl_3369,100,9.139705,ANOMALY,1
bgl_46871,100,0.010121,NORMAL,0
bgl_32763,100,0.002002,NORMAL,0
bgl_3620,100,9.139705,ANOMALY,1
bgl_2167,100,0.003246,NORMAL,0
bgl_38667,100,0.481563,NORMAL,0
bgl_44739,100,0.789704,NORMAL,0
bgl_13284,100,0.000462,NORMAL,0
bgl_46425,100,9.139705,ANOMALY,1
bgl_12293,100,0.003246,NORMAL,0
bgl_28233,100,0.003246,NORMAL,0
bgl_8190,100,0.003246,NORMAL,0
bgl_39343,100,0.002002,NORMAL,0
bgl_15599,100,0.003246,NORMAL,0
bgl_46889,100,0.010121,NORMAL,0
bgl_66,100,0.000462,NORMAL,0
bgl_4074,100,0.001405,NORMAL,0
bgl_28094,100,0.003246,NORMAL,0
bgl_14640,100,0.003246,NORMAL,0
bgl_17129,100,0.003246,NORMAL,0
bgl_27965,100,0.003246,NORMAL,0
bgl_7282,100,0.250423,NORMAL,0
bgl_26326,100,0.408011,NORMAL,0
bgl_38186,100,0.002002,NORMAL,0
bgl_42701,100,0.001215,NORMAL,0
bgl_2047,100,0.111372,NORMAL,0
bgl_7319,100,0.502914,NORMAL,0
bgl_30301,100,0.000656,NORMAL,0
bgl_3775,100,0.003246,NORMAL,0
bgl_12202,100,0.003246,NORMAL,0
bgl_40439,100,0.002002,NORMAL,0
bgl_26234,100,0.476119,NORMAL,0
bgl_27958,100,0.003246,NORMAL,0
bgl_31031,100,0.004105,NORMAL,0
bgl_885,100,0.122952,NORMAL,0
bgl_29990,100,1.862398,UNCERTAIN,1
bgl_10204,100,0.003246,NORMAL,0
bgl_16728,100,0.003246,NORMAL,0
bgl_37139,100,0.468965,NORMAL,0
bgl_42329,100,4.136292,ANOMALY,1
bgl_3347,100,9.139705,ANOMALY,1
bgl_8163,100,0.003246,NORMAL,0
bgl_20266,100,0.000462,NORMAL,0
bgl_43691,100,0.69258,NORMAL,0
bgl_46561,100,0.168124,NORMAL,0
bgl_40637,100,0.002002,NORMAL,0
bgl_29720,100,0.546246,NORMAL,0
bgl_46353,100,8.639463,ANOMALY,1
bgl_43613,100,0.672658,NORMAL,0
bgl_22393,100,0.003246,NORMAL,0
bgl_24612,100,0.00411,NORMAL,0
bgl_39907,100,0.002002,NORMAL,0
bgl_31647,100,0.287908,NORMAL,0
bgl_16189,100,0.003246,NORMAL,0
bgl_32684,100,0.002002,NORMAL,0
bgl_37168,100,0.494074,NORMAL,0
bgl_24753,100,0.00411,NORMAL,0
bgl_15105,100,0.156695,NORMAL,1
bgl_303,100,0.172151,NORMAL,1
bgl_42644,100,9.139705,ANOMALY,1
bgl_33153,100,0.000878,NORMAL,0
bgl_46964,100,0.010121,NORMAL,0
bgl_30245,100,0.000656,NORMAL,0
bgl_10542,100,0.013633,NORMAL,0
bgl_522,100,0.003246,NORMAL,0
bgl_44628,100,0.662217,NORMAL,0
bgl_24207,100,0.00411,NORMAL,0
bgl_19731,100,0.003246,NORMAL,0
bgl_558,100,0.003246,NORMAL,0
bgl_27311,100,0.003246,NORMAL,0
bgl_13885,100,0.003246,NORMAL,0
bgl_24662,100,0.00411,NORMAL,0
bgl_8196,100,0.003246,NORMAL,0
bgl_23333,100,0.003246,NORMAL,0
bgl_39634,100,0.002002,NORMAL,0
bgl_38939,100,0.002002,NORMAL,0
bgl_33148,100,0.000878,NORMAL,0
bgl_27658,100,0.003246,NORMAL,0
bgl_15475,100,0.000462,NORMAL,0
bgl_39372,100,0.002002,NORMAL,0
bgl_37091,100,0.002002,NORMAL,0
bgl_45615,100,9.139705,ANOMALY,1
bgl_39121,100,0.002002,NORMAL,0
bgl_8134,100,0.111275,NORMAL,0
bgl_9302,100,0.000462,NORMAL,0
bgl_43069,100,0.664783,NORMAL,0
bgl_14717,100,0.003246,NORMAL,0
bgl_34551,100,0.682882,NORMAL,0
bgl_23203,100,0.003246,NORMAL,0
bgl_46483,100,0.002495,NORMAL,0
bgl_16057,100,0.003246,NORMAL,0
bgl_42280,100,0.001215,NORMAL,0
bgl_22122,100,0.003246,NORMAL,0
bgl_14243,100,0.003246,NORMAL,0
bgl_16894,100,0.003246,NORMAL,0
bgl_9936,100,0.003246,NORMAL,0
bgl_13713,100,0.000462,NORMAL,0
bgl_5197,100,0.005054,NORMAL,0
bgl_33020,100,0.89058,NORMAL,0
bgl_40770,100,0.002002,NORMAL,0
bgl_42961,100,0.693697,NORMAL,0
bgl_36598,100,9.139705,ANOMALY,1
bgl_18317,100,0.003246,NORMAL,0
bgl_42448,100,0.001215,NORMAL,0
bgl_6784,100,0.479125,NORMAL,0
bgl_42051,100,0.000609,NORMAL,0
bgl_21078,100,0.003246,NORMAL,0
bgl_4470,100,0.001405,NORMAL,0
bgl_31532,100,0.258253,NORMAL,0
bgl_30669,100,0.004105,NORMAL,0
bgl_26487,100,0.00411,NORMAL,0
bgl_14755,100,0.003246,NORMAL,0
bgl_5344,100,0.439562,NORMAL,0
bgl_27329,100,0.003246,NORMAL,0
bgl_44531,100,0.712075,NORMAL,0
bgl_33349,100,7.082626,ANOMALY,1
bgl_20116,100,0.003246,NORMAL,0
bgl_6830,100,0.244415,NORMAL,0
bgl_41744,100,9.139705,ANOMALY,1
bgl_20350,100,0.000462,NORMAL,0
bgl_36247,100,0.000656,NORMAL,0
bgl_13258,100,0.000462,NORMAL,0
bgl_18102,100,0.003246,NORMAL,0
bgl_3039,100,9.139705,ANOMALY,1
bgl_14097,100,0.003246,NORMAL,0
bgl_31081,100,2.62233,ANOMALY,1
bgl_1598,100,0.003246,NORMAL,0
bgl_5903,100,0.264165,NORMAL,0
bgl_43988,100,0.667788,NORMAL,0
bgl_6953,100,0.302285,NORMAL,0
bgl_7169,100,0.297835,NORMAL,0
bgl_5485,100,0.446927,NORMAL,0
bgl_39460,100,0.002002,NORMAL,0
bgl_9042,100,0.000462,NORMAL,0
bgl_6212,100,0.299245,NORMAL,0
bgl_45935,100,0.003616,NORMAL,0
bgl_40725,100,0.002002,NORMAL,0
bgl_18518,100,0.003246,NORMAL,0
bgl_15551,100,0.003246,NORMAL,0
bgl_39437,100,0.002002,NORMAL,0
bgl_36144,100,0.00175,NORMAL,0
bgl_31124,100,0.002002,NORMAL,0
bgl_18014,100,0.003246,NORMAL,0
bgl_31130,100,0.002002,NORMAL,0
bgl_6287,100,0.292409,NORMAL,0
bgl_32587,100,0.000462,NORMAL,0
bgl_8222,100,0.003246,NORMAL,0
bgl_24120,100,0.003246,NORMAL,0
bgl_41935,100,1.743975,UNCERTAIN,0
bgl_46306,100,0.002495,NORMAL,0
bgl_23353,100,0.003246,NORMAL,0
bgl_44584,100,0.708799,NORMAL,0
bgl_14408,100,0.003246,NORMAL,0
bgl_42442,100,0.001215,NORMAL,0
bgl_8211,100,0.003246,NORMAL,0
bgl_30126,100,0.73035,NORMAL,0
bgl_150,100,9.139705,ANOMALY,1
bgl_348,100,1.66103,UNCERTAIN,0
bgl_12877,100,0.404695,NORMAL,0
bgl_42632,100,9.139705,ANOMALY,1
bgl_16697,100,0.003246,NORMAL,0
bgl_32076,100,0.000462,NORMAL,0
bgl_37163,100,0.612948,NORMAL,0
bgl_4758,100,0.00316,NORMAL,0
bgl_26150,100,0.00411,NORMAL,0
bgl_17787,100,0.003246,NORMAL,0
bgl_4634,100,8.132814,ANOMALY,1
bgl_24356,100,0.00411,NORMAL,0
bgl_20120,100,0.003246,NORMAL,0
bgl_19748,100,0.003246,NORMAL,0
bgl_30659,100,0.004105,NORMAL,0
bgl_1038,100,0.003246,NORMAL,0
bgl_44138,100,0.673544,NORMAL,0
bgl_40040,100,0.002002,NORMAL,0
bgl_13972,100,0.003246,NORMAL,0
bgl_19718,100,0.003246,NORMAL,0
bgl_8767,100,0.003246,NORMAL,0
bgl_33658,100,1.092369,NORMAL,0
bgl_289,100,0.169993,NORMAL,1
bgl_46746,100,0.010121,NORMAL,0
bgl_16724,100,0.003246,NORMAL,0
bgl_29416,100,0.00237,NORMAL,0
bgl_11278,100,0.003246,NORMAL,0
bgl_14149,100,0.003246,NORMAL,0
bgl_47050,100,0.010121,NORMAL,0
bgl_9597,100,0.003246,NORMAL,0
bgl_40974,100,0.002002,NORMAL,0
bgl_19118,100,0.003246,NORMAL,0
bgl_11110,100,0.003246,NORMAL,0
bgl_1170,100,0.003246,NORMAL,0
bgl_4318,100,8.132814,ANOMALY,1
bgl_32645,100,0.002002,NORMAL,0
bgl_23332,100,0.003246,NORMAL,0
bgl_6488,100,0.278156,NORMAL,0
bgl_18482,100,0.003246,NORMAL,0
bgl_35261,100,9.136214,ANOMALY,1
bgl_9151,100,0.000462,NORMAL,0
bgl_7815,100,0.010121,NORMAL,0
bgl_6552,100,0.382977,NORMAL,0
bgl_16502,100,0.003246,NORMAL,0
bgl_9655,100,0.003246,NORMAL,0
bgl_44335,100,0.689414,NORMAL,0
bgl_6820,100,0.213883,NORMAL,0
bgl_19423,100,0.003246,NORMAL,0
bgl_6376,100,0.228343,NORMAL,0
bgl_9969,100,0.003246,NORMAL,0
bgl_11726,100,0.003246,NORMAL,0
bgl_46205,100,0.897614,NORMAL,0
bgl_13495,100,0.000462,NORMAL,0
bgl_18577,100,0.003246,NORMAL,0
bgl_44336,100,0.740278,NORMAL,0
bgl_41135,100,0.002002,NORMAL,0
bgl_8058,100,0.130963,NORMAL,0
bgl_11748,100,0.003246,NORMAL,0
bgl_44196,100,0.682795,NORMAL,0
bgl_13608,100,0.000462,NORMAL,0
bgl_2141,100,0.003246,NORMAL,0
bgl_39783,100,0.474977,NORMAL,0
bgl_14979,100,0.003246,NORMAL,0
bgl_28819,100,0.003246,NORMAL,0
bgl_17182,100,0.003246,NORMAL,0
bgl_35837,100,0.577804,NORMAL,0
bgl_34946,100,0.36473,NORMAL,0
bgl_21570,100,0.003246,NORMAL,0
bgl_15201,100,0.003246,NORMAL,0
bgl_23013,100,0.003246,NORMAL,0
bgl_46984,100,0.010121,NORMAL,0
bgl_35185,100,9.139705,ANOMALY,1
bgl_4067,100,0.001405,NORMAL,0
bgl_4824,100,0.013633,NORMAL,0
bgl_28347,100,0.003246,NORMAL,0
bgl_20392,100,0.142009,NORMAL,0
bgl_23378,100,0.003246,NORMAL,0
bgl_42591,100,1.866344,UNCERTAIN,1
bgl_220,100,0.003246,NORMAL,0
bgl_24172,100,6.441064,ANOMALY,1
bgl_13011,100,0.000462,NORMAL,0
bgl_4877,100,8.132814,ANOMALY,1
bgl_12558,100,0.003246,NORMAL,0
bgl_41805,100,5.910172,ANOMALY,1
bgl_16036,100,0.003246,NORMAL,0
bgl_20173,100,0.003246,NORMAL,0
bgl_1193,100,0.003246,NORMAL,0
bgl_31064,100,9.139705,ANOMALY,1
bgl_40094,100,0.002002,NORMAL,0
bgl_38459,100,0.591515,NORMAL,0
bgl_46476,100,0.852285,NORMAL,0
bgl_30902,100,0.004105,NORMAL,0
bgl_26010,100,0.355684,NORMAL,0
bgl_25948,100,0.469371,NORMAL,0
bgl_26412,100,0.00411,NORMAL,0
bgl_25905,100,0.003246,NORMAL,0
bgl_8046,100,0.010121,NORMAL,0
bgl_43867,100,0.666895,NORMAL,0
bgl_74,100,0.000462,NORMAL,0
bgl_13724,100,0.000462,NORMAL,0
bgl_38946,100,0.00411,NORMAL,0
bgl_32220,100,0.002002,NORMAL,0
bgl_36024,100,0.003616,NORMAL,0
bgl_44258,100,0.698896,NORMAL,0
bgl_34497,100,0.00237,NORMAL,0
bgl_17920,100,0.003246,NORMAL,0
bgl_16892,100,0.003246,NORMAL,0
bgl_40490,100,0.504017,NORMAL,0
bgl_37687,100,0.002002,NORMAL,0
bgl_658,100,0.17215,NORMAL,1
bgl_31258,100,0.002002,NORMAL,0
bgl_34737,100,0.003616,NORMAL,0
bgl_35091,100,0.003616,NORMAL,0
bgl_33454,100,0.865328,NORMAL,0
bgl_9843,100,0.003246,NORMAL,0
bgl_15390,100,0.000462,NORMAL,0
bgl_38180,100,0.002002,NORMAL,0
bgl_26600,100,0.00411,NORMAL,0
bgl_3371,100,9.139705,ANOMALY,1
bgl_12892,100,0.706866,NORMAL,0
bgl_40047,100,0.002002,NORMAL,0
bgl_40033,100,0.002002,NORMAL,0
bgl_3697,100,9.139705,ANOMALY,1
bgl_7100,100,0.169006,NORMAL,0
bgl_17080,100,0.003246,NORMAL,0
bgl_12824,100,0.003246,NORMAL,0
bgl_32747,100,0.002002,NORMAL,0
bgl_1740,100,0.003246,NORMAL,0
bgl_36109,100,0.00175,NORMAL,0
bgl_31446,100,0.002002,NORMAL,0
bgl_26093,100,0.322775,NORMAL,0
bgl_3566,100,9.139705,ANOMALY,1
bgl_31840,100,0.002002,NORMAL,0
bgl_17831,100,0.003246,NORMAL,0
bgl_33411,100,9.139705,ANOMALY,1
bgl_7695,100,0.013571,NORMAL,0
bgl_5505,100,0.193436,NORMAL,0
bgl_24443,100,0.00411,NORMAL,0
bgl_1616,100,0.003246,NORMAL,0
bgl_20815,100,0.003246,NORMAL,0
bgl_27829,100,0.003246,NORMAL,0
bgl_10933,100,0.130963,NORMAL,0
bgl_20283,100,0.000462,NORMAL,0
bgl_14059,100,0.003246,NORMAL,0
bgl_2453,100,9.139705,ANOMALY,1
bgl_301,100,0.339463,NORMAL,1
bgl_2340,100,9.139705,ANOMALY,1
bgl_19942,100,1.169846,NORMAL,0
bgl_46545,100,0.003795,NORMAL,0
bgl_42138,100,0.000609,NORMAL,0
bgl_34540,100,0.00237,NORMAL,0
bgl_1957,100,0.003246,NORMAL,0
bgl_11200,100,0.003246,NORMAL,0
bgl_14067,100,0.003246,NORMAL,0
bgl_25464,100,0.003246,NORMAL,0
bgl_11414,100,0.000462,NORMAL,0
bgl_21608,100,0.003246,NORMAL,0
bgl_31409,100,0.002002,NORMAL,0
bgl_20830,100,0.003246,NORMAL,0
bgl_29796,100,0.465855,NORMAL,0
bgl_27374,100,0.003246,NORMAL,0
bgl_10526,100,0.013685,NORMAL,0
bgl_43863,100,0.685441,NORMAL,0
bgl_30263,100,0.000656,NORMAL,0
bgl_42254,100,9.139705,ANOMALY,1
bgl_25452,100,0.003246,NORMAL,0
bgl_21373,100,0.003246,NORMAL,0
bgl_16597,100,0.003246,NORMAL,0
bgl_11540,100,0.000462,NORMAL,0
bgl_24068,100,0.003246,NORMAL,0
bgl_31955,100,0.002002,NORMAL,0
bgl_37699,100,0.002002,NORMAL,0
bgl_22675,100,0.003246,NORMAL,0
bgl_15757,100,0.003246,NORMAL,0
bgl_42120,100,0.000609,NORMAL,0
bgl_44208,100,0.682795,NORMAL,0
bgl_23063,100,0.003246,NORMAL,0
bgl_2238,100,9.139705,ANOMALY,1
bgl_16197,100,0.003246,NORMAL,0
bgl_20085,100,0.003246,NORMAL,0
bgl_506,100,0.003246,NORMAL,0
bgl_23776,100,0.003246,NORMAL,0
bgl_125,100,0.003246,NORMAL,0
bgl_28717,100,0.003246,NORMAL,0
bgl_10057,100,0.003246,NORMAL,0
bgl_11562,100,0.000462,NORMAL,0
bgl_11997,100,0.003246,NORMAL,0
bgl_29828,100,0.24783,NORMAL,0
bgl_14387,100,0.003246,NORMAL,0
bgl_5070,100,5.00957,ANOMALY,1
bgl_36992,100,0.002002,NORMAL,0
bgl_22035,100,0.003246,NORMAL,0
bgl_20231,100,0.422906,NORMAL,0
bgl_13893,100,0.003246,NORMAL,0
bgl_40246,100,0.3022,NORMAL,0
bgl_37013,100,0.002002,NORMAL,0
bgl_31339,100,0.002002,NORMAL,0
bgl_15121,100,0.08542,NORMAL,0
bgl_11698,100,0.003246,NORMAL,0
bgl_46710,100,4.383742,ANOMALY,1
bgl_42430,100,0.001215,NORMAL,0
bgl_6158,100,0.154409,NORMAL,0
bgl_14418,100,0.003246,NORMAL,0
bgl_5913,100,0.336505,NORMAL,0
bgl_14671,100,0.003246,NORMAL,0
bgl_43150,100,0.683643,NORMAL,0
bgl_40090,100,0.002002,NORMAL,0
bgl_18321,100,0.003246,NORMAL,0
bgl_30444,100,9.139705,ANOMALY,1
bgl_45265,100,0.672609,NORMAL,0
bgl_35538,100,9.139705,ANOMALY,1
bgl_19773,100,0.003246,NORMAL,0
bgl_41816,100,8.257702,ANOMALY,1
bgl_17982,100,0.003246,NORMAL,0
bgl_39703,100,0.002002,NORMAL,0
bgl_46679,100,0.004105,NORMAL,0
bgl_42345,100,0.001215,NORMAL,0
bgl_35800,100,0.809813,NORMAL,0
bgl_26357,100,0.00411,NORMAL,0
bgl_1683,100,0.003246,NORMAL,0
bgl_18085,100,0.003246,NORMAL,0
bgl_33601,100,9.139705,ANOMALY,1
bgl_39154,100,0.002002,NORMAL,0
bgl_28332,100,0.003246,NORMAL,0
bgl_42481,100,9.139705,ANOMALY,1
bgl_42085,100,0.000609,NORMAL,0
bgl_35287,100,0.002495,NORMAL,0
bgl_38909,100,0.002002,NORMAL,0
bgl_17160,100,0.003246,NORMAL,0
bgl_32254,100,0.002002,NORMAL,0
bgl_10989,100,0.413011,NORMAL,0
bgl_2200,100,0.003246,NORMAL,0
bgl_3773,100,0.003246,NORMAL,0
bgl_34622,100,0.786715,NORMAL,0
bgl_35323,100,6.05315,ANOMALY,1
bgl_8431,100,0.003246,NORMAL,0
bgl_197,100,0.003246,NORMAL,0
bgl_31150,100,0.002002,NORMAL,0
bgl_29486,100,0.00237,NORMAL,0
bgl_28816,100,0.003246,NORMAL,0
bgl_3237,100,9.139705,ANOMALY,1
bgl_27447,100,0.003246,NORMAL,0
bgl_22538,100,0.003246,NORMAL,0
bgl_16928,100,0.003246,NORMAL,0
bgl_20223,100,0.003246,NORMAL,0
bgl_9516,100,0.000462,NORMAL,0
bgl_5543,100,0.354548,NORMAL,0
bgl_16547,100,0.003246,NORMAL,0
bgl_26911,100,0.003246,NORMAL,0
bgl_23599,100,0.003246,NORMAL,0
bgl_14889,100,0.003246,NORMAL,0
bgl_9574,100,0.003246,NORMAL,0
bgl_28464,100,0.003246,NORMAL,0
bgl_41161,100,0.002002,NORMAL,0
bgl_6154,100,0.231923,NORMAL,0
bgl_43420,100,0.693271,NORMAL,0
bgl_28493,100,0.003246,NORMAL,0
bgl_18584,100,0.003246,NORMAL,0
bgl_16786,100,0.003246,NORMAL,0
bgl_37778,100,0.002002,NORMAL,0
bgl_13414,100,0.000462,NORMAL,0
bgl_5022,100,4.891678,ANOMALY,1
bgl_36179,100,1.087822,NORMAL,0
bgl_4721,100,0.008797,NORMAL,0
bgl_17869,100,0.003246,NORMAL,0
bgl_31158,100,0.002002,NORMAL,0
bgl_22271,100,0.243105,NORMAL,0
bgl_42446,100,0.001215,NORMAL,0
bgl_22349,100,0.003246,NORMAL,0
bgl_30447,100,9.190273,ANOMALY,1
bgl_32335,100,0.000462,NORMAL,0
bgl_21945,100,0.003246,NORMAL,0
bgl_39653,100,0.002002,NORMAL,0
bgl_43269,100,0.676987,NORMAL,0
bgl_30032,100,1.109781,NORMAL,0
bgl_2053,100,0.003246,NORMAL,0
bgl_14364,100,0.003246,NORMAL,0
bgl_35121,100,0.825052,NORMAL,0
bgl_43941,100,0.674436,NORMAL,0
bgl_40506,100,0.00411,NORMAL,0
bgl_40822,100,0.002002,NORMAL,0
bgl_15453,100,0.000462,NORMAL,0
bgl_6291,100,0.21378,NORMAL,0
bgl_45733,100,0.679346,NORMAL,0
bgl_45208,100,0.663379,NORMAL,0
bgl_32459,100,0.000462,NORMAL,0
bgl_22541,100,0.003246,NORMAL,0
bgl_27118,100,0.003246,NORMAL,0
bgl_27071,100,0.003246,NORMAL,0
bgl_32683,100,0.002002,NORMAL,0
bgl_37496,100,0.00411,NORMAL,0
bgl_26940,100,0.003246,NORMAL,0
bgl_17249,100,0.003246,NORMAL,0
bgl_31514,100,0.000462,NORMAL,0
bgl_46666,100,0.829849,NORMAL,0
bgl_37777,100,0.002002,NORMAL,0
bgl_392,100,0.003246,NORMAL,0
bgl_36232,100,0.686894,NORMAL,0
bgl_10051,100,0.003246,NORMAL,0
bgl_16643,100,0.003246,NORMAL,0
bgl_12146,100,0.003246,NORMAL,0
bgl_41277,100,0.002002,NORMAL,0
bgl_26022,100,0.754482,NORMAL,0
bgl_1286,100,0.010121,NORMAL,0
bgl_23248,100,0.003246,NORMAL,0
bgl_46570,100,8.851492,ANOMALY,1
bgl_5826,100,0.328024,NORMAL,0
bgl_3817,100,9.139705,ANOMALY,1
bgl_27815,100,0.003246,NORMAL,0
bgl_30677,100,4.411908,ANOMALY,1
bgl_45637,100,0.776989,NORMAL,0
bgl_15990,100,0.003246,NORMAL,0
bgl_2927,100,9.139705,ANOMALY,1
bgl_7126,100,0.359306,NORMAL,0
bgl_27751,100,0.003246,NORMAL,0
bgl_43213,100,0.682292,NORMAL,0
bgl_30307,100,0.000656,NORMAL,0
bgl_28545,100,0.003246,NORMAL,0
bgl_39424,100,0.002002,NORMAL,0
bgl_9884,100,0.003246,NORMAL,0
bgl_14237,100,0.003246,NORMAL,0
bgl_26011,100,0.258767,NORMAL,0
bgl_32364,100,0.000462,NORMAL,0
bgl_23103,100,0.003246,NORMAL,0
bgl_16082,100,0.003246,NORMAL,0
bgl_9143,100,0.000462,NORMAL,0
bgl_46939,100,0.010121,NORMAL,0
bgl_3438,100,9.139705,ANOMALY,1
bgl_20076,100,0.003246,NORMAL,0
bgl_14967,100,0.003246,NORMAL,0
bgl_22288,100,1.229854,UNCERTAIN,0
bgl_1052,100,0.003246,NORMAL,0
bgl_29226,100,0.765662,NORMAL,0
bgl_37634,100,0.002002,NORMAL,0
bgl_35836,100,1.206467,UNCERTAIN,0
bgl_671,100,0.003246,NORMAL,0
bgl_21386,100,0.003246,NORMAL,0
bgl_45336,100,0.691077,NORMAL,0
bgl_45832,100,9.139705,ANOMALY,1
bgl_32555,100,0.000462,NORMAL,0
bgl_12110,100,0.003246,NORMAL,0
bgl_40388,100,0.00411,NORMAL,0
bgl_5283,100,5.290168,ANOMALY,1
bgl_12409,100,0.997003,NORMAL,0
bgl_155,100,9.139705,ANOMALY,1
bgl_2085,100,0.130963,NORMAL,0
bgl_40034,100,0.002002,NORMAL,0
bgl_24188,100,0.00411,NORMAL,0
bgl_45129,100,0.698161,NORMAL,0
bgl_5202,100,0.005054,NORMAL,0
bgl_21729,100,0.003246,NORMAL,0
bgl_35741,100,0.002495,NORMAL,0
bgl_29317,100,0.417533,NORMAL,0
bgl_25236,100,0.003246,NORMAL,0
bgl_3549,100,9.139705,ANOMALY,1
bgl_39489,100,0.002002,NORMAL,0
bgl_36428,100,0.004105,NORMAL,0
bgl_30590,100,0.004105,NORMAL,0
bgl_45238,100,0.673856,NORMAL,0
bgl_12264,100,0.003246,NORMAL,0
bgl_39871,100,0.002002,NORMAL,0
bgl_35993,100,9.139705,ANOMALY,1
bgl_18515,100,0.003246,NORMAL,0
bgl_32112,100,0.000462,NORMAL,0
bgl_34160,100,0.00237,NORMAL,0
bgl_20808,100,0.003246,NORMAL,0
bgl_6841,100,0.251504,NORMAL,0
bgl_997,100,0.003246,NORMAL,0
bgl_22332,100,0.003246,NORMAL,0
bgl_43472,100,0.67651,NORMAL,0
bgl_30955,100,0.004105,NORMAL,0
bgl_8661,100,0.003246,NORMAL,0
bgl_15598,100,0.003246,NORMAL,0
bgl_18176,100,0.003246,NORMAL,0
bgl_46825,100,0.010121,NORMAL,0
bgl_14129,100,0.003246,NORMAL,0
bgl_20399,100,0.000462,NORMAL,0
bgl_42179,100,0.000609,NORMAL,0
bgl_23183,100,0.003246,NORMAL,0
bgl_22343,100,0.003246,NORMAL,0
bgl_41202,100,0.002002,NORMAL,0
bgl_43179,100,0.685512,NORMAL,0
bgl_33508,100,9.062504,ANOMALY,1
bgl_43786,100,0.678844,NORMAL,0
bgl_3395,100,9.139705,ANOMALY,1
bgl_32079,100,0.000462,NORMAL,0
bgl_41236,100,0.00411,NORMAL,0
bgl_10892,100,0.130963,NORMAL,0
bgl_26556,100,0.00411,NORMAL,0
bgl_29754,100,1.03459,NORMAL,1
bgl_14683,100,0.003246,NORMAL,0
bgl_16875,100,0.003246,NORMAL,0
bgl_13445,100,0.000462,NORMAL,0
bgl_12623,100,0.003246,NORMAL,0
bgl_6077,100,0.354015,NORMAL,0
bgl_2958,100,9.139705,ANOMALY,1
bgl_22661,100,0.003246,NORMAL,0
bgl_2563,100,9.139705,ANOMALY,1
bgl_39637,100,0.00411,NORMAL,0
bgl_11415,100,0.000462,NORMAL,0
bgl_9338,100,0.000462,NORMAL,0
bgl_38216,100,0.002002,NORMAL,0
bgl_23597,100,0.003246,NORMAL,0
bgl_14713,100,0.003246,NORMAL,0
bgl_44370,100,0.683252,NORMAL,0
bgl_39272,100,0.002002,NORMAL,0
bgl_1164,100,0.003246,NORMAL,0
bgl_26324,100,0.562897,NORMAL,0
bgl_21728,100,0.003246,NORMAL,0
bgl_19659,100,0.003246,NORMAL,0
bgl_40285,100,0.002495,NORMAL,0
bgl_41872,100,0.926702,NORMAL,0
bgl_5581,100,0.282225,NORMAL,0
bgl_10164,100,0.003246,NORMAL,0
bgl_41039,100,0.002002,NORMAL,0
bgl_32026,100,1.355841,UNCERTAIN,0
bgl_22653,100,0.003246,NORMAL,0
bgl_8927,100,0.000462,NORMAL,0
bgl_3195,100,9.139705,ANOMALY,1
bgl_6207,100,0.431486,NORMAL,0
bgl_9261,100,1.245611,UNCERTAIN,0
bgl_38244,100,0.074387,NORMAL,0
bgl_11942,100,0.003246,NORMAL,0
bgl_23254,100,0.003246,NORMAL,0
bgl_9232,100,0.000462,NORMAL,0
bgl_39930,100,0.002002,NORMAL,0
bgl_26544,100,0.00411,NORMAL,0
bgl_6543,100,0.358985,NORMAL,0
bgl_793,100,0.507856,NORMAL,1
bgl_1908,100,0.730657,NORMAL,0
bgl_22201,100,0.003246,NORMAL,0
bgl_41007,100,0.002002,NORMAL,0
bgl_22584,100,0.003246,NORMAL,0
bgl_14076,100,0.003246,NORMAL,0
bgl_32704,100,0.002002,NORMAL,0
bgl_38326,100,0.002002,NORMAL,0
bgl_30618,100,9.139705,ANOMALY,1
bgl_1814,100,0.003246,NORMAL,0
bgl_25833,100,0.00411,NORMAL,0
bgl_35607,100,1.069584,NORMAL,0
bgl_15309,100,0.003246,NORMAL,0
bgl_44663,100,0.670287,NORMAL,0
bgl_37700,100,0.002002,NORMAL,0
bgl_41055,100,0.002002,NORMAL,0
bgl_9671,100,0.003246,NORMAL,0
bgl_26507,100,0.00411,NORMAL,0
bgl_26764,100,0.00411,NORMAL,0
bgl_32406,100,0.000462,NORMAL,0
bgl_40671,100,0.002002,NORMAL,0
bgl_26860,100,1.105519,NORMAL,0
bgl_21111,100,0.003246,NORMAL,0
bgl_30583,100,0.004105,NORMAL,0
bgl_10645,100,0.077924,NORMAL,0
bgl_31367,100,0.002002,NORMAL,0
bgl_37857,100,0.608068,NORMAL,0
bgl_35509,100,0.646363,NORMAL,0
bgl_31698,100,0.002002,NORMAL,0
bgl_18063,100,0.003246,NORMAL,0
bgl_20552,100,0.003246,NORMAL,0
bgl_37486,100,0.002002,NORMAL,0
bgl_14712,100,0.003246,NORMAL,0
bgl_39396,100,0.002002,NORMAL,0
bgl_10667,100,0.016989,NORMAL,0
bgl_40301,100,1.443112,UNCERTAIN,0
bgl_9467,100,0.000462,NORMAL,0
bgl_24710,100,0.00411,NORMAL,0
bgl_27667,100,0.003246,NORMAL,0
bgl_25392,100,0.26253,NORMAL,0
bgl_5085,100,5.478264,ANOMALY,1
bgl_27141,100,0.003246,NORMAL,0
bgl_44767,100,0.69719,NORMAL,0
bgl_38498,100,0.216523,NORMAL,0
bgl_25198,100,0.00411,NORMAL,0
bgl_35803,100,0.41192,NORMAL,0
bgl_11940,100,0.003246,NORMAL,0
bgl_19107,100,0.003246,NORMAL,0
bgl_4683,100,0.001405,NORMAL,0
bgl_39338,100,0.002002,NORMAL,0
bgl_15550,100,0.003246,NORMAL,0
bgl_43817,100,0.689922,NORMAL,0
bgl_22966,100,0.003246,NORMAL,0
bgl_28142,100,0.003246,NORMAL,0
bgl_12116,100,0.003246,NORMAL,0
bgl_97,100,0.000462,NORMAL,0
bgl_1962,100,0.003246,NORMAL,0
bgl_34330,100,0.852757,NORMAL,0
bgl_5034,100,4.907628,ANOMALY,1
bgl_24478,100,0.00411,NORMAL,0
bgl_13717,100,0.000462,NORMAL,0
bgl_45554,100,0.682572,NORMAL,0
bgl_39583,100,0.002002,NORMAL,0
bgl_27348,100,0.003246,NORMAL,0
bgl_11999,100,0.003246,NORMAL,0
bgl_45410,100,0.671994,NORMAL,0
bgl_11688,100,0.003246,NORMAL,0
bgl_29256,100,0.63517,NORMAL,0
bgl_29870,100,0.656314,NORMAL,0
bgl_6197,100,0.302795,NORMAL,0
bgl_12027,100,0.003246,NORMAL,0
bgl_40683,100,0.002002,NORMAL,0
bgl_30287,100,0.000656,NORMAL,0
bgl_44600,100,0.669756,NORMAL,0
bgl_18876,100,0.003246,NORMAL,0
bgl_2980,100,9.139705,ANOMALY,1
bgl_288,100,0.172151,NORMAL,1
bgl_35920,100,0.848343,NORMAL,0
bgl_35487,100,0.915798,NORMAL,0
bgl_7402,100,7.274105,ANOMALY,1
bgl_29755,100,1.671481,UNCERTAIN,0
bgl_36057,100,0.00175,NORMAL,0
bgl_39964,100,0.002002,NORMAL,0
bgl_14836,100,0.003246,NORMAL,0
bgl_2607,100,9.139705,ANOMALY,1
bgl_41557,100,0.821196,NORMAL,0
bgl_21238,100,0.003246,NORMAL,0
bgl_14540,100,0.003246,NORMAL,0
bgl_7234,100,0.28262,NORMAL,0
bgl_32681,100,0.002002,NORMAL,0
bgl_2008,100,0.249489,NORMAL,0
bgl_37669,100,0.002002,NORMAL,0
bgl_34824,100,0.000878,NORMAL,0
bgl_20507,100,0.003246,NORMAL,0
bgl_14887,100,0.003246,NORMAL,0
bgl_7404,100,7.480658,ANOMALY,1
bgl_39745,100,0.106114,NORMAL,0
bgl_46790,100,0.010121,NORMAL,0
bgl_29280,100,0.284409,NORMAL,0
bgl_24572,100,0.00411,NORMAL,0
bgl_43221,100,1.023043,NORMAL,0
bgl_4097,100,0.001405,NORMAL,0
bgl_32571,100,0.000462,NORMAL,0
bgl_44269,100,0.687089,NORMAL,0
bgl_15587,100,0.003246,NORMAL,0
bgl_42276,100,0.801823,NORMAL,0
bgl_41795,100,9.082433,ANOMALY,1
bgl_35887,100,0.76053,NORMAL,0
bgl_8955,100,0.000462,NORMAL,0
bgl_4237,100,0.003246,NORMAL,0
bgl_3481,100,9.139705,ANOMALY,1
bgl_26074,100,0.275019,NORMAL,0
bgl_6705,100,0.486649,NORMAL,0
bgl_42665,100,8.66256,ANOMALY,1
bgl_6713,100,0.480469,NORMAL,0
bgl_26405,100,0.00411,NORMAL,0
bgl_27204,100,0.003246,NORMAL,0
bgl_14698,100,0.003246,NORMAL,0
bgl_7334,100,0.396085,NORMAL,0
bgl_31359,100,0.002002,NORMAL,0
bgl_19781,100,0.003246,NORMAL,0
bgl_11877,100,0.003246,NORMAL,0
bgl_20416,100,0.000462,NORMAL,0
bgl_39313,100,0.00411,NORMAL,0
bgl_24131,100,0.856948,NORMAL,0
bgl_25960,100,0.294441,NORMAL,0
bgl_7871,100,0.010121,NORMAL,0
bgl_45836,100,2.074227,UNCERTAIN,1
bgl_27581,100,0.003246,NORMAL,0
bgl_41685,100,0.004105,NORMAL,0
bgl_44863,100,0.682993,NORMAL,0
bgl_7714,100,0.013571,NORMAL,0
bgl_28481,100,0.003246,NORMAL,0
bgl_19604,100,0.003246,NORMAL,0
bgl_36621,100,0.000878,NORMAL,0
bgl_37604,100,0.002002,NORMAL,0
bgl_45747,100,0.686785,NORMAL,0
bgl_24795,100,0.00411,NORMAL,0
bgl_23762,100,0.003246,NORMAL,0
bgl_27332,100,0.003246,NORMAL,0
bgl_35318,100,1.405816,UNCERTAIN,0
bgl_13385,100,0.000462,NORMAL,0
bgl_10823,100,0.007853,NORMAL,0
bgl_10094,100,0.003246,NORMAL,0
bgl_42863,100,0.000878,NORMAL,0
bgl_20207,100,0.003246,NORMAL,0
bgl_1116,100,0.003246,NORMAL,0
bgl_38690,100,0.089498,NORMAL,0
bgl_11498,100,0.000462,NORMAL,0
bgl_32191,100,0.000462,NORMAL,0
bgl_31829,100,0.002002,NORMAL,0
bgl_30643,100,1.192927,NORMAL,0
bgl_20878,100,0.003246,NORMAL,0
bgl_32947,100,8.785729,ANOMALY,1
bgl_21937,100,0.003246,NORMAL,0
bgl_4663,100,0.001405,NORMAL,0
bgl_6539,100,0.481663,NORMAL,0
bgl_39072,100,0.002002,NORMAL,0
bgl_42707,100,0.659532,NORMAL,0
bgl_36461,100,1.01071,NORMAL,0
bgl_8138,100,0.003246,NORMAL,0
bgl_1055,100,0.003246,NORMAL,0
bgl_46250,100,0.44555,NORMAL,0
bgl_24721,100,0.00411,NORMAL,0
bgl_27446,100,0.003246,NORMAL,0
bgl_42098,100,0.000609,NORMAL,0
bgl_43711,100,0.653498,NORMAL,0
bgl_25210,100,0.00411,NORMAL,0
bgl_20148,100,0.003246,NORMAL,0
bgl_39320,100,0.00411,NORMAL,0
bgl_17019,100,0.003246,NORMAL,0
bgl_17726,100,0.003246,NORMAL,0
bgl_23623,100,0.003246,NORMAL,0
bgl_5350,100,0.255857,NORMAL,0
bgl_11928,100,0.003246,NORMAL,0
bgl_45704,100,0.000522,NORMAL,0
bgl_26904,100,0.003246,NORMAL,0
bgl_25277,100,0.003246,NORMAL,0
bgl_38794,100,0.00411,NORMAL,0
bgl_1085,100,0.003246,NORMAL,0
bgl_38593,100,0.00411,NORMAL,0
bgl_34455,100,0.00237,NORMAL,0
bgl_67,100,0.000462,NORMAL,0
bgl_32279,100,0.002002,NORMAL,0
bgl_36344,100,0.006053,NORMAL,0
bgl_9643,100,0.003246,NORMAL,0
bgl_27921,100,0.003246,NORMAL,0
bgl_46182,100,0.129504,NORMAL,0
bgl_30952,100,0.004105,NORMAL,0
bgl_31546,100,0.301241,NORMAL,0
bgl_17472,100,0.003246,NORMAL,0
bgl_14745,100,0.003246,NORMAL,0
bgl_23246,100,0.003246,NORMAL,0
bgl_2262,100,9.139705,ANOMALY,1
bgl_34842,100,0.000878,NORMAL,0
bgl_26438,100,0.00411,NORMAL,0
bgl_23717,100,0.003246,NORMAL,0
bgl_18119,100,0.003246,NORMAL,0
bgl_13620,100,0.000462,NORMAL,0
bgl_16148,100,0.003246,NORMAL,0
bgl_32993,100,0.004105,NORMAL,0
bgl_46979,100,0.010121,NORMAL,0
bgl_20107,100,0.003246,NORMAL,0
bgl_15454,100,0.000462,NORMAL,0
bgl_23019,100,0.003246,NORMAL,0
bgl_25449,100,0.003246,NORMAL,0
bgl_8193,100,0.003246,NORMAL,0
bgl_4251,100,0.113206,NORMAL,0
bgl_31851,100,0.002002,NORMAL,0
bgl_23239,100,0.003246,NORMAL,0
bgl_435,100,0.003246,NORMAL,0
bgl_3858,100,8.132814,ANOMALY,1
bgl_25057,100,0.003246,NORMAL,0
bgl_22527,100,0.003246,NORMAL,0
bgl_46101,100,0.000522,NORMAL,0
bgl_20492,100,0.003246,NORMAL,0
bgl_37836,100,0.002002,NORMAL,0
bgl_4238,100,0.003246,NORMAL,0
bgl_3262,100,9.139705,ANOMALY,1
bgl_44564,100,0.694457,NORMAL,0
bgl_40769,100,0.002002,NORMAL,0
bgl_27974,100,0.003246,NORMAL,0
bgl_40640,100,0.002002,NORMAL,0
bgl_31145,100,0.002002,NORMAL,0
bgl_7420,100,0.00297,NORMAL,0
bgl_42053,100,0.000609,NORMAL,0
bgl_25909,100,0.220565,NORMAL,0
bgl_12840,100,0.003246,NORMAL,0
bgl_43798,100,0.695965,NORMAL,0
bgl_32903,100,0.002002,NORMAL,0
bgl_13630,100,0.000462,NORMAL,0
bgl_22938,100,0.003246,NORMAL,0
bgl_46518,100,9.139705,ANOMALY,1
bgl_40934,100,0.002002,NORMAL,0
bgl_5685,100,0.402948,NORMAL,0
bgl_14121,100,0.003246,NORMAL,0
bgl_11316,100,0.003246,NORMAL,0
bgl_22087,100,0.003246,NORMAL,0
bgl_14667,100,0.003246,NORMAL,0
bgl_31952,100,0.002002,NORMAL,0
bgl_8420,100,0.130963,NORMAL,0
bgl_4776,100,0.267536,NORMAL,0
bgl_8618,100,0.003246,NORMAL,0
bgl_16422,100,0.003246,NORMAL,0
bgl_21697,100,0.003246,NORMAL,0
bgl_40992,100,0.002002,NORMAL,0
bgl_20224,100,0.003246,NORMAL,0
bgl_16751,100,0.003246,NORMAL,0
bgl_46429,100,9.139705,ANOMALY,1
bgl_34288,100,0.00237,NORMAL,0
bgl_30785,100,1.31396,UNCERTAIN,0
bgl_11485,100,0.000462,NORMAL,0
bgl_23229,100,0.003246,NORMAL,0
bgl_46909,100,0.010121,NORMAL,0
bgl_7628,100,0.002105,NORMAL,0
bgl_12296,100,0.003246,NORMAL,0
bgl_39994,100,0.002002,NORMAL,0
bgl_27828,100,0.003246,NORMAL,0
bgl_5358,100,0.356602,NORMAL,0
bgl_42742,100,0.001215,NORMAL,0
bgl_43056,100,1.35876,UNCERTAIN,0
bgl_20584,100,0.003246,NORMAL,0
bgl_38640,100,0.445771,NORMAL,0
bgl_34828,100,0.000878,NORMAL,0
bgl_32531,100,0.000462,NORMAL,0
bgl_36523,100,1.682006,UNCERTAIN,0
bgl_5380,100,0.181503,NORMAL,0
bgl_2133,100,0.653,NORMAL,0
bgl_2428,100,9.139705,ANOMALY,1
bgl_46082,100,0.000522,NORMAL,0
bgl_6203,100,0.401441,NORMAL,0
bgl_7225,100,0.384643,NORMAL,0
bgl_42370,100,0.502709,NORMAL,0
bgl_42670,100,8.970587,ANOMALY,1
bgl_3020,100,9.139705,ANOMALY,1
bgl_37101,100,0.002002,NORMAL,0
bgl_27850,100,0.003246,NORMAL,0
bgl_21228,100,0.003246,NORMAL,0
bgl_43937,100,0.679123,NORMAL,0
bgl_9867,100,0.003246,NORMAL,0
bgl_9938,100,0.003246,NORMAL,0
bgl_40145,100,0.002002,NORMAL,0
bgl_31666,100,0.002002,NORMAL,0
bgl_10461,100,0.033659,NORMAL,0
bgl_18829,100,0.003246,NORMAL,0
bgl_29695,100,0.344674,NORMAL,0
bgl_21797,100,0.003246,NORMAL,0
bgl_32490,100,0.000462,NORMAL,0
bgl_33128,100,0.000878,NORMAL,0
bgl_18028,100,0.003246,NORMAL,0
bgl_39410,100,0.00411,NORMAL,0
bgl_45717,100,1.272875,UNCERTAIN,0
bgl_11952,100,0.003246,NORMAL,0
bgl_16809,100,0.003246,NORMAL,0
bgl_1857,100,0.010121,NORMAL,0
bgl_9078,100,0.000462,NORMAL,0
bgl_34961,100,1.266066,UNCERTAIN,0
bgl_30988,100,1.722581,UNCERTAIN,1
bgl_30882,100,0.003616,NORMAL,0
bgl_29556,100,1.783928,UNCERTAIN,1
bgl_15984,100,0.003246,NORMAL,0
bgl_117,100,0.003246,NORMAL,0
bgl_13001,100,0.000462,NORMAL,0
bgl_34056,100,0.00237,NORMAL,0
bgl_20058,100,0.003246,NORMAL,0
bgl_13464,100,0.000462,NORMAL,0
bgl_41265,100,0.002002,NORMAL,0
bgl_36267,100,0.004105,NORMAL,0
bgl_24030,100,0.003246,NORMAL,0
bgl_41732,100,0.69307,NORMAL,0
bgl_45828,100,9.139705,ANOMALY,1
bgl_9203,100,0.000462,NORMAL,0
bgl_1875,100,0.003246,NORMAL,0
bgl_43614,100,0.68481,NORMAL,0
bgl_3385,100,9.139705,ANOMALY,1
bgl_31611,100,0.289936,NORMAL,0
bgl_29192,100,0.786688,NORMAL,0
bgl_15308,100,0.003246,NORMAL,0
bgl_15011,100,0.003246,NORMAL,0
bgl_1217,100,1.740632,UNCERTAIN,0
bgl_969,100,0.003246,NORMAL,0
bgl_43048,100,0.706631,NORMAL,0
bgl_60,100,0.000462,NORMAL,0
bgl_19005,100,0.003246,NORMAL,0
bgl_524,100,0.003246,NORMAL,0
bgl_14125,100,0.003246,NORMAL,0
bgl_382,100,0.003246,NORMAL,0
bgl_7882,100,0.010121,NORMAL,0
bgl_15541,100,0.003246,NORMAL,0
bgl_43139,100,0.705018,NORMAL,0
bgl_10677,100,0.181642,NORMAL,0
bgl_37476,100,0.002002,NORMAL,0
bgl_22504,100,0.003246,NORMAL,0
bgl_17891,100,0.003246,NORMAL,0
bgl_18007,100,0.003246,NORMAL,0
bgl_13731,100,0.000462,NORMAL,0
bgl_25250,100,0.003246,NORMAL,0
bgl_19726,100,0.003246,NORMAL,0
bgl_11183,100,0.003246,NORMAL,0
bgl_39267,100,0.002002,NORMAL,0
bgl_35294,100,1.075061,NORMAL,0
bgl_16499,100,0.003246,NORMAL,0
bgl_1983,100,0.003246,NORMAL,0
bgl_39588,100,0.343214,NORMAL,0
bgl_8900,100,0.000462,NORMAL,0
bgl_38957,100,0.002002,NORMAL,0
bgl_34238,100,0.00237,NORMAL,0
bgl_35110,100,3.947444,ANOMALY,1
bgl_40475,100,0.002002,NORMAL,0
bgl_35563,100,0.004105,NORMAL,0
bgl_33115,100,7.23894,ANOMALY,1
bgl_9313,100,0.000462,NORMAL,0
bgl_29414,100,0.00237,NORMAL,0
bgl_30991,100,2.119248,UNCERTAIN,1
bgl_41571,100,0.18835,NORMAL,0
bgl_27593,100,0.003246,NORMAL,0
bgl_3862,100,8.132814,ANOMALY,1
bgl_8669,100,0.003246,NORMAL,0
bgl_45756,100,0.702337,NORMAL,0
bgl_16774,100,0.003246,NORMAL,0
bgl_3694,100,9.139705,ANOMALY,1
bgl_15119,100,0.08542,NORMAL,0
bgl_41076,100,0.002002,NORMAL,0
bgl_34437,100,0.00237,NORMAL,0
bgl_8444,100,0.003246,NORMAL,0
bgl_44983,100,0.670339,NORMAL,0
bgl_34759,100,0.003616,NORMAL,0
bgl_8701,100,0.130165,NORMAL,0
bgl_31939,100,0.002002,NORMAL,0
bgl_13452,100,0.000462,NORMAL,0
bgl_22040,100,0.003246,NORMAL,0
bgl_32817,100,0.002002,NORMAL,0
bgl_43990,100,0.670281,NORMAL,0
bgl_27150,100,0.003246,NORMAL,0
bgl_12572,100,0.003246,NORMAL,0
bgl_23785,100,0.003246,NORMAL,0
bgl_24263,100,0.00411,NORMAL,0
bgl_37647,100,0.002002,NORMAL,0
bgl_17012,100,0.003246,NORMAL,0
bgl_5460,100,0.290831,NORMAL,0
bgl_42879,100,0.97938,NORMAL,0
bgl_27377,100,1.39986,UNCERTAIN,0
bgl_8439,100,0.003246,NORMAL,0
bgl_7758,100,0.003246,NORMAL,0
bgl_46348,100,0.618704,NORMAL,0
bgl_33414,100,1.208527,UNCERTAIN,1
bgl_44288,100,0.749587,NORMAL,0
bgl_38941,100,0.002002,NORMAL,0
bgl_11889,100,0.003246,NORMAL,0
bgl_17790,100,0.003246,NORMAL,0
bgl_1467,100,0.003246,NORMAL,0
bgl_5284,100,5.199036,ANOMALY,1
bgl_24629,100,0.00411,NORMAL,0
bgl_44254,100,0.700672,NORMAL,0
bgl_23544,100,0.003246,NORMAL,0
bgl_31582,100,0.31974,NORMAL,0
bgl_9315,100,0.000462,NORMAL,0
bgl_36586,100,9.139705,ANOMALY,1
bgl_39976,100,0.002002,NORMAL,0
bgl_18917,100,0.003246,NORMAL,0
bgl_9374,100,0.000462,NORMAL,0
bgl_41205,100,0.002002,NORMAL,0
bgl_31721,100,0.481374,NORMAL,0
bgl_6532,100,0.368551,NORMAL,0
bgl_35023,100,0.508501,NORMAL,0
bgl_41694,100,0.004105,NORMAL,0
bgl_760,100,0.1695,NORMAL,1
bgl_45572,100,0.682795,NORMAL,0
bgl_19894,100,0.003246,NORMAL,0
bgl_26790,100,0.00411,NORMAL,0
bgl_37406,100,0.002002,NORMAL,0
bgl_37021,100,0.002002,NORMAL,0
bgl_33292,100,7.511438,ANOMALY,1
bgl_15593,100,0.003246,NORMAL,0
bgl_41221,100,0.002002,NORMAL,0
bgl_47034,100,0.010121,NORMAL,0
bgl_2716,100,9.139705,ANOMALY,1
bgl_32209,100,0.000462,NORMAL,0
bgl_32010,100,0.482469,NORMAL,0
bgl_34706,100,0.003616,NORMAL,0
bgl_16382,100,0.003246,NORMAL,0
bgl_27168,100,0.003246,NORMAL,0
bgl_5379,100,0.246285,NORMAL,0
bgl_7271,100,0.359285,NORMAL,0
bgl_17259,100,0.003246,NORMAL,0
bgl_9899,100,0.003246,NORMAL,0
bgl_19309,100,0.003246,NORMAL,0
bgl_19210,100,0.003246,NORMAL,0
bgl_5829,100,0.326216,NORMAL,0
bgl_17963,100,0.003246,NORMAL,0
bgl_5720,100,0.305775,NORMAL,0
bgl_18288,100,0.003246,NORMAL,0
bgl_43897,100,0.684167,NORMAL,0
bgl_26875,100,0.003246,NORMAL,0
bgl_23858,100,0.003246,NORMAL,0
bgl_44697,100,0.688833,NORMAL,0
bgl_20580,100,0.003246,NORMAL,0
bgl_24006,100,0.003246,NORMAL,0
bgl_6498,100,0.246612,NORMAL,0
bgl_4368,100,8.132814,ANOMALY,1
bgl_260,100,0.003246,NORMAL,0
bgl_10109,100,0.003246,NORMAL,0
bgl_10533,100,0.013633,NORMAL,0
bgl_37813,100,0.002002,NORMAL,0
bgl_5612,100,0.2978,NORMAL,0
bgl_31232,100,0.002002,NORMAL,0
bgl_33569,100,0.003616,NORMAL,0
bgl_29841,100,0.640674,NORMAL,0
bgl_16607,100,0.003246,NORMAL,0
bgl_16778,100,0.003246,NORMAL,0
bgl_5336,100,0.223652,NORMAL,0
bgl_7808,100,0.010121,NORMAL,0
bgl_9489,100,0.000462,NORMAL,0
bgl_6087,100,0.345574,NORMAL,0
bgl_6230,100,0.455388,NORMAL,0
bgl_39381,100,0.002002,NORMAL,0
bgl_17789,100,0.003246,NORMAL,0
bgl_30184,100,0.000656,NORMAL,0
bgl_8309,100,0.010121,NORMAL,0
bgl_21533,100,0.003246,NORMAL,0
bgl_25097,100,0.003246,NORMAL,0
bgl_39240,100,0.002002,NORMAL,0
bgl_23996,100,0.003246,NORMAL,0
bgl_14451,100,0.003246,NORMAL,0
bgl_23449,100,0.003246,NORMAL,0
bgl_39863,100,0.002002,NORMAL,0
bgl_46962,100,0.010121,NORMAL,0
bgl_5664,100,0.333636,NORMAL,0
bgl_16146,100,0.003246,NORMAL,0
bgl_7538,100,0.00297,NORMAL,0
bgl_32810,100,0.002002,NORMAL,0
bgl_11885,100,0.003246,NORMAL,0
bgl_10842,100,0.033659,NORMAL,0
bgl_17375,100,0.003246,NORMAL,0
bgl_11836,100,0.003246,NORMAL,0
bgl_35794,100,1.565234,UNCERTAIN,1
bgl_15347,100,0.003246,NORMAL,0
bgl_13002,100,0.000462,NORMAL,0
bgl_41269,100,0.002002,NORMAL,0
bgl_31544,100,0.277819,NORMAL,0
bgl_14665,100,0.003246,NORMAL,0
bgl_22785,100,0.003246,NORMAL,0
bgl_24167,100,6.99916,ANOMALY,1
bgl_15642,100,0.003246,NORMAL,0
bgl_13968,100,0.003246,NORMAL,0
bgl_46395,100,0.00464,NORMAL,1
bgl_3351,100,9.139705,ANOMALY,1
bgl_36835,100,0.997817,NORMAL,0
bgl_8599,100,0.003246,NORMAL,0
bgl_12227,100,0.003246,NORMAL,0
bgl_26090,100,0.331548,NORMAL,0
bgl_43949,100,1.078565,NORMAL,0
bgl_5522,100,0.168046,NORMAL,0
bgl_1897,100,0.130963,NORMAL,0
bgl_26401,100,0.00411,NORMAL,0
bgl_30729,100,0.609764,NORMAL,0
bgl_11196,100,0.003246,NORMAL,0
bgl_24231,100,0.00411,NORMAL,0
bgl_13189,100,0.000462,NORMAL,0
bgl_38476,100,0.00411,NORMAL,0
bgl_12516,100,0.003246,NORMAL,0
bgl_38965,100,0.002002,NORMAL,0
bgl_783,100,0.003246,NORMAL,0
bgl_3539,100,9.139705,ANOMALY,1
bgl_42441,100,0.189421,NORMAL,0
bgl_21046,100,0.003246,NORMAL,0
bgl_44705,100,0.696727,NORMAL,0
bgl_13224,100,0.000462,NORMAL,0
bgl_20048,100,0.003246,NORMAL,0
bgl_43780,100,0.670587,NORMAL,0
bgl_1374,100,0.010121,NORMAL,0
bgl_24705,100,0.00411,NORMAL,0
bgl_2398,100,9.139705,ANOMALY,1
bgl_44253,100,0.692123,NORMAL,0
bgl_19981,100,9.139705,ANOMALY,1
bgl_6589,100,0.182871,NORMAL,0
bgl_34290,100,0.00237,NORMAL,0
bgl_11021,100,0.344071,NORMAL,0
bgl_23678,100,0.003246,NORMAL,0
bgl_23978,100,0.003246,NORMAL,0
bgl_26749,100,0.00411,NORMAL,0
bgl_21468,100,0.003246,NORMAL,0
bgl_4393,100,8.132814,ANOMALY,1
bgl_35789,100,0.003616,NORMAL,0
bgl_15933,100,0.003246,NORMAL,0
bgl_28810,100,0.003246,NORMAL,0
bgl_20695,100,0.003246,NORMAL,0
bgl_36583,100,9.139705,ANOMALY,1
bgl_39163,100,0.002002,NORMAL,0
bgl_11676,100,0.003246,NORMAL,0
bgl_37695,100,0.002002,NORMAL,0
bgl_40964,100,0.002002,NORMAL,0
bgl_11852,100,0.003246,NORMAL,0
bgl_41856,100,0.498425,NORMAL,0
bgl_43163,100,0.732186,NORMAL,0
bgl_31803,100,0.445036,NORMAL,0
bgl_10067,100,0.003246,NORMAL,0
bgl_21334,100,0.003246,NORMAL,0
bgl_21153,100,0.003246,NORMAL,0
bgl_16630,100,0.003246,NORMAL,0
bgl_20524,100,0.003246,NORMAL,0
bgl_24095,100,7.32845,ANOMALY,1
bgl_15019,100,0.003246,NORMAL,0
bgl_24413,100,0.00411,NORMAL,0
bgl_39742,100,0.002002,NORMAL,0
bgl_14972,100,0.003246,NORMAL,0
bgl_38841,100,0.738103,NORMAL,0
bgl_4163,100,0.003246,NORMAL,0
bgl_19415,100,0.003246,NORMAL,0
bgl_6484,100,0.660441,NORMAL,0
bgl_25885,100,0.00411,NORMAL,0
bgl_6890,100,0.143509,NORMAL,0
bgl_28564,100,0.003246,NORMAL,0
bgl_4192,100,0.003246,NORMAL,0
bgl_25993,100,0.249537,NORMAL,0
bgl_2673,100,9.139705,ANOMALY,1
bgl_39209,100,0.002002,NORMAL,0
bgl_34198,100,0.00237,NORMAL,0
bgl_12,100,0.010121,NORMAL,0
bgl_38629,100,0.156691,NORMAL,0
bgl_34927,100,0.975435,NORMAL,0
bgl_28584,100,0.003246,NORMAL,0
bgl_2511,100,9.139705,ANOMALY,1
bgl_21686,100,0.003246,NORMAL,0
bgl_4149,100,0.001405,NORMAL,0
bgl_32612,100,0.002002,NORMAL,0
bgl_24234,100,0.00411,NORMAL,0
bgl_20925,100,0.003246,NORMAL,0
bgl_21713,100,0.003246,NORMAL,0
bgl_4572,100,0.001405,NORMAL,0
bgl_25226,100,0.29047,NORMAL,0
bgl_2435,100,9.139705,ANOMALY,1
bgl_20081,100,0.003246,NORMAL,0
bgl_24480,100,0.00411,NORMAL,0
bgl_20049,100,0.003246,NORMAL,0
bgl_9227,100,0.107823,NORMAL,0
bgl_37514,100,0.00411,NORMAL,0
bgl_20840,100,0.003246,NORMAL,0
bgl_37235,100,0.002002,NORMAL,0
bgl_22640,100,0.003246,NORMAL,0
bgl_37252,100,0.002002,NORMAL,0
bgl_36990,100,0.002002,NORMAL,0
bgl_46914,100,0.010121,NORMAL,0
bgl_25509,100,0.003246,NORMAL,0
bgl_18350,100,0.529899,NORMAL,0
bgl_37014,100,0.002002,NORMAL,0
bgl_19458,100,0.003246,NORMAL,0
bgl_34667,100,0.003616,NORMAL,0
bgl_26644,100,0.00411,NORMAL,0
bgl_17369,100,0.003246,NORMAL,0
bgl_7390,100,7.331772,ANOMALY,1
bgl_34018,100,0.00237,NORMAL,0
bgl_21172,100,0.003246,NORMAL,0
bgl_20166,100,0.003246,NORMAL,0
bgl_9528,100,0.000462,NORMAL,0
bgl_36559,100,0.468493,NORMAL,0
bgl_19812,100,0.003246,NORMAL,0
bgl_759,100,0.17215,NORMAL,1
bgl_13754,100,0.000462,NORMAL,0
bgl_28378,100,0.003246,NORMAL,0
bgl_18650,100,0.109953,NORMAL,0
bgl_1515,100,3.425799,ANOMALY,0
bgl_28685,100,0.003246,NORMAL,0
bgl_23438,100,0.003246,NORMAL,0
bgl_46744,100,0.010121,NORMAL,0
bgl_45329,100,0.674517,NORMAL,0
bgl_42207,100,9.139705,ANOMALY,1
bgl_1675,100,0.003246,NORMAL,0
bgl_30281,100,0.000656,NORMAL,0
bgl_46366,100,0.386027,NORMAL,0
bgl_38860,100,0.00411,NORMAL,0
bgl_39571,100,0.002002,NORMAL,0
bgl_37988,100,0.002002,NORMAL,0
bgl_36538,100,2.470253,ANOMALY,0
bgl_46523,100,0.642506,NORMAL,0
bgl_31441,100,0.002002,NORMAL,0
bgl_46688,100,2.457687,ANOMALY,1
bgl_721,100,0.340755,NORMAL,1
bgl_32283,100,0.000462,NORMAL,0
bgl_18660,100,0.000462,NORMAL,0
bgl_23500,100,0.003246,NORMAL,0
bgl_24193,100,0.00411,NORMAL,0
bgl_526,100,0.003246,NORMAL,0
bgl_26128,100,0.00411,NORMAL,0
bgl_19417,100,0.003246,NORMAL,0
bgl_16111,100,0.003246,NORMAL,0
bgl_16769,100,0.003246,NORMAL,0
bgl_36800,100,0.189396,NORMAL,0
bgl_32722,100,0.002002,NORMAL,0
bgl_46777,100,0.010121,NORMAL,0
bgl_32517,100,0.000462,NORMAL,0
bgl_15408,100,0.000462,NORMAL,0
bgl_6882,100,0.235452,NORMAL,0
bgl_3859,100,8.132814,ANOMALY,1
bgl_37662,100,0.002002,NORMAL,0
bgl_43728,100,0.667391,NORMAL,0
bgl_38845,100,1.861391,UNCERTAIN,0
bgl_17352,100,0.003246,NORMAL,0
bgl_11802,100,0.003246,NORMAL,0
bgl_22744,100,0.003246,NORMAL,0
bgl_33540,100,1.074873,NORMAL,0
bgl_11387,100,0.000462,NORMAL,0
bgl_11237,100,0.003246,NORMAL,0
bgl_28016,100,0.003246,NORMAL,0
bgl_16979,100,0.003246,NORMAL,0
bgl_13711,100,0.000462,NORMAL,0
bgl_1449,100,0.003246,NORMAL,0
bgl_726,100,0.172151,NORMAL,1
bgl_15860,100,0.003246,NORMAL,0
bgl_21420,100,0.003246,NORMAL,0
bgl_38538,100,0.29016,NORMAL,0
bgl_44347,100,1.131224,NORMAL,0
bgl_7528,100,0.00297,NORMAL,0
bgl_6327,100,0.303075,NORMAL,0
bgl_12545,100,0.003246,NORMAL,0
bgl_3961,100,8.132814,ANOMALY,1
bgl_29814,100,1.439596,UNCERTAIN,1
bgl_17314,100,0.003246,NORMAL,0
bgl_18339,100,0.003246,NORMAL,0
bgl_41155,100,0.002002,NORMAL,0
bgl_26166,100,0.00411,NORMAL,0
bgl_12396,100,0.31821,NORMAL,0
bgl_12761,100,0.003246,NORMAL,0
bgl_1615,100,0.003246,NORMAL,0
bgl_23388,100,0.003246,NORMAL,0
bgl_6744,100,0.529423,NORMAL,0
bgl_4529,100,0.001405,NORMAL,0
bgl_21869,100,0.003246,NORMAL,0
bgl_18203,100,0.003246,NORMAL,0
bgl_2518,100,9.139705,ANOMALY,1
bgl_15658,100,0.003246,NORMAL,0
bgl_31974,100,0.002002,NORMAL,0
bgl_45598,100,9.139705,ANOMALY,1
bgl_5297,100,5.171272,ANOMALY,1
bgl_23263,100,0.003246,NORMAL,0
bgl_15133,100,1.331662,UNCERTAIN,0
bgl_32372,100,0.000462,NORMAL,0
bgl_1227,100,1.07749,NORMAL,0
bgl_31265,100,0.002002,NORMAL,0
bgl_41332,100,0.189396,NORMAL,0
bgl_13830,100,0.000462,NORMAL,0
bgl_32390,100,0.000462,NORMAL,0
bgl_42589,100,5.147274,ANOMALY,1
bgl_13078,100,0.000462,NORMAL,0
bgl_29516,100,0.095471,NORMAL,0
bgl_20407,100,0.000462,NORMAL,0
bgl_8199,100,0.003246,NORMAL,0
bgl_23880,100,0.003246,NORMAL,0
bgl_27331,100,0.003246,NORMAL,0
bgl_37003,100,0.002002,NORMAL,0
bgl_24614,100,0.00411,NORMAL,0
bgl_11644,100,0.003246,NORMAL,0
bgl_10285,100,0.055957,NORMAL,0
bgl_932,100,0.003246,NORMAL,0
bgl_34051,100,0.00237,NORMAL,0
bgl_21471,100,0.003246,NORMAL,0
bgl_20919,100,0.003246,NORMAL,0
bgl_19469,100,0.003246,NORMAL,0
bgl_29966,100,0.63728,NORMAL,0
bgl_10895,100,0.561497,NORMAL,0
bgl_25033,100,0.003246,NORMAL,0
bgl_4363,100,8.132814,ANOMALY,1
bgl_39205,100,0.002002,NORMAL,0
bgl_37928,100,0.002002,NORMAL,0
bgl_30216,100,0.000656,NORMAL,0
bgl_44939,100,0.688218,NORMAL,0
bgl_9732,100,0.003246,NORMAL,0
bgl_45136,100,0.718834,NORMAL,0
bgl_16452,100,0.003246,NORMAL,0
bgl_42435,100,0.001215,NORMAL,0
bgl_35779,100,0.003616,NORMAL,0
bgl_30132,100,0.576196,NORMAL,0
bgl_23933,100,0.003246,NORMAL,0
bgl_19166,100,0.003246,NORMAL,0
bgl_15954,100,0.003246,NORMAL,0
bgl_33449,100,0.928191,NORMAL,0
bgl_24930,100,0.003246,NORMAL,0
bgl_11746,100,0.003246,NORMAL,0
bgl_34649,100,0.00237,NORMAL,0
bgl_3280,100,9.139705,ANOMALY,1
bgl_6353,100,0.292222,NORMAL,0
bgl_42225,100,8.380056,ANOMALY,1
bgl_24587,100,0.00411,NORMAL,0
bgl_45971,100,0.000522,NORMAL,0
bgl_22028,100,0.003246,NORMAL,0
bgl_29994,100,0.789634,NORMAL,0
bgl_10409,100,0.013633,NORMAL,0
bgl_30317,100,0.000656,NORMAL,0
bgl_14528,100,0.003246,NORMAL,0
bgl_1093,100,0.003246,NORMAL,0
bgl_42909,100,0.660581,NORMAL,0
bgl_28644,100,0.092205,NORMAL,0
bgl_970,100,0.003246,NORMAL,0
bgl_41992,100,0.004105,NORMAL,0
bgl_33897,100,0.408734,NORMAL,1
bgl_29448,100,0.276523,NORMAL,0
bgl_22115,100,0.003246,NORMAL,0
bgl_28279,100,0.003246,NORMAL,0
bgl_28144,100,0.003246,NORMAL,0
bgl_24002,100,0.003246,NORMAL,0
bgl_25622,100,0.00411,NORMAL,0
bgl_18486,100,0.003246,NORMAL,0
bgl_43818,100,0.674986,NORMAL,0
bgl_13407,100,0.000462,NORMAL,0
bgl_18417,100,0.003246,NORMAL,0
bgl_19883,100,0.003246,NORMAL,0
bgl_40081,100,0.002002,NORMAL,0
bgl_35719,100,0.173927,NORMAL,0
bgl_22016,100,0.003246,NORMAL,0
bgl_45239,100,0.791861,NORMAL,0
bgl_6368,100,0.442016,NORMAL,0
bgl_42054,100,0.000609,NORMAL,0
bgl_38708,100,0.00411,NORMAL,0
bgl_19123,100,0.003246,NORMAL,0
bgl_10400,100,0.013633,NORMAL,0
bgl_19983,100,3.864396,ANOMALY,1
bgl_15783,100,1.209466,UNCERTAIN,0
bgl_7498,100,0.00345,NORMAL,0
bgl_45592,100,3.636491,ANOMALY,1
bgl_36764,100,0.862419,NORMAL,0
bgl_33606,100,1.43187,UNCERTAIN,0
bgl_31878,100,0.002002,NORMAL,0
bgl_25942,100,0.20301,NORMAL,0
bgl_18024,100,0.003246,NORMAL,0
bgl_37697,100,0.002002,NORMAL,0
bgl_1473,100,0.034337,NORMAL,0
bgl_22486,100,0.003246,NORMAL,0
bgl_46458,100,0.822418,NORMAL,0
bgl_17161,100,0.003246,NORMAL,0
bgl_31420,100,0.403349,NORMAL,0
bgl_32715,100,0.002002,NORMAL,0
bgl_44965,100,0.726331,NORMAL,0
bgl_1852,100,0.010121,NORMAL,0
bgl_14622,100,0.003246,NORMAL,0
bgl_13545,100,0.000462,NORMAL,0
bgl_6929,100,0.107569,NORMAL,0
bgl_737,100,0.322574,NORMAL,0
bgl_41033,100,0.002002,NORMAL,0
bgl_27883,100,0.003246,NORMAL,0
bgl_9236,100,0.000462,NORMAL,0
bgl_727,100,0.172151,NORMAL,1
bgl_14026,100,0.003246,NORMAL,0
bgl_27791,100,0.003246,NORMAL,0
bgl_45423,100,0.672181,NORMAL,0
bgl_7157,100,0.178882,NORMAL,0
bgl_40198,100,0.002002,NORMAL,0
bgl_26257,100,0.384988,NORMAL,0
bgl_27002,100,0.003246,NORMAL,0
bgl_28466,100,0.003246,NORMAL,0
bgl_23257,100,0.003246,NORMAL,0
bgl_17947,100,0.003246,NORMAL,0
bgl_19985,100,2.802799,ANOMALY,1
bgl_43567,100,0.681002,NORMAL,0
bgl_26965,100,0.003246,NORMAL,0
bgl_8784,100,0.003246,NORMAL,0
bgl_6746,100,0.701038,NORMAL,0
bgl_10046,100,0.003246,NORMAL,0
bgl_45058,100,0.669078,NORMAL,0
bgl_11448,100,0.000462,NORMAL,0
bgl_41484,100,0.002002,NORMAL,0
bgl_25066,100,0.003246,NORMAL,0
bgl_9525,100,0.000462,NORMAL,0
bgl_5705,100,0.347067,NORMAL,0
bgl_3844,100,8.132814,ANOMALY,1
bgl_12707,100,0.003246,NORMAL,0
bgl_34550,100,0.661789,NORMAL,0
bgl_17290,100,0.003246,NORMAL,0
bgl_26085,100,0.360856,NORMAL,0
bgl_34163,100,0.00237,NORMAL,0
bgl_36419,100,1.660569,UNCERTAIN,1
bgl_5316,100,0.331254,NORMAL,0
bgl_24738,100,0.00411,NORMAL,0
bgl_7257,100,0.199865,NORMAL,0
bgl_45862,100,0.904119,NORMAL,0
bgl_8712,100,0.68668,NORMAL,1
bgl_2967,100,9.139705,ANOMALY,1
bgl_17005,100,0.003246,NORMAL,0
bgl_8022,100,0.010121,NORMAL,0
bgl_3981,100,8.132814,ANOMALY,1
bgl_4670,100,0.001405,NORMAL,0
bgl_42734,100,0.001215,NORMAL,0
bgl_7796,100,0.010121,NORMAL,0
bgl_47091,100,1.048487,NORMAL,0
bgl_24145,100,0.291776,NORMAL,0
bgl_36149,100,0.00175,NORMAL,0
bgl_30233,100,0.000656,NORMAL,0
bgl_14921,100,0.003246,NORMAL,0
bgl_14545,100,0.003246,NORMAL,0
bgl_37374,100,0.002002,NORMAL,0
bgl_29390,100,0.00237,NORMAL,0
bgl_24768,100,0.00411,NORMAL,0
bgl_10827,100,0.007853,NORMAL,0
bgl_29036,100,0.003246,NORMAL,0
bgl_39720,100,0.002002,NORMAL,0
bgl_30172,100,0.000656,NORMAL,0
bgl_29335,100,0.496002,NORMAL,0
bgl_23630,100,0.003246,NORMAL,0
bgl_20280,100,0.000462,NORMAL,0
bgl_4486,100,0.001405,NORMAL,0
bgl_12976,100,0.000462,NORMAL,0
bgl_746,100,1.47828,UNCERTAIN,0
bgl_10292,100,0.055957,NORMAL,0
bgl_8558,100,0.003246,NORMAL,0
bgl_43615,100,0.680137,NORMAL,0
bgl_12608,100,0.003246,NORMAL,0
bgl_11003,100,0.410389,NORMAL,0
bgl_41391,100,0.130963,NORMAL,0
bgl_9641,100,0.003246,NORMAL,0
bgl_16321,100,0.003246,NORMAL,0
bgl_34702,100,0.003616,NORMAL,0
bgl_2350,100,9.139705,ANOMALY,1
bgl_21413,100,0.003246,NORMAL,0
bgl_12855,100,0.003246,NORMAL,0
bgl_23241,100,0.003246,NORMAL,0
bgl_12540,100,0.003246,NORMAL,0
bgl_23217,100,0.003246,NORMAL,0
bgl_30950,100,0.004105,NORMAL,0
bgl_38215,100,0.002002,NORMAL,0
bgl_1002,100,0.003246,NORMAL,0
bgl_4977,100,8.132814,ANOMALY,1
bgl_34964,100,3.042137,ANOMALY,0
bgl_37746,100,0.002002,NORMAL,0
bgl_21831,100,0.003246,NORMAL,0
bgl_26392,100,0.00411,NORMAL,0
bgl_46756,100,0.010121,NORMAL,0
bgl_25358,100,0.003246,NORMAL,0
bgl_9542,100,0.000462,NORMAL,0
bgl_18991,100,0.003246,NORMAL,0
bgl_24438,100,0.00411,NORMAL,0
bgl_15452,100,0.000462,NORMAL,0
bgl_20232,100,1.345957,UNCERTAIN,0
bgl_32843,100,0.002002,NORMAL,0
bgl_18456,100,0.003246,NORMAL,0
bgl_5404,100,0.312697,NORMAL,0
bgl_8262,100,9.139705,ANOMALY,1
bgl_32764,100,0.002002,NORMAL,0
bgl_44008,100,0.673496,NORMAL,0
bgl_31709,100,0.521046,NORMAL,0
bgl_17188,100,0.003246,NORMAL,0
bgl_33076,100,8.118787,ANOMALY,1
bgl_45954,100,0.000522,NORMAL,0
bgl_43212,100,0.7012,NORMAL,0
bgl_25675,100,0.00411,NORMAL,0
bgl_35079,100,0.954259,NORMAL,0
bgl_12751,100,0.003246,NORMAL,0
bgl_38405,100,0.002002,NORMAL,0
bgl_15818,100,9.139705,ANOMALY,1
bgl_33259,100,4.660794,ANOMALY,1
bgl_23961,100,0.003246,NORMAL,0
bgl_26598,100,0.00411,NORMAL,0
bgl_28416,100,0.003246,NORMAL,0
bgl_24527,100,0.00411,NORMAL,0
bgl_42163,100,0.000609,NORMAL,0
bgl_19000,100,0.003246,NORMAL,0
bgl_23194,100,0.003246,NORMAL,0
bgl_7733,100,0.003246,NORMAL,0
bgl_26015,100,0.489271,NORMAL,0
bgl_19408,100,0.003246,NORMAL,0
bgl_27163,100,0.003246,NORMAL,0
bgl_35507,100,1.397785,UNCERTAIN,0
bgl_365,100,0.003246,NORMAL,0
bgl_4344,100,8.132814,ANOMALY,1
bgl_44220,100,0.682015,NORMAL,0
bgl_12004,100,0.003246,NORMAL,0
bgl_33724,100,9.139705,ANOMALY,1
bgl_35194,100,0.116185,NORMAL,0
bgl_10318,100,0.083362,NORMAL,0
bgl_25101,100,0.003246,NORMAL,0
bgl_31047,100,8.388402,ANOMALY,1
bgl_13501,100,0.000462,NORMAL,0
bgl_23137,100,0.010121,NORMAL,0
bgl_28645,100,0.003246,NORMAL,0
bgl_14588,100,0.003246,NORMAL,0
bgl_1755,100,0.003246,NORMAL,0
bgl_25774,100,0.00411,NORMAL,0
bgl_7685,100,0.013571,NORMAL,0
bgl_5028,100,5.176606,ANOMALY,1
bgl_26678,100,0.00411,NORMAL,0
bgl_19130,100,0.003246,NORMAL,0
bgl_30673,100,0.004105,NORMAL,0
bgl_45562,100,0.682795,NORMAL,0
bgl_16672,100,0.003246,NORMAL,0
bgl_9111,100,0.000462,NORMAL,0
bgl_38066,100,0.002002,NORMAL,0
bgl_35769,100,0.002495,NORMAL,0
bgl_741,100,0.185515,NORMAL,0
bgl_13090,100,0.000462,NORMAL,0
bgl_3875,100,8.132814,ANOMALY,1
bgl_36943,100,0.003616,NORMAL,0
bgl_20104,100,0.003246,NORMAL,0
bgl_31230,100,0.002002,NORMAL,0
bgl_9752,100,0.003246,NORMAL,0
bgl_41908,100,0.001215,NORMAL,0
bgl_40185,100,0.002002,NORMAL,0
bgl_33698,100,9.139705,ANOMALY,1
bgl_27507,100,0.003246,NORMAL,0
bgl_6478,100,0.326559,NORMAL,0
bgl_18589,100,0.003246,NORMAL,0
bgl_41496,100,0.002002,NORMAL,0
bgl_28866,100,0.003246,NORMAL,0
bgl_1781,100,0.003246,NORMAL,0
bgl_46897,100,0.010121,NORMAL,0
bgl_46832,100,0.010121,NORMAL,0
bgl_14397,100,0.003246,NORMAL,0
bgl_35825,100,0.130963,NORMAL,0
bgl_27412,100,0.003246,NORMAL,0
bgl_5015,100,4.822652,ANOMALY,1
bgl_46409,100,9.139705,ANOMALY,1
bgl_2224,100,0.003246,NORMAL,0
bgl_45070,100,0.665342,NORMAL,0
bgl_17849,100,0.003246,NORMAL,0
bgl_23527,100,0.003246,NORMAL,0
bgl_160,100,9.139705,ANOMALY,1
bgl_7233,100,0.280308,NORMAL,0
bgl_2373,100,9.139705,ANOMALY,1
bgl_5892,100,0.233172,NORMAL,0
bgl_3561,100,9.139705,ANOMALY,1
bgl_19818,100,0.003246,NORMAL,0
bgl_25061,100,0.003246,NORMAL,0
bgl_2450,100,9.139705,ANOMALY,1
bgl_18972,100,0.003246,NORMAL,0
bgl_38898,100,0.002002,NORMAL,0
bgl_45181,100,0.666896,NORMAL,0
bgl_45556,100,1.218837,UNCERTAIN,1
bgl_24528,100,0.00411,NORMAL,0
bgl_42630,100,6.738522,ANOMALY,1
bgl_39067,100,0.002002,NORMAL,0
bgl_10357,100,0.00316,NORMAL,0
bgl_35782,100,0.003616,NORMAL,0
bgl_37546,100,0.517404,NORMAL,0
bgl_30755,100,2.637342,ANOMALY,1
bgl_31227,100,0.002002,NORMAL,0
bgl_45746,100,0.715354,NORMAL,0
bgl_16851,100,0.003246,NORMAL,0
bgl_34164,100,0.00237,NORMAL,0
bgl_16676,100,0.003246,NORMAL,0
bgl_26767,100,0.00411,NORMAL,0
bgl_42919,100,0.708363,NORMAL,0
bgl_34699,100,0.003616,NORMAL,0
bgl_22879,100,0.003246,NORMAL,0
bgl_33248,100,0.000878,NORMAL,0
bgl_12571,100,0.003246,NORMAL,0
bgl_9445,100,0.000462,NORMAL,0
bgl_6129,100,0.271556,NORMAL,0
bgl_21871,100,0.003246,NORMAL,0
bgl_10524,100,0.013685,NORMAL,0
bgl_27239,100,0.003246,NORMAL,0
bgl_35790,100,0.003616,NORMAL,0
bgl_42648,100,0.78358,NORMAL,1
bgl_45853,100,1.47804,UNCERTAIN,0
bgl_13324,100,0.000462,NORMAL,0
bgl_35169,100,3.483043,ANOMALY,1
bgl_22008,100,0.003246,NORMAL,0
bgl_29786,100,0.587757,NORMAL,0
bgl_29891,100,0.021526,NORMAL,0
bgl_25507,100,0.003246,NORMAL,0
bgl_22300,100,0.005524,NORMAL,0
bgl_23855,100,0.003246,NORMAL,0
bgl_37358,100,0.002002,NORMAL,0
bgl_29500,100,0.00237,NORMAL,0
bgl_2403,100,9.139705,ANOMALY,1
bgl_11911,100,0.003246,NORMAL,0
bgl_10750,100,0.005054,NORMAL,0
bgl_45578,100,1.120017,NORMAL,1
bgl_38875,100,0.002002,NORMAL,0
bgl_5580,100,0.427017,NORMAL,0
bgl_32113,100,0.000462,NORMAL,0
bgl_28848,100,0.003246,NORMAL,0
bgl_26872,100,1.196365,NORMAL,0
bgl_6805,100,0.19065,NORMAL,0
bgl_8021,100,0.010121,NORMAL,0
bgl_13448,100,0.000462,NORMAL,0
bgl_23508,100,0.003246,NORMAL,0
bgl_35666,100,9.139705,ANOMALY,1
bgl_17403,100,0.003246,NORMAL,0
bgl_28171,100,0.003246,NORMAL,0
bgl_28846,100,0.003246,NORMAL,0
bgl_4891,100,8.132814,ANOMALY,1
bgl_7202,100,0.199543,NORMAL,0
bgl_12374,100,0.130963,NORMAL,0
bgl_31515,100,0.000462,NORMAL,0
bgl_39378,100,0.002002,NORMAL,0
bgl_4026,100,0.001405,NORMAL,0
bgl_26930,100,0.003246,NORMAL,0
bgl_10852,100,0.009935,NORMAL,0
bgl_31680,100,0.002002,NORMAL,0
bgl_26137,100,0.00411,NORMAL,0
bgl_46078,100,0.000522,NORMAL,0
bgl_20226,100,0.003246,NORMAL,0
bgl_34776,100,0.003616,NORMAL,0
bgl_22922,100,0.003246,NORMAL,0
bgl_31806,100,0.431844,NORMAL,0
bgl_34461,100,0.00237,NORMAL,0
bgl_12263,100,0.003246,NORMAL,0
bgl_36490,100,0.003616,NORMAL,0
bgl_1586,100,0.003246,NORMAL,0
bgl_43322,100,0.657527,NORMAL,0
bgl_40996,100,0.002002,NORMAL,0
bgl_45353,100,0.678547,NORMAL,0
bgl_8851,100,0.158773,NORMAL,0
bgl_18797,100,0.003246,NORMAL,0
bgl_28882,100,0.003246,NORMAL,0
bgl_23285,100,0.003246,NORMAL,0
bgl_39179,100,0.002002,NORMAL,0
bgl_36880,100,0.087355,NORMAL,0
bgl_28351,100,0.003246,NORMAL,0
bgl_16513,100,0.003246,NORMAL,0
bgl_28686,100,0.003246,NORMAL,0
bgl_28636,100,0.003246,NORMAL,0
bgl_38974,100,0.002002,NORMAL,0
bgl_14578,100,0.003246,NORMAL,0
bgl_13099,100,0.000462,NORMAL,0
bgl_2194,100,0.003246,NORMAL,0
bgl_46146,100,0.908607,NORMAL,0
bgl_31583,100,0.320211,NORMAL,0
bgl_22953,100,0.003246,NORMAL,0
bgl_7720,100,0.013571,NORMAL,0
bgl_43618,100,0.68548,NORMAL,0
bgl_26091,100,0.243245,NORMAL,0
bgl_218,100,0.341055,NORMAL,1
bgl_2361,100,9.139705,ANOMALY,1
bgl_25463,100,0.003246,NORMAL,0
bgl_17237,100,0.003246,NORMAL,0
bgl_17122,100,0.003246,NORMAL,0
bgl_25285,100,0.003246,NORMAL,0
bgl_43746,100,0.67094,NORMAL,0
bgl_21132,100,0.003246,NORMAL,0
bgl_16596,100,0.003246,NORMAL,0
bgl_16008,100,0.003246,NORMAL,0
bgl_27176,100,0.003246,NORMAL,0
bgl_43842,100,0.681891,NORMAL,0
bgl_14905,100,0.003246,NORMAL,0
bgl_23321,100,0.003246,NORMAL,0
bgl_6571,100,0.204941,NORMAL,0
bgl_9392,100,0.000462,NORMAL,0
bgl_16682,100,0.003246,NORMAL,0
bgl_15778,100,1.137181,NORMAL,0
bgl_15729,100,0.003246,NORMAL,0
bgl_25239,100,0.003246,NORMAL,0
bgl_9670,100,0.003246,NORMAL,0
bgl_21404,100,0.003246,NORMAL,0
bgl_6957,100,0.479748,NORMAL,0
bgl_24116,100,0.003246,NORMAL,0
bgl_37774,100,0.002002,NORMAL,0
bgl_42469,100,0.001215,NORMAL,0
bgl_24472,100,0.00411,NORMAL,0
bgl_13008,100,0.000462,NORMAL,0
bgl_42854,100,0.000878,NORMAL,0
bgl_45947,100,0.000522,NORMAL,0
bgl_29250,100,0.518237,NORMAL,0
bgl_40892,100,9.139705,ANOMALY,1
bgl_4811,100,0.005054,NORMAL,0
bgl_38483,100,0.00411,NORMAL,0
bgl_25281,100,0.003246,NORMAL,0
bgl_14621,100,0.003246,NORMAL,0
bgl_2040,100,0.111372,NORMAL,0
bgl_29000,100,0.003246,NORMAL,0
bgl_18544,100,0.003246,NORMAL,0
bgl_38968,100,0.002002,NORMAL,0
bgl_38704,100,0.00411,NORMAL,0
bgl_16456,100,0.003246,NORMAL,0
bgl_36631,100,1.068139,NORMAL,0
bgl_12861,100,0.003246,NORMAL,0
bgl_17946,100,0.003246,NORMAL,0
bgl_7329,100,0.704218,NORMAL,0
bgl_43260,100,0.715447,NORMAL,0
bgl_38006,100,0.002002,NORMAL,0
bgl_17926,100,0.003246,NORMAL,0
bgl_22375,100,0.003246,NORMAL,0
bgl_19430,100,0.003246,NORMAL,0
bgl_5181,100,0.00316,NORMAL,0
bgl_45571,100,0.682795,NORMAL,0
bgl_16906,100,0.003246,NORMAL,0
bgl_12843,100,0.003246,NORMAL,0
bgl_40201,100,0.864329,NORMAL,0
bgl_45260,100,0.682906,NORMAL,0
bgl_13960,100,0.003246,NORMAL,0
bgl_43762,100,0.658201,NORMAL,0
bgl_38874,100,0.002002,NORMAL,0
bgl_31091,100,9.139705,ANOMALY,1
bgl_2632,100,9.139705,ANOMALY,1
bgl_21467,100,0.003246,NORMAL,0
bgl_45751,100,0.731381,NORMAL,0
bgl_40608,100,0.002002,NORMAL,0
bgl_6259,100,0.27883,NORMAL,0
bgl_34784,100,0.003616,NORMAL,0
bgl_29508,100,0.00237,NORMAL,0
bgl_6420,100,0.394611,NORMAL,0
bgl_22855,100,0.003246,NORMAL,0
bgl_23712,100,0.003246,NORMAL,0
bgl_1968,100,0.003246,NORMAL,0
bgl_22572,100,0.003246,NORMAL,0
bgl_42582,100,0.827115,NORMAL,0
bgl_36128,100,0.00175,NORMAL,0
bgl_37638,100,0.002002,NORMAL,0
bgl_13583,100,0.000462,NORMAL,0
bgl_24402,100,0.00411,NORMAL,0
bgl_22363,100,0.003246,NORMAL,0
bgl_16156,100,0.003246,NORMAL,0
bgl_32351,100,0.000462,NORMAL,0
bgl_34106,100,0.639853,NORMAL,0
bgl_30413,100,0.000878,NORMAL,0
bgl_23586,100,0.003246,NORMAL,0
bgl_32838,100,0.002002,NORMAL,0
bgl_20401,100,0.000462,NORMAL,0
bgl_198,100,0.172151,NORMAL,1
bgl_15829,100,0.003246,NORMAL,0
bgl_32133,100,0.000462,NORMAL,0
bgl_30663,100,0.004105,NORMAL,0
bgl_13536,100,0.000462,NORMAL,0
bgl_6588,100,0.252932,NORMAL,0
bgl_19160,100,0.003246,NORMAL,0
bgl_16022,100,0.003246,NORMAL,0
bgl_23657,100,0.003246,NORMAL,0
bgl_30914,100,0.004105,NORMAL,0
bgl_3373,100,9.139705,ANOMALY,1
bgl_10431,100,0.013633,NORMAL,0
bgl_22224,100,0.003246,NORMAL,0
bgl_7192,100,0.24431,NORMAL,0
bgl_37048,100,0.865497,NORMAL,0
bgl_41873,100,0.791195,NORMAL,0
bgl_15398,100,0.000462,NORMAL,0
bgl_29058,100,0.003246,NORMAL,0
bgl_25669,100,0.00411,NORMAL,0
bgl_27861,100,3.141562,ANOMALY,1
bgl_29605,100,0.340764,NORMAL,0
bgl_14515,100,0.003246,NORMAL,0
bgl_42485,100,9.139705,ANOMALY,1
bgl_34159,100,0.00237,NORMAL,0
bgl_31470,100,0.002002,NORMAL,0
bgl_25195,100,0.00411,NORMAL,0
bgl_18749,100,0.003246,NORMAL,0
bgl_45804,100,0.567938,NORMAL,0
bgl_32788,100,0.002002,NORMAL,0
bgl_38415,100,0.002002,NORMAL,0
bgl_43167,100,0.683365,NORMAL,0
bgl_38631,100,0.128705,NORMAL,0
bgl_44924,100,0.703136,NORMAL,0
bgl_30157,100,0.003616,NORMAL,0
bgl_37837,100,0.002002,NORMAL,0
bgl_2668,100,9.139705,ANOMALY,1
bgl_16949,100,0.003246,NORMAL,0
bgl_9915,100,0.096062,NORMAL,0
bgl_45821,100,4.908133,ANOMALY,1
bgl_37281,100,0.002002,NORMAL,0
bgl_38335,100,0.002002,NORMAL,0
bgl_10689,100,0.083362,NORMAL,0
bgl_4712,100,0.008797,NORMAL,0
bgl_4312,100,8.132814,ANOMALY,1
bgl_6895,100,0.352368,NORMAL,0
bgl_33845,100,0.185694,NORMAL,0
bgl_6267,100,0.304223,NORMAL,0
bgl_16646,100,0.003246,NORMAL,0
bgl_30071,100,1.537606,UNCERTAIN,0
bgl_1915,100,0.003246,NORMAL,0
bgl_25096,100,0.003246,NORMAL,0
bgl_24775,100,0.00411,NORMAL,0
bgl_36728,100,0.43576,NORMAL,0
bgl_9341,100,0.000462,NORMAL,0
bgl_14875,100,0.003246,NORMAL,0
bgl_31596,100,0.353305,NORMAL,0
bgl_24126,100,9.139705,ANOMALY,1
bgl_25494,100,0.003246,NORMAL,0
bgl_39753,100,0.002002,NORMAL,0
bgl_24565,100,0.00411,NORMAL,0
bgl_17147,100,0.003246,NORMAL,0
bgl_42806,100,0.84144,NORMAL,0
bgl_31630,100,0.272691,NORMAL,0
bgl_37849,100,0.002002,NORMAL,0
bgl_36196,100,0.521714,NORMAL,0
bgl_35755,100,1.711302,UNCERTAIN,1
bgl_17388,100,0.003246,NORMAL,0
bgl_8260,100,4.141876,ANOMALY,1
bgl_16115,100,0.111372,NORMAL,0
bgl_20839,100,0.003246,NORMAL,0
bgl_11946,100,0.003246,NORMAL,0
bgl_25603,100,0.00411,NORMAL,0
bgl_15030,100,0.003246,NORMAL,0
bgl_7063,100,0.142344,NORMAL,0
bgl_14533,100,0.003246,NORMAL,0
bgl_12214,100,0.003246,NORMAL,0
bgl_32443,100,0.000462,NORMAL,0
bgl_9709,100,0.003246,NORMAL,0
bgl_12371,100,0.130963,NORMAL,0
bgl_5382,100,0.333927,NORMAL,0
bgl_44187,100,0.682795,NORMAL,0
bgl_4787,100,0.005054,NORMAL,0
bgl_42289,100,0.946833,NORMAL,0
bgl_653,100,0.003246,NORMAL,0
bgl_22668,100,0.003246,NORMAL,0
bgl_18726,100,0.513217,NORMAL,0
bgl_8798,100,0.003246,NORMAL,0
bgl_46659,100,0.003616,NORMAL,0
bgl_45434,100,0.672071,NORMAL,0
bgl_2179,100,0.003246,NORMAL,0
bgl_18400,100,0.003246,NORMAL,0
bgl_26776,100,0.00411,NORMAL,0
bgl_10521,100,0.013685,NORMAL,0
bgl_43439,100,0.69345,NORMAL,0
bgl_15601,100,0.003246,NORMAL,0
bgl_44547,100,0.69121,NORMAL,0
bgl_42660,100,5.367484,ANOMALY,1
bgl_43129,100,0.682617,NORMAL,0
bgl_8822,100,0.003246,NORMAL,0
bgl_38456,100,0.002002,NORMAL,0
bgl_43267,100,0.673721,NORMAL,0
bgl_33135,100,0.16667,NORMAL,0
bgl_30238,100,0.000656,NORMAL,0
bgl_35689,100,2.907084,ANOMALY,1
bgl_21851,100,0.003246,NORMAL,0
bgl_19182,100,0.003246,NORMAL,0
bgl_9238,100,0.000462,NORMAL,0
bgl_9039,100,0.000462,NORMAL,0
bgl_32653,100,0.002002,NORMAL,0
bgl_29785,100,0.89829,NORMAL,0
bgl_20842,100,0.003246,NORMAL,0
bgl_45547,100,1.829357,UNCERTAIN,1
bgl_29790,100,9.139705,ANOMALY,1
bgl_4025,100,0.001405,NORMAL,0
bgl_13865,100,0.003246,NORMAL,0
bgl_8770,100,0.003246,NORMAL,0
bgl_11386,100,0.000462,NORMAL,0
bgl_2288,100,9.139705,ANOMALY,1
bgl_42422,100,0.001215,NORMAL,0
bgl_39070,100,0.002002,NORMAL,0
bgl_44708,100,0.69895,NORMAL,0
bgl_33043,100,1.645558,UNCERTAIN,1
bgl_29590,100,0.083659,NORMAL,0
bgl_34541,100,0.00237,NORMAL,0
bgl_28615,100,0.003246,NORMAL,0
bgl_23871,100,0.880074,NORMAL,0
bgl_925,100,0.003246,NORMAL,0
bgl_38346,100,0.252849,NORMAL,0
bgl_8139,100,0.003246,NORMAL,0
bgl_1392,100,0.010121,NORMAL,0
bgl_12920,100,0.003246,NORMAL,0
bgl_19930,100,0.003246,NORMAL,0
bgl_34269,100,0.00237,NORMAL,0
bgl_14481,100,0.003246,NORMAL,0
bgl_45565,100,0.682795,NORMAL,0
bgl_37117,100,0.002002,NORMAL,0
bgl_4691,100,0.001405,NORMAL,0
bgl_16867,100,0.003246,NORMAL,0
bgl_21875,100,0.003246,NORMAL,0
bgl_3809,100,9.139705,ANOMALY,1
bgl_28412,100,0.003246,NORMAL,0
bgl_34750,100,0.003616,NORMAL,0
bgl_31967,100,0.002002,NORMAL,0
bgl_1635,100,1.676647,UNCERTAIN,0
bgl_7987,100,0.003246,NORMAL,0
bgl_46361,100,0.791991,NORMAL,0
bgl_28658,100,0.003246,NORMAL,0
bgl_39218,100,0.002002,NORMAL,0
bgl_44050,100,0.686952,NORMAL,0
bgl_38751,100,0.00411,NORMAL,0
bgl_20806,100,0.003246,NORMAL,0
bgl_34766,100,0.003616,NORMAL,0
bgl_35445,100,0.002495,NORMAL,0
bgl_33222,100,0.507701,NORMAL,0
bgl_10709,100,0.083362,NORMAL,0
bgl_12689,100,0.003246,NORMAL,0
bgl_6399,100,0.238493,NORMAL,0
bgl_22850,100,0.003246,NORMAL,0
bgl_27058,100,0.003246,NORMAL,0
bgl_33969,100,0.00237,NORMAL,0
bgl_8162,100,0.559024,NORMAL,0
bgl_15782,100,1.054119,NORMAL,0
bgl_32211,100,0.002002,NORMAL,0
bgl_46887,100,0.010121,NORMAL,0
bgl_890,100,0.003246,NORMAL,0
bgl_17986,100,0.003246,NORMAL,0
bgl_45606,100,9.139705,ANOMALY,1
bgl_28729,100,0.003246,NORMAL,0
bgl_26733,100,0.00411,NORMAL,0
bgl_16,100,0.010121,NORMAL,0
bgl_6625,100,0.299915,NORMAL,0
bgl_37329,100,0.002002,NORMAL,0
bgl_5941,100,0.309313,NORMAL,0
bgl_23220,100,0.003246,NORMAL,0
bgl_11042,100,0.269344,NORMAL,0
bgl_14048,100,0.003246,NORMAL,0
bgl_36656,100,0.835362,NORMAL,0
bgl_7896,100,0.010121,NORMAL,0
bgl_31941,100,0.002002,NORMAL,0
bgl_31382,100,0.002002,NORMAL,0
bgl_39941,100,0.002002,NORMAL,0
bgl_9532,100,0.000462,NORMAL,0
bgl_32670,100,0.002002,NORMAL,0
bgl_36195,100,1.421705,UNCERTAIN,0
bgl_19055,100,0.003246,NORMAL,0
bgl_21343,100,0.003246,NORMAL,0
bgl_10949,100,0.18314,NORMAL,0
bgl_28993,100,0.003246,NORMAL,0
bgl_24568,100,0.00411,NORMAL,0
bgl_42933,100,0.780663,NORMAL,0
bgl_11070,100,0.385065,NORMAL,0
bgl_14754,100,0.003246,NORMAL,0
bgl_29059,100,0.003246,NORMAL,0
bgl_22033,100,0.003246,NORMAL,0
bgl_1433,100,0.003246,NORMAL,0
bgl_33319,100,9.139705,ANOMALY,1
bgl_25501,100,0.003246,NORMAL,0
bgl_39041,100,0.00411,NORMAL,0
bgl_9067,100,0.00464,NORMAL,0
bgl_8469,100,0.003246,NORMAL,0
bgl_32078,100,0.000462,NORMAL,0
bgl_39747,100,0.002002,NORMAL,0
bgl_21102,100,0.003246,NORMAL,0
bgl_17272,100,0.003246,NORMAL,0
bgl_37341,100,0.002002,NORMAL,0
bgl_41723,100,0.732751,NORMAL,0
bgl_7889,100,0.010121,NORMAL,0
bgl_12928,100,0.000462,NORMAL,0
bgl_36906,100,1.339929,UNCERTAIN,1
bgl_47072,100,0.010121,NORMAL,0
bgl_22302,100,0.005524,NORMAL,0
bgl_2203,100,0.003246,NORMAL,0
bgl_1709,100,0.003246,NORMAL,0
bgl_43534,100,0.66629,NORMAL,0
bgl_38007,100,0.002002,NORMAL,0
bgl_36269,100,0.004105,NORMAL,0
bgl_46318,100,0.002495,NORMAL,0
bgl_17061,100,0.003246,NORMAL,0
bgl_40984,100,0.002002,NORMAL,0
bgl_41790,100,9.139705,ANOMALY,1
bgl_19682,100,0.003246,NORMAL,0
bgl_30020,100,1.421403,UNCERTAIN,0
bgl_42681,100,4.718356,ANOMALY,0
bgl_30197,100,0.000656,NORMAL,0
bgl_5692,100,0.23096,NORMAL,0
bgl_38630,100,0.380905,NORMAL,0
bgl_24647,100,0.00411,NORMAL,0
bgl_27878,100,0.003246,NORMAL,0
bgl_34623,100,0.73717,NORMAL,0
bgl_18655,100,0.000462,NORMAL,0
bgl_31576,100,0.340978,NORMAL,0
bgl_41098,100,0.002002,NORMAL,0
bgl_38990,100,0.002002,NORMAL,0
bgl_28027,100,0.003246,NORMAL,0
bgl_24758,100,0.00411,NORMAL,0
bgl_47071,100,0.010121,NORMAL,0
bgl_46251,100,0.575371,NORMAL,0
bgl_492,100,0.003246,NORMAL,0
bgl_138,100,0.003246,NORMAL,0
bgl_44952,100,0.668407,NORMAL,0
bgl_16298,100,0.003246,NORMAL,0
bgl_33551,100,1.426603,UNCERTAIN,1
bgl_14538,100,0.003246,NORMAL,0
bgl_11961,100,0.003246,NORMAL,0
bgl_13872,100,0.003246,NORMAL,0
bgl_2471,100,9.139705,ANOMALY,1
bgl_38817,100,0.00411,NORMAL,0
bgl_11435,100,0.000462,NORMAL,0
bgl_9113,100,0.000462,NORMAL,0
bgl_28435,100,0.003246,NORMAL,0
bgl_33123,100,0.126783,NORMAL,0
bgl_33760,100,0.810763,NORMAL,0
bgl_7789,100,0.010121,NORMAL,0
bgl_11253,100,0.003246,NORMAL,0
bgl_2926,100,9.139705,ANOMALY,1
bgl_20077,100,0.003246,NORMAL,0
bgl_38767,100,0.00411,NORMAL,0
bgl_1950,100,0.003246,NORMAL,0
bgl_41717,100,0.984292,NORMAL,0
bgl_43923,100,0.667391,NORMAL,0
bgl_37011,100,0.002002,NORMAL,0
bgl_40896,100,8.731494,ANOMALY,1
bgl_36541,100,1.663565,UNCERTAIN,1
bgl_15606,100,0.003246,NORMAL,0
bgl_12614,100,0.003246,NORMAL,0
bgl_5203,100,0.005054,NORMAL,0
bgl_9440,100,0.000462,NORMAL,0
bgl_4224,100,0.003246,NORMAL,0
bgl_36587,100,9.139705,ANOMALY,1
bgl_41477,100,0.002002,NORMAL,0
bgl_42545,100,0.09658,NORMAL,0
bgl_11792,100,0.003246,NORMAL,0
bgl_27612,100,0.003246,NORMAL,0
bgl_39820,100,0.002002,NORMAL,0
bgl_22102,100,0.003246,NORMAL,0
bgl_44804,100,0.671166,NORMAL,0
bgl_29628,100,0.303339,NORMAL,0
bgl_31676,100,0.002002,NORMAL,0
bgl_8616,100,0.003246,NORMAL,0
bgl_22989,100,0.003246,NORMAL,0
bgl_3344,100,9.139705,ANOMALY,1
bgl_3522,100,9.139705,ANOMALY,1
bgl_21984,100,0.003246,NORMAL,0
bgl_28732,100,0.003246,NORMAL,0
bgl_20935,100,0.003246,NORMAL,0
bgl_28278,100,0.003246,NORMAL,0
bgl_28872,100,0.003246,NORMAL,0
bgl_17876,100,0.003246,NORMAL,0
bgl_38891,100,0.002002,NORMAL,0
bgl_9446,100,0.000462,NORMAL,0
bgl_45835,100,9.139705,ANOMALY,1
bgl_23107,100,0.003246,NORMAL,0
bgl_22703,100,0.003246,NORMAL,0
bgl_10163,100,0.003246,NORMAL,0
bgl_9704,100,0.003246,NORMAL,0
bgl_15189,100,0.003246,NORMAL,0
bgl_26170,100,0.579194,NORMAL,0
bgl_30443,100,1.225703,UNCERTAIN,1
bgl_37879,100,0.572622,NORMAL,0
bgl_17289,100,0.003246,NORMAL,0
bgl_23568,100,0.003246,NORMAL,0
bgl_29332,100,0.81294,NORMAL,0
bgl_230,100,0.497998,NORMAL,1
bgl_7668,100,0.001709,NORMAL,0
bgl_45323,100,0.67043,NORMAL,0
bgl_33639,100,0.126198,NORMAL,0
bgl_33160,100,0.000878,NORMAL,0
bgl_26121,100,0.00411,NORMAL,0
bgl_33393,100,9.139705,ANOMALY,1
bgl_21603,100,0.003246,NORMAL,0
bgl_28299,100,0.003246,NORMAL,0
bgl_15673,100,0.003246,NORMAL,0
bgl_8968,100,0.000462,NORMAL,0
bgl_7355,100,0.26803,NORMAL,0
bgl_21388,100,0.003246,NORMAL,0
bgl_9900,100,0.003246,NORMAL,0
bgl_29836,100,0.33104,NORMAL,0
bgl_31738,100,0.512204,NORMAL,0
bgl_46734,100,0.004105,NORMAL,0
bgl_7331,100,0.209833,NORMAL,0
bgl_217,100,0.403114,NORMAL,1
bgl_41834,100,4.98345,ANOMALY,1
bgl_40531,100,0.002002,NORMAL,0
bgl_21469,100,0.003246,NORMAL,0
bgl_24078,100,0.003246,NORMAL,0
bgl_22709,100,0.003246,NORMAL,0
bgl_19760,100,0.003246,NORMAL,0
bgl_7557,100,0.00297,NORMAL,0
bgl_834,100,0.171682,NORMAL,1
bgl_5901,100,0.318951,NORMAL,0
bgl_43412,100,0.675671,NORMAL,0
bgl_19800,100,0.003246,NORMAL,0
bgl_19677,100,0.003246,NORMAL,0
bgl_13513,100,0.000462,NORMAL,0
bgl_42338,100,0.001215,NORMAL,0
bgl_31820,100,0.440433,NORMAL,0
bgl_18836,100,0.003246,NORMAL,0
bgl_33565,100,0.003616,NORMAL,0
bgl_30078,100,2.662475,ANOMALY,1
bgl_42150,100,0.000609,NORMAL,0
bgl_37349,100,0.002002,NORMAL,0
bgl_22060,100,0.003246,NORMAL,0
bgl_19721,100,0.003246,NORMAL,0
bgl_45455,100,0.69189,NORMAL,0
bgl_38296,100,0.002002,NORMAL,0
bgl_44349,100,1.197506,NORMAL,0
bgl_7415,100,0.00297,NORMAL,0
bgl_28591,100,0.003246,NORMAL,0
bgl_19328,100,0.003246,NORMAL,0
bgl_41316,100,0.002002,NORMAL,0
bgl_15478,100,0.000462,NORMAL,0
bgl_2491,100,9.139705,ANOMALY,1
bgl_11640,100,0.003246,NORMAL,0
bgl_12788,100,0.003246,NORMAL,0
bgl_4099,100,0.001405,NORMAL,0
bgl_34498,100,0.00237,NORMAL,0
bgl_42859,100,0.000878,NORMAL,0
bgl_32069,100,0.000462,NORMAL,0
bgl_4399,100,8.132814,ANOMALY,1
bgl_8827,100,0.003246,NORMAL,0
bgl_24473,100,0.00411,NORMAL,0
bgl_35541,100,0.985074,NORMAL,0
bgl_15396,100,0.000462,NORMAL,0
bgl_32985,100,0.004105,NORMAL,0
bgl_23471,100,0.003246,NORMAL,0
bgl_1026,100,0.003246,NORMAL,0
bgl_25137,100,0.386184,NORMAL,0
bgl_26346,100,0.00411,NORMAL,0
bgl_43456,100,0.708317,NORMAL,0
bgl_32981,100,0.004105,NORMAL,0
bgl_35223,100,0.566109,NORMAL,0
bgl_33362,100,8.706513,ANOMALY,1
bgl_33935,100,0.00237,NORMAL,0
bgl_13400,100,0.000462,NORMAL,0
bgl_29620,100,0.302327,NORMAL,0
bgl_30850,100,3.885214,ANOMALY,1
bgl_38587,100,0.00411,NORMAL,0
bgl_30642,100,1.3624,UNCERTAIN,0
bgl_18403,100,0.003246,NORMAL,0
bgl_26389,100,0.00411,NORMAL,0
bgl_36383,100,2.516792,ANOMALY,1
bgl_12677,100,0.003246,NORMAL,0
bgl_6225,100,0.270574,NORMAL,0
bgl_39056,100,0.002002,NORMAL,0
bgl_39389,100,0.002002,NORMAL,0
bgl_27509,100,0.003246,NORMAL,0
bgl_46237,100,0.002495,NORMAL,0
bgl_29282,100,0.381388,NORMAL,0
bgl_13222,100,0.000462,NORMAL,0
bgl_1512,100,2.816415,ANOMALY,0
bgl_21849,100,0.003246,NORMAL,0
bgl_35157,100,9.139705,ANOMALY,1
bgl_28786,100,0.003246,NORMAL,0
bgl_30898,100,0.004105,NORMAL,0
bgl_14086,100,0.003246,NORMAL,0
bgl_24538,100,0.00411,NORMAL,0
bgl_2349,100,9.139705,ANOMALY,1
bgl_16175,100,0.003246,NORMAL,0
bgl_2099,100,0.003246,NORMAL,0
bgl_29938,100,0.406797,NORMAL,0
bgl_40217,100,0.130963,NORMAL,0
bgl_26171,100,0.482055,NORMAL,0
bgl_13757,100,0.000462,NORMAL,0
bgl_4087,100,0.001405,NORMAL,0
bgl_11699,100,0.003246,NORMAL,0
bgl_29066,100,0.003246,NORMAL,0
bgl_27105,100,0.003246,NORMAL,0
bgl_44567,100,0.680645,NORMAL,0
bgl_32327,100,0.000462,NORMAL,0
bgl_38555,100,0.242873,NORMAL,0
bgl_22000,100,0.003246,NORMAL,0
bgl_21872,100,0.003246,NORMAL,0
bgl_40059,100,0.002002,NORMAL,0
bgl_36964,100,0.375127,NORMAL,0
bgl_25271,100,0.003246,NORMAL,0
bgl_23023,100,0.003246,NORMAL,0
bgl_26224,100,0.616048,NORMAL,0
bgl_18681,100,0.000462,NORMAL,0
bgl_33147,100,0.000878,NORMAL,0
bgl_40853,100,0.002002,NORMAL,0
bgl_7239,100,0.181268,NORMAL,0
bgl_31493,100,0.000462,NORMAL,0
bgl_41163,100,0.002002,NORMAL,0
bgl_24411,100,0.00411,NORMAL,0
bgl_39832,100,0.002002,NORMAL,0
bgl_410,100,0.003246,NORMAL,0
bgl_42673,100,0.621562,NORMAL,0
bgl_28104,100,0.003246,NORMAL,0
bgl_3284,100,9.139705,ANOMALY,1
bgl_36002,100,2.320961,ANOMALY,1
bgl_32920,100,0.002002,NORMAL,0
bgl_20936,100,0.003246,NORMAL,0
bgl_43164,100,0.70977,NORMAL,0
bgl_44856,100,0.682836,NORMAL,0
bgl_10582,100,0.013633,NORMAL,0
bgl_22321,100,0.003246,NORMAL,0
bgl_30232,100,0.000656,NORMAL,0
bgl_23007,100,0.003246,NORMAL,0
bgl_25038,100,0.003246,NORMAL,0
bgl_33820,100,0.596647,NORMAL,0
bgl_42685,100,5.303328,ANOMALY,1
bgl_25391,100,0.003246,NORMAL,0
bgl_23463,100,0.003246,NORMAL,0
bgl_34736,100,0.003616,NORMAL,0
bgl_25262,100,0.003246,NORMAL,0
bgl_42773,100,9.417424,ANOMALY,1
bgl_1444,100,0.003246,NORMAL,0
bgl_38745,100,0.00411,NORMAL,0
bgl_30388,100,9.139705,ANOMALY,1
bgl_26220,100,0.327686,NORMAL,0
bgl_41137,100,0.002002,NORMAL,0
bgl_16700,100,0.003246,NORMAL,0
bgl_33603,100,9.139705,ANOMALY,1
bgl_2264,100,9.139705,ANOMALY,1
bgl_36409,100,0.002495,NORMAL,0
bgl_942,100,0.003246,NORMAL,0
bgl_26671,100,0.00411,NORMAL,0
bgl_12405,100,0.130963,NORMAL,0
bgl_26704,100,0.00411,NORMAL,0
bgl_36585,100,9.139705,ANOMALY,1
bgl_482,100,0.003246,NORMAL,0
bgl_23118,100,0.094167,NORMAL,0
bgl_19787,100,0.003246,NORMAL,0
bgl_6527,100,0.288728,NORMAL,0
bgl_45805,100,0.661745,NORMAL,0
bgl_3472,100,9.139705,ANOMALY,1
bgl_44154,100,0.667533,NORMAL,0
bgl_28528,100,0.096309,NORMAL,0
bgl_1813,100,0.003246,NORMAL,0
bgl_24628,100,0.00411,NORMAL,0
bgl_29953,100,0.839591,NORMAL,0
bgl_5642,100,0.266463,NORMAL,0
bgl_4420,100,8.132814,ANOMALY,1
bgl_16962,100,0.003246,NORMAL,0
bgl_20636,100,0.003246,NORMAL,0
bgl_7979,100,0.003246,NORMAL,0
bgl_43896,100,0.682387,NORMAL,0
bgl_39443,100,0.002002,NORMAL,0
bgl_22181,100,0.003246,NORMAL,0
bgl_24590,100,0.00411,NORMAL,0
bgl_39830,100,0.00411,NORMAL,0
bgl_2463,100,9.139705,ANOMALY,1
bgl_36263,100,0.004105,NORMAL,0
bgl_34814,100,0.000878,NORMAL,0
bgl_34533,100,0.653067,NORMAL,0
bgl_33678,100,2.573189,ANOMALY,1
bgl_15548,100,0.003246,NORMAL,0
bgl_16698,100,0.003246,NORMAL,0
bgl_20848,100,0.003246,NORMAL,0
bgl_31575,100,0.372144,NORMAL,0
bgl_1653,100,0.133255,NORMAL,0
bgl_26641,100,0.00411,NORMAL,0
bgl_34277,100,0.00237,NORMAL,0
bgl_12530,100,0.003246,NORMAL,0
bgl_31749,100,0.371607,NORMAL,0
bgl_28487,100,0.003246,NORMAL,0
bgl_6192,100,0.263741,NORMAL,0
bgl_36019,100,0.003616,NORMAL,0
bgl_26218,100,0.599083,NORMAL,0
bgl_14832,100,0.003246,NORMAL,0
bgl_29857,100,1.053352,NORMAL,0
bgl_5510,100,0.348574,NORMAL,0
bgl_23971,100,0.003246,NORMAL,0
bgl_24482,100,0.00411,NORMAL,0
bgl_22488,100,0.003246,NORMAL,0
bgl_105,100,0.003246,NORMAL,0
bgl_18896,100,0.003246,NORMAL,0
bgl_44898,100,0.688052,NORMAL,0
bgl_22970,100,0.003246,NORMAL,0
bgl_490,100,0.003246,NORMAL,0
bgl_9041,100,0.000462,NORMAL,0
bgl_28003,100,0.003246,NORMAL,0
bgl_25385,100,0.003246,NORMAL,0
bgl_14206,100,0.003246,NORMAL,0
bgl_6325,100,0.181649,NORMAL,0
bgl_1404,100,0.003246,NORMAL,0
bgl_45045,100,0.682429,NORMAL,0
bgl_37132,100,0.002002,NORMAL,0
bgl_39919,100,0.117176,NORMAL,0
bgl_38702,100,0.00411,NORMAL,0
bgl_3619,100,9.139705,ANOMALY,1
bgl_25328,100,0.003246,NORMAL,0
bgl_33072,100,9.139705,ANOMALY,1
bgl_37443,100,0.002002,NORMAL,0
bgl_38157,100,0.002002,NORMAL,0
bgl_43841,100,0.675306,NORMAL,0
bgl_1937,100,1.499392,UNCERTAIN,0
bgl_27092,100,0.003246,NORMAL,0
bgl_37905,100,0.002002,NORMAL,0
bgl_27948,100,0.003246,NORMAL,0
bgl_33122,100,0.126783,NORMAL,0
bgl_46133,100,0.000522,NORMAL,0
bgl_38601,100,0.421675,NORMAL,0
bgl_2687,100,9.139705,ANOMALY,1
bgl_8989,100,0.000462,NORMAL,0
bgl_28791,100,0.003246,NORMAL,0
bgl_4431,100,8.132814,ANOMALY,1
bgl_18111,100,0.003246,NORMAL,0
bgl_27443,100,0.003246,NORMAL,0
bgl_36088,100,0.00175,NORMAL,0
bgl_41639,100,9.139705,ANOMALY,1
bgl_16784,100,0.003246,NORMAL,0
bgl_1650,100,0.003246,NORMAL,0
bgl_30150,100,0.003616,NORMAL,0
bgl_36551,100,5.305322,ANOMALY,1
bgl_36922,100,0.002495,NORMAL,0
bgl_2364,100,9.139705,ANOMALY,1
bgl_45640,100,0.750588,NORMAL,0
bgl_43226,100,0.684938,NORMAL,0
bgl_29986,100,9.139705,ANOMALY,1
bgl_25278,100,0.003246,NORMAL,0
bgl_31538,100,0.228824,NORMAL,0
bgl_16872,100,0.003246,NORMAL,0
bgl_46627,100,9.139705,ANOMALY,1
bgl_28458,100,0.003246,NORMAL,0
bgl_39933,100,0.002002,NORMAL,0
bgl_18367,100,0.003246,NORMAL,0
bgl_39060,100,0.002002,NORMAL,0
bgl_16674,100,0.003246,NORMAL,0
bgl_23102,100,0.003246,NORMAL,0
bgl_34366,100,0.00237,NORMAL,0
bgl_24838,100,0.00411,NORMAL,0
bgl_16032,100,0.003246,NORMAL,0
bgl_5420,100,0.377459,NORMAL,0
bgl_9146,100,0.000462,NORMAL,0
bgl_26662,100,0.00411,NORMAL,0
bgl_21585,100,0.003246,NORMAL,0
bgl_42409,100,4.906336,ANOMALY,1
bgl_37392,100,0.002002,NORMAL,0
bgl_8158,100,0.003246,NORMAL,0
bgl_25506,100,0.003246,NORMAL,0
bgl_38829,100,0.00411,NORMAL,0
bgl_27404,100,0.003246,NORMAL,0
bgl_40452,100,0.002002,NORMAL,0
bgl_20538,100,0.003246,NORMAL,0
bgl_11392,100,0.000462,NORMAL,0
bgl_3628,100,9.139705,ANOMALY,1
bgl_39494,100,0.002002,NORMAL,0
bgl_5623,100,0.141628,NORMAL,0
bgl_5114,100,5.37645,ANOMALY,1
bgl_34443,100,0.00237,NORMAL,0
bgl_32188,100,0.000462,NORMAL,0
bgl_41490,100,0.002002,NORMAL,0
bgl_30276,100,0.000656,NORMAL,0
bgl_31269,100,0.002002,NORMAL,0
bgl_4844,100,0.013633,NORMAL,0
bgl_40066,100,0.093966,NORMAL,0
bgl_10503,100,0.009935,NORMAL,0
bgl_4194,100,0.003246,NORMAL,0
bgl_42050,100,0.000609,NORMAL,0
bgl_14199,100,0.003246,NORMAL,0
bgl_40658,100,0.002002,NORMAL,0
bgl_42570,100,1.058879,NORMAL,1
bgl_10883,100,0.009935,NORMAL,0
bgl_37380,100,0.002002,NORMAL,0
bgl_23748,100,0.003246,NORMAL,0
bgl_40311,100,0.280594,NORMAL,0
bgl_14676,100,0.003246,NORMAL,0
bgl_47017,100,0.010121,NORMAL,0
bgl_40997,100,0.297144,NORMAL,0
bgl_45970,100,0.000522,NORMAL,0
bgl_30680,100,4.894817,ANOMALY,1
bgl_31978,100,0.739494,NORMAL,0
bgl_38709,100,0.00411,NORMAL,0
bgl_6062,100,0.261968,NORMAL,0
bgl_40342,100,0.00411,NORMAL,0
bgl_39498,100,0.00411,NORMAL,0
bgl_2045,100,0.277638,NORMAL,0
bgl_24138,100,0.093229,NORMAL,0
bgl_46955,100,0.010121,NORMAL,0
bgl_21327,100,0.003246,NORMAL,0
bgl_40656,100,0.002002,NORMAL,0
bgl_37545,100,0.574061,NORMAL,0
bgl_17089,100,0.003246,NORMAL,0
bgl_28496,100,0.003246,NORMAL,0
bgl_44860,100,0.670811,NORMAL,0
bgl_7457,100,0.003073,NORMAL,0
bgl_26827,100,0.00411,NORMAL,0
bgl_12993,100,0.000462,NORMAL,0
bgl_44834,100,0.884504,NORMAL,0
bgl_12438,100,0.003246,NORMAL,0
bgl_25197,100,0.00411,NORMAL,0
bgl_39539,100,0.002002,NORMAL,0
bgl_15560,100,0.003246,NORMAL,0
bgl_23708,100,0.003246,NORMAL,0
bgl_40341,100,0.00411,NORMAL,0
bgl_15337,100,0.003246,NORMAL,0
bgl_46654,100,0.24441,NORMAL,0
bgl_26433,100,0.00411,NORMAL,0
bgl_93,100,0.000462,NORMAL,0
bgl_24283,100,0.00411,NORMAL,0
bgl_10370,100,0.005054,NORMAL,0
bgl_20934,100,0.003246,NORMAL,0
bgl_38168,100,0.002002,NORMAL,0
bgl_26246,100,0.435866,NORMAL,0
bgl_45780,100,0.972035,NORMAL,0
bgl_29034,100,0.003246,NORMAL,0
bgl_2565,100,9.139705,ANOMALY,1
bgl_30947,100,0.004105,NORMAL,0
bgl_33579,100,0.003616,NORMAL,0
bgl_16681,100,0.003246,NORMAL,0
bgl_16648,100,0.003246,NORMAL,0
bgl_10080,100,0.003246,NORMAL,0
bgl_722,100,0.003246,NORMAL,0
bgl_26188,100,0.650202,NORMAL,0
bgl_15050,100,0.003246,NORMAL,0
bgl_4859,100,8.132814,ANOMALY,1
bgl_20489,100,0.003246,NORMAL,0
bgl_29832,100,0.542493,NORMAL,0
bgl_1125,100,0.003246,NORMAL,0
bgl_24513,100,0.00411,NORMAL,0
bgl_18346,100,0.003246,NORMAL,0
bgl_33118,100,3.395468,ANOMALY,1
bgl_44438,100,0.66616,NORMAL,0
bgl_46691,100,4.007427,ANOMALY,1
bgl_15738,100,0.003246,NORMAL,0
bgl_37785,100,0.002002,NORMAL,0
bgl_37444,100,0.002002,NORMAL,0
bgl_560,100,0.003246,NORMAL,0
bgl_3241,100,9.139705,ANOMALY,1
bgl_13043,100,0.137902,NORMAL,0
bgl_10362,100,0.005054,NORMAL,0
bgl_2408,100,9.139705,ANOMALY,1
bgl_46252,100,0.536091,NORMAL,0
bgl_31601,100,0.427565,NORMAL,0
bgl_29612,100,0.584011,NORMAL,0
bgl_19407,100,0.003246,NORMAL,0
bgl_13824,100,0.000462,NORMAL,0
bgl_10937,100,0.003246,NORMAL,0
bgl_11115,100,0.003246,NORMAL,0
bgl_37914,100,0.002002,NORMAL,0
bgl_6177,100,0.267949,NORMAL,0
bgl_33477,100,0.130963,NORMAL,0
bgl_15273,100,0.003246,NORMAL,0
bgl_40888,100,9.139705,ANOMALY,1
bgl_13437,100,0.000462,NORMAL,0
bgl_25583,100,0.00411,NORMAL,0
bgl_12167,100,0.003246,NORMAL,0
bgl_9916,100,0.003246,NORMAL,0
bgl_23402,100,0.003246,NORMAL,0
bgl_28400,100,0.003246,NORMAL,0
bgl_7388,100,7.367811,ANOMALY,1
bgl_14031,100,0.003246,NORMAL,0
bgl_37074,100,0.700925,NORMAL,0
bgl_26513,100,0.00411,NORMAL,0
bgl_46588,100,0.003795,NORMAL,0
bgl_8478,100,0.003246,NORMAL,0
bgl_25584,100,0.00411,NORMAL,0
bgl_5381,100,0.226567,NORMAL,0
bgl_3380,100,9.139705,ANOMALY,1
bgl_14104,100,0.003246,NORMAL,0
bgl_34756,100,0.003616,NORMAL,0
bgl_25500,100,0.003246,NORMAL,0
bgl_8436,100,0.003246,NORMAL,0
bgl_11501,100,0.000462,NORMAL,0
bgl_30329,100,0.000656,NORMAL,0
bgl_20132,100,0.003246,NORMAL,0
bgl_19105,100,0.003246,NORMAL,0
bgl_46019,100,0.000522,NORMAL,0
bgl_32358,100,0.000462,NORMAL,0
bgl_22729,100,0.003246,NORMAL,0
bgl_14156,100,0.003246,NORMAL,0
bgl_26735,100,0.00411,NORMAL,0
bgl_10541,100,0.013633,NORMAL,0
bgl_24173,100,3.540933,ANOMALY,1
bgl_36258,100,0.004105,NORMAL,0
bgl_29185,100,0.851175,NORMAL,0
bgl_28373,100,0.003246,NORMAL,0
bgl_19147,100,0.003246,NORMAL,0
bgl_39967,100,0.00411,NORMAL,0
bgl_3013,100,9.139705,ANOMALY,1
bgl_32776,100,0.002002,NORMAL,0
bgl_42497,100,0.001215,NORMAL,0
bgl_21292,100,0.003246,NORMAL,0
bgl_8561,100,0.003246,NORMAL,0
bgl_27085,100,0.003246,NORMAL,0
bgl_12931,100,0.000462,NORMAL,0
bgl_28195,100,0.003246,NORMAL,0
bgl_26918,100,0.003246,NORMAL,0
bgl_28708,100,0.003246,NORMAL,0
bgl_16294,100,0.003246,NORMAL,0
bgl_37681,100,0.002002,NORMAL,0
bgl_37794,100,0.002002,NORMAL,0
bgl_44752,100,0.733396,NORMAL,0
bgl_41940,100,0.537523,NORMAL,0
bgl_29371,100,0.00237,NORMAL,0
bgl_14139,100,0.003246,NORMAL,0
bgl_41813,100,0.55127,NORMAL,0
bgl_17577,100,0.003246,NORMAL,0
bgl_14459,100,0.003246,NORMAL,0
bgl_20797,100,0.003246,NORMAL,0
bgl_43802,100,0.683306,NORMAL,0
bgl_10640,100,0.077924,NORMAL,0
bgl_662,100,0.17215,NORMAL,1
bgl_39333,100,0.002002,NORMAL,0
bgl_19247,100,0.003246,NORMAL,0
bgl_23419,100,0.003246,NORMAL,0
bgl_37570,100,0.002002,NORMAL,0
bgl_15158,100,0.003246,NORMAL,0
bgl_23915,100,0.003246,NORMAL,0
bgl_36898,100,0.002495,NORMAL,0
bgl_29544,100,0.00237,NORMAL,0
bgl_4444,100,8.132814,ANOMALY,1
bgl_4936,100,8.132814,ANOMALY,1
bgl_29900,100,0.021526,NORMAL,0
bgl_42117,100,0.000609,NORMAL,0
bgl_10195,100,0.003246,NORMAL,0
bgl_39011,100,0.002002,NORMAL,0
bgl_11630,100,0.003246,NORMAL,0
bgl_26002,100,0.467788,NORMAL,0
bgl_19509,100,0.003246,NORMAL,0
bgl_1077,100,0.003246,NORMAL,0
bgl_44286,100,0.69046,NORMAL,0
bgl_24954,100,0.003246,NORMAL,0
bgl_19900,100,0.003246,NORMAL,0
bgl_30396,100,2.63664,ANOMALY,1
bgl_37427,100,0.002002,NORMAL,0
bgl_29495,100,0.168408,NORMAL,0
bgl_360,100,0.003246,NORMAL,0
bgl_9903,100,0.003246,NORMAL,0
bgl_3987,100,8.132814,ANOMALY,1
bgl_45529,100,0.682795,NORMAL,0
bgl_38549,100,0.296331,NORMAL,0
bgl_26702,100,0.00411,NORMAL,0
bgl_5410,100,0.246581,NORMAL,0
bgl_36972,100,0.002002,NORMAL,0
bgl_28670,100,0.003246,NORMAL,0
bgl_34315,100,0.00237,NORMAL,0
bgl_2817,100,9.139705,ANOMALY,1
bgl_38089,100,0.202836,NORMAL,0
bgl_9803,100,0.003246,NORMAL,0
bgl_15140,100,2.249783,ANOMALY,1
bgl_30160,100,0.003616,NORMAL,0
bgl_13725,100,0.000462,NORMAL,0
bgl_1827,100,0.003246,NORMAL,0
bgl_27594,100,0.003246,NORMAL,0
bgl_1627,100,0.003246,NORMAL,0
bgl_13094,100,0.003246,NORMAL,0
bgl_42127,100,0.000609,NORMAL,0
bgl_27847,100,0.003246,NORMAL,0
bgl_33416,100,0.004105,NORMAL,0
bgl_45827,100,9.021835,ANOMALY,1
bgl_37275,100,0.002002,NORMAL,0
bgl_26414,100,0.00411,NORMAL,0
bgl_41091,100,0.00411,NORMAL,0
bgl_858,100,0.003246,NORMAL,0
bgl_13474,100,0.000462,NORMAL,0
bgl_11937,100,0.003246,NORMAL,0
bgl_18936,100,0.003246,NORMAL,0
bgl_7605,100,0.002105,NORMAL,0
bgl_7558,100,0.00297,NORMAL,0
bgl_4309,100,8.132814,ANOMALY,1
bgl_37155,100,0.650605,NORMAL,0
bgl_17969,100,0.003246,NORMAL,0
bgl_24853,100,0.003246,NORMAL,0
bgl_32396,100,0.000462,NORMAL,0
bgl_44491,100,0.911753,NORMAL,0
bgl_4277,100,0.003246,NORMAL,0
bgl_18904,100,0.003246,NORMAL,0
bgl_39664,100,0.002002,NORMAL,0
bgl_39929,100,0.002002,NORMAL,0
bgl_22689,100,0.003246,NORMAL,0
bgl_6950,100,0.300029,NORMAL,0
bgl_26183,100,0.505792,NORMAL,0
bgl_33249,100,0.000878,NORMAL,0
bgl_13436,100,0.000462,NORMAL,0
bgl_35945,100,0.224967,NORMAL,0
bgl_31153,100,0.002002,NORMAL,0
bgl_13391,100,0.000462,NORMAL,0
bgl_44156,100,0.669564,NORMAL,0
bgl_30124,100,0.401629,NORMAL,0
bgl_9498,100,0.000462,NORMAL,0
bgl_43555,100,0.666892,NORMAL,0
bgl_30552,100,9.139705,ANOMALY,1
bgl_34962,100,3.027508,ANOMALY,1
bgl_1681,100,0.003246,NORMAL,0
bgl_28998,100,0.003246,NORMAL,0
bgl_44945,100,0.937987,NORMAL,0
bgl_11473,100,0.000462,NORMAL,0
bgl_40833,100,0.002002,NORMAL,0
bgl_27853,100,0.003246,NORMAL,0
bgl_19436,100,0.003246,NORMAL,0
bgl_19628,100,0.003246,NORMAL,0
bgl_15210,100,0.003246,NORMAL,0
bgl_8119,100,8.014892,ANOMALY,1
bgl_13502,100,0.000462,NORMAL,0
bgl_28036,100,0.003246,NORMAL,0
bgl_8586,100,0.003246,NORMAL,0
bgl_9416,100,0.000462,NORMAL,0
bgl_12526,100,0.003246,NORMAL,0
bgl_33924,100,0.00237,NORMAL,0
bgl_28251,100,0.003246,NORMAL,0
bgl_31672,100,0.002002,NORMAL,0
bgl_1180,100,0.003246,NORMAL,0
bgl_38983,100,0.002002,NORMAL,0
bgl_13848,100,0.763724,NORMAL,0
bgl_40686,100,0.002002,NORMAL,0
bgl_12693,100,0.003246,NORMAL,0
bgl_3960,100,8.132814,ANOMALY,1
bgl_28787,100,0.003246,NORMAL,0
bgl_37902,100,0.650273,NORMAL,0
bgl_24001,100,0.003246,NORMAL,0
bgl_46185,100,0.542324,NORMAL,0
bgl_34739,100,0.003616,NORMAL,0
bgl_11764,100,0.003246,NORMAL,0
bgl_12672,100,0.003246,NORMAL,0
bgl_30856,100,0.142131,NORMAL,0
bgl_24745,100,0.00411,NORMAL,0
bgl_43170,100,0.697535,NORMAL,0
bgl_5104,100,5.630508,ANOMALY,1
bgl_13981,100,0.003246,NORMAL,0
bgl_34684,100,0.003616,NORMAL,0
bgl_39922,100,0.399523,NORMAL,0
bgl_22604,100,0.003246,NORMAL,0
bgl_24675,100,0.373283,NORMAL,0
bgl_38344,100,0.002002,NORMAL,0
bgl_31315,100,0.000462,NORMAL,0
bgl_21488,100,0.003246,NORMAL,0
bgl_28770,100,0.003246,NORMAL,0
bgl_9759,100,0.003246,NORMAL,0
bgl_29993,100,0.583193,NORMAL,0
bgl_38638,100,0.070783,NORMAL,0
bgl_4613,100,8.132814,ANOMALY,1
bgl_17255,100,0.003246,NORMAL,0
bgl_2860,100,9.139705,ANOMALY,1
bgl_17801,100,0.003246,NORMAL,0
bgl_42285,100,0.863855,NORMAL,0
bgl_11803,100,0.003246,NORMAL,0
bgl_10798,100,0.013633,NORMAL,0
bgl_9886,100,0.003246,NORMAL,0
bgl_31073,100,9.062251,ANOMALY,1
bgl_20317,100,0.000462,NORMAL,0
bgl_37696,100,0.002002,NORMAL,0
bgl_23039,100,0.003246,NORMAL,0
bgl_33620,100,0.002495,NORMAL,0
bgl_43894,100,0.670292,NORMAL,0
bgl_30937,100,0.004105,NORMAL,0
bgl_11791,100,0.003246,NORMAL,0
bgl_35274,100,0.9793,NORMAL,0
bgl_24613,100,0.00411,NORMAL,0
bgl_30009,100,1.156727,NORMAL,0
bgl_46322,100,0.002495,NORMAL,0
bgl_3962,100,8.132814,ANOMALY,1
bgl_22629,100,0.003246,NORMAL,0
bgl_44621,100,0.674391,NORMAL,0
bgl_19159,100,0.003246,NORMAL,0
bgl_7123,100,0.350604,NORMAL,0
bgl_18138,100,0.003246,NORMAL,0
bgl_10919,100,0.189397,NORMAL,0
bgl_21128,100,0.003246,NORMAL,0
bgl_26808,100,0.00411,NORMAL,0
bgl_26561,100,0.00411,NORMAL,0
bgl_11305,100,0.003246,NORMAL,0
bgl_36511,100,1.075331,NORMAL,0
bgl_18841,100,0.003246,NORMAL,0
bgl_27684,100,0.003246,NORMAL,0
bgl_1978,100,0.003246,NORMAL,0
bgl_461,100,0.003246,NORMAL,0
bgl_823,100,0.480162,NORMAL,1
bgl_19298,100,0.003246,NORMAL,0
bgl_38169,100,0.002002,NORMAL,0
bgl_19089,100,0.003246,NORMAL,0
bgl_34414,100,0.00237,NORMAL,0
bgl_3346,100,9.139705,ANOMALY,1
bgl_12553,100,0.003246,NORMAL,0
bgl_13916,100,0.003246,NORMAL,0
bgl_5252,100,8.132814,ANOMALY,1
bgl_7508,100,0.00345,NORMAL,0
bgl_5961,100,0.412739,NORMAL,0
bgl_20406,100,0.000462,NORMAL,0
bgl_4058,100,0.001405,NORMAL,0
bgl_45792,100,0.668045,NORMAL,0
bgl_41081,100,0.002002,NORMAL,0
bgl_18601,100,0.003246,NORMAL,0
bgl_7688,100,0.013571,NORMAL,0
bgl_43702,100,0.666195,NORMAL,0
bgl_40275,100,0.002495,NORMAL,0
bgl_5442,100,0.270562,NORMAL,0
bgl_6321,100,0.144441,NORMAL,0
bgl_41182,100,0.002002,NORMAL,0
bgl_16687,100,0.003246,NORMAL,0
bgl_27050,100,0.003246,NORMAL,0
bgl_35999,100,9.199169,ANOMALY,1
bgl_24827,100,0.00411,NORMAL,0
bgl_24892,100,0.003246,NORMAL,0
bgl_7165,100,0.232202,NORMAL,0
bgl_14653,100,0.003246,NORMAL,0
bgl_26628,100,0.00411,NORMAL,0
bgl_18247,100,0.003246,NORMAL,0
bgl_3258,100,9.139705,ANOMALY,1
bgl_33073,100,9.139705,ANOMALY,1
bgl_42418,100,0.001215,NORMAL,0
bgl_10835,100,0.033659,NORMAL,0
bgl_7803,100,0.010121,NORMAL,0
bgl_18489,100,0.003246,NORMAL,0
bgl_24196,100,0.00411,NORMAL,0
bgl_7070,100,0.214717,NORMAL,0
bgl_12040,100,0.003246,NORMAL,0
bgl_29198,100,0.968468,NORMAL,0
bgl_18269,100,0.003246,NORMAL,0
bgl_37807,100,0.002002,NORMAL,0
bgl_33785,100,0.692701,NORMAL,0
bgl_10270,100,0.010121,NORMAL,0
bgl_43082,100,0.674187,NORMAL,0
bgl_44868,100,0.684129,NORMAL,0
bgl_5939,100,0.362875,NORMAL,0
bgl_42472,100,0.001215,NORMAL,0
bgl_2876,100,9.139705,ANOMALY,1
bgl_3513,100,9.139705,ANOMALY,1
bgl_41231,100,0.002002,NORMAL,0
bgl_25095,100,0.003246,NORMAL,0
bgl_44151,100,0.672752,NORMAL,0
bgl_16622,100,0.003246,NORMAL,0
bgl_42139,100,0.000609,NORMAL,0
bgl_11518,100,0.137077,NORMAL,0
bgl_15916,100,0.003246,NORMAL,0
bgl_17975,100,0.003246,NORMAL,0
bgl_11193,100,0.003246,NORMAL,0
bgl_27721,100,0.003246,NORMAL,0
bgl_36709,100,0.003616,NORMAL,0
bgl_7764,100,0.548049,NORMAL,0
bgl_30750,100,0.130963,NORMAL,0
bgl_40016,100,0.00411,NORMAL,0
bgl_29475,100,0.374371,NORMAL,0
bgl_46568,100,9.139705,ANOMALY,1
bgl_17552,100,0.003246,NORMAL,0
bgl_32696,100,0.002002,NORMAL,0
bgl_30507,100,9.139705,ANOMALY,1
bgl_33642,100,0.003616,NORMAL,0
bgl_18359,100,0.003246,NORMAL,0
bgl_35293,100,3.112511,ANOMALY,1
bgl_35401,100,0.189397,NORMAL,0
bgl_12633,100,0.003246,NORMAL,0
bgl_10044,100,0.003246,NORMAL,0
bgl_38081,100,0.002002,NORMAL,0
bgl_13196,100,0.000462,NORMAL,0
bgl_35059,100,1.195199,NORMAL,1
bgl_28673,100,0.003246,NORMAL,0
bgl_33311,100,9.139705,ANOMALY,1
bgl_8828,100,0.003246,NORMAL,0
bgl_33276,100,9.139705,ANOMALY,1
bgl_19262,100,0.003246,NORMAL,0
bgl_2318,100,9.217398,ANOMALY,1
bgl_11383,100,0.000462,NORMAL,0
bgl_38921,100,0.002002,NORMAL,0
bgl_3062,100,9.139705,ANOMALY,1
bgl_15312,100,0.003246,NORMAL,0
bgl_12543,100,0.003246,NORMAL,0
bgl_26792,100,0.00411,NORMAL,0
bgl_25287,100,0.003246,NORMAL,0
bgl_7948,100,0.010121,NORMAL,0
bgl_4838,100,0.013633,NORMAL,0
bgl_45884,100,4.135306,ANOMALY,1
bgl_15497,100,0.000462,NORMAL,0
bgl_7351,100,0.222493,NORMAL,0
bgl_14658,100,0.003246,NORMAL,0
bgl_42017,100,0.001215,NORMAL,0
bgl_699,100,0.336572,NORMAL,1
bgl_40957,100,0.002002,NORMAL,0
bgl_14386,100,0.003246,NORMAL,0
bgl_4798,100,0.005054,NORMAL,0
bgl_34753,100,0.069097,NORMAL,0
bgl_5527,100,0.328899,NORMAL,0
bgl_7254,100,0.424069,NORMAL,0
bgl_36716,100,0.851428,NORMAL,1
bgl_7029,100,0.2854,NORMAL,0
bgl_40690,100,0.238441,NORMAL,0
bgl_141,100,0.512796,NORMAL,0
bgl_14603,100,0.003246,NORMAL,0
bgl_2213,100,1.53815,UNCERTAIN,0
bgl_21298,100,0.003246,NORMAL,0
bgl_8248,100,0.003246,NORMAL,0
bgl_17936,100,0.003246,NORMAL,0
bgl_4141,100,0.001405,NORMAL,0
bgl_3492,100,9.139705,ANOMALY,1
bgl_1938,100,0.669979,NORMAL,0
bgl_13621,100,0.000462,NORMAL,0
bgl_38450,100,0.002002,NORMAL,0
bgl_39020,100,0.002002,NORMAL,0
bgl_15020,100,0.003246,NORMAL,0
bgl_35930,100,0.31018,NORMAL,0
bgl_3314,100,9.139705,ANOMALY,1
bgl_2348,100,9.139705,ANOMALY,1
bgl_26003,100,0.243245,NORMAL,0
bgl_44153,100,0.668123,NORMAL,0
bgl_36589,100,9.139705,ANOMALY,1
bgl_37337,100,0.002002,NORMAL,0
bgl_4056,100,0.001405,NORMAL,0
bgl_10427,100,0.013633,NORMAL,0
bgl_22407,100,0.731008,NORMAL,0
bgl_29514,100,0.00237,NORMAL,0
bgl_37997,100,0.002002,NORMAL,0
bgl_44652,100,0.681479,NORMAL,0
bgl_39299,100,0.002002,NORMAL,0
bgl_22759,100,0.003246,NORMAL,0
bgl_23600,100,0.003246,NORMAL,0
bgl_24563,100,0.00411,NORMAL,0
bgl_45906,100,5.111658,ANOMALY,1
bgl_38282,100,0.002002,NORMAL,0
bgl_8275,100,9.139705,ANOMALY,1
bgl_37674,100,0.002002,NORMAL,0
bgl_43885,100,0.732377,NORMAL,0
bgl_14897,100,0.003246,NORMAL,0
bgl_7853,100,0.010121,NORMAL,0
bgl_32205,100,0.000462,NORMAL,0
bgl_25237,100,0.003246,NORMAL,0
bgl_17009,100,0.003246,NORMAL,0
bgl_3645,100,9.139705,ANOMALY,1
bgl_33525,100,9.139705,ANOMALY,1
bgl_35400,100,0.130963,NORMAL,0
bgl_36084,100,0.00175,NORMAL,0
bgl_25642,100,0.00411,NORMAL,0
bgl_4569,100,0.001405,NORMAL,0
bgl_30710,100,0.004105,NORMAL,0
bgl_17749,100,0.003246,NORMAL,0
bgl_13432,100,0.000462,NORMAL,0
bgl_9756,100,0.003246,NORMAL,0
bgl_39845,100,0.002002,NORMAL,0
bgl_1377,100,0.010121,NORMAL,0
bgl_27235,100,0.003246,NORMAL,0
bgl_17197,100,0.003246,NORMAL,0
bgl_38645,100,0.173151,NORMAL,0
bgl_27147,100,0.003246,NORMAL,0
bgl_35463,100,0.002495,NORMAL,0
bgl_40652,100,0.002002,NORMAL,0
bgl_34584,100,0.021526,NORMAL,0
bgl_42887,100,0.60078,NORMAL,0
bgl_23652,100,0.003246,NORMAL,0
bgl_4687,100,0.001405,NORMAL,0
bgl_36308,100,0.002495,NORMAL,0
bgl_26333,100,0.53026,NORMAL,0
bgl_15870,100,0.003246,NORMAL,0
bgl_45944,100,0.000522,NORMAL,0
bgl_17042,100,0.003246,NORMAL,0
bgl_46671,100,6.680656,ANOMALY,1
bgl_46719,100,9.139705,ANOMALY,1
bgl_28945,100,0.162504,NORMAL,0
bgl_29111,100,0.869276,NORMAL,0
bgl_963,100,0.003246,NORMAL,0
bgl_22671,100,0.003246,NORMAL,0
bgl_3200,100,9.139705,ANOMALY,1
bgl_33451,100,0.859071,NORMAL,0
bgl_33336,100,4.173368,ANOMALY,1
bgl_35578,100,1.036137,NORMAL,0
bgl_5864,100,0.013633,NORMAL,0
bgl_45597,100,9.139705,ANOMALY,1
bgl_9035,100,0.000462,NORMAL,0
bgl_30494,100,1.166151,NORMAL,1
bgl_15357,100,0.003246,NORMAL,0
bgl_38825,100,0.00411,NORMAL,0
bgl_16984,100,0.003246,NORMAL,0
bgl_45614,100,9.139705,ANOMALY,1
bgl_12461,100,0.003246,NORMAL,0
bgl_21578,100,0.003246,NORMAL,0
bgl_36981,100,0.573998,NORMAL,0
bgl_44432,100,0.66454,NORMAL,0
bgl_3269,100,9.139705,ANOMALY,1
bgl_25889,100,0.00411,NORMAL,0
bgl_8188,100,0.003246,NORMAL,0
bgl_18126,100,0.003246,NORMAL,0
bgl_31609,100,0.363948,NORMAL,0
bgl_10600,100,0.021038,NORMAL,0
bgl_26488,100,0.00411,NORMAL,0
bgl_9212,100,0.000462,NORMAL,0
bgl_41766,100,9.139705,ANOMALY,1
bgl_4676,100,0.001405,NORMAL,0
bgl_19143,100,0.003246,NORMAL,0
bgl_31712,100,0.50979,NORMAL,0
bgl_22674,100,0.003246,NORMAL,0
bgl_3571,100,9.139705,ANOMALY,1
bgl_3160,100,9.139705,ANOMALY,1
bgl_46126,100,6.828678,ANOMALY,1
bgl_14643,100,0.003246,NORMAL,0
bgl_35717,100,1.190344,NORMAL,0
bgl_43022,100,0.700976,NORMAL,0
bgl_21445,100,0.003246,NORMAL,0
bgl_11665,100,0.003246,NORMAL,0
bgl_30412,100,0.000878,NORMAL,0
bgl_16948,100,0.003246,NORMAL,0
bgl_14439,100,0.003246,NORMAL,0
bgl_44492,100,0.693748,NORMAL,0
bgl_20470,100,0.000462,NORMAL,0
bgl_9192,100,0.000462,NORMAL,0
bgl_38226,100,0.290167,NORMAL,0
bgl_3181,100,9.139705,ANOMALY,1
bgl_13838,100,0.000462,NORMAL,0
bgl_38851,100,0.219346,NORMAL,0
bgl_1736,100,0.003246,NORMAL,0
bgl_38603,100,0.600054,NORMAL,0
bgl_26590,100,0.00411,NORMAL,0
bgl_33108,100,0.363402,NORMAL,0
bgl_9725,100,0.003246,NORMAL,0
bgl_8202,100,0.003246,NORMAL,0
bgl_16077,100,0.003246,NORMAL,0
bgl_42508,100,9.139705,ANOMALY,1
bgl_42728,100,0.001215,NORMAL,0
bgl_31817,100,0.36738,NORMAL,0
bgl_35225,100,0.60766,NORMAL,0
bgl_28888,100,0.003246,NORMAL,0
bgl_29842,100,0.450528,NORMAL,0
bgl_7801,100,0.010121,NORMAL,0
bgl_9328,100,0.000462,NORMAL,0
bgl_244,100,0.494488,NORMAL,1
bgl_12991,100,0.000462,NORMAL,0
bgl_14182,100,0.003246,NORMAL,0
bgl_36042,100,0.00175,NORMAL,0
bgl_26615,100,0.00411,NORMAL,0
bgl_40048,100,0.002002,NORMAL,0
bgl_29104,100,0.376607,NORMAL,0
bgl_34378,100,0.41258,NORMAL,0
bgl_13554,100,0.000462,NORMAL,0
bgl_46134,100,0.000522,NORMAL,0
bgl_2523,100,9.139705,ANOMALY,1
bgl_22811,100,0.003246,NORMAL,0
bgl_34448,100,0.00237,NORMAL,0
bgl_30143,100,0.003616,NORMAL,0
bgl_32647,100,0.002002,NORMAL,0
bgl_34021,100,0.00237,NORMAL,0
bgl_5888,100,0.412238,NORMAL,0
bgl_30155,100,0.003616,NORMAL,0
bgl_25188,100,0.00411,NORMAL,0
bgl_11119,100,0.003246,NORMAL,0
bgl_40877,100,0.002002,NORMAL,0
bgl_25444,100,0.003246,NORMAL,0
bgl_23361,100,0.003246,NORMAL,0
bgl_2612,100,9.139705,ANOMALY,1
bgl_19863,100,0.003246,NORMAL,0
bgl_26841,100,0.00411,NORMAL,0
bgl_42332,100,0.001215,NORMAL,0
bgl_43659,100,0.674966,NORMAL,0
bgl_17110,100,0.003246,NORMAL,0
bgl_23979,100,0.003246,NORMAL,0
bgl_28374,100,0.003246,NORMAL,0
bgl_45111,100,0.697849,NORMAL,0
bgl_32174,100,0.000462,NORMAL,0
bgl_26690,100,0.00411,NORMAL,0
bgl_39211,100,0.002002,NORMAL,0
bgl_8111,100,0.003246,NORMAL,0
bgl_15480,100,0.000462,NORMAL,0
bgl_31679,100,0.002002,NORMAL,0
bgl_32202,100,0.000462,NORMAL,0
bgl_7138,100,0.280224,NORMAL,0
bgl_12953,100,0.000462,NORMAL,0
bgl_10330,100,0.119581,NORMAL,0
bgl_25766,100,0.00411,NORMAL,0
bgl_31015,100,0.004105,NORMAL,0
bgl_24725,100,0.00411,NORMAL,0
bgl_12609,100,0.003246,NORMAL,0
bgl_21896,100,0.003246,NORMAL,0
bgl_29519,100,0.175478,NORMAL,0
bgl_46226,100,0.002495,NORMAL,0
bgl_46581,100,9.139705,ANOMALY,1
bgl_28080,100,0.003246,NORMAL,0
bgl_8449,100,0.003246,NORMAL,0
bgl_41122,100,1.093707,NORMAL,0
bgl_36288,100,0.784382,NORMAL,0
bgl_21424,100,0.003246,NORMAL,0
bgl_24977,100,0.003246,NORMAL,0
bgl_9083,100,0.000462,NORMAL,0
bgl_44333,100,1.035284,NORMAL,0
bgl_23894,100,0.003246,NORMAL,0
bgl_21526,100,0.003246,NORMAL,0
bgl_3536,100,9.139705,ANOMALY,1
bgl_9887,100,0.003246,NORMAL,0
bgl_38501,100,0.445813,NORMAL,0
bgl_24740,100,0.00411,NORMAL,0
bgl_31667,100,0.002002,NORMAL,0
bgl_33302,100,0.754882,NORMAL,0
bgl_5615,100,0.372602,NORMAL,0
bgl_3330,100,9.139705,ANOMALY,1
bgl_17142,100,0.003246,NORMAL,0
bgl_3656,100,9.139705,ANOMALY,1
bgl_39782,100,0.218182,NORMAL,0
bgl_4650,100,8.132814,ANOMALY,1
bgl_19313,100,0.003246,NORMAL,0
bgl_38237,100,0.150037,NORMAL,0
bgl_46776,100,0.010121,NORMAL,0
bgl_29155,100,0.859876,NORMAL,0
bgl_10434,100,0.013633,NORMAL,0
bgl_11881,100,0.003246,NORMAL,0
bgl_23771,100,0.003246,NORMAL,0
bgl_44674,100,0.90599,NORMAL,0
bgl_45595,100,9.139705,ANOMALY,1
bgl_28713,100,0.003246,NORMAL,0
bgl_20293,100,0.000462,NORMAL,0
bgl_5071,100,6.79707,ANOMALY,1
bgl_23453,100,0.003246,NORMAL,0
bgl_18228,100,0.003246,NORMAL,0
bgl_21287,100,0.003246,NORMAL,0
bgl_30217,100,0.000656,NORMAL,0
bgl_44316,100,0.706316,NORMAL,0
bgl_5224,100,0.005054,NORMAL,0
bgl_30140,100,1.54197,UNCERTAIN,1
bgl_7369,100,0.352896,NORMAL,0
bgl_36766,100,0.43607,NORMAL,0
bgl_25418,100,0.003246,NORMAL,0
bgl_14074,100,0.003246,NORMAL,0
bgl_19361,100,0.003246,NORMAL,0
bgl_40433,100,0.00411,NORMAL,0
bgl_2171,100,0.003246,NORMAL,0
bgl_30722,100,0.004105,NORMAL,0
bgl_9622,100,0.003246,NORMAL,0
bgl_13075,100,0.000462,NORMAL,0
bgl_11782,100,0.003246,NORMAL,0
bgl_29736,100,0.485407,NORMAL,0
bgl_825,100,0.003246,NORMAL,0
bgl_14776,100,0.003246,NORMAL,0
bgl_4329,100,8.132814,ANOMALY,1
bgl_46905,100,0.010121,NORMAL,0
bgl_8336,100,0.010121,NORMAL,0
bgl_20547,100,0.003246,NORMAL,0
bgl_34499,100,0.00237,NORMAL,0
bgl_33245,100,0.000878,NORMAL,0
bgl_18405,100,0.003246,NORMAL,0
bgl_16526,100,0.003246,NORMAL,0
bgl_35935,100,0.004105,NORMAL,0
bgl_31017,100,0.004105,NORMAL,0
bgl_40340,100,0.00411,NORMAL,0
bgl_4186,100,0.003246,NORMAL,0
bgl_24486,100,0.00411,NORMAL,0
bgl_13083,100,8.744411,ANOMALY,1
bgl_21417,100,0.003246,NORMAL,0
bgl_39969,100,0.00411,NORMAL,0
bgl_20883,100,0.003246,NORMAL,0
bgl_40971,100,0.002002,NORMAL,0
bgl_21546,100,0.003246,NORMAL,0
bgl_25206,100,0.00411,NORMAL,0
bgl_28616,100,0.003246,NORMAL,0
bgl_44424,100,0.673892,NORMAL,0
bgl_11247,100,0.003246,NORMAL,0
bgl_28469,100,0.003246,NORMAL,0
bgl_27728,100,0.003246,NORMAL,0
bgl_12184,100,0.003246,NORMAL,0
bgl_26347,100,0.00411,NORMAL,0
bgl_36902,100,0.002495,NORMAL,0
bgl_11896,100,0.003246,NORMAL,0
bgl_13343,100,0.000462,NORMAL,0
bgl_40380,100,0.002002,NORMAL,0
bgl_16253,100,0.003246,NORMAL,0
bgl_39438,100,0.002002,NORMAL,0
bgl_42359,100,0.003795,NORMAL,0
bgl_26267,100,0.50267,NORMAL,0
bgl_34337,100,0.738008,NORMAL,0
bgl_43231,100,0.696919,NORMAL,0
bgl_34839,100,0.000878,NORMAL,0
bgl_17319,100,0.003246,NORMAL,0
bgl_39939,100,0.002002,NORMAL,0
bgl_55,100,0.000462,NORMAL,0
bgl_13333,100,0.000462,NORMAL,0
bgl_15088,100,1.199303,NORMAL,0
bgl_23583,100,0.003246,NORMAL,0
bgl_39999,100,0.002002,NORMAL,0
bgl_389,100,0.003246,NORMAL,0
bgl_18995,100,0.003246,NORMAL,0
bgl_24274,100,0.00411,NORMAL,0
bgl_38277,100,0.002002,NORMAL,0
bgl_32212,100,0.002002,NORMAL,0
bgl_34070,100,0.00237,NORMAL,0
bgl_15588,100,0.003246,NORMAL,0
bgl_17534,100,0.003246,NORMAL,0
bgl_18154,100,0.003246,NORMAL,0
bgl_41604,100,1.67521,UNCERTAIN,0
bgl_237,100,0.172105,NORMAL,1
bgl_26302,100,0.6711,NORMAL,0
bgl_40306,100,0.414521,NORMAL,0
bgl_37131,100,0.002002,NORMAL,0
bgl_13648,100,0.000462,NORMAL,0
bgl_2707,100,9.139705,ANOMALY,1
bgl_35101,100,1.112056,NORMAL,0
bgl_3134,100,9.139705,ANOMALY,1
bgl_33817,100,0.6453,NORMAL,0
bgl_10108,100,0.003246,NORMAL,0
bgl_32529,100,0.000462,NORMAL,0
bgl_23412,100,0.003246,NORMAL,0
bgl_31646,100,0.453107,NORMAL,0
bgl_10119,100,0.003246,NORMAL,0
bgl_32537,100,0.000462,NORMAL,0
bgl_1542,100,0.003246,NORMAL,0
bgl_34631,100,0.236482,NORMAL,0
bgl_26654,100,0.00411,NORMAL,0
bgl_42365,100,0.001215,NORMAL,0
bgl_23381,100,0.003246,NORMAL,0
bgl_26886,100,0.003246,NORMAL,0
bgl_292,100,0.336541,NORMAL,1
bgl_36862,100,0.369085,NORMAL,0
bgl_28217,100,0.003246,NORMAL,0
bgl_25828,100,0.00411,NORMAL,0
bgl_22451,100,0.003246,NORMAL,0
bgl_38224,100,0.321474,NORMAL,0
bgl_20703,100,0.003246,NORMAL,0
bgl_29073,100,1.230865,UNCERTAIN,0
bgl_815,100,0.328071,NORMAL,1
bgl_34242,100,0.00237,NORMAL,0
bgl_31312,100,0.000462,NORMAL,0
bgl_29065,100,0.003246,NORMAL,0
bgl_32467,100,0.000462,NORMAL,0
bgl_10717,100,0.239923,NORMAL,0
bgl_6638,100,0.308944,NORMAL,0
bgl_30976,100,0.004105,NORMAL,0
bgl_21819,100,0.003246,NORMAL,0
bgl_1401,100,0.003246,NORMAL,0
bgl_29478,100,0.00237,NORMAL,0
bgl_45847,100,1.244525,UNCERTAIN,0
bgl_5149,100,0.00316,NORMAL,0
bgl_20287,100,0.000462,NORMAL,0
bgl_37299,100,0.002002,NORMAL,0
bgl_20448,100,0.000462,NORMAL,0
bgl_9400,100,0.000462,NORMAL,0
bgl_15101,100,0.001124,NORMAL,0
bgl_31220,100,0.002002,NORMAL,0
bgl_17993,100,0.003246,NORMAL,0
bgl_13993,100,0.003246,NORMAL,0
bgl_941,100,0.003246,NORMAL,0
bgl_13650,100,0.000462,NORMAL,0
bgl_40237,100,0.210014,NORMAL,0
bgl_23917,100,0.003246,NORMAL,0
bgl_44539,100,0.684073,NORMAL,0
bgl_40764,100,0.002002,NORMAL,0
bgl_39141,100,0.002002,NORMAL,0
bgl_23002,100,0.003246,NORMAL,0
bgl_31883,100,0.002002,NORMAL,0
bgl_33721,100,9.139705,ANOMALY,1
bgl_5741,100,0.343847,NORMAL,0
bgl_16256,100,0.003246,NORMAL,0
bgl_23172,100,0.003246,NORMAL,0
bgl_21322,100,0.003246,NORMAL,0
bgl_16732,100,0.003246,NORMAL,0
bgl_8981,100,0.000462,NORMAL,0
bgl_39558,100,0.002002,NORMAL,0
bgl_14913,100,0.003246,NORMAL,0
bgl_17126,100,0.003246,NORMAL,0
bgl_42906,100,0.660832,NORMAL,0
bgl_4585,100,0.001405,NORMAL,0
bgl_21907,100,0.003246,NORMAL,0
bgl_21282,100,0.003246,NORMAL,0
bgl_19694,100,0.003246,NORMAL,0
bgl_22361,100,0.003246,NORMAL,0
bgl_43141,100,0.768869,NORMAL,0
bgl_14383,100,0.003246,NORMAL,0
bgl_26599,100,0.00411,NORMAL,0
bgl_36371,100,0.425993,NORMAL,0
bgl_39942,100,0.002002,NORMAL,0
bgl_41517,100,1.54551,UNCERTAIN,0
bgl_45839,100,0.67198,NORMAL,0
bgl_19268,100,0.003246,NORMAL,0
bgl_37391,100,0.002002,NORMAL,0
bgl_9311,100,0.000462,NORMAL,0
bgl_12699,100,0.003246,NORMAL,0
bgl_27246,100,0.003246,NORMAL,0
bgl_25796,100,0.00411,NORMAL,0
bgl_4588,100,0.001405,NORMAL,0
bgl_763,100,0.003246,NORMAL,0
bgl_25029,100,0.003246,NORMAL,0
bgl_14111,100,0.003246,NORMAL,0
bgl_46839,100,0.010121,NORMAL,0
bgl_10166,100,0.003246,NORMAL,0
bgl_31335,100,0.002002,NORMAL,0
bgl_16954,100,0.003246,NORMAL,0
bgl_12775,100,0.003246,NORMAL,0
bgl_1480,100,0.00487,NORMAL,0
bgl_39632,100,0.002002,NORMAL,0
bgl_42036,100,9.139705,ANOMALY,1
bgl_32698,100,0.002002,NORMAL,0
bgl_21523,100,0.003246,NORMAL,0
bgl_40187,100,0.002002,NORMAL,0
bgl_10456,100,0.033659,NORMAL,0
bgl_24428,100,0.00411,NORMAL,0
bgl_7115,100,0.412393,NORMAL,0
bgl_28452,100,0.003246,NORMAL,0
bgl_5746,100,0.358384,NORMAL,0
bgl_3391,100,9.139705,ANOMALY,1
bgl_8174,100,0.912407,NORMAL,0
bgl_3087,100,9.139705,ANOMALY,1
bgl_44427,100,0.737935,NORMAL,0
bgl_33759,100,0.710395,NORMAL,0
bgl_35332,100,9.139705,ANOMALY,1
bgl_24329,100,0.00411,NORMAL,0
bgl_15914,100,0.003246,NORMAL,0
bgl_36925,100,0.002495,NORMAL,0
bgl_26766,100,0.00411,NORMAL,0
bgl_8839,100,0.010121,NORMAL,0
bgl_30732,100,0.372682,NORMAL,0
bgl_37776,100,0.002002,NORMAL,0
bgl_21121,100,0.003246,NORMAL,0
bgl_18092,100,0.003246,NORMAL,0
bgl_33484,100,9.139705,ANOMALY,1
bgl_9,100,0.010121,NORMAL,0
bgl_34829,100,0.000878,NORMAL,0
bgl_15834,100,0.003246,NORMAL,0
bgl_19693,100,0.003246,NORMAL,0
bgl_718,100,0.507543,NORMAL,1
bgl_34123,100,0.00237,NORMAL,0
bgl_30505,100,9.139705,ANOMALY,1
bgl_29844,100,0.699047,NORMAL,0
bgl_16839,100,0.003246,NORMAL,0
bgl_27011,100,0.003246,NORMAL,0
bgl_3983,100,8.132814,ANOMALY,1
bgl_10,100,0.010121,NORMAL,0
bgl_16457,100,0.003246,NORMAL,0
bgl_46074,100,0.000522,NORMAL,0
bgl_40406,100,0.002002,NORMAL,0
bgl_16288,100,0.003246,NORMAL,0
bgl_11587,100,0.000462,NORMAL,0
bgl_12407,100,0.130963,NORMAL,0
bgl_31128,100,0.002002,NORMAL,0
bgl_23916,100,0.003246,NORMAL,0
bgl_37764,100,0.002002,NORMAL,0
bgl_23375,100,0.003246,NORMAL,0
bgl_37082,100,0.334443,NORMAL,0
bgl_39557,100,0.002002,NORMAL,0
bgl_143,100,0.499917,NORMAL,0
bgl_18630,100,0.003246,NORMAL,0
bgl_7403,100,7.28577,ANOMALY,1
bgl_8351,100,0.010121,NORMAL,0
bgl_38396,100,0.002002,NORMAL,0
bgl_27014,100,0.003246,NORMAL,0
bgl_35524,100,0.334949,NORMAL,0
bgl_16400,100,0.003246,NORMAL,0
bgl_35075,100,0.644702,NORMAL,0
bgl_38085,100,0.002002,NORMAL,0
bgl_20342,100,0.000462,NORMAL,0
bgl_6707,100,0.410354,NORMAL,0
bgl_38060,100,0.002002,NORMAL,0
bgl_21163,100,0.003246,NORMAL,0
bgl_9411,100,0.000462,NORMAL,0
bgl_24420,100,0.00411,NORMAL,0
bgl_1914,100,0.659662,NORMAL,0
bgl_14028,100,0.003246,NORMAL,0
bgl_22336,100,0.003246,NORMAL,0
bgl_1406,100,0.003246,NORMAL,0
bgl_39544,100,0.002002,NORMAL,0
bgl_40494,100,0.601937,NORMAL,0
bgl_21359,100,0.003246,NORMAL,0
bgl_15320,100,0.003246,NORMAL,0
bgl_40989,100,0.002002,NORMAL,0
bgl_40761,100,0.002002,NORMAL,0
bgl_4009,100,0.001405,NORMAL,0
bgl_5040,100,5.038011,ANOMALY,1
bgl_2105,100,0.003246,NORMAL,0
bgl_22347,100,0.003246,NORMAL,0
bgl_4852,100,0.013633,NORMAL,0
bgl_44825,100,0.672352,NORMAL,0
bgl_43575,100,0.673034,NORMAL,0
bgl_17190,100,0.003246,NORMAL,0
bgl_19285,100,0.003246,NORMAL,0
bgl_34150,100,0.814061,NORMAL,0
bgl_44725,100,0.761276,NORMAL,0
bgl_2042,100,0.003246,NORMAL,0
bgl_25763,100,0.00411,NORMAL,0
bgl_19639,100,0.003246,NORMAL,0
bgl_36000,100,9.139705,ANOMALY,1
bgl_44189,100,0.88572,NORMAL,0
bgl_37569,100,0.002002,NORMAL,0
bgl_13334,100,0.000462,NORMAL,0
bgl_33200,100,9.139705,ANOMALY,1
bgl_13998,100,0.003246,NORMAL,0
bgl_28592,100,0.003246,NORMAL,0
bgl_485,100,0.003246,NORMAL,0
bgl_136,100,0.003246,NORMAL,0
bgl_6834,100,0.179322,NORMAL,0
bgl_40234,100,1.029628,NORMAL,0
bgl_30693,100,5.237652,ANOMALY,1
bgl_22807,100,0.003246,NORMAL,0
bgl_1397,100,0.003246,NORMAL,0
bgl_19841,100,0.003246,NORMAL,0
bgl_43522,100,0.672175,NORMAL,0
bgl_32075,100,0.000462,NORMAL,0
bgl_40840,100,0.00411,NORMAL,0
bgl_26146,100,0.00411,NORMAL,0
bgl_29715,100,0.535914,NORMAL,0
bgl_45298,100,0.682559,NORMAL,0
bgl_20480,100,0.003246,NORMAL,0
bgl_2309,100,9.139705,ANOMALY,1
bgl_8112,100,0.003246,NORMAL,0
bgl_1574,100,0.003246,NORMAL,0
bgl_44036,100,0.666867,NORMAL,0
bgl_4849,100,0.013633,NORMAL,0
bgl_45141,100,0.963238,NORMAL,0
bgl_18788,100,0.003246,NORMAL,0
bgl_30899,100,0.004105,NORMAL,0
bgl_20211,100,0.003246,NORMAL,0
bgl_9449,100,0.000462,NORMAL,0
bgl_25899,100,0.518588,NORMAL,0
bgl_13065,100,0.000462,NORMAL,0
bgl_26619,100,0.00411,NORMAL,0
bgl_18653,100,0.000462,NORMAL,0
bgl_936,100,0.003246,NORMAL,0
bgl_5688,100,0.327922,NORMAL,0
bgl_32793,100,0.002002,NORMAL,0
bgl_4017,100,0.001405,NORMAL,0
bgl_7062,100,0.304148,NORMAL,0
bgl_5330,100,0.245215,NORMAL,0
bgl_25322,100,0.003246,NORMAL,0
bgl_24759,100,0.00411,NORMAL,0
bgl_21815,100,0.003246,NORMAL,0
bgl_35131,100,0.004105,NORMAL,0
bgl_36172,100,0.926808,NORMAL,0
bgl_14689,100,0.003246,NORMAL,0
bgl_30666,100,0.004105,NORMAL,0
bgl_16779,100,0.003246,NORMAL,0
bgl_9262,100,0.570544,NORMAL,0
bgl_14071,100,0.003246,NORMAL,0
bgl_16419,100,0.003246,NORMAL,0
bgl_38323,100,0.002002,NORMAL,0
bgl_15207,100,0.003246,NORMAL,0
bgl_20545,100,0.003246,NORMAL,0
bgl_39954,100,0.002002,NORMAL,0
bgl_23802,100,1.430158,UNCERTAIN,0
bgl_35521,100,0.630346,NORMAL,0
bgl_31292,100,0.000462,NORMAL,0
bgl_13249,100,0.000462,NORMAL,0
bgl_12779,100,0.003246,NORMAL,0
bgl_35270,100,1.099902,NORMAL,1
bgl_36968,100,0.002002,NORMAL,0
bgl_37075,100,0.662723,NORMAL,0
bgl_16795,100,0.003246,NORMAL,0
bgl_7052,100,0.345128,NORMAL,0
bgl_45394,100,0.672699,NORMAL,0
bgl_32777,100,0.002002,NORMAL,0
bgl_8337,100,0.010121,NORMAL,0
bgl_28841,100,0.003246,NORMAL,0
bgl_11308,100,0.003246,NORMAL,0
bgl_748,100,3.500892,ANOMALY,0
bgl_21536,100,0.003246,NORMAL,0
bgl_43752,100,0.669561,NORMAL,0
bgl_38358,100,0.002002,NORMAL,0
bgl_24475,100,0.00411,NORMAL,0
bgl_7676,100,0.001709,NORMAL,0
bgl_42831,100,0.796914,NORMAL,0
bgl_573,100,0.003246,NORMAL,0
bgl_34596,100,0.021526,NORMAL,0
bgl_43947,100,0.673136,NORMAL,0
bgl_9852,100,0.003246,NORMAL,0
bgl_27441,100,0.003246,NORMAL,0
bgl_8045,100,0.010121,NORMAL,0
bgl_15474,100,0.000462,NORMAL,0
bgl_7208,100,0.258536,NORMAL,0
bgl_35117,100,0.968248,NORMAL,0
bgl_18070,100,0.003246,NORMAL,0
bgl_17095,100,0.003246,NORMAL,0
bgl_45262,100,0.673953,NORMAL,0
bgl_36572,100,0.726851,NORMAL,0
bgl_15758,100,0.003246,NORMAL,0
bgl_45657,100,0.682572,NORMAL,0
bgl_44775,100,0.683433,NORMAL,0
bgl_31135,100,0.002002,NORMAL,0
bgl_17677,100,0.003246,NORMAL,0
bgl_3168,100,9.139705,ANOMALY,1
bgl_16203,100,0.003246,NORMAL,0
bgl_18374,100,0.003246,NORMAL,0
bgl_44568,100,0.687177,NORMAL,0
bgl_22007,100,0.003246,NORMAL,0
bgl_43123,100,0.692387,NORMAL,0
bgl_5414,100,0.183015,NORMAL,0
bgl_9819,100,0.003246,NORMAL,0
bgl_17320,100,0.003246,NORMAL,0
bgl_21347,100,0.003246,NORMAL,0
bgl_13355,100,0.000462,NORMAL,0
bgl_28969,100,0.003246,NORMAL,0
bgl_705,100,0.003246,NORMAL,0
bgl_13483,100,0.000462,NORMAL,0
bgl_9912,100,0.003246,NORMAL,0
bgl_42789,100,0.732826,NORMAL,0
bgl_9469,100,0.000462,NORMAL,0
bgl_26418,100,0.00411,NORMAL,0
bgl_9534,100,0.000462,NORMAL,0
bgl_20977,100,0.003246,NORMAL,0
bgl_26462,100,0.00411,NORMAL,0
bgl_15900,100,0.003246,NORMAL,0
bgl_26826,100,0.00411,NORMAL,0
bgl_8354,100,0.010121,NORMAL,0
bgl_9410,100,0.000462,NORMAL,0
bgl_36939,100,0.003616,NORMAL,0
bgl_17242,100,0.003246,NORMAL,0
bgl_39958,100,0.002002,NORMAL,0
bgl_10856,100,0.009935,NORMAL,0
bgl_12487,100,0.003246,NORMAL,0
bgl_46265,100,0.732283,NORMAL,0
bgl_25453,100,0.003246,NORMAL,0
bgl_8237,100,0.003246,NORMAL,0
bgl_45528,100,0.682795,NORMAL,0
bgl_42905,100,0.66514,NORMAL,0
bgl_13706,100,0.000462,NORMAL,0
bgl_26223,100,0.683412,NORMAL,0
bgl_33837,100,0.992934,NORMAL,0
bgl_369,100,0.003246,NORMAL,0
bgl_1799,100,0.003246,NORMAL,0
bgl_40598,100,0.092513,NORMAL,0
bgl_6128,100,0.213995,NORMAL,0
bgl_42426,100,0.001215,NORMAL,0
bgl_34717,100,0.440722,NORMAL,1
bgl_39310,100,0.002002,NORMAL,0
bgl_988,100,0.003246,NORMAL,0
bgl_44047,100,0.661832,NORMAL,0
bgl_41442,100,0.002002,NORMAL,0
bgl_34894,100,2.234832,ANOMALY,1
bgl_32032,100,1.317981,UNCERTAIN,0
bgl_22852,100,0.003246,NORMAL,0
bgl_43528,100,0.668934,NORMAL,0
bgl_23009,100,0.003246,NORMAL,0
bgl_48,100,0.420951,NORMAL,0
bgl_44521,100,0.683622,NORMAL,0
bgl_1360,100,0.010121,NORMAL,0
bgl_46645,100,0.335559,NORMAL,0
bgl_32394,100,0.000462,NORMAL,0
bgl_2629,100,9.139705,ANOMALY,1
bgl_33827,100,1.343405,UNCERTAIN,0
bgl_38634,100,0.160487,NORMAL,0
bgl_21786,100,0.003246,NORMAL,0
bgl_8668,100,0.003246,NORMAL,0
bgl_9611,100,0.003246,NORMAL,0
bgl_41969,100,1.109387,NORMAL,0
bgl_30936,100,0.004105,NORMAL,0
bgl_40629,100,0.002002,NORMAL,0
bgl_21549,100,0.003246,NORMAL,0
bgl_13705,100,0.000462,NORMAL,0
bgl_9030,100,0.000462,NORMAL,0
bgl_20288,100,0.000462,NORMAL,0
bgl_45801,100,0.723709,NORMAL,0
bgl_35868,100,0.989296,NORMAL,0
bgl_38821,100,0.00411,NORMAL,0
bgl_15216,100,0.003246,NORMAL,0
bgl_37733,100,0.002002,NORMAL,0
bgl_31541,100,0.247548,NORMAL,0
bgl_14046,100,0.003246,NORMAL,0
bgl_39866,100,0.002002,NORMAL,0
bgl_14327,100,0.003246,NORMAL,0
bgl_27179,100,0.003246,NORMAL,0
bgl_45292,100,0.675618,NORMAL,0
bgl_35720,100,0.244519,NORMAL,0
bgl_12642,100,0.003246,NORMAL,0
bgl_42776,100,6.29822,ANOMALY,1
bgl_27317,100,0.24277,NORMAL,0
bgl_38850,100,1.351575,UNCERTAIN,0
bgl_31976,100,0.002002,NORMAL,0
bgl_27690,100,0.003246,NORMAL,0
bgl_2473,100,9.139705,ANOMALY,1
bgl_42970,100,0.70969,NORMAL,0
bgl_25135,100,0.003246,NORMAL,0
bgl_12923,100,0.000462,NORMAL,0
bgl_21318,100,0.003246,NORMAL,0
bgl_38788,100,0.00411,NORMAL,0
bgl_3942,100,8.132814,ANOMALY,1
bgl_33024,100,0.246015,NORMAL,0
bgl_44314,100,0.71504,NORMAL,0
bgl_16490,100,0.003246,NORMAL,0
bgl_44278,100,0.704052,NORMAL,0
bgl_23313,100,0.003246,NORMAL,0
bgl_1835,100,0.000878,NORMAL,0
bgl_18192,100,0.003246,NORMAL,0
bgl_35068,100,0.516643,NORMAL,0
bgl_28870,100,0.003246,NORMAL,0
bgl_26726,100,0.00411,NORMAL,0
bgl_45807,100,9.139705,ANOMALY,1
bgl_43814,100,0.666183,NORMAL,0
bgl_32584,100,0.000462,NORMAL,0
bgl_15177,100,0.003246,NORMAL,0
bgl_35411,100,0.130963,NORMAL,0
bgl_35350,100,0.004105,NORMAL,0
bgl_14058,100,0.003246,NORMAL,0
bgl_40701,100,0.002002,NORMAL,0
bgl_27268,100,0.003246,NORMAL,0
bgl_19650,100,0.003246,NORMAL,0
bgl_26023,100,0.713747,NORMAL,0
bgl_3014,100,9.139705,ANOMALY,1
bgl_40995,100,0.002002,NORMAL,0
bgl_46136,100,0.000522,NORMAL,0
bgl_45379,100,0.667735,NORMAL,0
bgl_41363,100,1.554127,UNCERTAIN,0
bgl_18549,100,0.003246,NORMAL,0
bgl_44331,100,1.031317,NORMAL,0
bgl_34301,100,0.00237,NORMAL,0
bgl_13229,100,0.000462,NORMAL,0
bgl_16552,100,0.003246,NORMAL,0
bgl_46879,100,0.010121,NORMAL,0
bgl_15969,100,0.003246,NORMAL,0
bgl_13600,100,0.000462,NORMAL,0
bgl_44083,100,0.67005,NORMAL,0
bgl_23219,100,0.003246,NORMAL,0
bgl_12465,100,0.003246,NORMAL,0
bgl_13059,100,0.000462,NORMAL,0
bgl_7464,100,0.003073,NORMAL,0
bgl_24056,100,0.003246,NORMAL,0
bgl_21994,100,0.003246,NORMAL,0
bgl_23405,100,0.003246,NORMAL,0
bgl_13508,100,0.000462,NORMAL,0
bgl_34710,100,0.003616,NORMAL,0
bgl_45566,100,0.682795,NORMAL,0
bgl_13325,100,0.000462,NORMAL,0
bgl_3967,100,8.132814,ANOMALY,1
bgl_24535,100,0.00411,NORMAL,0
bgl_23826,100,0.003246,NORMAL,0
bgl_268,100,0.338404,NORMAL,1
bgl_40661,100,0.002002,NORMAL,0
bgl_20483,100,0.003246,NORMAL,0
bgl_25522,100,0.003246,NORMAL,0
bgl_20836,100,0.003246,NORMAL,0
bgl_16145,100,0.003246,NORMAL,0
bgl_10825,100,0.007853,NORMAL,0
bgl_5264,100,8.132814,ANOMALY,1
bgl_14581,100,0.003246,NORMAL,0
bgl_1408,100,0.003246,NORMAL,0
bgl_9860,100,0.003246,NORMAL,0
bgl_25623,100,0.00411,NORMAL,0
bgl_4389,100,8.132814,ANOMALY,1
bgl_9821,100,0.003246,NORMAL,0
bgl_13601,100,0.000462,NORMAL,0
bgl_42296,100,0.540123,NORMAL,0
bgl_24362,100,0.00411,NORMAL,0
bgl_43860,100,0.669213,NORMAL,0
bgl_22240,100,0.003246,NORMAL,0
bgl_17937,100,0.003246,NORMAL,0
bgl_43429,100,0.678785,NORMAL,0
bgl_38559,100,0.074387,NORMAL,0
bgl_18892,100,0.003246,NORMAL,0
bgl_31111,100,0.000462,NORMAL,0
bgl_32324,100,0.000462,NORMAL,0
bgl_10519,100,0.013685,NORMAL,0
bgl_12518,100,0.003246,NORMAL,0
bgl_10634,100,0.077924,NORMAL,0
bgl_8095,100,0.010121,NORMAL,0
bgl_4943,100,8.132814,ANOMALY,1
bgl_21628,100,0.003246,NORMAL,0
bgl_12459,100,0.546073,NORMAL,1
bgl_35179,100,0.000878,NORMAL,0
bgl_20070,100,0.003246,NORMAL,0
bgl_29394,100,0.084365,NORMAL,0
bgl_14294,100,0.003246,NORMAL,0
bgl_29810,100,4.484937,ANOMALY,1
bgl_40895,100,9.139705,ANOMALY,1
bgl_13896,100,0.003246,NORMAL,0
bgl_6626,100,0.157247,NORMAL,0
bgl_36141,100,0.00175,NORMAL,0
bgl_2560,100,9.139705,ANOMALY,1
bgl_46993,100,0.010121,NORMAL,0
bgl_31328,100,0.000462,NORMAL,0
bgl_33358,100,9.139705,ANOMALY,1
bgl_44303,100,0.686682,NORMAL,0
bgl_16242,100,0.003246,NORMAL,0
bgl_23604,100,0.003246,NORMAL,0
bgl_45054,100,0.67093,NORMAL,0
bgl_12178,100,0.003246,NORMAL,0
bgl_43410,100,0.708794,NORMAL,0
bgl_42137,100,0.000609,NORMAL,0
bgl_27666,100,0.003246,NORMAL,0
bgl_6577,100,0.206291,NORMAL,0
bgl_3447,100,9.139705,ANOMALY,1
bgl_5795,100,0.350831,NORMAL,0
bgl_28996,100,0.003246,NORMAL,0
bgl_23494,100,0.003246,NORMAL,0
bgl_42740,100,0.001215,NORMAL,0
bgl_25311,100,0.003246,NORMAL,0
bgl_15768,100,1.091972,NORMAL,0
bgl_12017,100,0.003246,NORMAL,0
bgl_1710,100,0.111372,NORMAL,0
bgl_31563,100,0.401167,NORMAL,0
bgl_35801,100,0.628964,NORMAL,0
bgl_23513,100,0.003246,NORMAL,0
bgl_23111,100,0.003246,NORMAL,0
bgl_40443,100,0.002002,NORMAL,0
bgl_23154,100,0.003246,NORMAL,0
bgl_6911,100,0.214804,NORMAL,0
bgl_12052,100,0.003246,NORMAL,0
bgl_42623,100,2.908085,ANOMALY,1
bgl_46543,100,0.003795,NORMAL,0
bgl_26124,100,0.00411,NORMAL,0
bgl_32572,100,0.000462,NORMAL,0
bgl_156,100,9.139705,ANOMALY,1
bgl_8278,100,9.139705,ANOMALY,1
bgl_44855,100,0.670507,NORMAL,0
bgl_45962,100,0.000522,NORMAL,0
bgl_44377,100,0.757133,NORMAL,0
bgl_39278,100,0.002002,NORMAL,0
bgl_23757,100,0.003246,NORMAL,0
bgl_13478,100,0.000462,NORMAL,0
bgl_4448,100,3.525578,ANOMALY,1
bgl_37550,100,0.254418,NORMAL,0
bgl_8366,100,1.885085,UNCERTAIN,1
bgl_30971,100,0.004105,NORMAL,0
bgl_46003,100,0.000522,NORMAL,0
bgl_28535,100,0.003246,NORMAL,0
bgl_3904,100,8.132814,ANOMALY,1
bgl_44045,100,0.673627,NORMAL,0
bgl_33061,100,9.139705,ANOMALY,1
bgl_7187,100,0.273646,NORMAL,0
bgl_7603,100,0.002105,NORMAL,0
bgl_28191,100,0.003246,NORMAL,0
bgl_16037,100,0.003246,NORMAL,0
bgl_13293,100,0.000462,NORMAL,0
bgl_32512,100,0.000462,NORMAL,0
bgl_5735,100,0.501786,NORMAL,0
bgl_13111,100,0.000462,NORMAL,0
bgl_45931,100,5.480664,ANOMALY,1
bgl_20852,100,0.003246,NORMAL,0
bgl_39073,100,0.002002,NORMAL,0
bgl_21402,100,0.003246,NORMAL,0
bgl_45499,100,0.666132,NORMAL,0
bgl_19200,100,0.003246,NORMAL,0
bgl_27665,100,0.003246,NORMAL,0
bgl_2484,100,9.139705,ANOMALY,1
bgl_26437,100,0.00411,NORMAL,0
bgl_8272,100,9.139705,ANOMALY,1
bgl_9219,100,0.000462,NORMAL,0
bgl_35212,100,1.174739,NORMAL,0
bgl_18124,100,0.003246,NORMAL,0
bgl_36517,100,1.490198,UNCERTAIN,0
bgl_7843,100,0.010121,NORMAL,0
bgl_34697,100,0.003616,NORMAL,0
bgl_20037,100,0.003246,NORMAL,0
bgl_37607,100,0.002002,NORMAL,0
bgl_9740,100,0.003246,NORMAL,0
bgl_40546,100,0.002002,NORMAL,0
bgl_1279,100,0.010121,NORMAL,0
bgl_32319,100,0.000462,NORMAL,0
bgl_7103,100,0.29957,NORMAL,0
bgl_31284,100,0.002002,NORMAL,0
bgl_33770,100,3.614031,ANOMALY,1
bgl_39350,100,0.002002,NORMAL,0
bgl_37595,100,0.002002,NORMAL,0
bgl_46739,100,0.004105,NORMAL,0
bgl_1136,100,0.003246,NORMAL,0
bgl_44916,100,0.690378,NORMAL,0
bgl_22331,100,0.003246,NORMAL,0
bgl_13274,100,0.000462,NORMAL,0
bgl_3895,100,8.132814,ANOMALY,1
bgl_28556,100,0.003246,NORMAL,0
bgl_30168,100,9.139705,ANOMALY,1
bgl_28368,100,0.003246,NORMAL,0
bgl_26103,100,0.328717,NORMAL,0
bgl_327,100,0.003246,NORMAL,0
bgl_9984,100,0.003246,NORMAL,0
bgl_28204,100,0.003246,NORMAL,0
bgl_37323,100,0.002002,NORMAL,0
bgl_13997,100,0.003246,NORMAL,0
bgl_31937,100,0.002002,NORMAL,0
bgl_20236,100,0.846239,NORMAL,0
bgl_23460,100,0.003246,NORMAL,0
bgl_11114,100,0.003246,NORMAL,0
bgl_34374,100,0.765423,NORMAL,0
bgl_41720,100,0.975086,NORMAL,0
bgl_43153,100,0.705199,NORMAL,0
bgl_8037,100,0.010121,NORMAL,0
bgl_11922,100,0.003246,NORMAL,0
bgl_1232,100,0.986258,NORMAL,1
bgl_15185,100,0.003246,NORMAL,0
bgl_31781,100,0.381835,NORMAL,0
bgl_45011,100,0.64547,NORMAL,0
bgl_42983,100,0.699105,NORMAL,0
bgl_1826,100,0.003246,NORMAL,0
bgl_36931,100,0.002495,NORMAL,0
bgl_12018,100,0.003246,NORMAL,0
bgl_22974,100,0.003246,NORMAL,0
bgl_16931,100,0.003246,NORMAL,0
bgl_18171,100,0.003246,NORMAL,0
bgl_26701,100,0.00411,NORMAL,0
bgl_26928,100,0.003246,NORMAL,0
bgl_11153,100,0.003246,NORMAL,0
bgl_34044,100,0.00237,NORMAL,0
bgl_33426,100,1.622857,UNCERTAIN,0
bgl_39189,100,0.002002,NORMAL,0
bgl_21630,100,0.003246,NORMAL,0
bgl_38077,100,0.002002,NORMAL,0
bgl_17839,100,0.003246,NORMAL,0
bgl_7957,100,0.010121,NORMAL,0
bgl_14230,100,0.003246,NORMAL,0
bgl_17796,100,0.003246,NORMAL,0
bgl_41516,100,1.092348,NORMAL,0
bgl_41188,100,0.00411,NORMAL,0
bgl_13086,100,8.576369,ANOMALY,1
bgl_19006,100,0.003246,NORMAL,0
bgl_15797,100,0.066309,NORMAL,0
bgl_3906,100,8.132814,ANOMALY,1
bgl_4952,100,8.132814,ANOMALY,1
bgl_34572,100,0.833518,NORMAL,0
bgl_15986,100,0.003246,NORMAL,0
bgl_28039,100,0.003246,NORMAL,0
bgl_24880,100,0.003246,NORMAL,0
bgl_38784,100,0.00411,NORMAL,0
bgl_22822,100,0.003246,NORMAL,0
bgl_554,100,0.003246,NORMAL,0
bgl_41406,100,9.139705,ANOMALY,1
bgl_8859,100,0.189397,NORMAL,0
bgl_33053,100,1.112618,NORMAL,0
bgl_8818,100,0.003246,NORMAL,0
bgl_29278,100,0.161493,NORMAL,0
bgl_14927,100,0.003246,NORMAL,0
bgl_31999,100,0.58961,NORMAL,0
bgl_5356,100,0.233821,NORMAL,0
bgl_36094,100,0.00175,NORMAL,0
bgl_29145,100,0.834179,NORMAL,0
bgl_43336,100,0.725852,NORMAL,0
bgl_14703,100,0.003246,NORMAL,0
bgl_27262,100,0.003246,NORMAL,0
bgl_7578,100,0.003126,NORMAL,0
bgl_8634,100,0.003246,NORMAL,0
bgl_8944,100,0.406922,NORMAL,0
bgl_9062,100,0.642991,NORMAL,0
bgl_14956,100,0.003246,NORMAL,0
bgl_25525,100,0.003246,NORMAL,0
bgl_7715,100,0.013571,NORMAL,0
bgl_9682,100,0.003246,NORMAL,0
bgl_3180,100,9.139705,ANOMALY,1
bgl_15733,100,0.003246,NORMAL,0
bgl_828,100,0.003246,NORMAL,0
bgl_17302,100,0.003246,NORMAL,0
bgl_4166,100,0.106381,NORMAL,0
bgl_22034,100,0.003246,NORMAL,0
bgl_2575,100,9.139705,ANOMALY,1
bgl_4415,100,8.132814,ANOMALY,1
bgl_41136,100,0.002002,NORMAL,0
bgl_10153,100,0.003246,NORMAL,0
bgl_43807,100,0.830531,NORMAL,0
bgl_23674,100,0.003246,NORMAL,0
bgl_2807,100,9.139705,ANOMALY,1
bgl_45050,100,0.995588,NORMAL,0
bgl_29246,100,0.758612,NORMAL,0
bgl_46507,100,0.590784,NORMAL,0
bgl_16891,100,0.003246,NORMAL,0
bgl_8527,100,0.003246,NORMAL,0
bgl_30138,100,0.31393,NORMAL,0
bgl_8161,100,0.003246,NORMAL,0
bgl_38723,100,0.00411,NORMAL,0
bgl_46901,100,0.010121,NORMAL,0
bgl_16883,100,0.003246,NORMAL,0
bgl_19674,100,0.003246,NORMAL,0
bgl_29168,100,0.853915,NORMAL,0
bgl_374,100,0.003246,NORMAL,0
bgl_19825,100,0.003246,NORMAL,0
bgl_3952,100,8.132814,ANOMALY,1
bgl_5194,100,0.005054,NORMAL,0
bgl_9141,100,0.000462,NORMAL,0
bgl_9464,100,0.000462,NORMAL,0
bgl_41611,100,1.028976,NORMAL,0
bgl_31797,100,0.419971,NORMAL,0
bgl_6826,100,0.149729,NORMAL,0
bgl_35048,100,9.139705,ANOMALY,1
bgl_42768,100,9.581144,ANOMALY,1
bgl_25937,100,0.105632,NORMAL,0
bgl_31203,100,0.000462,NORMAL,0
bgl_35983,100,0.004105,NORMAL,0
bgl_29242,100,0.779748,NORMAL,0
bgl_32955,100,0.00219,NORMAL,0
bgl_21709,100,0.003246,NORMAL,0
bgl_5334,100,0.302195,NORMAL,0
bgl_36505,100,0.003616,NORMAL,0
bgl_26463,100,0.00411,NORMAL,0
bgl_40428,100,0.002002,NORMAL,0
bgl_27956,100,0.003246,NORMAL,0
bgl_20607,100,0.003246,NORMAL,0
bgl_11400,100,0.000462,NORMAL,0
bgl_17571,100,0.003246,NORMAL,0
bgl_5423,100,0.40725,NORMAL,0
bgl_21530,100,0.003246,NORMAL,0
bgl_2618,100,9.139705,ANOMALY,1
bgl_31519,100,0.000462,NORMAL,0
bgl_26655,100,0.00411,NORMAL,0
bgl_16084,100,0.003246,NORMAL,0
bgl_16268,100,0.003246,NORMAL,0
bgl_44239,100,0.715861,NORMAL,0
bgl_3940,100,8.132814,ANOMALY,1
bgl_17859,100,0.003246,NORMAL,0
bgl_46481,100,0.002495,NORMAL,0
bgl_45609,100,1.173668,NORMAL,1
bgl_23842,100,0.003246,NORMAL,0
bgl_38927,100,0.002002,NORMAL,0
bgl_43024,100,0.680145,NORMAL,0
bgl_44603,100,0.658928,NORMAL,0
bgl_3082,100,9.139705,ANOMALY,1
bgl_6996,100,0.361968,NORMAL,0
bgl_38596,100,0.00411,NORMAL,0
bgl_43514,100,0.682795,NORMAL,0
bgl_34904,100,1.434834,UNCERTAIN,0
bgl_37950,100,0.002002,NORMAL,0
bgl_32754,100,0.002002,NORMAL,0
bgl_46316,100,0.002495,NORMAL,0
bgl_3153,100,9.139705,ANOMALY,1
bgl_46158,100,0.000783,NORMAL,0
bgl_46502,100,0.645875,NORMAL,0
bgl_9122,100,0.000462,NORMAL,0
bgl_8011,100,0.010121,NORMAL,0
bgl_16586,100,0.003246,NORMAL,0
bgl_19661,100,0.003246,NORMAL,0
bgl_4094,100,0.001405,NORMAL,0
bgl_15874,100,0.003246,NORMAL,0
bgl_24894,100,0.003246,NORMAL,0
bgl_44849,100,0.672383,NORMAL,0
bgl_1008,100,0.003246,NORMAL,0
bgl_15741,100,0.003246,NORMAL,0
bgl_9181,100,0.000462,NORMAL,0
bgl_34223,100,0.00237,NORMAL,0
bgl_40653,100,0.002002,NORMAL,0
bgl_9710,100,0.003246,NORMAL,0
bgl_44963,100,0.702177,NORMAL,0
bgl_10985,100,1.131002,NORMAL,0
bgl_10926,100,0.318227,NORMAL,0
bgl_41468,100,0.284363,NORMAL,0
bgl_7154,100,0.248487,NORMAL,0
bgl_19738,100,0.003246,NORMAL,0
bgl_1440,100,0.003246,NORMAL,0
bgl_12410,100,0.709548,NORMAL,0
bgl_5260,100,8.132814,ANOMALY,1
bgl_44440,100,0.66777,NORMAL,0
bgl_27663,100,0.003246,NORMAL,0
bgl_37119,100,0.002002,NORMAL,0
bgl_46190,100,0.003616,NORMAL,0
bgl_33500,100,9.139705,ANOMALY,1
bgl_40959,100,0.002002,NORMAL,0
bgl_31962,100,0.002002,NORMAL,0
bgl_938,100,0.003246,NORMAL,0
bgl_6688,100,0.389664,NORMAL,0
bgl_37094,100,0.002002,NORMAL,0
bgl_7298,100,0.550999,NORMAL,0
bgl_11248,100,0.003246,NORMAL,0
bgl_31870,100,0.089038,NORMAL,0
bgl_7820,100,0.010121,NORMAL,0
bgl_23695,100,0.003246,NORMAL,0
bgl_3342,100,9.139705,ANOMALY,1
bgl_34651,100,0.00237,NORMAL,0
bgl_5458,100,0.259289,NORMAL,0
bgl_17446,100,0.003246,NORMAL,0
bgl_4007,100,0.001405,NORMAL,0
bgl_19281,100,0.003246,NORMAL,0
bgl_25929,100,0.257473,NORMAL,0
bgl_3646,100,9.139705,ANOMALY,1
bgl_6247,100,0.324934,NORMAL,0
bgl_3310,100,9.139705,ANOMALY,1
bgl_25842,100,0.00411,NORMAL,0
bgl_23131,100,0.798452,NORMAL,0
bgl_31540,100,0.258081,NORMAL,0
bgl_45089,100,0.648753,NORMAL,0
bgl_1353,100,0.010121,NORMAL,0
bgl_42180,100,0.000609,NORMAL,0
bgl_8566,100,0.003246,NORMAL,0
bgl_10437,100,0.007853,NORMAL,0
bgl_25580,100,0.00411,NORMAL,0
bgl_13646,100,0.000462,NORMAL,0
bgl_33783,100,0.804267,NORMAL,0
bgl_16071,100,0.003246,NORMAL,0
bgl_24166,100,0.707396,NORMAL,0
bgl_30473,100,0.81376,NORMAL,0
bgl_22053,100,0.003246,NORMAL,0
bgl_1426,100,0.003246,NORMAL,0
bgl_22843,100,0.003246,NORMAL,0
bgl_19330,100,0.003246,NORMAL,0
bgl_32347,100,0.000462,NORMAL,0
bgl_17605,100,0.003246,NORMAL,0
bgl_24955,100,0.003246,NORMAL,0
bgl_46362,100,0.694357,NORMAL,0
bgl_16581,100,0.003246,NORMAL,0
bgl_42056,100,0.000609,NORMAL,0
bgl_16492,100,0.003246,NORMAL,0
bgl_35257,100,3.508171,ANOMALY,1
bgl_21034,100,0.003246,NORMAL,0
bgl_42439,100,0.001215,NORMAL,0
bgl_35166,100,9.139705,ANOMALY,1
bgl_3805,100,0.003246,NORMAL,0
bgl_42967,100,0.683197,NORMAL,0
bgl_26408,100,0.00411,NORMAL,0
bgl_11956,100,0.003246,NORMAL,0
bgl_37731,100,0.002002,NORMAL,0
bgl_9444,100,0.000462,NORMAL,0
bgl_31100,100,0.710838,NORMAL,0
bgl_42321,100,1.3763,UNCERTAIN,0
bgl_45492,100,0.650404,NORMAL,0
bgl_4555,100,0.001405,NORMAL,0
bgl_37825,100,0.002002,NORMAL,0
bgl_10741,100,0.00316,NORMAL,0
bgl_9772,100,0.003246,NORMAL,0
bgl_22045,100,0.003246,NORMAL,0
bgl_15155,100,0.003246,NORMAL,0
bgl_26160,100,0.00411,NORMAL,0
bgl_23605,100,0.003246,NORMAL,0
bgl_21391,100,0.003246,NORMAL,0
bgl_5452,100,0.269847,NORMAL,0
bgl_31442,100,0.002002,NORMAL,0
bgl_42638,100,4.364334,ANOMALY,1
bgl_30597,100,0.000878,NORMAL,0
bgl_6939,100,0.235569,NORMAL,0
bgl_4884,100,8.132814,ANOMALY,1
bgl_3614,100,9.139705,ANOMALY,1
bgl_7502,100,0.00345,NORMAL,0
bgl_27272,100,0.003246,NORMAL,0
bgl_46468,100,9.139705,ANOMALY,1
bgl_25257,100,0.003246,NORMAL,0
bgl_21605,100,0.003246,NORMAL,0
bgl_23445,100,0.003246,NORMAL,0
bgl_39806,100,0.002002,NORMAL,0
bgl_13462,100,0.000462,NORMAL,0
bgl_15616,100,0.003246,NORMAL,0
bgl_41342,100,1.113608,NORMAL,0
bgl_18947,100,0.003246,NORMAL,0
bgl_44623,100,0.67533,NORMAL,0
bgl_14273,100,0.003246,NORMAL,0
bgl_30961,100,0.004105,NORMAL,0
bgl_35586,100,0.507939,NORMAL,0
bgl_34276,100,0.00237,NORMAL,0
bgl_45007,100,0.673348,NORMAL,0
bgl_19543,100,0.003246,NORMAL,0
bgl_15414,100,0.000462,NORMAL,0
bgl_32011,100,0.931657,NORMAL,0
bgl_26614,100,0.00411,NORMAL,0
bgl_556,100,0.003246,NORMAL,0
bgl_11174,100,0.003246,NORMAL,0
bgl_46880,100,0.010121,NORMAL,0
bgl_40741,100,9.139705,ANOMALY,1
bgl_24545,100,0.00411,NORMAL,0
bgl_18443,100,0.099329,NORMAL,0
bgl_9389,100,0.000462,NORMAL,0
bgl_7336,100,0.214242,NORMAL,0
bgl_47033,100,0.010121,NORMAL,0
bgl_8590,100,0.003246,NORMAL,0
bgl_21772,100,0.003246,NORMAL,0
bgl_11010,100,0.521946,NORMAL,0
bgl_16407,100,0.003246,NORMAL,0
bgl_21098,100,0.003246,NORMAL,0
bgl_43663,100,0.668549,NORMAL,0
bgl_22868,100,0.003246,NORMAL,0
bgl_24787,100,0.00411,NORMAL,0
bgl_8572,100,0.003246,NORMAL,0
bgl_43697,100,0.679912,NORMAL,0
bgl_26294,100,0.339642,NORMAL,0
bgl_10516,100,0.013685,NORMAL,0
bgl_34826,100,0.000878,NORMAL,0
bgl_35663,100,9.139705,ANOMALY,1
bgl_27207,100,0.003246,NORMAL,0
bgl_21260,100,0.003246,NORMAL,0
bgl_11468,100,0.000462,NORMAL,0
bgl_25855,100,0.00411,NORMAL,0
bgl_30037,100,1.301027,UNCERTAIN,0
bgl_24441,100,0.00411,NORMAL,0
bgl_41902,100,0.001215,NORMAL,0
bgl_39695,100,0.002002,NORMAL,0
bgl_36270,100,0.004105,NORMAL,0
bgl_14641,100,0.003246,NORMAL,0
bgl_29053,100,0.003246,NORMAL,0
bgl_25006,100,0.003246,NORMAL,0
bgl_31419,100,0.002002,NORMAL,0
bgl_8281,100,2.003847,UNCERTAIN,1
bgl_19970,100,1.141151,NORMAL,0
bgl_25207,100,0.417461,NORMAL,0
bgl_34648,100,0.00237,NORMAL,0
bgl_21218,100,0.940195,NORMAL,0
bgl_35997,100,9.139705,ANOMALY,1
bgl_20866,100,0.003246,NORMAL,0
bgl_39478,100,0.002002,NORMAL,0
bgl_11099,100,0.156397,NORMAL,0
bgl_39535,100,0.002002,NORMAL,0
bgl_39709,100,0.002002,NORMAL,0
bgl_31432,100,0.002002,NORMAL,0
bgl_45663,100,1.164528,NORMAL,1
bgl_17959,100,0.003246,NORMAL,0
bgl_37306,100,0.002002,NORMAL,0
bgl_17024,100,0.003246,NORMAL,0
bgl_45953,100,0.000522,NORMAL,0
bgl_9136,100,0.000462,NORMAL,0
bgl_11276,100,0.003246,NORMAL,0
bgl_14826,100,0.003246,NORMAL,0
bgl_9492,100,0.000462,NORMAL,0
bgl_29203,100,0.823518,NORMAL,0
bgl_3274,100,9.139705,ANOMALY,1
bgl_10199,100,0.003246,NORMAL,0
bgl_13586,100,0.000462,NORMAL,0
bgl_8219,100,0.003246,NORMAL,0
bgl_16944,100,0.003246,NORMAL,0
bgl_41159,100,0.002002,NORMAL,0
bgl_1158,100,0.003246,NORMAL,0
bgl_4962,100,8.132814,ANOMALY,1
bgl_44570,100,0.772036,NORMAL,0
bgl_6685,100,0.396362,NORMAL,0
bgl_31355,100,0.002002,NORMAL,0
bgl_16577,100,0.003246,NORMAL,0
bgl_46701,100,4.775826,ANOMALY,1
bgl_46767,100,0.010121,NORMAL,0
bgl_27227,100,0.003246,NORMAL,0
bgl_39719,100,0.002002,NORMAL,0
bgl_22783,100,0.003246,NORMAL,0
bgl_6503,100,0.242098,NORMAL,0
bgl_35104,100,1.039233,NORMAL,0
bgl_27505,100,0.003246,NORMAL,0
bgl_43423,100,0.693535,NORMAL,0
bgl_25204,100,0.00411,NORMAL,0
bgl_1413,100,0.003246,NORMAL,0
bgl_20514,100,0.003246,NORMAL,0
bgl_14309,100,0.003246,NORMAL,0
bgl_46831,100,0.010121,NORMAL,0
bgl_40583,100,0.002002,NORMAL,0
bgl_44367,100,0.675213,NORMAL,0
bgl_33014,100,0.001121,NORMAL,0
bgl_44737,100,0.698646,NORMAL,0
bgl_8400,100,0.003246,NORMAL,0
bgl_31958,100,0.002002,NORMAL,0
bgl_42649,100,3.858252,ANOMALY,0
bgl_1793,100,0.003246,NORMAL,0
bgl_13269,100,0.000462,NORMAL,0
bgl_31825,100,0.373961,NORMAL,0
bgl_33819,100,0.447106,NORMAL,0
bgl_42014,100,0.001215,NORMAL,0
bgl_6582,100,0.287618,NORMAL,0
bgl_8067,100,0.304916,NORMAL,0
bgl_33071,100,9.139705,ANOMALY,1
bgl_5406,100,0.188489,NORMAL,0
bgl_38942,100,0.002002,NORMAL,0
bgl_15003,100,0.003246,NORMAL,0
bgl_44484,100,0.85915,NORMAL,0
bgl_38894,100,0.002002,NORMAL,0
bgl_8225,100,0.003246,NORMAL,0
bgl_10158,100,0.003246,NORMAL,0
bgl_7475,100,0.003073,NORMAL,0
bgl_46908,100,0.010121,NORMAL,0
bgl_42653,100,4.575726,ANOMALY,1
bgl_474,100,0.003246,NORMAL,0
bgl_9364,100,0.000462,NORMAL,0
bgl_22432,100,3.256935,ANOMALY,0
bgl_2934,100,9.139705,ANOMALY,1
bgl_29887,100,0.099638,NORMAL,0
bgl_43836,100,0.671262,NORMAL,0
bgl_23144,100,1.710022,UNCERTAIN,0
bgl_22889,100,0.003246,NORMAL,0
bgl_1312,100,0.010121,NORMAL,0
bgl_38073,100,0.002002,NORMAL,0
bgl_22338,100,0.003246,NORMAL,0
bgl_24288,100,0.00411,NORMAL,0
bgl_20252,100,1.209985,UNCERTAIN,0
bgl_28964,100,0.003246,NORMAL,0
bgl_44826,100,0.670453,NORMAL,0
bgl_1293,100,0.010121,NORMAL,0
bgl_17398,100,0.003246,NORMAL,0
bgl_19286,100,0.003246,NORMAL,0
bgl_29002,100,0.003246,NORMAL,0
bgl_37405,100,0.002002,NORMAL,0
bgl_33624,100,0.002495,NORMAL,0
bgl_36368,100,1.131675,NORMAL,0
bgl_3166,100,9.139705,ANOMALY,1
bgl_36942,100,0.003616,NORMAL,0
bgl_12536,100,0.003246,NORMAL,0
bgl_25088,100,0.003246,NORMAL,0
bgl_29851,100,8.255816,ANOMALY,1
bgl_31397,100,0.829737,NORMAL,0
bgl_1655,100,0.270789,NORMAL,0
bgl_5683,100,0.210651,NORMAL,0
bgl_16172,100,0.003246,NORMAL,0
bgl_21594,100,0.003246,NORMAL,0
bgl_29391,100,0.00237,NORMAL,0
bgl_15820,100,8.230836,ANOMALY,1
bgl_690,100,0.341028,NORMAL,1
bgl_39750,100,0.27608,NORMAL,0
bgl_41502,100,0.002002,NORMAL,0
bgl_22576,100,0.003246,NORMAL,0
bgl_44034,100,0.668665,NORMAL,0
bgl_23656,100,0.003246,NORMAL,0
bgl_18986,100,0.003246,NORMAL,0
bgl_14814,100,0.003246,NORMAL,0
bgl_31526,100,0.000462,NORMAL,0
bgl_39977,100,0.002002,NORMAL,0
bgl_6479,100,0.347593,NORMAL,0
bgl_37218,100,0.637142,NORMAL,0
bgl_25156,100,0.00411,NORMAL,0
bgl_45143,100,1.017056,NORMAL,0
bgl_45415,100,0.67402,NORMAL,0
bgl_39445,100,0.002002,NORMAL,0
bgl_8510,100,2.053308,UNCERTAIN,0
bgl_923,100,0.003246,NORMAL,0
bgl_30896,100,0.004105,NORMAL,0
bgl_17573,100,0.003246,NORMAL,0
bgl_37291,100,0.002002,NORMAL,0
bgl_26838,100,0.00411,NORMAL,0
bgl_32035,100,0.908807,NORMAL,0
bgl_12748,100,0.003246,NORMAL,0
bgl_41537,100,0.664855,NORMAL,0
bgl_2033,100,0.003246,NORMAL,0
bgl_9522,100,0.000462,NORMAL,0
bgl_5971,100,0.258906,NORMAL,0
bgl_46401,100,0.305779,NORMAL,0
bgl_33972,100,0.00237,NORMAL,0
bgl_2319,100,9.139705,ANOMALY,1
bgl_22632,100,0.003246,NORMAL,0
bgl_20672,100,0.003246,NORMAL,0
bgl_38669,100,0.493584,NORMAL,0
bgl_43397,100,0.68353,NORMAL,0
bgl_34718,100,7.256238,ANOMALY,1
bgl_22223,100,0.003246,NORMAL,0
bgl_11463,100,0.000462,NORMAL,0
bgl_12799,100,0.003246,NORMAL,0
bgl_10728,100,0.119581,NORMAL,0
bgl_15813,100,0.023155,NORMAL,0
bgl_18768,100,0.003246,NORMAL,0
bgl_28792,100,0.003246,NORMAL,0
bgl_31911,100,0.002002,NORMAL,0
bgl_10097,100,0.003246,NORMAL,0
bgl_41343,100,0.662229,NORMAL,0
bgl_44465,100,0.680308,NORMAL,0
bgl_47064,100,0.010121,NORMAL,0
bgl_45814,100,2.725123,ANOMALY,1
bgl_40137,100,0.002002,NORMAL,0
bgl_32015,100,0.991287,NORMAL,0
bgl_8940,100,0.000462,NORMAL,0
bgl_41765,100,9.139705,ANOMALY,1
bgl_25724,100,0.00411,NORMAL,0
bgl_40730,100,0.002002,NORMAL,0
bgl_13388,100,0.000462,NORMAL,0
bgl_36203,100,1.321668,UNCERTAIN,0
bgl_8691,100,0.003246,NORMAL,0
bgl_29771,100,0.130963,NORMAL,0
bgl_37712,100,0.002002,NORMAL,0
bgl_43508,100,0.664778,NORMAL,0
bgl_4752,100,0.00316,NORMAL,0
bgl_28449,100,0.003246,NORMAL,0
bgl_7870,100,0.010121,NORMAL,0
bgl_40220,100,0.767126,NORMAL,1
bgl_18704,100,0.000462,NORMAL,0
bgl_36255,100,0.949071,NORMAL,0
bgl_678,100,0.172053,NORMAL,1
bgl_33841,100,0.341428,NORMAL,0
bgl_13624,100,0.000462,NORMAL,0
bgl_41215,100,0.002002,NORMAL,0
bgl_3454,100,9.139705,ANOMALY,1
bgl_24454,100,0.00411,NORMAL,0
bgl_22634,100,0.003246,NORMAL,0
bgl_10450,100,0.007853,NORMAL,0
bgl_44585,100,0.682017,NORMAL,0
bgl_11602,100,1.232271,UNCERTAIN,0
bgl_37466,100,0.002002,NORMAL,0
bgl_4541,100,0.001405,NORMAL,0
bgl_14495,100,0.003246,NORMAL,0
bgl_39246,100,0.002002,NORMAL,0
bgl_45463,100,0.671697,NORMAL,0
bgl_27765,100,0.003246,NORMAL,0
bgl_46774,100,0.010121,NORMAL,0
bgl_42551,100,0.001215,NORMAL,0
bgl_39861,100,0.002002,NORMAL,0
bgl_15126,100,0.681389,NORMAL,0
bgl_7671,100,0.001709,NORMAL,0
bgl_46053,100,0.000522,NORMAL,0
bgl_1206,100,1.467346,UNCERTAIN,0
bgl_5875,100,0.195019,NORMAL,0
bgl_15709,100,0.003246,NORMAL,0
bgl_32604,100,0.000462,NORMAL,0
bgl_45269,100,0.680155,NORMAL,0
bgl_35053,100,0.004105,NORMAL,0
bgl_13696,100,0.000462,NORMAL,0
bgl_14652,100,0.003246,NORMAL,0
bgl_11788,100,0.003246,NORMAL,0
bgl_20098,100,0.003246,NORMAL,0
bgl_19370,100,0.003246,NORMAL,0
bgl_41310,100,0.002002,NORMAL,0
bgl_44973,100,1.024239,NORMAL,0
bgl_17444,100,0.003246,NORMAL,0
bgl_13335,100,0.000462,NORMAL,0
bgl_21906,100,0.003246,NORMAL,0
bgl_35802,100,0.953783,NORMAL,0
bgl_29148,100,0.85671,NORMAL,0
bgl_39716,100,0.002002,NORMAL,0
bgl_17135,100,0.003246,NORMAL,0
bgl_46941,100,0.010121,NORMAL,0
bgl_43541,100,0.671571,NORMAL,0
bgl_6558,100,0.304023,NORMAL,0
bgl_2060,100,0.003246,NORMAL,0
bgl_13943,100,0.003246,NORMAL,0
bgl_21209,100,0.003246,NORMAL,0
bgl_46551,100,0.003795,NORMAL,0
bgl_1160,100,0.003246,NORMAL,0
bgl_13261,100,0.000462,NORMAL,0
bgl_11628,100,0.003246,NORMAL,0
bgl_5037,100,4.989464,ANOMALY,1
bgl_21893,100,0.003246,NORMAL,0
bgl_37958,100,0.002002,NORMAL,0
bgl_5300,100,5.191004,ANOMALY,1
bgl_32399,100,0.000462,NORMAL,0
bgl_25750,100,0.00411,NORMAL,0
bgl_5504,100,0.281339,NORMAL,0
bgl_9987,100,0.003246,NORMAL,0
bgl_19427,100,0.003246,NORMAL,0
bgl_29843,100,0.55223,NORMAL,0
bgl_31578,100,0.275998,NORMAL,0
bgl_32837,100,0.002002,NORMAL,0
bgl_5955,100,0.374445,NORMAL,0
bgl_10943,100,0.003246,NORMAL,0
bgl_43113,100,0.700564,NORMAL,0
bgl_7549,100,0.00297,NORMAL,0
bgl_36979,100,0.704782,NORMAL,0
bgl_15511,100,0.003246,NORMAL,0
bgl_12481,100,0.003246,NORMAL,0
bgl_32214,100,0.002002,NORMAL,0
bgl_44401,100,0.675775,NORMAL,0
bgl_26912,100,0.003246,NORMAL,0
bgl_18395,100,0.003246,NORMAL,0
bgl_18641,100,0.003246,NORMAL,0
bgl_39229,100,0.00411,NORMAL,0
bgl_18476,100,0.003246,NORMAL,0
bgl_26179,100,0.652514,NORMAL,0
bgl_31116,100,0.002002,NORMAL,0
bgl_2539,100,9.139705,ANOMALY,1
bgl_43331,100,0.689788,NORMAL,0
bgl_20404,100,0.000462,NORMAL,0
bgl_8984,100,0.000462,NORMAL,0
bgl_25124,100,0.003246,NORMAL,0
bgl_4117,100,0.001405,NORMAL,0
bgl_7752,100,0.003246,NORMAL,0
bgl_39368,100,0.002002,NORMAL,0
bgl_30603,100,0.000878,NORMAL,0
bgl_29281,100,0.32212,NORMAL,0
bgl_15420,100,0.000462,NORMAL,0
bgl_8463,100,0.066334,NORMAL,1
bgl_41349,100,1.71029,UNCERTAIN,0
bgl_269,100,0.172151,NORMAL,1
bgl_7542,100,0.00297,NORMAL,0
bgl_44272,100,0.676355,NORMAL,0
bgl_24247,100,0.00411,NORMAL,0
bgl_7551,100,0.00297,NORMAL,0
bgl_26964,100,0.003246,NORMAL,0
bgl_37751,100,0.002002,NORMAL,0
bgl_5347,100,0.336331,NORMAL,0
bgl_6167,100,0.272507,NORMAL,0
bgl_37181,100,0.635106,NORMAL,0
bgl_44535,100,0.679457,NORMAL,0
bgl_16469,100,0.003246,NORMAL,0
bgl_26076,100,0.758156,NORMAL,0
bgl_44934,100,0.745219,NORMAL,0
bgl_14801,100,0.003246,NORMAL,0
bgl_39206,100,0.002002,NORMAL,0
bgl_25705,100,0.00411,NORMAL,0
bgl_2824,100,9.139705,ANOMALY,1
bgl_29982,100,5.326738,ANOMALY,0
bgl_11350,100,0.000462,NORMAL,0
bgl_28879,100,0.003246,NORMAL,0
bgl_37752,100,0.002002,NORMAL,0
bgl_19710,100,0.003246,NORMAL,0
bgl_44332,100,1.026647,NORMAL,0
bgl_5179,100,0.00316,NORMAL,0
bgl_694,100,0.500811,NORMAL,1
bgl_44859,100,0.666629,NORMAL,0
bgl_46433,100,0.368154,NORMAL,0
bgl_46490,100,0.002495,NORMAL,0
bgl_30951,100,0.004105,NORMAL,0
bgl_4512,100,0.001405,NORMAL,0
bgl_39928,100,0.002002,NORMAL,0
bgl_40303,100,0.928383,NORMAL,0
bgl_16181,100,0.003246,NORMAL,0
bgl_12759,100,0.003246,NORMAL,0
bgl_27330,100,0.003246,NORMAL,0
bgl_9824,100,0.003246,NORMAL,0
bgl_22545,100,0.003246,NORMAL,0
bgl_35393,100,5.54948,ANOMALY,1
bgl_18682,100,0.000462,NORMAL,0
bgl_7920,100,0.010121,NORMAL,0
bgl_46768,100,0.010121,NORMAL,0
bgl_41884,100,0.920757,NORMAL,0
bgl_27906,100,0.645284,NORMAL,0
bgl_5318,100,0.266669,NORMAL,0
bgl_36123,100,0.00175,NORMAL,0
bgl_44170,100,0.668149,NORMAL,0
bgl_19487,100,0.003246,NORMAL,0
bgl_4461,100,0.001405,NORMAL,0
bgl_20267,100,0.000462,NORMAL,0
bgl_44420,100,0.66563,NORMAL,0
bgl_25412,100,0.003246,NORMAL,0
bgl_40772,100,0.002002,NORMAL,0
bgl_15425,100,0.000462,NORMAL,0
bgl_4651,100,8.132814,ANOMALY,1
bgl_34088,100,0.00237,NORMAL,0
bgl_17238,100,0.003246,NORMAL,0
bgl_27547,100,0.003246,NORMAL,0
bgl_4692,100,0.001405,NORMAL,0
bgl_10470,100,0.033659,NORMAL,0
bgl_10194,100,0.003246,NORMAL,0
bgl_3682,100,9.139705,ANOMALY,1
bgl_19862,100,0.003246,NORMAL,0
bgl_40129,100,0.002002,NORMAL,0
bgl_16653,100,0.003246,NORMAL,0
bgl_35343,100,0.130963,NORMAL,0
bgl_31795,100,0.403949,NORMAL,0
bgl_46179,100,0.003616,NORMAL,0
bgl_36431,100,0.004105,NORMAL,0
bgl_8209,100,0.003246,NORMAL,0
bgl_36933,100,0.002495,NORMAL,0
bgl_43585,100,0.678373,NORMAL,0
bgl_34313,100,0.00237,NORMAL,0
bgl_15998,100,0.003246,NORMAL,0
bgl_36287,100,1.092217,NORMAL,0
bgl_34698,100,0.003616,NORMAL,0
bgl_12636,100,0.003246,NORMAL,0
bgl_19874,100,0.003246,NORMAL,0
bgl_27945,100,0.003246,NORMAL,0
bgl_16041,100,0.003246,NORMAL,0
bgl_7941,100,0.010121,NORMAL,0
bgl_34918,100,1.347568,UNCERTAIN,0
bgl_16915,100,0.003246,NORMAL,0
bgl_1129,100,0.003246,NORMAL,0
bgl_34642,100,0.00237,NORMAL,0
bgl_35472,100,0.002495,NORMAL,0
bgl_28284,100,0.003246,NORMAL,0
bgl_24212,100,0.00411,NORMAL,0
bgl_15719,100,0.003246,NORMAL,0
bgl_36101,100,0.00175,NORMAL,0
bgl_28734,100,0.003246,NORMAL,0
bgl_30375,100,0.898469,NORMAL,1
bgl_15228,100,0.987246,NORMAL,0
bgl_43603,100,0.669538,NORMAL,0
bgl_8709,100,0.231373,NORMAL,1
bgl_1273,100,0.010121,NORMAL,0
bgl_32359,100,0.000462,NORMAL,0
bgl_23965,100,0.003246,NORMAL,0
bgl_3281,100,9.139705,ANOMALY,1
bgl_448,100,0.003246,NORMAL,0
bgl_2786,100,9.139705,ANOMALY,1
bgl_43904,100,0.668521,NORMAL,0
bgl_21431,100,0.003246,NORMAL,0
bgl_5660,100,0.402626,NORMAL,0
bgl_38896,100,0.002002,NORMAL,0
bgl_32156,100,0.000462,NORMAL,0
bgl_8291,100,0.010121,NORMAL,0
bgl_2625,100,9.139705,ANOMALY,1
bgl_6373,100,0.378335,NORMAL,0
bgl_1991,100,0.003246,NORMAL,0
bgl_45448,100,0.691786,NORMAL,0
bgl_2678,100,9.139705,ANOMALY,1
bgl_12717,100,0.003246,NORMAL,0
bgl_40227,100,0.130963,NORMAL,0
bgl_21009,100,0.003246,NORMAL,0
bgl_30286,100,0.000656,NORMAL,0
bgl_37464,100,0.002002,NORMAL,0
bgl_31945,100,0.002002,NORMAL,0
bgl_940,100,0.003246,NORMAL,0
bgl_19192,100,0.003246,NORMAL,0
bgl_1907,100,0.003246,NORMAL,0
bgl_17225,100,0.003246,NORMAL,0
bgl_174,100,0.345339,NORMAL,0
bgl_38094,100,0.198241,NORMAL,0
bgl_19320,100,0.003246,NORMAL,0
bgl_3766,100,0.130963,NORMAL,0
bgl_15977,100,0.003246,NORMAL,0
bgl_42559,100,9.557899,ANOMALY,1
bgl_22796,100,0.003246,NORMAL,0
bgl_45634,100,3.946092,ANOMALY,1
bgl_38418,100,0.002002,NORMAL,0
bgl_27127,100,0.003246,NORMAL,0
bgl_35283,100,0.002495,NORMAL,0
bgl_27785,100,0.003246,NORMAL,0
bgl_43857,100,0.674405,NORMAL,0
bgl_44132,100,0.668875,NORMAL,0
bgl_24309,100,0.00411,NORMAL,0
bgl_13165,100,0.000462,NORMAL,0
bgl_36394,100,0.002495,NORMAL,0
bgl_12368,100,0.11386,NORMAL,0
bgl_519,100,0.003246,NORMAL,0
bgl_25749,100,0.00411,NORMAL,0
bgl_28109,100,0.003246,NORMAL,0
bgl_23985,100,0.003246,NORMAL,0
bgl_28355,100,0.096309,NORMAL,0
bgl_27569,100,0.003246,NORMAL,0
bgl_32891,100,0.002002,NORMAL,0
bgl_11398,100,0.000462,NORMAL,0
bgl_9130,100,0.000462,NORMAL,0
bgl_31479,100,0.002002,NORMAL,0
bgl_26397,100,0.00411,NORMAL,0
bgl_35054,100,0.004105,NORMAL,0
bgl_31809,100,0.403319,NORMAL,0
bgl_30974,100,0.004105,NORMAL,0
bgl_26768,100,0.00411,NORMAL,0
bgl_6333,100,0.427448,NORMAL,0
bgl_24412,100,0.00411,NORMAL,0
bgl_1652,100,0.003246,NORMAL,0
bgl_20638,100,0.003246,NORMAL,0
bgl_26797,100,0.00411,NORMAL,0
bgl_27209,100,0.003246,NORMAL,0
bgl_36632,100,1.210221,UNCERTAIN,0
bgl_32576,100,0.000462,NORMAL,0
bgl_41217,100,0.002002,NORMAL,0
bgl_34864,100,0.000878,NORMAL,0
bgl_29299,100,0.475292,NORMAL,0
bgl_24160,100,1.095626,NORMAL,1
bgl_33593,100,1.378624,UNCERTAIN,0
bgl_22915,100,0.003246,NORMAL,0
bgl_16618,100,0.003246,NORMAL,0
bgl_23526,100,0.003246,NORMAL,0
bgl_20282,100,0.000462,NORMAL,0
bgl_29385,100,0.130572,NORMAL,0
bgl_13345,100,0.000462,NORMAL,0
bgl_20657,100,0.003246,NORMAL,0
bgl_6136,100,0.464662,NORMAL,0
bgl_18074,100,0.003246,NORMAL,0
bgl_785,100,0.833634,NORMAL,1
bgl_15120,100,0.140623,NORMAL,0
bgl_43974,100,0.669972,NORMAL,0
bgl_23747,100,0.003246,NORMAL,0
bgl_28406,100,0.003246,NORMAL,0
bgl_36395,100,0.002495,NORMAL,0
bgl_18475,100,0.003246,NORMAL,0
bgl_15144,100,2.236884,ANOMALY,0
bgl_26063,100,0.678989,NORMAL,0
bgl_33813,100,1.180524,NORMAL,0
bgl_19713,100,0.003246,NORMAL,0
bgl_8052,100,0.219706,NORMAL,0
bgl_4466,100,0.001405,NORMAL,0
bgl_21864,100,0.003246,NORMAL,0
bgl_18535,100,0.003246,NORMAL,0
bgl_28745,100,0.003246,NORMAL,0
bgl_32780,100,0.002002,NORMAL,0
bgl_8082,100,0.010121,NORMAL,0
bgl_32649,100,0.002002,NORMAL,0
bgl_33187,100,9.139705,ANOMALY,1
bgl_25479,100,0.003246,NORMAL,0
bgl_45221,100,0.661076,NORMAL,0
bgl_31498,100,0.696206,NORMAL,0
bgl_3027,100,9.139705,ANOMALY,1
bgl_39257,100,0.002002,NORMAL,0
bgl_26362,100,0.00411,NORMAL,0
bgl_12250,100,0.003246,NORMAL,0
bgl_2516,100,9.139705,ANOMALY,1
bgl_13042,100,0.000462,NORMAL,0
bgl_30830,100,4.720082,ANOMALY,1
bgl_7486,100,0.00345,NORMAL,0
bgl_35827,100,0.403784,NORMAL,0
bgl_7721,100,0.013571,NORMAL,0
bgl_36482,100,0.91514,NORMAL,0
bgl_13056,100,0.000462,NORMAL,0
bgl_24640,100,0.00411,NORMAL,0
bgl_27103,100,0.003246,NORMAL,0
bgl_32513,100,0.000462,NORMAL,0
bgl_8693,100,0.162198,NORMAL,0
bgl_21965,100,0.003246,NORMAL,0
bgl_1484,100,0.14764,NORMAL,0
bgl_14784,100,0.003246,NORMAL,0
bgl_42566,100,9.653816,ANOMALY,1
bgl_39452,100,0.002002,NORMAL,0
bgl_41788,100,9.139705,ANOMALY,1
bgl_38713,100,0.00411,NORMAL,0
bgl_794,100,0.003246,NORMAL,0
bgl_2272,100,9.139705,ANOMALY,1
bgl_39265,100,0.002002,NORMAL,0
bgl_28249,100,0.003246,NORMAL,0
bgl_6237,100,0.157109,NORMAL,0
bgl_23913,100,0.003246,NORMAL,0
bgl_39325,100,0.002002,NORMAL,0
bgl_28032,100,0.003246,NORMAL,0
bgl_6298,100,0.35796,NORMAL,0
bgl_28478,100,0.003246,NORMAL,0
bgl_11239,100,0.003246,NORMAL,0
bgl_18151,100,0.096309,NORMAL,0
bgl_3198,100,9.139705,ANOMALY,1
bgl_24534,100,0.00411,NORMAL,0
bgl_35123,100,0.778349,NORMAL,0
bgl_15074,100,0.003246,NORMAL,0
bgl_36566,100,0.67267,NORMAL,0
bgl_40315,100,1.65797,UNCERTAIN,0
bgl_26312,100,0.719453,NORMAL,0
bgl_23730,100,0.003246,NORMAL,0
bgl_30042,100,1.253223,UNCERTAIN,0
bgl_26310,100,0.922569,NORMAL,0
bgl_10583,100,0.013633,NORMAL,0
bgl_7304,100,0.606348,NORMAL,0
bgl_14684,100,0.003246,NORMAL,0
bgl_46281,100,0.463498,NORMAL,0
bgl_27708,100,0.003246,NORMAL,0
bgl_41052,100,0.002002,NORMAL,0
bgl_28375,100,0.003246,NORMAL,0
bgl_11098,100,0.195484,NORMAL,0
bgl_31473,100,0.002002,NORMAL,0
bgl_31196,100,0.348873,NORMAL,0
bgl_20730,100,0.003246,NORMAL,0
bgl_28536,100,0.003246,NORMAL,0
bgl_17574,100,0.003246,NORMAL,0
bgl_16832,100,0.003246,NORMAL,0
bgl_1546,100,0.003246,NORMAL,0
bgl_5461,100,0.20353,NORMAL,0
bgl_42190,100,0.000609,NORMAL,0
bgl_44283,100,0.676004,NORMAL,0
bgl_29594,100,0.866109,NORMAL,0
bgl_12106,100,0.003246,NORMAL,0
bgl_18139,100,0.003246,NORMAL,0
bgl_44833,100,1.032269,NORMAL,0
bgl_12029,100,0.003246,NORMAL,0
bgl_32592,100,0.000462,NORMAL,0
bgl_34369,100,0.00237,NORMAL,0
bgl_29559,100,2.398984,ANOMALY,1
bgl_13363,100,0.000462,NORMAL,0
bgl_42872,100,0.230197,NORMAL,0
bgl_18058,100,0.003246,NORMAL,0
bgl_7531,100,0.00297,NORMAL,0
bgl_29564,100,0.021526,NORMAL,0
bgl_16792,100,0.003246,NORMAL,0
bgl_18646,100,0.000462,NORMAL,0
bgl_42112,100,0.000609,NORMAL,0
bgl_22875,100,0.003246,NORMAL,0
bgl_8383,100,0.562784,NORMAL,0
bgl_36447,100,0.003616,NORMAL,0
bgl_36949,100,0.003616,NORMAL,0
bgl_342,100,0.003246,NORMAL,0
bgl_23389,100,0.003246,NORMAL,0
bgl_7226,100,0.267581,NORMAL,0
bgl_47046,100,0.010121,NORMAL,0
bgl_26691,100,0.089481,NORMAL,0
bgl_8285,100,0.010121,NORMAL,0
bgl_27067,100,0.003246,NORMAL,0
bgl_37671,100,0.002002,NORMAL,0
bgl_42492,100,0.001215,NORMAL,0
bgl_46057,100,0.000522,NORMAL,0
bgl_17098,100,0.003246,NORMAL,0
bgl_45459,100,0.662816,NORMAL,0
bgl_41464,100,0.002002,NORMAL,0
bgl_19956,100,0.003616,NORMAL,0
bgl_11464,100,0.000462,NORMAL,0
bgl_33814,100,0.914804,NORMAL,0
bgl_8334,100,0.010121,NORMAL,0
bgl_31279,100,0.002002,NORMAL,0
bgl_2035,100,0.003246,NORMAL,0
bgl_3690,100,9.139705,ANOMALY,1
bgl_36227,100,0.003616,NORMAL,0
bgl_6704,100,0.491489,NORMAL,0
bgl_26348,100,0.00411,NORMAL,0
bgl_34546,100,0.00237,NORMAL,0
bgl_22961,100,0.003246,NORMAL,0
bgl_19119,100,0.003246,NORMAL,0
bgl_43092,100,0.693259,NORMAL,0
bgl_30933,100,0.004105,NORMAL,0
bgl_17608,100,0.003246,NORMAL,0
bgl_18127,100,0.003246,NORMAL,0
bgl_32073,100,0.000462,NORMAL,0
bgl_30349,100,0.000656,NORMAL,0
bgl_17474,100,0.003246,NORMAL,0
bgl_2679,100,9.139705,ANOMALY,1
bgl_22218,100,0.003246,NORMAL,0
bgl_6994,100,0.316967,NORMAL,0
bgl_23250,100,0.003246,NORMAL,0
bgl_12906,100,0.273603,NORMAL,0
bgl_2642,100,9.139705,ANOMALY,1
bgl_41555,100,0.720808,NORMAL,0
bgl_33244,100,4.693765,ANOMALY,1
bgl_977,100,0.122569,NORMAL,0
bgl_22853,100,0.003246,NORMAL,0
bgl_39951,100,0.002002,NORMAL,0
bgl_13470,100,0.000462,NORMAL,0
bgl_15243,100,3.905245,ANOMALY,1
bgl_13446,100,0.000462,NORMAL,0
bgl_36157,100,0.00175,NORMAL,0
bgl_8083,100,0.010121,NORMAL,0
bgl_43482,100,0.700546,NORMAL,0
bgl_43855,100,0.680055,NORMAL,0
bgl_38205,100,0.002002,NORMAL,0
bgl_31194,100,0.002002,NORMAL,0
bgl_25578,100,0.00411,NORMAL,0
bgl_40189,100,0.002002,NORMAL,0
bgl_21511,100,0.003246,NORMAL,0
bgl_18160,100,0.003246,NORMAL,0
bgl_24754,100,0.00411,NORMAL,0
bgl_6309,100,0.298273,NORMAL,0
bgl_41628,100,0.431401,NORMAL,0
bgl_17235,100,0.003246,NORMAL,0
bgl_22593,100,0.003246,NORMAL,0
bgl_30348,100,0.000656,NORMAL,0
bgl_34162,100,0.00237,NORMAL,0
bgl_25786,100,0.00411,NORMAL,0
bgl_13342,100,0.000462,NORMAL,0
bgl_17602,100,0.003246,NORMAL,0
bgl_11755,100,0.003246,NORMAL,0
bgl_1817,100,0.003246,NORMAL,0
bgl_8911,100,0.000462,NORMAL,0
bgl_999,100,0.003246,NORMAL,0
bgl_20149,100,0.003246,NORMAL,0
bgl_43064,100,0.680999,NORMAL,0
bgl_10854,100,0.009935,NORMAL,0
bgl_19776,100,0.003246,NORMAL,0
bgl_40869,100,0.002002,NORMAL,0
bgl_11789,100,0.003246,NORMAL,0
bgl_7544,100,0.00297,NORMAL,0
bgl_41583,100,2.23576,ANOMALY,0
bgl_7391,100,7.255708,ANOMALY,1
bgl_7898,100,0.010121,NORMAL,0
bgl_4983,100,8.132814,ANOMALY,1
bgl_5738,100,0.374046,NORMAL,0
bgl_7912,100,0.010121,NORMAL,0
bgl_1790,100,0.003246,NORMAL,0
bgl_6706,100,0.387358,NORMAL,0
bgl_43227,100,0.694144,NORMAL,0
bgl_26968,100,0.003246,NORMAL,0
bgl_26169,100,0.601236,NORMAL,0
bgl_9260,100,0.330222,NORMAL,0
bgl_47110,100,0.616382,NORMAL,0
bgl_41020,100,0.002002,NORMAL,0
bgl_2007,100,0.256875,NORMAL,0
bgl_8184,100,0.003246,NORMAL,0
bgl_32162,100,0.000462,NORMAL,0
bgl_17423,100,0.003246,NORMAL,0
bgl_24835,100,0.00411,NORMAL,0
bgl_15395,100,0.000462,NORMAL,0
bgl_37071,100,0.672997,NORMAL,0
bgl_35910,100,0.003616,NORMAL,0
bgl_35759,100,1.110648,NORMAL,0
bgl_27123,100,0.003246,NORMAL,0
bgl_29257,100,0.348201,NORMAL,0
bgl_10646,100,0.077924,NORMAL,0
bgl_38404,100,0.002002,NORMAL,0
bgl_30919,100,0.004105,NORMAL,0
bgl_36978,100,0.350876,NORMAL,0
bgl_27798,100,0.003246,NORMAL,0
bgl_36298,100,0.860929,NORMAL,0
bgl_6869,100,0.305939,NORMAL,0
bgl_1884,100,0.003246,NORMAL,0
bgl_34680,100,0.003616,NORMAL,0
bgl_26221,100,0.378331,NORMAL,0
bgl_31289,100,0.000462,NORMAL,0
bgl_30490,100,1.538145,UNCERTAIN,1
bgl_6028,100,0.165716,NORMAL,0
bgl_28088,100,0.003246,NORMAL,0
bgl_34310,100,0.00237,NORMAL,0
bgl_20427,100,0.000462,NORMAL,0
bgl_30692,100,6.047961,ANOMALY,1
bgl_36896,100,0.174456,NORMAL,0
bgl_31893,100,0.002002,NORMAL,0
bgl_3451,100,9.139705,ANOMALY,1
bgl_13415,100,0.000462,NORMAL,0
bgl_23335,100,0.003246,NORMAL,0
bgl_19613,100,0.003246,NORMAL,0
bgl_4912,100,8.132814,ANOMALY,1
bgl_19176,100,0.003246,NORMAL,0
bgl_4086,100,0.001405,NORMAL,0
bgl_5556,100,0.386532,NORMAL,0
bgl_39026,100,0.002002,NORMAL,0
bgl_3172,100,9.139705,ANOMALY,1
bgl_12657,100,0.003246,NORMAL,0
bgl_29326,100,0.278788,NORMAL,0
bgl_43523,100,0.66612,NORMAL,0
bgl_11553,100,0.000462,NORMAL,0
bgl_41318,100,0.002002,NORMAL,0
bgl_3784,100,0.003246,NORMAL,0
bgl_30163,100,0.003616,NORMAL,0
bgl_20983,100,0.003246,NORMAL,0
bgl_39765,100,0.002002,NORMAL,0
bgl_41631,100,1.439416,UNCERTAIN,0
bgl_27151,100,0.003246,NORMAL,0
bgl_16209,100,0.003246,NORMAL,0
bgl_16358,100,0.003246,NORMAL,0
bgl_7387,100,7.176977,ANOMALY,1
bgl_26620,100,0.00411,NORMAL,0
bgl_12331,100,0.130963,NORMAL,0
bgl_9121,100,0.000462,NORMAL,0
bgl_31750,100,0.440959,NORMAL,0
bgl_5001,100,4.963466,ANOMALY,1
bgl_6556,100,0.169773,NORMAL,0
bgl_10734,100,0.234005,NORMAL,0
bgl_32623,100,0.002002,NORMAL,0
bgl_28503,100,0.003246,NORMAL,0
bgl_42691,100,8.852178,ANOMALY,1
bgl_24060,100,0.003246,NORMAL,0
bgl_5346,100,0.250398,NORMAL,0
bgl_46480,100,0.002495,NORMAL,0
bgl_18927,100,0.003246,NORMAL,0
bgl_18647,100,0.000462,NORMAL,0
bgl_18688,100,0.000462,NORMAL,0
bgl_25632,100,0.00411,NORMAL,0
bgl_43681,100,0.669197,NORMAL,0
bgl_2195,100,0.003246,NORMAL,0
bgl_15180,100,0.003246,NORMAL,0
bgl_30431,100,0.003616,NORMAL,0
bgl_33888,100,0.000878,NORMAL,0
bgl_36701,100,0.130963,NORMAL,0
bgl_10785,100,0.013633,NORMAL,0
bgl_1723,100,0.003246,NORMAL,0
bgl_34069,100,0.00237,NORMAL,0
bgl_11608,100,0.130963,NORMAL,0
bgl_15825,100,0.003246,NORMAL,0
bgl_24223,100,0.00411,NORMAL,0
bgl_7535,100,0.00297,NORMAL,0
bgl_5820,100,0.20274,NORMAL,0
bgl_42646,100,1.943344,UNCERTAIN,1
bgl_16604,100,0.003246,NORMAL,0
bgl_12649,100,0.003246,NORMAL,0
bgl_5655,100,0.246629,NORMAL,0
bgl_46830,100,0.010121,NORMAL,0
bgl_1287,100,0.010121,NORMAL,0
bgl_21900,100,0.003246,NORMAL,0
bgl_4653,100,2.212401,ANOMALY,1
bgl_31007,100,2.38616,ANOMALY,1
bgl_8975,100,0.000462,NORMAL,0
bgl_17668,100,0.003246,NORMAL,0
bgl_1069,100,0.003246,NORMAL,0
bgl_30235,100,0.000656,NORMAL,0
bgl_32369,100,0.000462,NORMAL,0
bgl_5652,100,0.287193,NORMAL,0
bgl_31322,100,0.000462,NORMAL,0
bgl_45550,100,0.682572,NORMAL,0
bgl_21071,100,0.003246,NORMAL,0
bgl_30066,100,1.181168,NORMAL,0
bgl_15487,100,0.000462,NORMAL,0
bgl_34427,100,0.00237,NORMAL,0
bgl_25861,100,0.00411,NORMAL,0
bgl_29064,100,0.003246,NORMAL,0
bgl_12444,100,0.003246,NORMAL,0
bgl_1540,100,0.003246,NORMAL,0
bgl_13791,100,0.000462,NORMAL,0
bgl_19212,100,0.003246,NORMAL,0
bgl_5917,100,0.394337,NORMAL,0
bgl_29885,100,0.021526,NORMAL,0
bgl_646,100,0.003246,NORMAL,0
bgl_11327,100,0.003246,NORMAL,0
bgl_43538,100,0.672773,NORMAL,0
bgl_16318,100,0.003246,NORMAL,0
bgl_13102,100,0.000462,NORMAL,0
bgl_10306,100,0.055957,NORMAL,0
bgl_37769,100,0.002002,NORMAL,0
bgl_17002,100,0.003246,NORMAL,0
bgl_22059,100,0.003246,NORMAL,0
bgl_8421,100,0.130963,NORMAL,0
bgl_30832,100,2.982544,ANOMALY,1
bgl_44771,100,0.693164,NORMAL,0
bgl_35082,100,0.003616,NORMAL,0
bgl_27551,100,0.003246,NORMAL,0
bgl_37765,100,0.002002,NORMAL,0
bgl_32674,100,0.002002,NORMAL,0
bgl_2841,100,9.139705,ANOMALY,1
bgl_42998,100,0.697008,NORMAL,0
bgl_22403,100,0.003246,NORMAL,0
bgl_30887,100,0.158684,NORMAL,0
bgl_26399,100,0.00411,NORMAL,0
bgl_27131,100,0.003246,NORMAL,0
bgl_40846,100,0.002002,NORMAL,0
bgl_22726,100,0.003246,NORMAL,0
bgl_26504,100,0.00411,NORMAL,0
bgl_3276,100,9.139705,ANOMALY,1
bgl_8884,100,0.000462,NORMAL,0
bgl_4115,100,0.001405,NORMAL,0
bgl_29382,100,0.00237,NORMAL,0
bgl_7673,100,0.001709,NORMAL,0
bgl_7869,100,0.010121,NORMAL,0
bgl_18545,100,0.003246,NORMAL,0
bgl_27764,100,0.003246,NORMAL,0
bgl_44740,100,1.091538,NORMAL,0
bgl_12932,100,0.000462,NORMAL,0
bgl_40786,100,9.139705,ANOMALY,1
bgl_23414,100,0.003246,NORMAL,0
bgl_11808,100,0.003246,NORMAL,0
bgl_40363,100,0.002002,NORMAL,0
bgl_42336,100,0.001215,NORMAL,0
bgl_17127,100,0.003246,NORMAL,0
bgl_42916,100,0.676756,NORMAL,0
bgl_38494,100,0.289897,NORMAL,0
bgl_25988,100,0.514182,NORMAL,0
bgl_21215,100,0.003246,NORMAL,0
bgl_31208,100,0.002002,NORMAL,0
bgl_19688,100,0.003246,NORMAL,0
bgl_23260,100,0.003246,NORMAL,0
bgl_33564,100,0.003616,NORMAL,0
bgl_24161,100,2.737487,ANOMALY,1
bgl_11000,100,0.521372,NORMAL,0
bgl_23110,100,0.003246,NORMAL,0
bgl_33807,100,1.812335,UNCERTAIN,0
bgl_1202,100,0.003246,NORMAL,0
bgl_20851,100,0.003246,NORMAL,0
bgl_41718,100,1.021253,NORMAL,0
bgl_41513,100,0.004105,NORMAL,0
bgl_41574,100,1.798245,UNCERTAIN,1
bgl_1880,100,0.003246,NORMAL,0
bgl_41901,100,0.001215,NORMAL,0
bgl_37630,100,0.002002,NORMAL,0
bgl_46144,100,0.973816,NORMAL,0
bgl_5891,100,0.407608,NORMAL,0
bgl_9644,100,0.003246,NORMAL,0
bgl_2460,100,9.139705,ANOMALY,1
bgl_44838,100,0.668963,NORMAL,0
bgl_9526,100,0.000462,NORMAL,0
bgl_40142,100,0.002002,NORMAL,0
bgl_29849,100,9.139705,ANOMALY,1
bgl_33981,100,0.00237,NORMAL,0
bgl_12640,100,0.003246,NORMAL,0
bgl_7078,100,0.260922,NORMAL,0
bgl_28341,100,0.003246,NORMAL,0
bgl_36762,100,0.562875,NORMAL,0
bgl_12309,100,0.003246,NORMAL,0
bgl_37348,100,0.002002,NORMAL,0
bgl_25746,100,0.00411,NORMAL,0
bgl_1895,100,0.441329,NORMAL,0
bgl_40084,100,0.002002,NORMAL,0
bgl_5730,100,0.319403,NORMAL,0
bgl_33216,100,1.128894,NORMAL,0
bgl_30313,100,0.000656,NORMAL,0
bgl_13873,100,0.003246,NORMAL,0
bgl_17913,100,0.003246,NORMAL,0
bgl_45795,100,0.500257,NORMAL,0
bgl_13579,100,0.000462,NORMAL,0
bgl_10900,100,1.296607,UNCERTAIN,0
bgl_16087,100,0.003246,NORMAL,0
bgl_32758,100,0.002002,NORMAL,0
bgl_42106,100,0.000609,NORMAL,0
bgl_23215,100,0.003246,NORMAL,0
bgl_12270,100,0.003246,NORMAL,0
bgl_36548,100,9.139705,ANOMALY,1
bgl_8467,100,0.003246,NORMAL,0
bgl_841,100,0.003246,NORMAL,0
bgl_29733,100,1.249208,UNCERTAIN,0
bgl_24509,100,0.00411,NORMAL,0
bgl_7065,100,0.300292,NORMAL,0
bgl_29600,100,0.495996,NORMAL,0
bgl_39787,100,0.002002,NORMAL,0
bgl_4441,100,8.132814,ANOMALY,1
bgl_7533,100,0.00297,NORMAL,0
bgl_37881,100,0.377355,NORMAL,0
bgl_33400,100,9.139705,ANOMALY,1
bgl_42771,100,9.513533,ANOMALY,1
bgl_11290,100,0.003246,NORMAL,0
bgl_13239,100,0.000462,NORMAL,0
bgl_29520,100,0.00237,NORMAL,0
bgl_42840,100,0.95732,NORMAL,0
bgl_12852,100,0.170718,NORMAL,1
bgl_13963,100,0.003246,NORMAL,0
bgl_41002,100,0.00411,NORMAL,0
bgl_39641,100,0.002002,NORMAL,0
bgl_23558,100,0.003246,NORMAL,0
bgl_11971,100,0.003246,NORMAL,0
bgl_46002,100,0.000522,NORMAL,0
bgl_17785,100,0.003246,NORMAL,0
bgl_7517,100,0.00345,NORMAL,0
bgl_23403,100,0.003246,NORMAL,0
bgl_38777,100,0.00411,NORMAL,0
bgl_44003,100,0.666734,NORMAL,0
bgl_18091,100,0.003246,NORMAL,0
bgl_1677,100,0.003246,NORMAL,0
bgl_11286,100,0.003246,NORMAL,0
bgl_33296,100,0.560769,NORMAL,0
bgl_14250,100,0.003246,NORMAL,0
bgl_39513,100,0.002002,NORMAL,0
bgl_3937,100,8.132814,ANOMALY,1
bgl_16300,100,0.003246,NORMAL,0
bgl_41183,100,0.002002,NORMAL,0
bgl_43888,100,0.675065,NORMAL,0
bgl_30532,100,6.0919,ANOMALY,1
bgl_7663,100,0.001709,NORMAL,0
bgl_9501,100,0.000462,NORMAL,0
bgl_27788,100,0.003246,NORMAL,0
bgl_22567,100,0.003246,NORMAL,0
bgl_222,100,0.168428,NORMAL,1
bgl_10783,100,0.146951,NORMAL,0
bgl_4495,100,0.001405,NORMAL,0
bgl_42213,100,8.437175,ANOMALY,1
bgl_22442,100,0.46921,NORMAL,0
bgl_40991,100,0.002002,NORMAL,0
bgl_36044,100,0.00175,NORMAL,0
bgl_44847,100,0.662063,NORMAL,0
bgl_32820,100,0.002002,NORMAL,0
bgl_33093,100,9.139705,ANOMALY,1
bgl_34435,100,0.00237,NORMAL,0
bgl_6963,100,0.164186,NORMAL,0
bgl_39862,100,0.002002,NORMAL,0
bgl_17416,100,0.003246,NORMAL,0
bgl_12238,100,0.003246,NORMAL,0
bgl_5663,100,0.385914,NORMAL,0
bgl_36984,100,0.002002,NORMAL,0
bgl_12583,100,0.003246,NORMAL,0
bgl_3386,100,9.139705,ANOMALY,1
bgl_10439,100,0.007853,NORMAL,0
bgl_20030,100,0.003246,NORMAL,0
bgl_43477,100,0.721754,NORMAL,0
bgl_43441,100,1.073662,NORMAL,0
bgl_45575,100,0.966072,NORMAL,1
bgl_46199,100,0.418281,NORMAL,0
bgl_544,100,0.003246,NORMAL,0
bgl_28344,100,0.003246,NORMAL,0
bgl_3720,100,9.139705,ANOMALY,1
bgl_24040,100,0.003246,NORMAL,0
bgl_32175,100,0.000462,NORMAL,0
bgl_26692,100,0.00411,NORMAL,0
bgl_22390,100,0.003246,NORMAL,0
bgl_18604,100,0.003246,NORMAL,0
bgl_28562,100,0.003246,NORMAL,0
bgl_8307,100,0.010121,NORMAL,0
bgl_16775,100,0.003246,NORMAL,0
bgl_12355,100,0.023155,NORMAL,0
bgl_6721,100,0.517353,NORMAL,0
bgl_32092,100,0.000462,NORMAL,0
bgl_33867,100,0.000878,NORMAL,0
bgl_24346,100,0.00411,NORMAL,0
bgl_25337,100,0.003246,NORMAL,0
bgl_25524,100,0.003246,NORMAL,0
bgl_39160,100,0.002002,NORMAL,0
bgl_16034,100,0.003246,NORMAL,0
bgl_32901,100,0.002002,NORMAL,0
bgl_18001,100,0.003246,NORMAL,0
bgl_29985,100,9.139705,ANOMALY,1
bgl_23159,100,0.003246,NORMAL,0
bgl_44395,100,0.6792,NORMAL,0
bgl_3854,100,8.132814,ANOMALY,1
bgl_3982,100,8.132814,ANOMALY,1
bgl_25903,100,0.10676,NORMAL,0
bgl_11841,100,0.003246,NORMAL,0
bgl_22235,100,0.003246,NORMAL,0
bgl_18268,100,0.003246,NORMAL,0
bgl_41251,100,0.002002,NORMAL,0
bgl_5767,100,0.013633,NORMAL,0
bgl_31332,100,0.002002,NORMAL,0
bgl_3001,100,9.139705,ANOMALY,1
bgl_40155,100,0.00411,NORMAL,0
bgl_40597,100,0.002002,NORMAL,0
bgl_39308,100,0.002002,NORMAL,0
bgl_40835,100,0.002002,NORMAL,0
bgl_23117,100,0.003246,NORMAL,0
bgl_23859,100,0.003246,NORMAL,0
bgl_1637,100,0.106216,NORMAL,0
bgl_43218,100,1.010902,NORMAL,0
bgl_28045,100,0.003246,NORMAL,0
bgl_32356,100,0.000462,NORMAL,0
bgl_6386,100,0.375389,NORMAL,0
bgl_6871,100,0.195892,NORMAL,0
bgl_43731,100,0.672234,NORMAL,0
bgl_32171,100,0.000462,NORMAL,0
bgl_5960,100,0.35402,NORMAL,0
bgl_19445,100,0.003246,NORMAL,0
bgl_28196,100,0.003246,NORMAL,0
bgl_20662,100,0.003246,NORMAL,0
bgl_14245,100,0.003246,NORMAL,0
bgl_934,100,0.003246,NORMAL,0
bgl_31180,100,0.002002,NORMAL,0
bgl_7248,100,0.229076,NORMAL,0
bgl_20838,100,0.003246,NORMAL,0
bgl_18644,100,0.000462,NORMAL,0
bgl_45553,100,0.682572,NORMAL,0
bgl_16520,100,0.003246,NORMAL,0
bgl_17349,100,0.003246,NORMAL,0
bgl_18335,100,0.003246,NORMAL,0
bgl_1572,100,0.003246,NORMAL,0
bgl_17981,100,0.003246,NORMAL,0
bgl_19452,100,0.003246,NORMAL,0
bgl_16018,100,0.003246,NORMAL,0
bgl_8230,100,0.003246,NORMAL,0
bgl_41623,100,0.286463,NORMAL,0
bgl_22667,100,0.003246,NORMAL,0
bgl_14108,100,0.003246,NORMAL,0
bgl_36599,100,9.139705,ANOMALY,1
bgl_3190,100,9.139705,ANOMALY,1
bgl_22910,100,0.003246,NORMAL,0
bgl_31497,100,0.723502,NORMAL,0
bgl_42558,100,8.460053,ANOMALY,1
bgl_42304,100,0.682909,NORMAL,0
bgl_26587,100,0.00411,NORMAL,0
bgl_23744,100,0.003246,NORMAL,0
bgl_38187,100,0.002002,NORMAL,0
bgl_36929,100,0.002495,NORMAL,0
bgl_40356,100,0.002002,NORMAL,0
bgl_36842,100,0.415165,NORMAL,0
bgl_13918,100,0.003246,NORMAL,0
bgl_30340,100,5.887301,ANOMALY,1
bgl_504,100,0.003246,NORMAL,0
bgl_10894,100,0.130963,NORMAL,0
bgl_9043,100,0.000462,NORMAL,0
bgl_4044,100,0.001405,NORMAL,0
bgl_46971,100,0.010121,NORMAL,0
bgl_16503,100,0.003246,NORMAL,0
bgl_23741,100,0.003246,NORMAL,0
bgl_34052,100,0.00237,NORMAL,0
bgl_21658,100,0.003246,NORMAL,0
bgl_23377,100,0.003246,NORMAL,0
bgl_34509,100,0.00237,NORMAL,0
bgl_16863,100,0.003246,NORMAL,0
bgl_29772,100,0.301384,NORMAL,0
bgl_16135,100,0.003246,NORMAL,0
bgl_3405,100,9.139705,ANOMALY,1
bgl_29738,100,0.021526,NORMAL,0
bgl_3295,100,9.139705,ANOMALY,1
bgl_14376,100,0.003246,NORMAL,0
bgl_27495,100,0.003246,NORMAL,0
bgl_14351,100,0.003246,NORMAL,0
bgl_36550,100,9.139705,ANOMALY,1
bgl_46689,100,5.271964,ANOMALY,1
bgl_26862,100,2.940307,ANOMALY,1
bgl_4764,100,0.00316,NORMAL,0
bgl_730,100,0.172151,NORMAL,1
bgl_30798,100,1.234224,UNCERTAIN,0
bgl_32349,100,0.000462,NORMAL,0
bgl_32334,100,0.000462,NORMAL,0
bgl_25232,100,0.003246,NORMAL,0
bgl_13428,100,0.000462,NORMAL,0
bgl_42727,100,0.001215,NORMAL,0
bgl_25769,100,0.00411,NORMAL,0
bgl_41515,100,0.488628,NORMAL,0
bgl_14414,100,0.003246,NORMAL,0
bgl_2108,100,0.003246,NORMAL,0
bgl_4276,100,0.003246,NORMAL,0
bgl_25175,100,0.00411,NORMAL,0
bgl_38619,100,0.166048,NORMAL,0
bgl_42512,100,0.001215,NORMAL,0
bgl_27676,100,0.003246,NORMAL,0
bgl_35295,100,1.228863,UNCERTAIN,0
bgl_21221,100,0.003246,NORMAL,0
bgl_9614,100,0.003246,NORMAL,0
bgl_4029,100,0.001405,NORMAL,0
bgl_18037,100,0.003246,NORMAL,0
bgl_8099,100,0.010121,NORMAL,0
bgl_37183,100,0.690319,NORMAL,0
bgl_16631,100,0.003246,NORMAL,0
bgl_31886,100,0.002002,NORMAL,0
bgl_46553,100,0.003795,NORMAL,0
bgl_24461,100,0.00411,NORMAL,0
bgl_30439,100,0.004105,NORMAL,0
bgl_12433,100,0.003246,NORMAL,0
bgl_34506,100,0.00237,NORMAL,0
bgl_34001,100,0.00237,NORMAL,0
bgl_41755,100,9.139705,ANOMALY,1
bgl_10020,100,0.003246,NORMAL,0
bgl_1587,100,0.003246,NORMAL,0
bgl_31984,100,0.004105,NORMAL,0
bgl_14304,100,0.003246,NORMAL,0
bgl_44992,100,0.663786,NORMAL,0
bgl_9496,100,0.000462,NORMAL,0
bgl_1345,100,0.010121,NORMAL,0
bgl_27465,100,0.003246,NORMAL,0
bgl_13795,100,0.000462,NORMAL,0
bgl_36647,100,0.130963,NORMAL,0
bgl_40707,100,0.002002,NORMAL,0
bgl_32438,100,0.000462,NORMAL,0
bgl_24999,100,0.003246,NORMAL,0
bgl_33193,100,9.139705,ANOMALY,1
bgl_36514,100,1.453727,UNCERTAIN,0
bgl_8807,100,0.003246,NORMAL,0
bgl_46446,100,9.139705,ANOMALY,1
bgl_33557,100,0.000878,NORMAL,0
bgl_11216,100,0.003246,NORMAL,0
bgl_46079,100,0.000522,NORMAL,0
bgl_21762,100,0.003246,NORMAL,0
bgl_35496,100,0.002495,NORMAL,0
bgl_15031,100,0.003246,NORMAL,0
bgl_23468,100,0.003246,NORMAL,0
bgl_30237,100,0.000656,NORMAL,0
bgl_36111,100,0.00175,NORMAL,0
bgl_16964,100,0.003246,NORMAL,0
bgl_41106,100,0.002002,NORMAL,0
bgl_20424,100,0.000462,NORMAL,0
bgl_15012,100,0.003246,NORMAL,0
bgl_7170,100,0.201306,NORMAL,0
bgl_6892,100,0.222666,NORMAL,0
bgl_2887,100,9.139705,ANOMALY,1
bgl_1482,100,0.202202,NORMAL,0
bgl_5856,100,0.013633,NORMAL,0
bgl_41895,100,0.433781,NORMAL,0
bgl_34259,100,0.00237,NORMAL,0
bgl_19236,100,0.003246,NORMAL,0
bgl_28565,100,0.003246,NORMAL,0
bgl_14474,100,0.537089,NORMAL,0
bgl_22182,100,0.003246,NORMAL,0
bgl_23726,100,0.003246,NORMAL,0
bgl_30959,100,0.191761,NORMAL,0
bgl_27583,100,0.003246,NORMAL,0
bgl_37644,100,0.002002,NORMAL,0
bgl_28798,100,0.003246,NORMAL,0
bgl_10793,100,0.013633,NORMAL,0
bgl_5833,100,0.013633,NORMAL,0
bgl_518,100,0.003246,NORMAL,0
bgl_23384,100,0.003246,NORMAL,0
bgl_4213,100,0.003246,NORMAL,0
bgl_19277,100,0.003246,NORMAL,0
bgl_19497,100,0.003246,NORMAL,0
bgl_25966,100,0.261206,NORMAL,0
bgl_39516,100,0.002002,NORMAL,0
bgl_21223,100,0.003246,NORMAL,0
bgl_14938,100,0.003246,NORMAL,0
bgl_8241,100,0.003246,NORMAL,0
bgl_30617,100,5.729232,ANOMALY,1
bgl_7737,100,0.003246,NORMAL,0
bgl_2161,100,0.003246,NORMAL,0
bgl_18299,100,0.003246,NORMAL,0
bgl_16869,100,0.003246,NORMAL,0
bgl_1342,100,0.010121,NORMAL,0
bgl_5019,100,4.926576,ANOMALY,1
bgl_41952,100,0.429968,NORMAL,0
bgl_18952,100,0.003246,NORMAL,0
bgl_1370,100,0.010121,NORMAL,0
bgl_5622,100,0.331295,NORMAL,0
bgl_37995,100,0.002002,NORMAL,0
bgl_13082,100,8.505377,ANOMALY,1
bgl_4296,100,8.132814,ANOMALY,1
bgl_23774,100,0.003246,NORMAL,0
bgl_46301,100,0.002495,NORMAL,0
bgl_45658,100,0.682572,NORMAL,0
bgl_29023,100,0.003246,NORMAL,0
bgl_33214,100,1.038844,NORMAL,0
bgl_35476,100,0.825537,NORMAL,0
bgl_34012,100,0.00237,NORMAL,0
bgl_45369,100,0.665991,NORMAL,0
bgl_19278,100,0.003246,NORMAL,0
bgl_29946,100,0.399802,NORMAL,0
bgl_40999,100,0.00411,NORMAL,0
bgl_24151,100,0.00409,NORMAL,0
bgl_10660,100,0.016989,NORMAL,0
bgl_37581,100,0.002002,NORMAL,0
bgl_29603,100,0.457269,NORMAL,0
bgl_35574,100,1.620822,UNCERTAIN,1
bgl_29812,100,0.794356,NORMAL,0
bgl_6346,100,0.388246,NORMAL,0
bgl_2834,100,9.139705,ANOMALY,1
bgl_23489,100,0.003246,NORMAL,0
bgl_10162,100,0.003246,NORMAL,0
bgl_6810,100,0.274704,NORMAL,0
bgl_24082,100,6.764882,ANOMALY,1
bgl_34771,100,0.003616,NORMAL,0
bgl_9926,100,0.003246,NORMAL,0
bgl_15827,100,0.003246,NORMAL,0
bgl_25878,100,0.00411,NORMAL,0
bgl_38687,100,0.541744,NORMAL,0
bgl_20989,100,0.003246,NORMAL,0
bgl_4042,100,0.001405,NORMAL,0
bgl_24457,100,0.00411,NORMAL,0
bgl_822,100,0.003246,NORMAL,0
bgl_29540,100,0.00237,NORMAL,0
bgl_20432,100,0.000462,NORMAL,0
bgl_39956,100,0.002002,NORMAL,0
bgl_23256,100,0.003246,NORMAL,0
bgl_21959,100,0.003246,NORMAL,0
bgl_43378,100,0.705231,NORMAL,0
bgl_29862,100,0.661117,NORMAL,0
bgl_26065,100,0.550884,NORMAL,0
bgl_39809,100,0.002002,NORMAL,0
bgl_27365,100,0.003246,NORMAL,0
bgl_41960,100,1.548841,UNCERTAIN,0
bgl_3811,100,8.960555,ANOMALY,1
bgl_29825,100,1.060451,NORMAL,0
bgl_22898,100,0.003246,NORMAL,0
bgl_15518,100,0.003246,NORMAL,0
bgl_8339,100,0.010121,NORMAL,0
bgl_44829,100,0.65315,NORMAL,0
bgl_36530,100,1.652237,UNCERTAIN,0
bgl_28254,100,0.003246,NORMAL,0
bgl_30096,100,0.985797,NORMAL,0
bgl_32499,100,0.000462,NORMAL,0
bgl_6302,100,0.271605,NORMAL,0
bgl_25224,100,1.043004,NORMAL,0
bgl_5507,100,0.172431,NORMAL,0
bgl_1525,100,0.003246,NORMAL,0
bgl_43278,100,0.68061,NORMAL,0
bgl_21263,100,0.003246,NORMAL,0
bgl_27205,100,0.003246,NORMAL,0
bgl_11777,100,0.003246,NORMAL,0
bgl_32028,100,1.609826,UNCERTAIN,0
bgl_31618,100,0.224973,NORMAL,0
bgl_40657,100,0.002002,NORMAL,0
bgl_27922,100,0.003246,NORMAL,0
bgl_40595,100,0.002002,NORMAL,0
bgl_43325,100,0.663766,NORMAL,0
bgl_35339,100,1.114512,NORMAL,0
bgl_19764,100,0.003246,NORMAL,0
bgl_26574,100,0.00411,NORMAL,0
bgl_10477,100,0.009935,NORMAL,0
bgl_7582,100,0.003126,NORMAL,0
bgl_22120,100,0.003246,NORMAL,0
bgl_4018,100,0.001405,NORMAL,0
bgl_44018,100,0.660711,NORMAL,0
bgl_7296,100,0.599203,NORMAL,0
bgl_17143,100,0.003246,NORMAL,0
bgl_3084,100,9.139705,ANOMALY,1
bgl_27001,100,0.003246,NORMAL,0
bgl_25902,100,0.284378,NORMAL,0
bgl_2025,100,0.003246,NORMAL,0
bgl_24022,100,0.003246,NORMAL,0
bgl_30761,100,0.968858,NORMAL,0
bgl_20096,100,0.003246,NORMAL,0
bgl_41101,100,0.002002,NORMAL,0
bgl_2556,100,9.139705,ANOMALY,1
bgl_16840,100,0.003246,NORMAL,0
bgl_5366,100,0.386197,NORMAL,0
bgl_8672,100,0.003246,NORMAL,0
bgl_28128,100,0.003246,NORMAL,0
bgl_3776,100,0.003246,NORMAL,0
bgl_25801,100,0.00411,NORMAL,0
bgl_8653,100,0.003246,NORMAL,0
bgl_798,100,0.172151,NORMAL,1
bgl_38402,100,0.002002,NORMAL,0
bgl_38530,100,0.226116,NORMAL,0
bgl_3122,100,9.139705,ANOMALY,1
bgl_2680,100,9.139705,ANOMALY,1
bgl_35932,100,0.004105,NORMAL,0
bgl_21091,100,0.003246,NORMAL,0
bgl_6357,100,0.375223,NORMAL,0
bgl_46154,100,0.000783,NORMAL,0
bgl_455,100,0.003246,NORMAL,0
bgl_9456,100,0.000462,NORMAL,0
bgl_27379,100,0.003246,NORMAL,0
bgl_13150,100,0.000462,NORMAL,0
bgl_46176,100,0.003616,NORMAL,0
bgl_2246,100,9.139705,ANOMALY,1
bgl_24271,100,0.00411,NORMAL,0
bgl_29347,100,0.274237,NORMAL,0
bgl_33007,100,0.001121,NORMAL,0
bgl_333,100,0.003246,NORMAL,0
bgl_3321,100,9.139705,ANOMALY,1
bgl_1742,100,0.003246,NORMAL,0
bgl_1930,100,0.003246,NORMAL,0
bgl_1388,100,0.010121,NORMAL,0
bgl_38815,100,0.00411,NORMAL,0
bgl_32125,100,0.219729,NORMAL,0
bgl_17469,100,0.003246,NORMAL,0
bgl_29611,100,0.573818,NORMAL,0
bgl_5810,100,0.19138,NORMAL,0
bgl_20325,100,0.000462,NORMAL,0
bgl_27680,100,0.003246,NORMAL,0
bgl_33318,100,6.887018,ANOMALY,1
bgl_41456,100,0.002002,NORMAL,0
bgl_43640,100,0.679785,NORMAL,0
bgl_28807,100,0.003246,NORMAL,0
bgl_6444,100,0.327063,NORMAL,0
bgl_22334,100,0.003246,NORMAL,0
bgl_11008,100,0.470462,NORMAL,0
bgl_30121,100,1.007896,NORMAL,0
bgl_39622,100,0.002002,NORMAL,0
bgl_38466,100,0.002002,NORMAL,0
bgl_5303,100,5.096877,ANOMALY,1
bgl_26782,100,0.00411,NORMAL,0
bgl_21252,100,0.003246,NORMAL,0
bgl_24755,100,0.00411,NORMAL,0
bgl_9196,100,0.000462,NORMAL,0
bgl_46647,100,0.004105,NORMAL,0
bgl_31521,100,0.000462,NORMAL,0
bgl_31453,100,0.002002,NORMAL,0
bgl_30259,100,0.000656,NORMAL,0
bgl_29426,100,0.00237,NORMAL,0
bgl_747,100,1.511537,UNCERTAIN,0
bgl_23660,100,0.003246,NORMAL,0
bgl_42072,100,0.000609,NORMAL,0
bgl_26189,100,0.600982,NORMAL,0
bgl_41990,100,0.004105,NORMAL,0
bgl_42124,100,0.000609,NORMAL,0
bgl_24812,100,0.00411,NORMAL,0
bgl_26601,100,0.00411,NORMAL,0
bgl_14095,100,0.003246,NORMAL,0
bgl_13497,100,0.000462,NORMAL,0
bgl_3547,100,9.139705,ANOMALY,1
bgl_38140,100,0.002002,NORMAL,0
bgl_3098,100,9.139705,ANOMALY,1
bgl_23733,100,0.003246,NORMAL,0
bgl_23391,100,0.003246,NORMAL,0
bgl_7274,100,0.208921,NORMAL,0
bgl_19207,100,0.003246,NORMAL,0
bgl_5512,100,0.306811,NORMAL,0
bgl_14729,100,0.003246,NORMAL,0
bgl_38167,100,0.002002,NORMAL,0
bgl_14891,100,0.003246,NORMAL,0
bgl_8149,100,0.003246,NORMAL,0
bgl_22198,100,0.003246,NORMAL,0
bgl_29602,100,0.611853,NORMAL,0
bgl_32755,100,0.002002,NORMAL,0
bgl_3256,100,9.139705,ANOMALY,1
bgl_41921,100,0.379164,NORMAL,1
bgl_24014,100,0.003246,NORMAL,0
bgl_46147,100,0.266319,NORMAL,0
bgl_34413,100,0.00237,NORMAL,0
bgl_29193,100,0.969821,NORMAL,0
bgl_13036,100,0.000462,NORMAL,0
bgl_36039,100,0.00175,NORMAL,0
bgl_38093,100,0.002002,NORMAL,0
bgl_24566,100,0.00411,NORMAL,0
bgl_33717,100,9.139705,ANOMALY,1
bgl_34605,100,0.021526,NORMAL,0
bgl_42486,100,9.139705,ANOMALY,1
bgl_36181,100,0.290914,NORMAL,0
bgl_16274,100,0.003246,NORMAL,0
bgl_41512,100,0.004105,NORMAL,0
bgl_4921,100,8.132814,ANOMALY,1
bgl_13841,100,0.000462,NORMAL,0
bgl_10234,100,0.003246,NORMAL,0
bgl_23360,100,0.003246,NORMAL,0
bgl_33628,100,0.002495,NORMAL,0
bgl_21666,100,0.003246,NORMAL,0
bgl_27927,100,0.003246,NORMAL,0
bgl_13286,100,0.000462,NORMAL,0
bgl_42816,100,0.001215,NORMAL,0
bgl_44348,100,1.201411,NORMAL,0
bgl_7537,100,0.00297,NORMAL,0
bgl_13484,100,0.000462,NORMAL,0
bgl_22937,100,0.003246,NORMAL,0
bgl_16639,100,0.003246,NORMAL,0
bgl_30780,100,1.207061,UNCERTAIN,0
bgl_7008,100,0.449396,NORMAL,0
bgl_10171,100,0.003246,NORMAL,0
bgl_37462,100,0.002002,NORMAL,0
bgl_41773,100,9.139705,ANOMALY,1
bgl_3592,100,9.139705,ANOMALY,1
bgl_11451,100,0.000462,NORMAL,0
bgl_23504,100,0.003246,NORMAL,0
bgl_44146,100,0.670272,NORMAL,0
bgl_38710,100,0.00411,NORMAL,0
bgl_5463,100,0.252572,NORMAL,0
bgl_30823,100,4.08624,ANOMALY,1
bgl_28638,100,0.003246,NORMAL,0
bgl_38384,100,0.002002,NORMAL,0
bgl_42073,100,0.000609,NORMAL,0
bgl_12796,100,0.003246,NORMAL,0
bgl_26122,100,0.00411,NORMAL,0
bgl_46465,100,9.139705,ANOMALY,1
bgl_21423,100,0.003246,NORMAL,0
bgl_31751,100,0.512718,NORMAL,0
bgl_38915,100,0.002002,NORMAL,0
bgl_21673,100,0.003246,NORMAL,0
bgl_29187,100,0.993888,NORMAL,0
bgl_42341,100,0.979126,NORMAL,0
bgl_10908,100,0.130963,NORMAL,0
bgl_12660,100,0.003246,NORMAL,0
bgl_34144,100,0.00237,NORMAL,0
bgl_216,100,0.003246,NORMAL,0
bgl_7056,100,0.156223,NORMAL,0
bgl_32999,100,0.001121,NORMAL,0
bgl_26689,100,0.00411,NORMAL,0
bgl_5482,100,0.247409,NORMAL,0
bgl_21245,100,0.003246,NORMAL,0
bgl_23910,100,0.003246,NORMAL,0
bgl_9839,100,0.003246,NORMAL,0
bgl_28198,100,0.003246,NORMAL,0
bgl_24045,100,0.003246,NORMAL,0
bgl_14863,100,0.003246,NORMAL,0
bgl_681,100,0.340004,NORMAL,1
bgl_11274,100,0.003246,NORMAL,0
bgl_37223,100,0.002002,NORMAL,0
bgl_25018,100,0.003246,NORMAL,0
bgl_24760,100,0.00411,NORMAL,0
bgl_5911,100,0.523762,NORMAL,0
bgl_2658,100,9.139705,ANOMALY,1
bgl_30400,100,1.439184,UNCERTAIN,0
bgl_39008,100,0.002002,NORMAL,0
bgl_6138,100,0.313827,NORMAL,0
bgl_23602,100,0.003246,NORMAL,0
bgl_5803,100,0.209871,NORMAL,0
bgl_7246,100,0.191609,NORMAL,0
bgl_18122,100,0.003246,NORMAL,0
bgl_39280,100,0.002002,NORMAL,0
bgl_13819,100,0.000462,NORMAL,0
bgl_7504,100,0.00345,NORMAL,0
bgl_11545,100,0.000462,NORMAL,0
bgl_5700,100,0.184543,NORMAL,0
bgl_26321,100,0.318795,NORMAL,0
bgl_18082,100,0.003246,NORMAL,0
bgl_39970,100,0.106513,NORMAL,0
bgl_13143,100,0.000462,NORMAL,0
bgl_13884,100,0.003246,NORMAL,0
bgl_1777,100,0.104421,NORMAL,0
bgl_42679,100,5.220857,ANOMALY,1
bgl_20459,100,0.000462,NORMAL,0
bgl_9535,100,0.000462,NORMAL,0
bgl_24520,100,0.00411,NORMAL,0
bgl_42196,100,0.001215,NORMAL,0
bgl_27070,100,0.003246,NORMAL,0
bgl_36306,100,0.002495,NORMAL,0
bgl_28068,100,0.003246,NORMAL,0
bgl_15409,100,0.000462,NORMAL,0
bgl_23930,100,0.003246,NORMAL,0
bgl_10616,100,0.013633,NORMAL,0
bgl_19915,100,0.003246,NORMAL,0
bgl_37846,100,0.002002,NORMAL,0
bgl_9831,100,0.003246,NORMAL,0
bgl_20222,100,0.003246,NORMAL,0
bgl_18239,100,0.003246,NORMAL,0
bgl_20900,100,0.003246,NORMAL,0
bgl_28561,100,0.003246,NORMAL,0
bgl_25811,100,0.00411,NORMAL,0
bgl_28212,100,0.003246,NORMAL,0
bgl_15840,100,0.003246,NORMAL,0
bgl_46954,100,0.010121,NORMAL,0
bgl_24087,100,5.75374,ANOMALY,1
bgl_27451,100,0.003246,NORMAL,0
bgl_4211,100,0.307626,NORMAL,0
bgl_42588,100,8.086304,ANOMALY,1
bgl_21811,100,0.003246,NORMAL,0
bgl_13747,100,0.000462,NORMAL,0
bgl_35814,100,0.450438,NORMAL,0
bgl_656,100,0.003246,NORMAL,0
bgl_38903,100,0.002002,NORMAL,0
bgl_23455,100,0.003246,NORMAL,0
bgl_3600,100,9.139705,ANOMALY,1
bgl_9045,100,0.000462,NORMAL,0
bgl_23716,100,0.003246,NORMAL,0
bgl_27609,100,0.003246,NORMAL,0
bgl_14274,100,0.003246,NORMAL,0
bgl_34250,100,0.00237,NORMAL,0
bgl_32022,100,0.75065,NORMAL,0
bgl_20322,100,0.000462,NORMAL,0
bgl_33983,100,0.00237,NORMAL,0
bgl_28383,100,0.003246,NORMAL,0
bgl_20598,100,0.003246,NORMAL,0
bgl_29707,100,0.711706,NORMAL,0
bgl_42259,100,0.001215,NORMAL,0
bgl_44749,100,0.685942,NORMAL,0
bgl_21874,100,0.003246,NORMAL,0
bgl_27417,100,0.003246,NORMAL,0
bgl_31191,100,0.002002,NORMAL,0
bgl_7650,100,0.001709,NORMAL,0
bgl_9369,100,0.000462,NORMAL,0
bgl_9088,100,0.000462,NORMAL,0
bgl_27856,100,0.003246,NORMAL,0
bgl_33092,100,9.139705,ANOMALY,1
bgl_42077,100,0.000609,NORMAL,0
bgl_32412,100,0.000462,NORMAL,0
bgl_42579,100,0.40978,NORMAL,0
bgl_20027,100,0.003246,NORMAL,0
bgl_30751,100,4.551141,ANOMALY,1
bgl_26868,100,0.62156,NORMAL,0
bgl_14283,100,0.003246,NORMAL,0
bgl_20613,100,0.003246,NORMAL,0
bgl_21062,100,0.003246,NORMAL,0
bgl_7344,100,0.254107,NORMAL,0
bgl_30958,100,0.004105,NORMAL,0
bgl_25729,100,0.003246,NORMAL,0
bgl_3879,100,8.132814,ANOMALY,1
bgl_45134,100,0.679312,NORMAL,0
bgl_20879,100,0.003246,NORMAL,0
bgl_24789,100,0.00411,NORMAL,0
bgl_18770,100,0.003246,NORMAL,0
bgl_45364,100,0.675674,NORMAL,0
bgl_17590,100,0.003246,NORMAL,0
bgl_12475,100,0.003246,NORMAL,0
bgl_44691,100,0.71028,NORMAL,0
bgl_7281,100,0.14457,NORMAL,0
bgl_3957,100,8.132814,ANOMALY,1
bgl_4247,100,0.003246,NORMAL,0
bgl_41770,100,9.139705,ANOMALY,1
bgl_40455,100,0.002002,NORMAL,0
bgl_18775,100,0.003246,NORMAL,0
bgl_22237,100,0.003246,NORMAL,0
bgl_14705,100,0.003246,NORMAL,0
bgl_35471,100,0.002495,NORMAL,0
bgl_19722,100,0.003246,NORMAL,0
bgl_44902,100,0.685599,NORMAL,0
bgl_44792,100,0.676852,NORMAL,0
bgl_25372,100,0.003246,NORMAL,0
bgl_31763,100,0.457594,NORMAL,0
bgl_17987,100,0.003246,NORMAL,0
bgl_19966,100,0.442292,NORMAL,0
bgl_44509,100,0.674886,NORMAL,0
bgl_21340,100,0.003246,NORMAL,0
bgl_11785,100,0.003246,NORMAL,0
bgl_39474,100,0.002002,NORMAL,0
bgl_16192,100,0.003246,NORMAL,0
bgl_41644,100,3.413904,ANOMALY,1
bgl_26744,100,0.00411,NORMAL,0
bgl_23593,100,0.003246,NORMAL,0
bgl_33131,100,0.000878,NORMAL,0
bgl_6997,100,0.249041,NORMAL,0
bgl_27195,100,0.003246,NORMAL,0
bgl_24847,100,0.799612,NORMAL,0
bgl_324,100,0.003246,NORMAL,0
bgl_33337,100,9.139705,ANOMALY,1
bgl_25992,100,0.527753,NORMAL,0
bgl_3193,100,9.139705,ANOMALY,1
bgl_35642,100,0.637448,NORMAL,0
bgl_35134,100,0.162091,NORMAL,0
bgl_32782,100,0.002002,NORMAL,0
bgl_14436,100,0.003246,NORMAL,0
bgl_27471,100,0.003246,NORMAL,0
bgl_37981,100,0.002002,NORMAL,0
bgl_16322,100,0.003246,NORMAL,0
bgl_43118,100,0.707878,NORMAL,0
bgl_9404,100,0.000462,NORMAL,0
bgl_41582,100,1.427051,UNCERTAIN,0
bgl_35481,100,0.713242,NORMAL,0
bgl_13801,100,0.000462,NORMAL,0
bgl_17776,100,0.003246,NORMAL,0
bgl_36418,100,1.117413,NORMAL,0
bgl_38527,100,0.268068,NORMAL,0
bgl_11217,100,0.003246,NORMAL,0
bgl_4173,100,0.003246,NORMAL,0
bgl_45237,100,0.668488,NORMAL,0
bgl_10529,100,0.013685,NORMAL,0
bgl_37659,100,0.002002,NORMAL,0
bgl_12284,100,0.003246,NORMAL,0
bgl_16952,100,0.003246,NORMAL,0
bgl_20529,100,0.003246,NORMAL,0
bgl_35724,100,0.120776,NORMAL,0
bgl_31580,100,0.355398,NORMAL,0
bgl_39208,100,0.002002,NORMAL,0
bgl_18998,100,0.003246,NORMAL,0
bgl_13816,100,0.000462,NORMAL,0
bgl_20146,100,0.003246,NORMAL,0
bgl_45210,100,0.672335,NORMAL,0
bgl_42853,100,0.000878,NORMAL,0
bgl_6342,100,0.41707,NORMAL,0
bgl_46558,100,0.003795,NORMAL,0
bgl_5466,100,0.278172,NORMAL,0
bgl_43845,100,0.683208,NORMAL,0
bgl_42094,100,0.000609,NORMAL,0
bgl_3612,100,9.139705,ANOMALY,1
bgl_28472,100,0.003246,NORMAL,0
bgl_4738,100,0.00316,NORMAL,0
bgl_44267,100,0.675543,NORMAL,0
bgl_1804,100,0.003246,NORMAL,0
bgl_30054,100,0.925634,NORMAL,0
bgl_14632,100,0.003246,NORMAL,0
bgl_1468,100,0.003246,NORMAL,0
bgl_36343,100,0.006053,NORMAL,0
bgl_26794,100,0.00411,NORMAL,0
bgl_14151,100,0.003246,NORMAL,0
bgl_23101,100,0.003246,NORMAL,0
bgl_36040,100,0.00175,NORMAL,0
bgl_35896,100,0.004105,NORMAL,0
bgl_16029,100,0.003246,NORMAL,0
bgl_13539,100,0.000462,NORMAL,0
bgl_3061,100,9.139705,ANOMALY,1
bgl_7446,100,0.003073,NORMAL,0
bgl_7926,100,0.010121,NORMAL,0
bgl_18458,100,0.003246,NORMAL,0
bgl_4043,100,0.001405,NORMAL,0
bgl_2299,100,9.139705,ANOMALY,1
bgl_2959,100,9.139705,ANOMALY,1
bgl_33348,100,9.139705,ANOMALY,1
bgl_31737,100,0.382518,NORMAL,0
bgl_5930,100,0.313302,NORMAL,0
bgl_2,100,0.010121,NORMAL,0
bgl_21352,100,0.003246,NORMAL,0
bgl_43258,100,0.699392,NORMAL,0
bgl_29238,100,0.832692,NORMAL,0
bgl_34980,100,1.215262,UNCERTAIN,0
bgl_8481,100,0.003246,NORMAL,0
bgl_20374,100,0.000462,NORMAL,0
bgl_13458,100,0.000462,NORMAL,0
bgl_29423,100,0.00237,NORMAL,0
bgl_37901,100,0.649571,NORMAL,0
bgl_29524,100,0.00237,NORMAL,0
bgl_21602,100,0.003246,NORMAL,0
bgl_19156,100,0.003246,NORMAL,0
bgl_7506,100,0.00345,NORMAL,0
bgl_17988,100,0.003246,NORMAL,0
bgl_7479,100,0.090078,NORMAL,0
bgl_10632,100,0.077924,NORMAL,0
bgl_42651,100,3.955498,ANOMALY,1
bgl_860,100,0.003246,NORMAL,0
bgl_6362,100,0.301978,NORMAL,0
bgl_40073,100,0.002002,NORMAL,0
bgl_26129,100,0.00411,NORMAL,0
bgl_12221,100,0.003246,NORMAL,0
bgl_42240,100,9.139705,ANOMALY,1
bgl_29428,100,0.487338,NORMAL,0
bgl_40398,100,0.002002,NORMAL,0
bgl_10520,100,0.013685,NORMAL,0
bgl_22356,100,0.003246,NORMAL,0
bgl_12661,100,0.003246,NORMAL,0
bgl_29343,100,0.786166,NORMAL,1
bgl_34481,100,0.00237,NORMAL,0
bgl_45243,100,0.682572,NORMAL,0
bgl_27664,100,0.003246,NORMAL,0
bgl_26549,100,0.00411,NORMAL,0
bgl_27425,100,0.003246,NORMAL,0
bgl_7363,100,0.37267,NORMAL,0
bgl_45333,100,0.686212,NORMAL,0
bgl_3339,100,9.139705,ANOMALY,1
bgl_43754,100,0.666276,NORMAL,0
bgl_44330,100,1.021337,NORMAL,0
bgl_44946,100,1.009689,NORMAL,0
bgl_14050,100,0.003246,NORMAL,0
bgl_6403,100,0.256405,NORMAL,0
bgl_32437,100,0.000462,NORMAL,0
bgl_5811,100,0.304103,NORMAL,0
bgl_28169,100,0.003246,NORMAL,0
bgl_19742,100,0.003246,NORMAL,0
bgl_2586,100,9.139705,ANOMALY,1
bgl_412,100,0.003246,NORMAL,0
bgl_8878,100,0.000462,NORMAL,0
bgl_25049,100,0.003246,NORMAL,0
bgl_27382,100,0.003246,NORMAL,0
bgl_42927,100,0.686187,NORMAL,0
bgl_33643,100,0.003616,NORMAL,0
bgl_3953,100,8.132814,ANOMALY,1
bgl_9133,100,0.000462,NORMAL,0
bgl_27421,100,0.003246,NORMAL,0
bgl_7819,100,0.010121,NORMAL,0
bgl_37544,100,0.552967,NORMAL,0
bgl_20501,100,0.003246,NORMAL,0
bgl_15265,100,0.003246,NORMAL,0
bgl_78,100,0.000462,NORMAL,0
bgl_37411,100,0.002002,NORMAL,0
bgl_29125,100,0.859105,NORMAL,0
bgl_25765,100,0.00411,NORMAL,0
bgl_37370,100,0.002002,NORMAL,0
bgl_46093,100,0.000522,NORMAL,0
bgl_37732,100,0.002002,NORMAL,0
bgl_39864,100,0.002002,NORMAL,0
bgl_2774,100,9.139705,ANOMALY,1
bgl_3806,100,0.003246,NORMAL,0
bgl_29020,100,0.003246,NORMAL,0
bgl_29361,100,0.175478,NORMAL,0
bgl_36881,100,0.010121,NORMAL,0
bgl_26207,100,0.710471,NORMAL,0
bgl_430,100,0.003246,NORMAL,0
bgl_41179,100,0.002002,NORMAL,0
bgl_3422,100,9.139705,ANOMALY,1
bgl_38294,100,0.002002,NORMAL,0
bgl_45142,100,1.074164,NORMAL,0
bgl_9149,100,0.000462,NORMAL,0
bgl_24802,100,0.00411,NORMAL,0
bgl_25728,100,0.181052,NORMAL,0
bgl_3907,100,8.132814,ANOMALY,1
bgl_45043,100,0.678595,NORMAL,0
bgl_3804,100,0.003246,NORMAL,0
bgl_39644,100,0.002002,NORMAL,0
bgl_18553,100,0.003246,NORMAL,0
bgl_20045,100,0.003246,NORMAL,0
bgl_42958,100,0.686631,NORMAL,0
bgl_19053,100,0.003246,NORMAL,0
bgl_41509,100,0.004105,NORMAL,0
bgl_13128,100,0.000462,NORMAL,0
bgl_42429,100,0.001215,NORMAL,0
bgl_38782,100,0.00411,NORMAL,0
bgl_19602,100,0.003246,NORMAL,0
bgl_1427,100,0.003246,NORMAL,0
bgl_22011,100,0.003246,NORMAL,0
bgl_35502,100,7.578202,ANOMALY,1
bgl_16103,100,0.003246,NORMAL,0
bgl_37998,100,0.002002,NORMAL,0
bgl_14663,100,0.003246,NORMAL,0
bgl_9964,100,0.003246,NORMAL,0
bgl_1503,100,0.003246,NORMAL,0
bgl_24386,100,0.00411,NORMAL,0
bgl_15613,100,0.003246,NORMAL,0
bgl_16670,100,0.003246,NORMAL,0
bgl_30271,100,0.000656,NORMAL,0
bgl_39767,100,0.795175,NORMAL,0
bgl_36081,100,0.00175,NORMAL,0
bgl_22364,100,0.003246,NORMAL,0
bgl_9787,100,0.003246,NORMAL,0
bgl_45849,100,1.054285,NORMAL,0
bgl_11483,100,0.000462,NORMAL,0
bgl_3613,100,9.139705,ANOMALY,1
bgl_30943,100,0.004105,NORMAL,0
bgl_6661,100,0.146679,NORMAL,0
bgl_12589,100,0.003246,NORMAL,0
bgl_17344,100,0.003246,NORMAL,0
bgl_37213,100,0.56672,NORMAL,0
bgl_8947,100,0.000462,NORMAL,0
bgl_31413,100,1.613036,UNCERTAIN,0
bgl_37196,100,0.438507,NORMAL,0
bgl_27334,100,0.003246,NORMAL,0
bgl_38775,100,0.00411,NORMAL,0
bgl_2783,100,9.139705,ANOMALY,1
bgl_18689,100,0.000462,NORMAL,0
bgl_31555,100,0.367461,NORMAL,0
bgl_1285,100,0.010121,NORMAL,0
bgl_17595,100,0.003246,NORMAL,0
bgl_40003,100,0.002002,NORMAL,0
bgl_34335,100,0.738501,NORMAL,0
bgl_25857,100,0.00411,NORMAL,0
bgl_44814,100,0.676794,NORMAL,0
bgl_25931,100,0.186579,NORMAL,0
bgl_1141,100,0.003246,NORMAL,0
bgl_18080,100,0.003246,NORMAL,0
bgl_33751,100,9.139705,ANOMALY,1
bgl_8549,100,0.003246,NORMAL,0
bgl_29650,100,0.236412,NORMAL,0
bgl_3357,100,9.139705,ANOMALY,1
bgl_13828,100,0.000462,NORMAL,0
bgl_45138,100,0.684646,NORMAL,0
bgl_35087,100,0.003616,NORMAL,0
bgl_25199,100,0.00411,NORMAL,0
bgl_45802,100,0.478983,NORMAL,0
bgl_32310,100,0.000462,NORMAL,0
bgl_1117,100,0.003246,NORMAL,0
bgl_23969,100,0.003246,NORMAL,0
bgl_20855,100,0.003246,NORMAL,0
bgl_21489,100,0.003246,NORMAL,0
bgl_8032,100,0.010121,NORMAL,0
bgl_12834,100,0.003246,NORMAL,0
bgl_28902,100,0.003246,NORMAL,0
bgl_22739,100,0.003246,NORMAL,0
bgl_15777,100,0.85358,NORMAL,0
bgl_11139,100,0.003246,NORMAL,0
bgl_9511,100,0.000462,NORMAL,0
bgl_33749,100,6.074068,ANOMALY,1
bgl_10917,100,0.374864,NORMAL,0
bgl_10128,100,0.003246,NORMAL,0
bgl_13425,100,0.000462,NORMAL,0
bgl_456,100,0.003246,NORMAL,0
bgl_21667,100,0.003246,NORMAL,0
bgl_37723,100,0.002002,NORMAL,0
bgl_11071,100,0.003246,NORMAL,0
bgl_1705,100,0.003246,NORMAL,0
bgl_2949,100,9.139705,ANOMALY,1
bgl_17940,100,0.003246,NORMAL,0
bgl_4036,100,0.001405,NORMAL,0
bgl_24763,100,0.00411,NORMAL,0
bgl_32227,100,0.002002,NORMAL,0
bgl_38672,100,0.273503,NORMAL,0
bgl_15405,100,0.000462,NORMAL,0
bgl_38086,100,0.002002,NORMAL,0
bgl_9377,100,0.000462,NORMAL,0
bgl_3132,100,9.139705,ANOMALY,1
bgl_154,100,9.139705,ANOMALY,1
bgl_2389,100,9.139705,ANOMALY,1
bgl_27138,100,0.003246,NORMAL,0
bgl_22066,100,0.003246,NORMAL,0
bgl_4411,100,8.132814,ANOMALY,1
bgl_36540,100,1.111447,NORMAL,0
bgl_43924,100,0.693471,NORMAL,0
bgl_44368,100,0.701998,NORMAL,0
bgl_47081,100,1.184103,NORMAL,1
bgl_7353,100,0.212106,NORMAL,0
bgl_42603,100,6.286968,ANOMALY,1
bgl_11801,100,0.003246,NORMAL,0
bgl_35584,100,0.371641,NORMAL,0
bgl_22969,100,0.003246,NORMAL,0
bgl_21560,100,0.003246,NORMAL,0
bgl_12141,100,0.003246,NORMAL,0
bgl_41311,100,0.002002,NORMAL,0
bgl_16612,100,0.003246,NORMAL,0
bgl_45526,100,0.680196,NORMAL,0
bgl_45620,100,9.139705,ANOMALY,1
bgl_37584,100,0.002002,NORMAL,0
bgl_23324,100,0.003246,NORMAL,0
bgl_46929,100,0.010121,NORMAL,0
bgl_32528,100,0.000462,NORMAL,0
bgl_28221,100,0.003246,NORMAL,0
bgl_9514,100,0.000462,NORMAL,0
bgl_22402,100,0.003246,NORMAL,0
bgl_36865,100,1.200779,NORMAL,0
bgl_19560,100,0.003246,NORMAL,0
bgl_35303,100,0.002495,NORMAL,0
bgl_21458,100,0.003246,NORMAL,0
bgl_31934,100,0.002002,NORMAL,0
bgl_37941,100,0.002002,NORMAL,0
bgl_15037,100,0.003246,NORMAL,0
bgl_1820,100,0.003246,NORMAL,0
bgl_25574,100,0.00411,NORMAL,0
bgl_17905,100,0.003246,NORMAL,0
bgl_22816,100,0.003246,NORMAL,0
bgl_2923,100,9.139705,ANOMALY,1
bgl_13524,100,0.000462,NORMAL,0
bgl_30633,100,9.139705,ANOMALY,1
bgl_38840,100,0.00411,NORMAL,0
bgl_1010,100,0.003246,NORMAL,0
bgl_18278,100,0.003246,NORMAL,0
bgl_2790,100,9.139705,ANOMALY,1
bgl_28587,100,0.003246,NORMAL,0
bgl_2552,100,9.139705,ANOMALY,1
bgl_26895,100,0.003246,NORMAL,0
bgl_7716,100,0.013571,NORMAL,0
bgl_39432,100,0.002002,NORMAL,0
bgl_23702,100,0.003246,NORMAL,0
bgl_38057,100,0.002002,NORMAL,0
bgl_42024,100,0.785458,NORMAL,0
bgl_42178,100,0.000609,NORMAL,0
bgl_2542,100,9.139705,ANOMALY,1
bgl_26695,100,0.181293,NORMAL,0
bgl_42295,100,0.757581,NORMAL,0
bgl_13278,100,0.000462,NORMAL,0
bgl_43204,100,0.699748,NORMAL,0
bgl_41740,100,9.139705,ANOMALY,1
bgl_25361,100,0.003246,NORMAL,0
bgl_15983,100,0.003246,NORMAL,0
bgl_20160,100,0.003246,NORMAL,0
bgl_3432,100,9.139705,ANOMALY,1
bgl_39606,100,0.002002,NORMAL,0
bgl_21909,100,0.003246,NORMAL,0
bgl_26952,100,0.003246,NORMAL,0
bgl_31722,100,0.468854,NORMAL,0
bgl_26231,100,0.374081,NORMAL,0
bgl_37407,100,0.002002,NORMAL,0
bgl_32617,100,0.002002,NORMAL,0
bgl_16080,100,0.003246,NORMAL,0
bgl_9917,100,0.003246,NORMAL,0
bgl_43605,100,0.698244,NORMAL,0
bgl_10611,100,0.013633,NORMAL,0
bgl_35673,100,0.89548,NORMAL,0
bgl_18377,100,0.003246,NORMAL,0
bgl_12981,100,0.000462,NORMAL,0
bgl_2494,100,9.139705,ANOMALY,1
bgl_1660,100,0.953021,NORMAL,0
bgl_17049,100,0.003246,NORMAL,0
bgl_45311,100,1.072056,NORMAL,0
bgl_29943,100,0.521927,NORMAL,0
bgl_35432,100,0.002495,NORMAL,0
bgl_32469,100,0.000462,NORMAL,0
bgl_20802,100,0.003246,NORMAL,0
bgl_24659,100,0.00411,NORMAL,0
bgl_38590,100,0.00411,NORMAL,0
bgl_24882,100,0.003246,NORMAL,0
bgl_9942,100,0.003246,NORMAL,0
bgl_43765,100,0.66577,NORMAL,0
bgl_14692,100,0.003246,NORMAL,0
bgl_18667,100,0.000462,NORMAL,0
bgl_30601,100,0.000878,NORMAL,0
bgl_441,100,0.003246,NORMAL,0
bgl_17445,100,0.003246,NORMAL,0
bgl_41368,100,1.39843,UNCERTAIN,0
bgl_23446,100,0.003246,NORMAL,0
bgl_46221,100,0.002495,NORMAL,0
bgl_7484,100,0.00345,NORMAL,0
bgl_45694,100,0.000522,NORMAL,0
bgl_35370,100,0.004105,NORMAL,0
bgl_13883,100,0.003246,NORMAL,0
bgl_8228,100,0.003246,NORMAL,0
bgl_43668,100,0.688394,NORMAL,0
bgl_23214,100,0.003246,NORMAL,0
bgl_45436,100,0.671532,NORMAL,0
bgl_12186,100,0.003246,NORMAL,0
bgl_5991,100,0.519112,NORMAL,0
bgl_38810,100,0.00411,NORMAL,0
bgl_29774,100,0.242528,NORMAL,0
bgl_34794,100,0.000878,NORMAL,0
bgl_202,100,0.798972,NORMAL,1
bgl_1463,100,1.02986,NORMAL,0
bgl_3162,100,9.139705,ANOMALY,1
bgl_37989,100,0.002002,NORMAL,0
bgl_36206,100,0.550227,NORMAL,0
bgl_19194,100,0.003246,NORMAL,0
bgl_4153,100,0.001405,NORMAL,0
bgl_35173,100,0.000878,NORMAL,0
bgl_44927,100,0.682088,NORMAL,0
bgl_3176,100,9.139705,ANOMALY,1
bgl_2113,100,0.003246,NORMAL,0
bgl_12665,100,0.003246,NORMAL,0
bgl_26428,100,0.00411,NORMAL,0
bgl_41848,100,3.390262,ANOMALY,1
bgl_21768,100,0.003246,NORMAL,0
bgl_46533,100,0.003795,NORMAL,0
bgl_20141,100,0.003246,NORMAL,0
bgl_11376,100,0.000462,NORMAL,0
bgl_15695,100,0.003246,NORMAL,0
bgl_30870,100,0.004105,NORMAL,0
bgl_21087,100,0.003246,NORMAL,0
bgl_11430,100,0.000462,NORMAL,0
bgl_19575,100,0.003246,NORMAL,0
bgl_30877,100,0.003616,NORMAL,0
bgl_45152,100,0.683544,NORMAL,0
bgl_29201,100,0.782177,NORMAL,0
bgl_45408,100,0.674259,NORMAL,0
bgl_15716,100,0.003246,NORMAL,0
bgl_21972,100,0.003246,NORMAL,0
bgl_25672,100,0.00411,NORMAL,0
bgl_38716,100,0.00411,NORMAL,0
bgl_26536,100,0.00411,NORMAL,0
bgl_12209,100,0.003246,NORMAL,0
bgl_7153,100,0.223426,NORMAL,0
bgl_6495,100,0.346634,NORMAL,0
bgl_11607,100,0.130963,NORMAL,0
bgl_14106,100,0.003246,NORMAL,0
bgl_38807,100,0.00411,NORMAL,0
bgl_33549,100,3.215722,ANOMALY,1
bgl_7227,100,0.304708,NORMAL,0
bgl_13975,100,0.003246,NORMAL,0
bgl_20736,100,0.003246,NORMAL,0
bgl_12417,100,0.130963,NORMAL,0
bgl_44359,100,0.670525,NORMAL,0
bgl_24378,100,0.00411,NORMAL,0
bgl_4218,100,0.003246,NORMAL,0
bgl_38005,100,0.002002,NORMAL,0
bgl_33105,100,0.913443,NORMAL,0
bgl_9206,100,0.000462,NORMAL,0
bgl_46530,100,0.003795,NORMAL,0
bgl_4580,100,0.001405,NORMAL,0
bgl_6341,100,0.338889,NORMAL,0
bgl_39149,100,0.002002,NORMAL,0
bgl_32953,100,9.139705,ANOMALY,1
bgl_26383,100,0.00411,NORMAL,0
bgl_14409,100,0.003246,NORMAL,0
bgl_24220,100,0.00411,NORMAL,0
bgl_403,100,0.003246,NORMAL,0
bgl_12406,100,0.130963,NORMAL,0
bgl_13850,100,0.003246,NORMAL,0
bgl_21531,100,0.003246,NORMAL,0
bgl_36720,100,0.092968,NORMAL,0
bgl_28679,100,0.003246,NORMAL,0
bgl_15235,100,0.003246,NORMAL,0
bgl_34510,100,0.00237,NORMAL,0
