sequence,predicted_event,actual_event,confidence_score,classification,routed_to_llama
E21 E21 E21 E5 E5 E5 E22 E11 E9 E9 E11 E9 E26 E26 E26 E11 E23 E23 E23 E21,E21,E21,0.998793,NORMAL,False
E26 E26 E26 E23 E23 E23 E21 E21 E21 E5 E22 E5 E5 E11 E9 E11 E9 E11 E9 E26,E26,E26,0.999437,NORMAL,False
E5 E11 E9 E11 E9 E11 E9 E26 E26 E26 E5 E5 E22 E5 E11 E9 E11 E9 E11 E9,E26,E26,0.995161,NORMAL,False
E22 E5 E11 E9 E11 E9 E11 E9 E26 E26 E26 E5 E5 E5 E22 E11 E9 E11 E9 E26,E26,E26,0.778645,NORMAL,False
E22 E11 E9 E11 E9 E11 E9 E26 E26 E26 E23 E23 E23 E21 E21 E21 E5 E22 E5 E5,E11,E11,0.946236,NORMAL,False
E11 E9 E26 E26 E26 E23 E23 E23 E21 E21 E21 E5 E5 E22 E5 E11 E9 E11 E9 E11,E9,E9,0.995243,NORMAL,False
E21 E5 E22 E5 E5 E9 E11 E9 E11 E9 E26 E26 E11 E26 E23 E23 E23 E21 E21 E21,E5,E5,0.662421,UNCERTAIN,True
E21 E21 E21 E22 E5 E5 E5 E26 E26 E26 E11 E9 E11 E9 E11 E9 E4 E3 E4 E2,E2,E2,0.886259,NORMAL,False
E23 E21 E21 E21 E22 E5 E5 E5 E26 E26 E26 E11 E9 E11 E9 E11 E9 E3 E3 E4,E3,E3,0.910634,NORMAL,False
E5 E5 E22 E5 E11 E9 E11 E9 E26 E26 E26 E11 E9 E2 E23 E23 E23 E21 E21 E21,E21,E5,0.669484,UNCERTAIN,True
E21 E5 E5 E5 E22 E11 E9 E26 E11 E9 E11 E9 E26 E26 E23 E23 E23 E21 E21 E21,E5,E5,0.76404,NORMAL,False
E5 E22 E11 E9 E11 E9 E11 E9 E26 E26 E26 E23 E23 E23 E21 E21 E21 E5 E22 E5,E5,E5,0.890014,NORMAL,False
E11 E9 E9 E11 E9 E26 E26 E26 E4 E3 E4 E2 E2 E23 E23 E23 E21 E21 E21 E22,E5,E5,0.992997,NORMAL,False
E11 E9 E11 E9 E26 E26 E26 E5 E5 E22 E5 E11 E9 E11 E9 E11 E9 E26 E26 E26,E5,E5,0.680775,UNCERTAIN,True
E26 E2 E5 E22 E5 E5 E11 E9 E11 E9 E11 E9 E26 E26 E26 E5 E22 E5 E5 E11,E9,E9,0.99834,NORMAL,False
E23 E23 E21 E21 E21 E5 E22 E5 E5 E11 E9 E11 E9 E11 E9 E26 E26 E26 E23 E23,E23,E23,0.996665,NORMAL,False
E23 E23 E23 E21 E21 E21 E22 E5 E5 E5 E26 E11 E9 E26 E26 E11 E9 E11 E9 E23,E23,E23,0.983392,NORMAL,False
E11 E9 E11 E9 E3 E3 E4 E3 E3 E4 E3 E3 E4 E3 E3 E4 E23 E23 E23 E21,E21,E21,0.99924,NORMAL,False
E26 E26 E26 E23 E23 E23 E21 E21 E21 E5 E5 E5 E22 E11 E9 E11 E9 E26 E26 E11,E9,E9,0.929904,NORMAL,False
E9 E26 E26 E26 E5 E5 E5 E22 E11 E9 E11 E9 E11 E9 E26 E26 E26 E5 E5 E5,E22,E22,0.922263,NORMAL,False
E26 E23 E23 E23 E21 E21 E21 E5 E5 E5 E22 E11 E9 E11 E9 E11 E9 E26 E26 E26,E23,E23,0.879381,NORMAL,False
E5 E26 E26 E26 E11 E9 E11 E9 E11 E9 E4 E4 E3 E2 E23 E23 E23 E21 E21 E21,E22,E22,0.811754,NORMAL,False
E23 E23 E21 E21 E21 E5 E5 E22 E5 E11 E9 E11 E9 E11 E9 E26 E26 E26 E3 E3,E4,E4,0.871705,NORMAL,False
E21 E21 E22 E5 E5 E5 E11 E9 E11 E9 E11 E9 E26 E26 E26 E23 E23 E23 E21 E21,E21,E21,0.9947,NORMAL,False
E22 E11 E9 E9 E11 E9 E26 E11 E26 E26 E23 E23 E23 E21 E21 E21 E5 E5 E5 E22,E11,E11,0.967916,NORMAL,False
E22 E5 E11 E9 E11 E9 E11 E9 E26 E26 E26 E23 E23 E23 E21 E21 E21 E5 E5 E5,E22,E22,0.943585,NORMAL,False
E26 E26 E26 E11 E9 E11 E9 E11 E9 E4 E3 E4 E3 E4 E4 E3 E23 E23 E23 E21,E21,E21,0.997861,NORMAL,False
E26 E26 E23 E23 E23 E21 E21 E21 E5 E5 E5 E22 E11 E9 E11 E9 E11 E9 E26 E26,E26,E26,0.993802,NORMAL,False
E26 E26 E23 E23 E23 E21 E21 E21 E5 E5 E5 E22 E11 E9 E11 E9 E26 E26 E11 E9,E26,E26,0.984182,NORMAL,False
E3 E23 E23 E23 E21 E21 E21 E5 E5 E5 E22 E11 E9 E26 E11 E9 E11 E9 E26 E26,E4,E4,0.273013,ANOMALY,False
E23 E23 E21 E21 E21 E5 E5 E5 E22 E11 E9 E11 E9 E11 E9 E26 E26 E26 E23 E23,E23,E23,0.997699,NORMAL,False
E5 E22 E5 E5 E11 E9 E11 E9 E11 E9 E26 E26 E26 E5 E22 E5 E5 E11 E9 E11,E9,E9,0.998764,NORMAL,False
E21 E21 E22 E5 E5 E5 E11 E9 E11 E9 E11 E9 E26 E26 E26 E3 E4 E3 E3 E4,E3,E3,0.801454,NORMAL,False
E22 E11 E9 E11 E9 E11 E9 E26 E26 E26 E23 E23 E23 E21 E21 E21 E5 E5 E5 E22,E11,E11,0.966328,NORMAL,False
E23 E21 E21 E20 E21 E5 E22 E5 E5 E11 E9 E11 E9 E11 E9 E26 E26 E26 E23 E23,E23,E23,0.9968,NORMAL,False
E3 E4 E23 E23 E23 E21 E21 E21 E22 E5 E5 E5 E26 E11 E9 E11 E9 E11 E9 E26,E26,E26,0.969587,NORMAL,False
E23 E21 E21 E21 E5 E5 E22 E5 E11 E9 E11 E9 E26 E26 E11 E9 E26 E23 E23 E23,E21,E21,0.997609,NORMAL,False
E11 E9 E11 E9 E11 E9 E26 E26 E26 E5 E5 E5 E22 E11 E9 E11 E9 E11 E9 E26,E26,E26,0.995671,NORMAL,False
E5 E5 E11 E9 E11 E9 E26 E11 E9 E26 E26 E2 E5 E5 E22 E5 E11 E9 E11 E9,E11,E11,0.771574,NORMAL,False
E11 E9 E11 E9 E11 E9 E26 E26 E26 E23 E23 E23 E21 E21 E21 E5 E22 E5 E5 E11,E9,E9,0.997469,NORMAL,False
E9 E11 E9 E26 E26 E26 E23 E23 E23 E21 E21 E21 E5 E5 E5 E22 E11 E9 E11 E9,E11,E11,0.848735,NORMAL,False
E26 E23 E23 E23 E21 E21 E21 E5 E5 E22 E5 E11 E9 E11 E9 E11 E9 E26 E26 E26,E23,E23,0.896408,NORMAL,False
E5 E22 E5 E11 E9 E11 E9 E11 E9 E26 E26 E26 E23 E23 E23 E21 E21 E21 E5 E5,E5,E5,0.664325,UNCERTAIN,True
E5 E22 E5 E5 E11 E9 E9 E26 E26 E11 E11 E9 E26 E23 E23 E23 E21 E21 E21 E5,E5,E5,0.618288,UNCERTAIN,True
E26 E26 E23 E23 E23 E21 E21 E21 E22 E5 E5 E5 E11 E9 E11 E9 E11 E9 E26 E26,E26,E26,0.998348,NORMAL,False
E11 E9 E26 E23 E23 E23 E21 E21 E21 E5 E5 E5 E22 E11 E9 E11 E9 E11 E9 E26,E26,E26,0.998962,NORMAL,False
E3 E3 E4 E3 E3 E3 E4 E23 E23 E23 E21 E21 E21 E22 E5 E5 E5 E26 E26 E26,E11,E11,0.982716,NORMAL,False
E9 E11 E9 E2 E23 E23 E23 E21 E21 E21 E22 E5 E5 E5 E26 E26 E26 E11 E9 E11,E9,E9,0.998851,NORMAL,False
E21 E5 E5 E5 E22 E11 E9 E11 E9 E11 E9 E26 E26 E26 E4 E4 E3 E2 E2 E2,E23,E23,0.833676,NORMAL,False
E23 E21 E21 E21 E5 E5 E5 E22 E11 E9 E11 E9 E11 E9 E26 E26 E26 E2 E23 E23,E23,E23,0.997419,NORMAL,False
E11 E9 E26 E26 E26 E23 E23 E23 E21 E21 E21 E5 E22 E5 E5 E11 E9 E11 E9 E11,E9,E9,0.997509,NORMAL,False
E9 E11 E9 E11 E9 E26 E26 E26 E5 E22 E5 E5 E11 E9 E11 E9 E11 E9 E26 E26,E26,E26,0.960131,NORMAL,False
E2 E23 E23 E23 E21 E21 E21 E5 E5 E22 E5 E11 E9 E11 E9 E11 E9 E26 E26 E26,E23,E23,0.370518,ANOMALY,False
E23 E23 E21 E21 E21 E5 E5 E5 E22 E11 E9 E11 E9 E11 E9 E26 E26 E26 E23 E23,E23,E23,0.997699,NORMAL,False
E11 E9 E11 E9 E26 E26 E4 E3 E4 E2 E2 E2 E23 E23 E23 E21 E21 E21 E22 E5,E5,E5,0.986719,NORMAL,False
E9 E4 E3 E4 E2 E23 E23 E23 E21 E21 E21 E22 E5 E5 E5 E26 E26 E11 E9 E11,E9,E9,0.997959,NORMAL,False
E5 E5 E5 E22 E9 E26 E11 E11 E9 E11 E9 E26 E26 E2 E23 E23 E23 E21 E21 E21,E5,E5,0.536879,UNCERTAIN,True
E9 E26 E26 E26 E23 E23 E23 E21 E21 E21 E5 E22 E5 E5 E11 E9 E11 E9 E26 E11,E9,E9,0.967709,NORMAL,False
E9 E26 E26 E26 E23 E23 E23 E21 E21 E21 E5 E5 E22 E5 E11 E9 E11 E9 E11 E9,E26,E26,0.991719,NORMAL,False
E23 E21 E21 E21 E5 E5 E22 E5 E11 E9 E11 E9 E11 E9 E26 E26 E26 E23 E23 E23,E21,E21,0.997322,NORMAL,False
E23 E23 E21 E21 E21 E22 E5 E5 E5 E26 E26 E11 E9 E11 E9 E11 E9 E26 E3 E3,E4,E3,0.80689,NORMAL,False
E21 E5 E5 E5 E22 E11 E9 E26 E26 E11 E9 E11 E9 E26 E23 E23 E23 E21 E21 E21,E5,E5,0.528347,UNCERTAIN,True
E9 E11 E9 E26 E26 E26 E5 E5 E22 E5 E11 E9 E11 E9 E11 E9 E26 E26 E26 E5,E5,E5,0.701586,NORMAL,False
E22 E5 E5 E11 E9 E11 E9 E11 E9 E26 E26 E26 E23 E23 E23 E21 E21 E21 E5 E5,E5,E5,0.651517,UNCERTAIN,True
E23 E23 E23 E21 E21 E21 E5 E22 E5 E5 E11 E9 E11 E9 E11 E9 E26 E26 E26 E23,E23,E23,0.992552,NORMAL,False
E9 E4 E3 E4 E2 E2 E2 E23 E23 E23 E21 E21 E21 E22 E5 E5 E5 E26 E26 E26,E11,E11,0.980403,NORMAL,False
E22 E5 E5 E5 E26 E26 E26 E11 E9 E11 E11 E9 E9 E4 E4 E3 E2 E2 E2 E23,E23,E23,0.993043,NORMAL,False
E21 E22 E5 E5 E5 E26 E11 E9 E26 E26 E11 E9 E11 E9 E3 E4 E3 E4 E3 E3,E4,E4,0.844519,NORMAL,False
E22 E11 E9 E11 E9 E11 E9 E26 E26 E26 E23 E23 E23 E21 E21 E21 E5 E5 E5 E22,E11,E11,0.966328,NORMAL,False
E23 E23 E21 E21 E21 E22 E5 E5 E5 E26 E11 E9 E11 E9 E11 E9 E26 E26 E2 E2,E2,E4,0.530066,UNCERTAIN,True
E9 E26 E26 E11 E9 E26 E23 E23 E23 E21 E21 E21 E5 E22 E5 E5 E11 E9 E11 E9,E11,E11,0.892789,NORMAL,False
E5 E22 E5 E5 E11 E9 E11 E9 E11 E9 E26 E26 E26 E2 E23 E23 E23 E21 E21 E21,E5,E5,0.632134,UNCERTAIN,True
E26 E23 E23 E23 E21 E21 E21 E5 E22 E5 E5 E26 E11 E9 E11 E9 E11 E9 E26 E26,E23,E23,0.558844,UNCERTAIN,True
E26 E26 E11 E11 E9 E26 E25 E18 E5 E16 E26 E6 E26 E21 E23 E23 E23 E21 E21 E21,E5,E5,0.902813,NORMAL,False
E23 E21 E21 E21 E5 E5 E5 E22 E11 E9 E26 E11 E9 E11 E9 E26 E26 E23 E23 E23,E21,E21,0.996774,NORMAL,False
E22 E5 E5 E11 E9 E11 E9 E11 E9 E26 E26 E26 E23 E23 E23 E21 E21 E21 E5 E22,E5,E5,0.984755,NORMAL,False
E9 E11 E9 E11 E9 E3 E4 E3 E2 E4 E3 E3 E3 E4 E3 E4 E3 E3 E23 E23,E23,E23,0.976951,NORMAL,False
E26 E26 E23 E23 E23 E21 E21 E21 E20 E5 E5 E5 E22 E11 E9 E11 E9 E11 E9 E26,E26,E26,0.998847,NORMAL,False
E23 E23 E21 E21 E21 E5 E5 E5 E22 E11 E9 E11 E9 E11 E9 E26 E26 E26 E23 E23,E23,E23,0.997699,NORMAL,False
E4 E4 E4 E2 E2 E23 E23 E23 E21 E21 E21 E22 E5 E5 E5 E26 E26 E11 E9 E11,E9,E9,0.998032,NORMAL,False
E4 E3 E3 E3 E3 E4 E4 E3 E3 E23 E23 E23 E21 E21 E21 E22 E5 E5 E5 E26,E26,E26,0.97838,NORMAL,False
E21 E21 E21 E5 E22 E5 E5 E11 E9 E11 E9 E11 E9 E26 E26 E26 E23 E23 E23 E21,E21,E21,0.998484,NORMAL,False
E4 E2 E2 E2 E23 E23 E23 E21 E21 E21 E22 E5 E5 E5 E26 E11 E9 E11 E9 E11,E9,E9,0.982821,NORMAL,False
E5 E5 E11 E9 E11 E9 E11 E9 E26 E26 E26 E2 E3 E4 E3 E3 E3 E4 E23 E23,E23,E23,0.992608,NORMAL,False
E5 E5 E22 E5 E11 E9 E11 E9 E11 E9 E26 E26 E26 E23 E23 E23 E21 E21 E21 E5,E5,E5,0.664844,UNCERTAIN,True
E11 E9 E11 E9 E11 E9 E26 E26 E26 E4 E3 E4 E2 E23 E23 E23 E21 E21 E21 E5,E5,E22,0.672948,UNCERTAIN,True
E23 E21 E21 E21 E5 E22 E5 E5 E11 E9 E11 E9 E26 E26 E11 E9 E26 E23 E23 E23,E21,E21,0.998045,NORMAL,False
E22 E5 E11 E9 E11 E9 E26 E26 E11 E9 E26 E23 E23 E23 E21 E21 E21 E5 E5 E22,E5,E5,0.928463,NORMAL,False
E11 E9 E11 E9 E11 E9 E26 E26 E26 E23 E23 E23 E21 E21 E21 E5 E5 E5 E22 E11,E9,E9,0.996729,NORMAL,False
E21 E21 E21 E5 E5 E5 E22 E11 E9 E11 E9 E11 E9 E26 E26 E26 E23 E23 E23 E21,E21,E21,0.997397,NORMAL,False
E11 E9 E26 E26 E26 E3 E3 E4 E3 E3 E2 E4 E23 E23 E23 E21 E21 E21 E5 E5,E5,E5,0.668256,UNCERTAIN,True
E5 E5 E26 E26 E26 E11 E9 E11 E9 E11 E9 E23 E23 E23 E21 E21 E21 E22 E5 E5,E5,E5,0.92694,NORMAL,False
E23 E23 E23 E21 E21 E21 E5 E5 E5 E22 E11 E9 E11 E9 E11 E9 E26 E26 E26 E23,E23,E23,0.994407,NORMAL,False
E5 E22 E5 E5 E11 E9 E11 E9 E11 E9 E26 E26 E26 E22 E5 E5 E5 E11 E9 E11,E9,E9,0.998754,NORMAL,False
E9 E11 E9 E26 E26 E26 E5 E5 E22 E5 E11 E9 E11 E9 E11 E9 E26 E26 E26 E5,E5,E22,0.701586,NORMAL,False
E23 E23 E21 E21 E21 E5 E5 E5 E22 E11 E9 E11 E9 E11 E9 E26 E26 E26 E3 E3,E4,E4,0.864483,NORMAL,False
E26 E26 E26 E11 E9 E11 E9 E11 E9 E3 E3 E3 E3 E3 E3 E3 E3 E23 E23 E23,E21,E21,0.980736,NORMAL,False
E23 E23 E23 E21 E21 E21 E5 E5 E5 E22 E11 E9 E11 E9 E11 E9 E26 E26 E26 E23,E23,E23,0.994407,NORMAL,False
E5 E5 E22 E11 E9 E11 E9 E11 E9 E26 E26 E26 E23 E23 E23 E21 E21 E21 E5 E11,E5,E9,0.899013,NORMAL,False
E23 E23 E23 E21 E21 E21 E5 E22 E5 E5 E11 E9 E11 E9 E11 E9 E26 E26 E26 E23,E23,E23,0.992552,NORMAL,False
E26 E26 E26 E5 E5 E5 E22 E11 E9 E11 E9 E11 E9 E26 E26 E26 E2 E22 E5 E5,E5,E5,0.975713,NORMAL,False
E5 E22 E5 E11 E9 E11 E9 E26 E26 E11 E9 E26 E5 E5 E5 E22 E11 E9 E11 E9,E11,E11,0.61711,UNCERTAIN,True
E9 E11 E9 E11 E9 E26 E26 E26 E23 E23 E23 E21 E21 E21 E5 E5 E5 E22 E11 E9,E11,E11,0.975304,NORMAL,False
E21 E21 E21 E5 E5 E22 E5 E11 E9 E11 E9 E11 E9 E26 E26 E26 E23 E23 E23 E21,E21,E21,0.998075,NORMAL,False
E11 E9 E11 E9 E11 E9 E26 E26 E26 E23 E23 E23 E21 E21 E21 E5 E5 E22 E5 E11,E9,E9,0.996744,NORMAL,False
E11 E9 E11 E26 E26 E26 E23 E23 E23 E21 E21 E21 E5 E5 E5 E22 E11 E9 E11 E9,E11,E11,0.860485,NORMAL,False
E11 E9 E26 E26 E26 E5 E5 E22 E5 E11 E9 E11 E9 E11 E9 E26 E26 E26 E5 E5,E5,E5,0.677826,UNCERTAIN,True
E23 E23 E23 E21 E21 E21 E5 E5 E22 E5 E11 E9 E11 E9 E11 E9 E26 E26 E26 E23,E23,E23,0.994097,NORMAL,False
E9 E11 E9 E11 E9 E26 E26 E26 E23 E23 E23 E21 E21 E21 E5 E5 E22 E5 E11 E9,E11,E11,0.976374,NORMAL,False
E5 E5 E5 E22 E11 E9 E26 E11 E9 E11 E9 E26 E26 E23 E23 E23 E21 E21 E21 E5,E5,E5,0.67758,UNCERTAIN,True
E23 E23 E23 E21 E21 E21 E5 E22 E5 E5 E11 E9 E11 E9 E11 E9 E26 E26 E26 E23,E23,E23,0.992552,NORMAL,False
E11 E9 E5 E11 E9 E11 E9 E26 E26 E26 E23 E23 E23 E21 E21 E21 E5 E22 E5 E5,E11,E11,0.941433,NORMAL,False
E9 E11 E9 E26 E26 E11 E9 E26 E23 E23 E23 E21 E21 E21 E5 E5 E5 E22 E11 E9,E11,E11,0.967592,NORMAL,False
E9 E11 E9 E26 E11 E9 E26 E26 E23 E23 E23 E21 E21 E20 E21 E5 E5 E22 E5 E26,E11,E11,0.949345,NORMAL,False
E18 E5 E6 E16 E26 E26 E21 E23 E23 E23 E21 E21 E21 E5 E22 E5 E5 E11 E9 E11,E9,E9,0.997582,NORMAL,False
E26 E26 E11 E9 E11 E9 E11 E9 E2 E23 E23 E23 E21 E21 E21 E22 E5 E5 E5 E26,E26,E26,0.980602,NORMAL,False
E26 E22 E5 E5 E5 E11 E9 E11 E9 E26 E11 E9 E26 E26 E5 E5 E22 E7 E5 E22,E5,E5,0.981562,NORMAL,False
E22 E5 E11 E9 E11 E9 E11 E9 E26 E26 E26 E23 E23 E23 E21 E21 E21 E5 E5 E22,E5,E5,0.927675,NORMAL,False
E11 E9 E11 E9 E26 E26 E3 E4 E3 E3 E4 E3 E23 E23 E23 E21 E21 E21 E5 E5,E5,E5,0.624272,UNCERTAIN,True
E23 E23 E21 E21 E21 E22 E5 E5 E5 E26 E26 E26 E11 E9 E11 E9 E11 E9 E3 E4,E3,E3,0.84626,NORMAL,False
E9 E11 E9 E11 E9 E26 E26 E26 E2 E23 E23 E23 E21 E21 E21 E5 E5 E5 E22 E11,E9,E9,0.997165,NORMAL,False
E22 E5 E5 E5 E26 E26 E11 E9 E11 E9 E26 E11 E9 E3 E3 E4 E3 E3 E4 E3,E3,E3,0.749824,NORMAL,False
E23 E23 E21 E21 E21 E5 E5 E5 E22 E11 E9 E11 E9 E11 E9 E26 E26 E26 E23 E23,E23,E23,0.997699,NORMAL,False
E5 E22 E11 E9 E11 E9 E11 E9 E26 E26 E26 E23 E23 E23 E21 E21 E21 E5 E5 E5,E22,E22,0.940906,NORMAL,False
E21 E21 E22 E5 E5 E5 E26 E26 E26 E11 E9 E11 E9 E11 E9 E3 E3 E3 E3 E3,E3,E3,0.595034,UNCERTAIN,True
E21 E21 E21 E5 E5 E22 E5 E11 E9 E11 E9 E11 E9 E26 E26 E26 E3 E3 E4 E3,E3,E3,0.664948,UNCERTAIN,True
E21 E21 E21 E5 E5 E5 E22 E11 E9 E11 E9 E11 E9 E26 E26 E26 E23 E23 E23 E21,E21,E21,0.997397,NORMAL,False
E11 E9 E26 E26 E26 E5 E5 E5 E22 E11 E9 E11 E9 E11 E9 E26 E26 E26 E5 E22,E5,E5,0.992473,NORMAL,False
E9 E11 E9 E11 E9 E26 E26 E26 E5 E5 E22 E5 E11 E9 E11 E9 E11 E9 E26 E26,E26,E26,0.954804,NORMAL,False
E23 E21 E21 E21 E22 E5 E5 E5 E26 E26 E26 E11 E9 E11 E9 E11 E9 E2 E4 E3,E4,E4,0.759689,NORMAL,False
E21 E21 E21 E22 E5 E5 E5 E26 E26 E26 E11 E9 E11 E9 E11 E9 E3 E3 E4 E3,E3,E3,0.750527,NORMAL,False
E23 E21 E21 E21 E5 E22 E5 E5 E11 E9 E11 E9 E11 E9 E26 E26 E26 E3 E4 E3,E3,E3,0.518174,UNCERTAIN,True
E26 E23 E23 E23 E21 E21 E21 E22 E5 E5 E5 E11 E9 E11 E9 E11 E9 E26 E26 E26,E23,E23,0.719825,NORMAL,False
E9 E9 E26 E26 E11 E26 E23 E23 E23 E21 E21 E21 E5 E22 E5 E5 E11 E9 E11 E9,E11,E11,0.907682,NORMAL,False
E23 E21 E21 E21 E5 E5 E5 E22 E11 E9 E11 E9 E11 E9 E26 E26 E26 E23 E23 E23,E21,E21,0.996387,NORMAL,False
E2 E23 E23 E23 E21 E21 E21 E22 E5 E5 E5 E11 E9 E11 E9 E11 E9 E26 E26 E26,E4,E23,0.411507,UNCERTAIN,True
E11 E9 E26 E26 E26 E5 E22 E22 E5 E5 E5 E11 E9 E26 E11 E9 E11 E9 E26 E26,E5,E5,0.605302,UNCERTAIN,True
E3 E4 E3 E4 E3 E3 E4 E3 E23 E23 E23 E21 E21 E21 E22 E5 E5 E5 E26 E26,E26,E26,0.791568,NORMAL,False
E11 E9 E26 E26 E26 E5 E5 E5 E22 E11 E9 E11 E9 E11 E9 E26 E26 E26 E5 E5,E5,E5,0.708083,NORMAL,False
E22 E11 E9 E11 E9 E11 E9 E26 E26 E25 E18 E5 E16 E6 E26 E26 E5 E5 E5 E22,E11,E11,0.983536,NORMAL,False
E26 E4 E3 E4 E23 E23 E23 E21 E21 E21 E5 E5 E5 E22 E11 E9 E11 E9 E11 E9,E26,E26,0.986353,NORMAL,False
E5 E5 E11 E9 E11 E9 E11 E9 E26 E26 E26 E23 E23 E23 E21 E21 E21 E5 E22 E5,E5,E5,0.876173,NORMAL,False
E9 E11 E9 E26 E26 E26 E5 E5 E5 E22 E11 E9 E11 E9 E11 E9 E26 E26 E26 E5,E5,E5,0.74062,NORMAL,False
E11 E9 E11 E9 E26 E26 E26 E5 E22 E5 E5 E11 E9 E11 E9 E11 E9 E26 E26 E26,E5,E22,0.669126,UNCERTAIN,True
E23 E21 E21 E21 E5 E22 E5 E5 E11 E9 E11 E9 E11 E9 E26 E26 E26 E23 E23 E23,E21,E21,0.997857,NORMAL,False
E11 E9 E11 E9 E11 E9 E26 E26 E26 E5 E22 E5 E5 E22 E5 E11 E9 E11 E9 E11,E9,E9,0.989536,NORMAL,False
E9 E11 E9 E26 E26 E26 E23 E23 E23 E21 E21 E21 E5 E5 E5 E22 E11 E9 E11 E9,E11,E11,0.848735,NORMAL,False
E26 E26 E26 E23 E23 E23 E21 E21 E21 E5 E5 E5 E22 E11 E9 E11 E9 E11 E9 E26,E26,E26,0.999035,NORMAL,False
E23 E21 E21 E21 E5 E22 E5 E5 E11 E9 E11 E9 E11 E9 E26 E26 E26 E23 E23 E23,E21,E21,0.997857,NORMAL,False
E4 E3 E4 E2 E23 E23 E23 E21 E21 E21 E22 E5 E5 E5 E26 E26 E11 E9 E11 E9,E11,E26,0.932686,NORMAL,False
E9 E3 E4 E3 E3 E4 E3 E3 E4 E3 E23 E23 E23 E21 E21 E21 E22 E5 E5 E5,E26,E26,0.94503,NORMAL,False
E21 E21 E22 E5 E5 E5 E26 E26 E26 E11 E9 E11 E9 E11 E9 E23 E23 E23 E21 E21,E21,E21,0.993795,NORMAL,False
E21 E21 E5 E22 E5 E5 E26 E26 E26 E11 E9 E11 E9 E11 E9 E4 E4 E3 E23 E23,E23,E23,0.972111,NORMAL,False
E11 E9 E26 E26 E26 E4 E4 E3 E23 E23 E23 E21 E21 E21 E5 E22 E5 E5 E11 E9,E11,E11,0.958973,NORMAL,False
E26 E26 E23 E23 E23 E21 E21 E21 E5 E22 E5 E5 E11 E9 E26 E11 E9 E11 E9 E26,E26,E26,0.998044,NORMAL,False
E26 E26 E23 E23 E23 E21 E21 E21 E5 E5 E22 E5 E11 E9 E11 E9 E11 E9 E26 E26,E26,E26,0.996796,NORMAL,False
E11 E9 E11 E9 E26 E26 E26 E3 E3 E4 E2 E23 E23 E23 E21 E21 E21 E5 E22 E5,E5,E5,0.844284,NORMAL,False
E5 E5 E22 E11 E9 E11 E9 E11 E9 E26 E26 E26 E5 E5 E5 E22 E11 E9 E11 E9,E11,E11,0.821839,NORMAL,False
E26 E5 E5 E5 E22 E11 E9 E11 E9 E11 E9 E26 E26 E26 E5 E5 E22 E5 E11 E9,E11,E11,0.975393,NORMAL,False
E3 E3 E3 E3 E3 E3 E3 E3 E3 E3 E3 E3 E3 E3 E3 E3 E3 E3 E3 E3,E3,E3,0.858938,NORMAL,False
E23 E23 E23 E21 E21 E21 E5 E5 E22 E5 E11 E9 E26 E11 E9 E11 E9 E26 E26 E23,E23,E23,0.992569,NORMAL,False
E5 E5 E11 E9 E11 E9 E11 E9 E26 E26 E26 E22 E5 E5 E5 E11 E9 E11 E9 E11,E9,E9,0.997081,NORMAL,False
E22 E5 E5 E11 E9 E26 E11 E9 E11 E9 E26 E26 E23 E23 E23 E21 E21 E21 E5 E5,E5,E5,0.647644,UNCERTAIN,True
E4 E3 E23 E23 E23 E21 E21 E21 E22 E5 E5 E5 E26 E26 E11 E9 E11 E9 E11 E9,E25,E26,0.766258,NORMAL,False
E9 E26 E26 E11 E9 E26 E23 E23 E23 E21 E21 E21 E5 E5 E22 E5 E11 E9 E11 E9,E11,E11,0.84807,NORMAL,False
E9 E11 E9 E26 E26 E26 E4 E3 E3 E2 E3 E4 E23 E23 E23 E21 E21 E21 E5 E5,E5,E5,0.677692,UNCERTAIN,True
E26 E23 E23 E23 E21 E21 E21 E5 E5 E5 E22 E11 E9 E11 E9 E11 E9 E26 E26 E26,E23,E23,0.879381,NORMAL,False
E4 E3 E4 E2 E23 E23 E23 E21 E21 E21 E22 E5 E5 E5 E26 E26 E26 E11 E9 E11,E9,E9,0.998637,NORMAL,False
E21 E21 E21 E5 E5 E22 E5 E11 E9 E11 E9 E11 E9 E26 E26 E26 E23 E23 E23 E21,E21,E21,0.998075,NORMAL,False
E5 E5 E22 E11 E9 E11 E9 E11 E9 E26 E26 E26 E23 E23 E23 E21 E21 E21 E5 E5,E5,E22,0.681922,UNCERTAIN,True
E23 E23 E23 E21 E21 E21 E5 E5 E5 E22 E11 E9 E11 E9 E11 E9 E26 E26 E26 E23,E23,E23,0.994407,NORMAL,False
E21 E21 E21 E5 E22 E5 E5 E11 E9 E11 E9 E11 E9 E26 E26 E26 E4 E3 E4 E23,E23,E23,0.978537,NORMAL,False
E23 E21 E21 E21 E5 E5 E5 E22 E11 E9 E26 E11 E9 E11 E9 E26 E26 E23 E23 E23,E21,E21,0.996774,NORMAL,False
E23 E23 E23 E21 E21 E21 E5 E5 E5 E22 E11 E9 E11 E9 E11 E9 E26 E26 E26 E23,E23,E23,0.994407,NORMAL,False
E26 E11 E9 E11 E9 E11 E9 E23 E23 E23 E21 E21 E21 E22 E5 E5 E5 E26 E26 E26,E11,E11,0.967522,NORMAL,False
E21 E21 E21 E5 E5 E5 E22 E11 E9 E11 E9 E11 E9 E26 E26 E26 E23 E23 E23 E21,E21,E21,0.997397,NORMAL,False
E26 E26 E26 E23 E23 E23 E21 E21 E21 E22 E5 E5 E5 E11 E9 E11 E9 E11 E9 E26,E26,E26,0.999464,NORMAL,False
E2 E23 E23 E23 E21 E21 E21 E5 E5 E5 E22 E11 E9 E11 E9 E26 E26 E11 E9 E26,E23,E23,0.417901,UNCERTAIN,True
E11 E9 E4 E4 E4 E4 E4 E4 E4 E4 E4 E4 E4 E4 E4 E4 E3 E4 E2 E23,E23,E23,0.988818,NORMAL,False
E23 E23 E23 E21 E21 E21 E5 E5 E5 E22 E11 E9 E11 E9 E11 E9 E26 E26 E26 E2,E2,E3,0.509156,UNCERTAIN,True
E5 E11 E9 E11 E9 E11 E9 E26 E26 E26 E23 E23 E23 E21 E21 E21 E5 E5 E5 E22,E11,E11,0.961275,NORMAL,False
E5 E5 E26 E26 E11 E9 E11 E9 E26 E11 E9 E3 E3 E4 E3 E4 E3 E4 E3 E3,E4,E23,0.820145,NORMAL,False
E21 E21 E5 E5 E22 E5 E11 E9 E11 E9 E11 E9 E26 E26 E26 E23 E23 E23 E21 E21,E21,E21,0.993015,NORMAL,False
E11 E9 E11 E9 E26 E26 E26 E23 E23 E23 E21 E21 E21 E5 E5 E5 E22 E11 E9 E11,E9,E9,0.996249,NORMAL,False
E5 E5 E5 E22 E11 E9 E11 E9 E26 E26 E11 E9 E26 E4 E3 E4 E2 E23 E23 E23,E21,E21,0.992421,NORMAL,False
E5 E22 E11 E9 E11 E9 E11 E9 E26 E26 E26 E4 E4 E3 E23 E23 E23 E21 E21 E21,E5,E5,0.784779,NORMAL,False
E23 E21 E21 E21 E5 E22 E5 E5 E11 E9 E11 E9 E11 E9 E26 E26 E26 E4 E4 E3,E2,E2,0.898395,NORMAL,False
E23 E23 E23 E21 E21 E21 E5 E5 E22 E5 E11 E9 E11 E9 E11 E9 E26 E26 E26 E23,E23,E23,0.994097,NORMAL,False
E11 E9 E11 E9 E11 E9 E4 E3 E4 E3 E4 E3 E23 E23 E23 E21 E21 E21 E22 E5,E5,E5,0.958946,NORMAL,False
E9 E26 E11 E9 E26 E23 E23 E23 E21 E21 E21 E22 E5 E5 E5 E11 E9 E11 E9 E11,E9,E9,0.996184,NORMAL,False
E11 E9 E11 E9 E11 E9 E26 E26 E26 E4 E4 E3 E2 E2 E23 E23 E23 E21 E21 E21,E5,E5,0.492766,UNCERTAIN,True
E26 E26 E23 E23 E23 E21 E21 E21 E5 E5 E22 E5 E11 E9 E11 E9 E26 E26 E26 E11,E9,E9,0.888647,NORMAL,False
E21 E21 E22 E5 E5 E5 E26 E26 E11 E9 E11 E9 E26 E11 E9 E4 E3 E4 E2 E2,E2,E23,0.685193,UNCERTAIN,True
E5 E11 E9 E11 E9 E26 E26 E11 E9 E26 E3 E4 E3 E3 E4 E3 E23 E23 E23 E21,E21,E21,0.999246,NORMAL,False
E9 E11 E9 E11 E9 E26 E26 E26 E23 E23 E23 E21 E21 E21 E22 E5 E5 E5 E9 E11,E9,E9,0.954733,NORMAL,False
E23 E21 E21 E21 E5 E5 E5 E22 E11 E9 E11 E9 E11 E9 E26 E26 E26 E23 E23 E23,E21,E21,0.996387,NORMAL,False
E5 E5 E11 E9 E11 E9 E11 E9 E26 E26 E26 E4 E4 E3 E2 E2 E23 E23 E23 E21,E21,E21,0.999494,NORMAL,False
E26 E26 E23 E23 E23 E21 E21 E21 E5 E22 E5 E5 E11 E9 E11 E9 E11 E9 E26 E26,E26,E26,0.997512,NORMAL,False
E21 E21 E22 E5 E5 E5 E11 E9 E11 E9 E11 E9 E26 E26 E26 E2 E23 E23 E23 E21,E21,E21,0.999387,NORMAL,False
E5 E5 E26 E26 E26 E11 E9 E11 E9 E11 E9 E4 E4 E3 E2 E23 E23 E23 E21 E21,E21,E21,0.990341,NORMAL,False
E5 E11 E9 E11 E9 E11 E9 E26 E26 E26 E3 E3 E4 E23 E23 E23 E21 E21 E21 E5,E5,E5,0.709983,NORMAL,False
E26 E23 E23 E23 E21 E21 E21 E5 E5 E22 E5 E26 E26 E11 E9 E11 E9 E11 E9 E26,E2,E23,0.448767,UNCERTAIN,True
E9 E11 E9 E11 E9 E26 E26 E26 E23 E23 E23 E21 E21 E21 E5 E5 E5 E22 E11 E9,E11,E11,0.975304,NORMAL,False
E5 E22 E11 E9 E11 E9 E11 E9 E26 E26 E26 E23 E23 E23 E21 E21 E21 E5 E5 E5,E22,E22,0.940906,NORMAL,False
E21 E21 E21 E5 E5 E5 E22 E11 E9 E11 E9 E11 E9 E26 E26 E26 E23 E23 E23 E21,E21,E21,0.997397,NORMAL,False
E5 E5 E11 E9 E11 E9 E11 E9 E26 E26 E26 E5 E5 E5 E22 E11 E9 E11 E9 E11,E9,E9,0.990288,NORMAL,False
E23 E23 E21 E21 E21 E5 E5 E5 E22 E11 E9 E11 E9 E11 E9 E26 E26 E26 E23 E23,E23,E23,0.997699,NORMAL,False
E21 E5 E5 E5 E22 E11 E9 E11 E9 E11 E9 E26 E26 E26 E23 E23 E23 E21 E21 E21,E5,E5,0.833877,NORMAL,False
E5 E26 E26 E11 E9 E11 E9 E11 E9 E26 E4 E3 E4 E23 E23 E23 E21 E21 E21 E22,E5,E5,0.990246,NORMAL,False
E26 E11 E9 E11 E9 E26 E26 E2 E5 E5 E5 E22 E11 E9 E11 E9 E11 E9 E26 E26,E26,E26,0.912458,NORMAL,False
E5 E5 E5 E26 E26 E26 E11 E9 E11 E9 E11 E9 E3 E4 E3 E3 E4 E3 E4 E3,E3,E3,0.590882,UNCERTAIN,True
E26 E11 E9 E11 E9 E11 E9 E3 E4 E3 E3 E4 E3 E4 E3 E3 E3 E3 E4 E23,E23,E23,0.968348,NORMAL,False
E9 E11 E9 E26 E26 E26 E5 E5 E5 E22 E11 E9 E11 E9 E11 E9 E26 E26 E26 E5,E5,E5,0.74062,NORMAL,False
E26 E26 E26 E23 E23 E23 E21 E21 E21 E5 E5 E5 E22 E11 E9 E11 E9 E11 E9 E26,E26,E26,0.999035,NORMAL,False
E5 E5 E5 E26 E11 E9 E11 E9 E26 E26 E11 E9 E23 E23 E23 E21 E21 E21 E22 E5,E5,E5,0.986544,NORMAL,False
E11 E9 E11 E9 E11 E9 E26 E26 E26 E23 E23 E23 E21 E21 E21 E5 E5 E22 E5 E11,E9,E9,0.996744,NORMAL,False
E26 E26 E26 E11 E9 E11 E9 E11 E9 E4 E3 E3 E4 E3 E3 E4 E3 E3 E4 E3,E3,E3,0.611943,UNCERTAIN,True
E22 E11 E9 E11 E9 E11 E9 E26 E26 E26 E23 E23 E23 E21 E21 E21 E5 E5 E5 E22,E11,E11,0.966328,NORMAL,False
E23 E23 E23 E21 E21 E21 E22 E5 E5 E5 E26 E26 E26 E11 E9 E11 E9 E11 E9 E3,E4,E3,0.440455,UNCERTAIN,True
E26 E26 E23 E23 E23 E21 E21 E21 E5 E22 E5 E5 E22 E5 E11 E9 E11 E9 E11 E9,E26,E26,0.993158,NORMAL,False
E23 E23 E23 E21 E21 E21 E5 E22 E5 E5 E11 E9 E11 E9 E11 E9 E26 E26 E26 E23,E23,E23,0.992552,NORMAL,False
E26 E26 E26 E5 E5 E5 E22 E11 E9 E11 E9 E26 E26 E26 E11 E9 E5 E5 E22 E5,E11,E11,0.933988,NORMAL,False
E26 E26 E23 E23 E23 E21 E21 E21 E5 E22 E5 E5 E11 E9 E26 E11 E9 E11 E9 E26,E26,E26,0.998044,NORMAL,False
E22 E5 E5 E11 E9 E11 E9 E11 E9 E26 E26 E26 E23 E23 E23 E21 E21 E21 E5 E5,E5,E22,0.651517,UNCERTAIN,True
E23 E23 E21 E21 E21 E5 E5 E5 E22 E11 E9 E11 E9 E26 E26 E11 E9 E26 E23 E23,E23,E23,0.997521,NORMAL,False
E9 E11 E9 E11 E9 E26 E26 E26 E5 E5 E22 E5 E11 E9 E11 E9 E11 E9 E26 E26,E26,E26,0.954804,NORMAL,False
E5 E5 E22 E11 E9 E11 E9 E11 E9 E26 E26 E26 E23 E23 E23 E21 E21 E21 E5 E5,E5,E5,0.681922,UNCERTAIN,True
E26 E26 E26 E23 E23 E23 E21 E21 E21 E5 E5 E5 E22 E11 E9 E11 E9 E11 E9 E26,E26,E26,0.999035,NORMAL,False
E23 E23 E23 E21 E21 E21 E5 E5 E5 E22 E11 E9 E11 E9 E11 E9 E26 E26 E26 E23,E23,E23,0.994407,NORMAL,False
E9 E26 E26 E23 E23 E23 E21 E21 E21 E5 E5 E5 E22 E11 E9 E26 E11 E11 E9 E9,E26,E26,0.982363,NORMAL,False
E5 E22 E5 E5 E11 E9 E11 E9 E11 E9 E26 E26 E26 E5 E5 E5 E22 E11 E9 E11,E9,E9,0.997459,NORMAL,False
E11 E9 E11 E9 E11 E9 E26 E26 E26 E23 E23 E23 E21 E21 E21 E5 E5 E5 E22 E11,E9,E9,0.996729,NORMAL,False
E26 E11 E9 E11 E9 E26 E27 E26 E23 E23 E23 E21 E21 E21 E5 E5 E5 E22 E11 E9,E11,E11,0.969824,NORMAL,False
E2 E23 E23 E23 E21 E21 E21 E5 E5 E5 E22 E11 E9 E11 E9 E11 E9 E26 E26 E26,E23,E4,0.429646,UNCERTAIN,True
E26 E26 E23 E23 E23 E21 E21 E21 E5 E22 E5 E5 E11 E9 E11 E9 E11 E9 E26 E26,E26,E26,0.997512,NORMAL,False
E5 E5 E11 E9 E11 E9 E11 E9 E26 E26 E26 E5 E22 E5 E5 E11 E9 E11 E9 E11,E9,E9,0.997622,NORMAL,False
E22 E11 E9 E11 E9 E11 E9 E26 E26 E26 E23 E23 E23 E21 E21 E21 E5 E5 E5 E22,E11,E11,0.966328,NORMAL,False
E21 E21 E5 E5 E22 E5 E11 E9 E11 E9 E11 E9 E26 E26 E26 E23 E23 E23 E21 E21,E21,E21,0.993015,NORMAL,False
E26 E26 E26 E23 E23 E23 E21 E21 E21 E5 E22 E5 E5 E11 E9 E11 E9 E11 E9 E26,E26,E26,0.999437,NORMAL,False
E21 E21 E21 E5 E5 E5 E22 E11 E9 E11 E9 E11 E9 E26 E26 E26 E23 E23 E23 E21,E21,E21,0.997397,NORMAL,False
E22 E5 E5 E5 E11 E9 E26 E26 E26 E11 E9 E11 E9 E4 E3 E4 E2 E23 E23 E23,E21,E21,0.991858,NORMAL,False
E11 E9 E26 E11 E9 E26 E26 E3 E3 E4 E2 E3 E4 E3 E23 E23 E23 E21 E21 E21,E5,E5,0.615625,UNCERTAIN,True
E9 E11 E9 E11 E9 E26 E26 E26 E23 E23 E23 E21 E21 E21 E5 E5 E5 E22 E11 E9,E11,E11,0.975304,NORMAL,False
E26 E26 E11 E9 E11 E9 E11 E9 E26 E2 E23 E23 E23 E21 E21 E21 E5 E22 E5 E5,E11,E26,0.809512,NORMAL,False
E11 E9 E11 E9 E11 E9 E26 E26 E26 E22 E5 E5 E5 E11 E9 E11 E9 E11 E9 E26,E26,E26,0.997767,NORMAL,False
E26 E26 E26 E23 E23 E23 E21 E21 E21 E5 E5 E5 E22 E11 E9 E11 E9 E11 E9 E26,E26,E26,0.999035,NORMAL,False
E11 E9 E11 E9 E26 E26 E26 E2 E23 E23 E23 E21 E20 E21 E21 E5 E22 E5 E5 E11,E9,E9,0.997527,NORMAL,False
E21 E5 E22 E5 E5 E11 E9 E11 E9 E11 E9 E26 E26 E26 E4 E3 E4 E2 E2 E23,E23,E23,0.993106,NORMAL,False
E21 E21 E21 E5 E22 E5 E5 E11 E9 E11 E9 E26 E11 E9 E26 E26 E23 E23 E23 E21,E21,E21,0.998485,NORMAL,False
E21 E5 E5 E22 E5 E11 E9 E11 E9 E11 E9 E26 E26 E26 E23 E23 E23 E21 E21 E21,E5,E5,0.798109,NORMAL,False
E9 E11 E9 E11 E9 E26 E26 E26 E23 E23 E23 E21 E21 E21 E5 E22 E5 E5 E11 E9,E11,E26,0.979322,NORMAL,False
E11 E9 E26 E26 E26 E23 E23 E23 E21 E21 E21 E5 E5 E5 E22 E11 E9 E11 E9 E11,E9,E9,0.993244,NORMAL,False
E9 E11 E9 E26 E11 E3 E3 E4 E3 E3 E4 E3 E3 E4 E23 E23 E23 E21 E21 E21,E22,E22,0.407404,UNCERTAIN,True
E21 E21 E22 E5 E5 E5 E26 E26 E26 E11 E9 E11 E9 E11 E9 E3 E3 E4 E3 E4,E3,E3,0.93344,NORMAL,False
E5 E22 E5 E5 E11 E9 E11 E9 E11 E9 E26 E26 E26 E23 E23 E23 E21 E21 E21 E5,E5,E22,0.645901,UNCERTAIN,True
E11 E9 E26 E26 E23 E23 E23 E21 E21 E21 E22 E5 E5 E5 E11 E9 E11 E9 E11 E9,E26,E26,0.989497,NORMAL,False
E5 E5 E22 E11 E9 E11 E9 E11 E9 E26 E26 E26 E4 E3 E4 E23 E23 E23 E21 E21,E21,E21,0.996858,NORMAL,False
E9 E26 E26 E26 E23 E23 E23 E21 E21 E21 E5 E5 E5 E22 E11 E9 E11 E9 E11 E9,E26,E26,0.991192,NORMAL,False
E11 E9 E26 E26 E26 E23 E23 E23 E21 E21 E21 E5 E5 E5 E22 E11 E9 E11 E9 E26,E26,E26,0.682307,UNCERTAIN,True
E26 E26 E26 E23 E23 E23 E21 E21 E21 E5 E5 E5 E22 E11 E9 E11 E9 E11 E9 E26,E26,E26,0.999035,NORMAL,False
E23 E23 E21 E21 E21 E22 E5 E5 E5 E11 E9 E11 E9 E26 E26 E11 E9 E26 E23 E23,E23,E23,0.994976,NORMAL,False
E26 E26 E5 E5 E5 E22 E11 E9 E11 E9 E11 E9 E26 E26 E26 E5 E5 E22 E5 E11,E9,E9,0.997204,NORMAL,False
E21 E21 E21 E5 E5 E22 E5 E11 E9 E11 E9 E11 E9 E26 E26 E26 E23 E23 E23 E21,E21,E21,0.998075,NORMAL,False
E11 E9 E11 E9 E11 E9 E26 E26 E26 E3 E3 E4 E3 E3 E4 E23 E23 E23 E21 E21,E21,E21,0.997064,NORMAL,False
E5 E11 E9 E11 E9 E11 E9 E26 E26 E26 E3 E3 E4 E3 E4 E3 E23 E23 E23 E21,E21,E21,0.998997,NORMAL,False
E26 E11 E9 E11 E9 E11 E9 E2 E4 E4 E3 E2 E2 E23 E23 E23 E21 E21 E21 E22,E5,E5,0.913907,NORMAL,False
E22 E5 E11 E9 E11 E9 E11 E9 E26 E26 E26 E23 E23 E23 E21 E21 E21 E5 E5 E5,E22,E22,0.943585,NORMAL,False
E5 E22 E11 E9 E11 E9 E11 E9 E26 E26 E26 E4 E3 E4 E2 E23 E23 E23 E21 E21,E21,E21,0.998431,NORMAL,False
E11 E9 E11 E9 E26 E26 E26 E23 E23 E23 E21 E21 E21 E5 E5 E22 E5 E11 E9 E11,E9,E9,0.996771,NORMAL,False
E21 E5 E22 E5 E5 E11 E9 E11 E9 E26 E26 E11 E9 E26 E3 E3 E4 E3 E3 E4,E3,E23,0.861866,NORMAL,False
E11 E9 E11 E9 E11 E9 E26 E26 E26 E23 E23 E23 E21 E21 E21 E5 E5 E5 E22 E11,E9,E9,0.996729,NORMAL,False
E11 E9 E11 E9 E11 E9 E4 E4 E3 E23 E23 E23 E21 E21 E21 E22 E5 E5 E5 E26,E26,E26,0.985536,NORMAL,False
E26 E26 E11 E3 E23 E23 E23 E21 E21 E21 E5 E5 E5 E22 E11 E9 E11 E9 E11 E9,E26,E26,0.988561,NORMAL,False
E26 E26 E26 E23 E23 E23 E21 E21 E21 E5 E22 E5 E5 E11 E9 E26 E11 E9 E11 E9,E26,E26,0.9937,NORMAL,False
E23 E21 E21 E21 E5 E5 E5 E22 E11 E9 E11 E9 E11 E9 E26 E26 E26 E23 E23 E23,E21,E21,0.996387,NORMAL,False
E21 E5 E5 E22 E5 E11 E9 E11 E9 E11 E9 E26 E26 E26 E23 E23 E23 E21 E21 E21,E5,E5,0.798109,NORMAL,False
E22 E5 E11 E9 E11 E9 E11 E9 E26 E26 E26 E23 E23 E23 E21 E21 E21 E5 E22 E5,E5,E5,0.887371,NORMAL,False
E21 E22 E5 E5 E5 E11 E9 E11 E9 E11 E9 E26 E26 E26 E23 E23 E23 E21 E21 E21,E5,E22,0.719782,NORMAL,False
E11 E9 E11 E9 E11 E9 E26 E26 E26 E21 E23 E23 E23 E21 E21 E5 E5 E5 E22 E11,E9,E9,0.997462,NORMAL,False
E11 E9 E11 E9 E11 E26 E3 E3 E3 E3 E3 E3 E3 E3 E23 E23 E23 E21 E21 E21,E22,E22,0.769538,NORMAL,False
E9 E11 E9 E26 E26 E26 E3 E4 E3 E3 E3 E4 E23 E23 E23 E21 E21 E21 E5 E22,E5,E5,0.982347,NORMAL,False
E5 E5 E5 E22 E11 E9 E11 E9 E11 E9 E26 E26 E26 E23 E23 E23 E21 E21 E21 E5,E5,E5,0.701612,NORMAL,False
E5 E5 E11 E9 E11 E9 E11 E9 E26 E26 E26 E23 E23 E23 E21 E21 E21 E5 E5 E5,E22,E22,0.949628,NORMAL,False
E26 E26 E11 E9 E26 E11 E9 E11 E9 E4 E4 E3 E2 E2 E23 E23 E23 E21 E21 E21,E22,E22,0.642732,UNCERTAIN,True
E26 E11 E9 E11 E9 E4 E4 E3 E23 E23 E23 E21 E21 E21 E5 E22 E5 E5 E11 E9,E11,E26,0.760185,NORMAL,False
E3 E23 E23 E23 E21 E21 E21 E5 E5 E22 E5 E11 E9 E11 E9 E11 E9 E26 E26 E26,E4,E3,0.326877,ANOMALY,False
E23 E23 E23 E21 E21 E21 E5 E5 E22 E5 E11 E9 E26 E11 E9 E11 E9 E26 E26 E23,E23,E23,0.992569,NORMAL,False
E5 E22 E5 E5 E11 E9 E11 E9 E11 E9 E26 E26 E26 E23 E23 E23 E21 E21 E21 E22,E5,E5,0.993162,NORMAL,False
E9 E11 E9 E26 E26 E26 E23 E23 E23 E21 E21 E21 E5 E5 E22 E5 E11 E9 E11 E9,E11,E11,0.86529,NORMAL,False
E23 E23 E23 E21 E21 E21 E5 E22 E5 E5 E11 E9 E11 E9 E11 E9 E26 E26 E26 E23,E23,E23,0.992552,NORMAL,False
E26 E26 E23 E23 E23 E21 E21 E21 E5 E22 E5 E5 E11 E9 E11 E9 E26 E11 E9 E26,E26,E26,0.997768,NORMAL,False
E21 E5 E22 E5 E5 E11 E9 E9 E26 E26 E11 E9 E11 E26 E23 E23 E23 E21 E21 E21,E5,E5,0.40297,UNCERTAIN,True
E21 E21 E21 E22 E5 E5 E5 E11 E9 E11 E9 E26 E26 E26 E11 E9 E23 E23 E23 E21,E21,E21,0.999117,NORMAL,False
E9 E11 E9 E26 E26 E26 E5 E22 E5 E5 E11 E9 E11 E9 E11 E9 E26 E26 E26 E5,E5,E5,0.662554,UNCERTAIN,True
E4 E23 E23 E23 E21 E21 E21 E5 E22 E5 E5 E11 E9 E11 E9 E11 E9 E26 E26 E26,E4,E3,0.392911,ANOMALY,False
E4 E3 E23 E23 E23 E21 E21 E21 E5 E22 E5 E5 E11 E9 E26 E26 E26 E11 E9 E11,E9,E9,0.950171,NORMAL,False
E11 E9 E11 E9 E11 E9 E26 E26 E26 E5 E5 E5 E22 E11 E9 E11 E9 E11 E9 E26,E26,E26,0.995671,NORMAL,False
E9 E11 E9 E26 E26 E26 E23 E23 E23 E21 E21 E21 E5 E22 E5 E5 E11 E9 E11 E9,E11,E26,0.910406,NORMAL,False
E9 E11 E9 E26 E26 E26 E5 E5 E22 E5 E11 E9 E11 E9 E11 E9 E26 E26 E26 E5,E5,E22,0.701586,NORMAL,False
E23 E23 E21 E21 E21 E5 E22 E5 E5 E11 E9 E11 E9 E11 E9 E26 E26 E26 E23 E23,E23,E23,0.996665,NORMAL,False
E23 E23 E21 E21 E21 E5 E22 E5 E5 E11 E9 E11 E9 E11 E9 E26 E26 E26 E2 E3,E4,E3,0.606747,UNCERTAIN,True
E26 E23 E23 E23 E21 E21 E21 E5 E5 E5 E22 E11 E9 E11 E9 E26 E26 E11 E9 E26,E23,E23,0.80705,NORMAL,False
E26 E26 E2 E23 E23 E23 E21 E21 E21 E5 E22 E5 E5 E11 E9 E26 E11 E9 E11 E9,E26,E26,0.990779,NORMAL,False
E22 E5 E5 E26 E11 E9 E26 E26 E11 E9 E11 E9 E23 E23 E23 E21 E21 E21 E5 E22,E5,E5,0.982649,NORMAL,False
E5 E22 E5 E11 E9 E11 E9 E11 E9 E26 E26 E26 E23 E23 E23 E21 E21 E21 E5 E5,E5,E22,0.664325,UNCERTAIN,True
E9 E4 E3 E4 E23 E23 E23 E21 E21 E21 E22 E5 E5 E5 E26 E26 E26 E11 E9 E11,E9,E9,0.998715,NORMAL,False
E26 E11 E11 E9 E11 E9 E3 E4 E3 E3 E3 E4 E4 E3 E3 E23 E23 E23 E21 E21,E21,E21,0.97233,NORMAL,False
E26 E26 E26 E23 E23 E23 E21 E21 E21 E5 E5 E22 E5 E11 E9 E11 E9 E11 E9 E26,E26,E26,0.999357,NORMAL,False
E23 E23 E23 E21 E21 E21 E5 E5 E5 E22 E11 E9 E11 E9 E26 E11 E9 E26 E26 E4,E3,E3,0.641782,UNCERTAIN,True
E11 E9 E11 E9 E11 E9 E26 E26 E26 E23 E23 E23 E21 E21 E21 E5 E22 E5 E5 E11,E9,E9,0.997469,NORMAL,False
E9 E26 E26 E26 E4 E4 E3 E2 E23 E23 E23 E21 E21 E21 E5 E22 E5 E5 E11 E9,E11,E11,0.953151,NORMAL,False
E11 E9 E11 E9 E26 E26 E26 E4 E3 E4 E23 E23 E23 E21 E21 E21 E5 E22 E5 E5,E11,E11,0.942624,NORMAL,False
E22 E11 E9 E11 E9 E11 E9 E26 E26 E26 E2 E23 E23 E23 E21 E21 E21 E5 E5 E5,E22,E22,0.945317,NORMAL,False
E11 E9 E26 E26 E26 E23 E23 E23 E21 E21 E21 E5 E5 E22 E5 E11 E9 E26 E11 E9,E11,E11,0.84147,NORMAL,False
E5 E22 E7 E5 E22 E5 E5 E11 E9 E11 E9 E26 E26 E11 E9 E26 E23 E23 E23 E21,E21,E21,0.998189,NORMAL,False
E22 E11 E9 E11 E9 E26 E26 E11 E9 E26 E23 E23 E23 E21 E21 E21 E5 E5 E5 E22,E11,E11,0.950882,NORMAL,False
E3 E2 E2 E2 E23 E23 E23 E21 E21 E21 E22 E5 E5 E5 E26 E26 E11 E9 E11 E9,E11,E11,0.909232,NORMAL,False
E21 E21 E21 E5 E5 E22 E5 E11 E9 E11 E11 E9 E9 E26 E26 E26 E3 E3 E4 E3,E3,E3,0.698004,UNCERTAIN,True
E26 E3 E4 E3 E3 E4 E3 E23 E23 E23 E21 E21 E21 E5 E22 E5 E5 E11 E9 E26,E11,E11,0.713165,NORMAL,False
E11 E9 E11 E9 E25 E18 E5 E26 E26 E6 E16 E21 E2 E4 E4 E3 E2 E23 E23 E23,E21,E21,0.989923,NORMAL,False
E9 E11 E9 E4 E4 E3 E2 E2 E2 E23 E23 E23 E21 E21 E21 E22 E5 E5 E5 E26,E26,E26,0.980553,NORMAL,False
E22 E5 E11 E9 E11 E9 E11 E9 E26 E26 E26 E2 E23 E23 E23 E21 E21 E21 E5 E5,E5,E5,0.685343,UNCERTAIN,True
E4 E3 E2 E23 E23 E23 E21 E21 E21 E22 E5 E5 E5 E26 E26 E26 E11 E9 E11 E9,E11,E11,0.983574,NORMAL,False
E22 E5 E5 E11 E9 E11 E9 E11 E9 E26 E26 E26 E5 E5 E5 E22 E11 E9 E11 E9,E11,E11,0.815674,NORMAL,False
E5 E5 E26 E26 E11 E9 E11 E9 E26 E11 E9 E3 E3 E4 E3 E3 E4 E3 E3 E4,E3,E23,0.858042,NORMAL,False
E21 E21 E5 E5 E22 E5 E11 E9 E11 E9 E11 E9 E26 E26 E26 E23 E23 E23 E21 E21,E21,E21,0.993015,NORMAL,False
E21 E21 E5 E5 E22 E5 E11 E9 E11 E9 E26 E26 E26 E11 E9 E4 E3 E4 E2 E23,E23,E23,0.990905,NORMAL,False
E3 E3 E3 E4 E23 E23 E23 E21 E21 E21 E5 E22 E5 E5 E26 E26 E11 E9 E9 E26,E11,E11,0.993347,NORMAL,False
E22 E11 E9 E11 E9 E11 E9 E26 E26 E26 E23 E23 E23 E21 E21 E21 E5 E22 E5 E5,E11,E11,0.946236,NORMAL,False
E21 E21 E5 E5 E5 E22 E11 E9 E11 E9 E11 E9 E26 E26 E26 E23 E23 E23 E21 E21,E21,E21,0.990995,NORMAL,False
E5 E5 E26 E26 E26 E11 E9 E11 E9 E11 E9 E23 E23 E23 E21 E21 E21 E22 E5 E5,E5,E5,0.92694,NORMAL,False
E9 E11 E9 E11 E9 E26 E26 E26 E5 E5 E5 E22 E11 E9 E11 E9 E11 E9 E26 E26,E26,E26,0.91461,NORMAL,False
E26 E23 E23 E23 E21 E21 E21 E22 E5 E5 E5 E11 E9 E11 E9 E11 E9 E26 E26 E26,E23,E23,0.719825,NORMAL,False
E26 E26 E23 E23 E23 E21 E21 E21 E5 E22 E5 E5 E11 E9 E11 E9 E11 E9 E26 E26,E26,E26,0.997512,NORMAL,False
E11 E9 E26 E26 E26 E23 E23 E23 E21 E21 E21 E5 E5 E22 E5 E11 E9 E11 E9 E11,E9,E9,0.995243,NORMAL,False
E21 E5 E5 E5 E22 E11 E9 E11 E9 E11 E9 E26 E26 E26 E23 E23 E23 E21 E21 E21,E5,E5,0.833877,NORMAL,False
E22 E11 E9 E11 E9 E11 E9 E26 E26 E26 E23 E23 E23 E21 E21 E21 E5 E22 E5 E5,E11,E11,0.946236,NORMAL,False
E21 E22 E5 E5 E5 E26 E26 E26 E11 E9 E11 E9 E11 E9 E3 E4 E3 E4 E3 E3,E4,E3,0.843981,NORMAL,False
E26 E26 E2 E23 E23 E23 E21 E21 E21 E5 E5 E22 E5 E11 E9 E11 E9 E26 E26 E11,E9,E9,0.951136,NORMAL,False
E11 E9 E26 E26 E11 E26 E23 E23 E23 E21 E21 E21 E5 E22 E5 E5 E11 E9 E11 E9,E11,E11,0.916643,NORMAL,False
E4 E23 E23 E23 E21 E21 E21 E22 E5 E5 E5 E26 E26 E26 E11 E9 E11 E9 E11 E9,E2,E3,0.409554,UNCERTAIN,True
E2 E23 E23 E23 E21 E21 E21 E5 E5 E5 E22 E11 E9 E26 E11 E9 E11 E9 E26 E26,E23,E4,0.34181,ANOMALY,False
E11 E9 E26 E26 E26 E23 E23 E23 E21 E21 E21 E5 E5 E5 E22 E11 E9 E11 E9 E11,E9,E9,0.993244,NORMAL,False
E5 E5 E11 E9 E11 E9 E11 E9 E26 E26 E26 E5 E22 E5 E5 E11 E9 E11 E9 E11,E9,E9,0.997622,NORMAL,False
E22 E5 E5 E5 E11 E9 E11 E9 E11 E9 E26 E26 E26 E3 E4 E3 E23 E23 E23 E21,E21,E21,0.999273,NORMAL,False
E21 E5 E5 E5 E22 E11 E9 E11 E9 E11 E9 E26 E26 E26 E23 E23 E23 E21 E21 E21,E5,E5,0.833877,NORMAL,False
E23 E21 E21 E21 E5 E5 E22 E5 E11 E9 E11 E9 E11 E9 E26 E26 E26 E23 E23 E23,E21,E21,0.997322,NORMAL,False
E5 E5 E5 E22 E11 E9 E11 E9 E11 E9 E26 E26 E26 E23 E23 E23 E21 E21 E21 E5,E5,E5,0.701612,NORMAL,False
E4 E3 E23 E23 E23 E21 E21 E21 E22 E5 E5 E5 E26 E26 E26 E11 E9 E11 E9 E11,E9,E9,0.995267,NORMAL,False
E5 E5 E11 E9 E11 E9 E26 E26 E11 E9 E26 E23 E23 E23 E21 E21 E21 E5 E5 E5,E22,E22,0.947136,NORMAL,False
E9 E26 E26 E26 E5 E5 E22 E5 E11 E9 E26 E11 E9 E11 E9 E26 E26 E5 E5 E22,E5,E5,0.978998,NORMAL,False
E21 E5 E22 E5 E5 E11 E9 E11 E9 E11 E9 E26 E26 E26 E23 E23 E23 E21 E21 E21,E5,E22,0.765197,NORMAL,False
E21 E21 E5 E5 E22 E5 E11 E9 E11 E9 E11 E9 E26 E26 E26 E23 E23 E23 E21 E21,E21,E21,0.993015,NORMAL,False
E21 E21 E5 E22 E5 E5 E11 E9 E11 E9 E26 E26 E11 E9 E26 E23 E23 E23 E21 E21,E21,E21,0.995844,NORMAL,False
E23 E23 E23 E21 E21 E21 E5 E5 E5 E22 E11 E9 E11 E9 E11 E9 E26 E26 E26 E23,E23,E23,0.994407,NORMAL,False
E5 E11 E9 E11 E9 E11 E9 E26 E26 E26 E23 E23 E23 E21 E21 E21 E22 E5 E5 E5,E11,E11,0.840605,NORMAL,False
E3 E23 E23 E23 E21 E21 E21 E5 E22 E5 E5 E11 E9 E11 E9 E26 E11 E9 E26 E26,E4,E23,0.400697,UNCERTAIN,True
E21 E21 E22 E5 E5 E5 E11 E9 E11 E9 E11 E9 E26 E26 E26 E3 E3 E4 E3 E3,E4,E4,0.849495,NORMAL,False
E5 E26 E26 E26 E11 E9 E11 E9 E11 E9 E23 E23 E23 E21 E21 E21 E5 E22 E5 E5,E26,E26,0.624701,UNCERTAIN,True
E11 E9 E26 E26 E26 E23 E23 E23 E21 E21 E21 E5 E22 E5 E5 E11 E9 E11 E9 E26,E26,E26,0.627691,UNCERTAIN,True
E9 E3 E23 E23 E23 E21 E21 E21 E5 E22 E5 E5 E11 E9 E11 E9 E26 E26 E26 E11,E9,E9,0.818553,NORMAL,False
E23 E23 E21 E21 E21 E5 E5 E22 E5 E11 E9 E11 E9 E11 E9 E26 E26 E26 E23 E23,E23,E23,0.997432,NORMAL,False
E5 E5 E5 E22 E11 E9 E11 E9 E11 E9 E26 E26 E26 E4 E4 E3 E2 E23 E23 E23,E21,E21,0.992233,NORMAL,False
E5 E5 E11 E9 E11 E9 E11 E9 E26 E26 E26 E23 E23 E23 E21 E21 E21 E5 E22 E5,E5,E5,0.876173,NORMAL,False
E21 E22 E5 E5 E5 E26 E26 E26 E11 E9 E11 E9 E11 E9 E3 E3 E4 E3 E3 E4,E3,E3,0.944554,NORMAL,False
E9 E11 E9 E11 E9 E26 E26 E26 E3 E4 E3 E3 E4 E3 E23 E23 E23 E21 E21 E21,E5,E5,0.791346,NORMAL,False
E9 E11 E9 E11 E9 E26 E26 E25 E18 E5 E6 E16 E26 E26 E26 E21 E5 E5 E5 E22,E11,E11,0.974959,NORMAL,False
E5 E22 E11 E9 E11 E9 E11 E9 E26 E26 E26 E23 E23 E23 E21 E21 E21 E5 E5 E22,E5,E5,0.928913,NORMAL,False
E21 E21 E5 E22 E5 E5 E11 E9 E11 E9 E26 E26 E11 E9 E26 E2 E23 E23 E23 E21,E21,E21,0.999413,NORMAL,False
E26 E23 E23 E23 E21 E21 E21 E5 E5 E22 E5 E11 E9 E11 E9 E11 E9 E26 E26 E26,E23,E23,0.896408,NORMAL,False
E21 E21 E21 E22 E5 E5 E5 E26 E26 E26 E11 E9 E11 E9 E11 E9 E23 E23 E23 E21,E21,E21,0.998422,NORMAL,False
E5 E22 E5 E11 E9 E11 E9 E11 E9 E26 E26 E26 E2 E23 E23 E23 E21 E21 E21 E5,E5,E5,0.688165,UNCERTAIN,True
E4 E3 E23 E23 E23 E21 E21 E21 E5 E5 E5 E22 E11 E9 E11 E9 E11 E9 E26 E26,E26,E26,0.989568,NORMAL,False
E9 E3 E3 E4 E3 E3 E4 E3 E3 E4 E3 E4 E3 E23 E23 E23 E21 E21 E21 E22,E5,E5,0.957162,NORMAL,False
E4 E4 E4 E4 E4 E4 E2 E23 E23 E23 E21 E21 E21 E22 E5 E5 E5 E26 E26 E26,E11,E11,0.989429,NORMAL,False
E5 E5 E5 E22 E11 E9 E11 E9 E26 E11 E9 E26 E26 E4 E3 E4 E2 E23 E23 E23,E21,E21,0.991816,NORMAL,False
E11 E9 E26 E2 E4 E3 E4 E2 E2 E23 E23 E23 E21 E21 E21 E5 E5 E22 E5 E26,E11,E26,0.772438,NORMAL,False
E5 E26 E26 E11 E9 E11 E9 E26 E11 E9 E2 E23 E23 E23 E21 E21 E21 E22 E5 E5,E5,E5,0.949352,NORMAL,False
E23 E21 E21 E21 E5 E22 E5 E5 E11 E9 E11 E9 E11 E9 E26 E26 E26 E23 E23 E23,E21,E21,0.997857,NORMAL,False
E26 E26 E26 E23 E23 E23 E21 E21 E21 E5 E22 E5 E5 E11 E9 E11 E9 E11 E9 E26,E26,E26,0.999437,NORMAL,False
E3 E4 E3 E3 E4 E3 E3 E4 E23 E23 E23 E21 E21 E21 E22 E5 E5 E5 E26 E26,E26,E26,0.649218,UNCERTAIN,True
E9 E26 E4 E4 E4 E4 E4 E4 E4 E4 E4 E4 E4 E3 E4 E4 E4 E4 E2 E23,E23,E23,0.975712,NORMAL,False
E11 E9 E26 E26 E26 E3 E3 E4 E2 E3 E4 E3 E23 E23 E23 E21 E21 E21 E5 E22,E5,E5,0.984234,NORMAL,False
E9 E11 E9 E26 E26 E26 E23 E23 E23 E21 E21 E21 E5 E22 E5 E5 E11 E9 E11 E9,E11,E11,0.910406,NORMAL,False
E11 E9 E11 E9 E26 E26 E26 E23 E23 E23 E21 E21 E21 E5 E5 E5 E22 E11 E9 E11,E9,E9,0.996249,NORMAL,False
E11 E9 E26 E26 E26 E23 E23 E23 E21 E21 E21 E22 E5 E5 E5 E11 E9 E11 E9 E11,E9,E9,0.99719,NORMAL,False
E23 E23 E21 E21 E21 E5 E5 E22 E5 E11 E9 E11 E9 E11 E9 E26 E26 E26 E23 E23,E23,E23,0.997432,NORMAL,False
E21 E5 E5 E5 E22 E11 E9 E11 E9 E11 E9 E26 E26 E26 E23 E23 E23 E21 E21 E21,E5,E5,0.833877,NORMAL,False
E23 E23 E21 E21 E21 E5 E5 E5 E22 E11 E9 E9 E11 E9 E26 E26 E26 E11 E23 E23,E23,E23,0.997161,NORMAL,False
E11 E11 E9 E26 E26 E4 E3 E4 E23 E23 E23 E21 E21 E21 E5 E5 E22 E5 E11 E9,E11,E11,0.965758,NORMAL,False
E26 E26 E23 E23 E23 E21 E21 E21 E5 E5 E22 E5 E11 E9 E26 E11 E9 E11 E9 E26,E26,E26,0.997583,NORMAL,False
E11 E9 E26 E26 E26 E4 E4 E3 E23 E23 E23 E21 E21 E21 E5 E5 E5 E22 E11 E9,E11,E11,0.958219,NORMAL,False
E23 E21 E21 E21 E5 E5 E22 E5 E11 E9 E11 E9 E11 E9 E26 E26 E26 E23 E23 E23,E21,E21,0.997322,NORMAL,False
E9 E11 E9 E11 E9 E2 E2 E23 E23 E23 E21 E21 E21 E22 E5 E5 E5 E26 E26 E26,E11,E11,0.969991,NORMAL,False
E21 E21 E5 E5 E5 E22 E11 E9 E26 E11 E9 E11 E9 E26 E26 E23 E23 E23 E21 E21,E21,E21,0.992301,NORMAL,False
E9 E26 E26 E26 E5 E5 E5 E22 E11 E9 E11 E9 E11 E9 E26 E26 E26 E5 E5 E22,E5,E5,0.979283,NORMAL,False
E23 E21 E21 E21 E22 E5 E5 E5 E26 E26 E26 E11 E9 E11 E9 E11 E9 E2 E23 E23,E23,E23,0.98108,NORMAL,False
E23 E23 E23 E21 E21 E21 E5 E5 E22 E5 E11 E9 E11 E9 E11 E9 E26 E26 E26 E23,E23,E23,0.994097,NORMAL,False
E5 E5 E22 E11 E9 E11 E9 E11 E9 E26 E26 E26 E23 E23 E23 E21 E21 E21 E5 E22,E5,E5,0.985457,NORMAL,False
E26 E23 E23 E23 E21 E21 E21 E5 E5 E5 E22 E11 E9 E11 E9 E11 E9 E26 E26 E26,E23,E23,0.879381,NORMAL,False
E22 E5 E5 E11 E9 E26 E26 E11 E9 E11 E9 E26 E23 E23 E23 E21 E21 E21 E5 E5,E5,E22,0.628772,UNCERTAIN,True
E11 E9 E26 E26 E26 E23 E23 E23 E21 E21 E21 E5 E5 E22 E5 E11 E9 E11 E9 E11,E9,E9,0.995243,NORMAL,False
E26 E11 E9 E26 E4 E4 E3 E23 E23 E23 E21 E21 E21 E5 E22 E5 E5 E11 E9 E11,E9,E9,0.99792,NORMAL,False
E11 E9 E26 E26 E26 E23 E23 E23 E21 E21 E21 E5 E5 E22 E5 E11 E9 E11 E9 E11,E9,E9,0.995243,NORMAL,False
E11 E9 E11 E9 E26 E26 E26 E23 E23 E23 E21 E21 E21 E5 E5 E5 E22 E11 E9 E11,E9,E9,0.996249,NORMAL,False
E23 E23 E23 E21 E21 E21 E5 E5 E5 E22 E11 E9 E11 E9 E11 E9 E26 E26 E26 E23,E23,E23,0.994407,NORMAL,False
E23 E23 E21 E21 E21 E5 E22 E5 E5 E11 E9 E11 E9 E26 E26 E11 E9 E26 E23 E23,E23,E23,0.996541,NORMAL,False
E9 E11 E9 E26 E26 E26 E5 E22 E5 E5 E11 E9 E11 E9 E11 E9 E26 E26 E26 E5,E5,E5,0.662554,UNCERTAIN,True
E23 E21 E21 E21 E5 E5 E22 E5 E9 E26 E11 E9 E11 E11 E9 E26 E26 E23 E23 E23,E21,E21,0.998041,NORMAL,False
E23 E23 E21 E21 E21 E5 E22 E5 E5 E11 E9 E11 E9 E11 E9 E26 E26 E26 E23 E23,E23,E23,0.996665,NORMAL,False
E9 E26 E26 E26 E5 E5 E5 E22 E11 E9 E11 E9 E11 E9 E26 E26 E26 E5 E5 E5,E22,E22,0.922263,NORMAL,False
E26 E23 E23 E23 E21 E21 E21 E5 E5 E5 E22 E11 E9 E11 E9 E11 E9 E26 E26 E26,E23,E23,0.879381,NORMAL,False
E21 E5 E22 E5 E5 E26 E26 E26 E11 E9 E11 E9 E11 E9 E3 E3 E4 E3 E3 E4,E3,E3,0.942558,NORMAL,False
E4 E2 E2 E23 E23 E23 E21 E21 E21 E5 E22 E5 E5 E11 E9 E11 E9 E26 E26 E26,E11,E11,0.918426,NORMAL,False
E21 E21 E5 E5 E22 E5 E26 E26 E26 E11 E9 E11 E9 E11 E9 E23 E23 E23 E21 E21,E21,E21,0.994203,NORMAL,False
E5 E5 E5 E11 E9 E11 E9 E11 E9 E26 E26 E26 E23 E23 E23 E21 E21 E21 E5 E22,E5,E5,0.984339,NORMAL,False
E11 E9 E26 E26 E26 E23 E23 E23 E21 E21 E21 E22 E5 E5 E5 E11 E9 E26 E11 E9,E11,E11,0.843275,NORMAL,False
E11 E9 E26 E26 E26 E3 E3 E4 E3 E3 E4 E23 E23 E23 E21 E21 E21 E5 E5 E22,E5,E5,0.911149,NORMAL,False
E9 E26 E23 E23 E23 E21 E21 E21 E5 E22 E5 E5 E11 E9 E11 E9 E11 E9 E26 E26,E26,E26,0.997951,NORMAL,False
E9 E26 E26 E26 E2 E2 E2 E4 E4 E4 E4 E4 E4 E4 E3 E4 E4 E4 E4 E4,E4,E4,0.913231,NORMAL,False
E9 E11 E9 E26 E26 E26 E23 E23 E23 E21 E21 E21 E5 E5 E5 E22 E11 E9 E11 E9,E11,E11,0.848735,NORMAL,False
E23 E23 E21 E21 E21 E22 E5 E5 E5 E11 E9 E11 E9 E11 E9 E26 E26 E26 E3 E4,E3,E3,0.899473,NORMAL,False
E26 E5 E22 E5 E5 E11 E9 E26 E11 E9 E11 E9 E26 E26 E5 E5 E5 E22 E11 E9,E11,E11,0.965343,NORMAL,False
E9 E26 E11 E9 E11 E9 E26 E26 E5 E5 E5 E22 E11 E9 E11 E9 E11 E9 E26 E26,E26,E26,0.887931,NORMAL,False
E5 E5 E22 E11 E9 E11 E9 E11 E9 E26 E26 E26 E23 E23 E23 E21 E21 E21 E5 E5,E5,E5,0.681922,UNCERTAIN,True
E23 E23 E21 E21 E21 E5 E5 E5 E22 E11 E9 E11 E9 E11 E9 E26 E26 E26 E23 E23,E23,E23,0.997699,NORMAL,False
E23 E21 E21 E21 E5 E5 E5 E22 E11 E9 E11 E9 E11 E9 E26 E26 E26 E23 E23 E23,E21,E21,0.996387,NORMAL,False
E23 E21 E21 E21 E22 E5 E5 E5 E26 E26 E11 E9 E11 E9 E11 E9 E26 E4 E3 E4,E2,E2,0.880931,NORMAL,False
E26 E23 E23 E23 E21 E21 E21 E5 E22 E5 E5 E11 E9 E11 E9 E11 E9 E26 E26 E26,E23,E23,0.862253,NORMAL,False
E5 E22 E5 E5 E11 E9 E11 E9 E11 E9 E26 E26 E26 E4 E4 E3 E23 E23 E23 E21,E21,E21,0.998021,NORMAL,False
E9 E26 E2 E3 E3 E4 E4 E3 E3 E23 E23 E23 E21 E21 E21 E22 E5 E5 E5 E11,E9,E9,0.998769,NORMAL,False
E21 E21 E21 E5 E5 E5 E22 E11 E9 E11 E9 E11 E9 E26 E26 E26 E3 E3 E4 E3,E3,E3,0.660567,UNCERTAIN,True
E9 E26 E26 E26 E23 E23 E23 E21 E21 E21 E5 E5 E22 E5 E11 E9 E11 E9 E26 E11,E9,E9,0.949488,NORMAL,False
E26 E23 E23 E23 E21 E21 E21 E5 E5 E22 E5 E11 E9 E11 E9 E11 E9 E26 E26 E26,E23,E23,0.896408,NORMAL,False
E5 E5 E5 E22 E11 E9 E26 E11 E9 E11 E9 E26 E26 E23 E23 E23 E21 E21 E21 E5,E5,E5,0.67758,UNCERTAIN,True
E9 E23 E23 E23 E21 E21 E21 E22 E5 E5 E5 E26 E26 E26 E11 E9 E11 E9 E11 E9,E2,E2,0.402068,UNCERTAIN,True
E21 E21 E21 E22 E5 E5 E5 E26 E26 E26 E11 E9 E11 E9 E11 E9 E3 E4 E3 E3,E4,E4,0.827801,NORMAL,False
E26 E26 E3 E4 E3 E3 E4 E3 E23 E23 E23 E21 E21 E21 E5 E5 E5 E22 E11 E9,E11,E11,0.954858,NORMAL,False
E21 E21 E21 E22 E5 E5 E5 E11 E9 E11 E9 E26 E26 E26 E11 E9 E23 E23 E23 E21,E21,E21,0.999117,NORMAL,False
E9 E26 E26 E26 E23 E23 E23 E21 E21 E21 E5 E22 E5 E5 E11 E9 E11 E9 E11 E9,E26,E26,0.988476,NORMAL,False
E11 E9 E11 E9 E11 E9 E26 E26 E26 E23 E23 E23 E21 E21 E21 E22 E5 E5 E5 E11,E9,E9,0.998511,NORMAL,False
E5 E11 E9 E11 E9 E11 E9 E26 E26 E26 E23 E23 E23 E21 E21 E21 E5 E5 E22 E5,E11,E11,0.962103,NORMAL,False
E23 E21 E21 E21 E5 E5 E22 E5 E11 E9 E11 E9 E11 E9 E26 E26 E26 E23 E23 E23,E21,E21,0.997322,NORMAL,False
E5 E11 E9 E11 E9 E11 E9 E26 E26 E26 E23 E23 E23 E21 E21 E21 E5 E5 E22 E5,E11,E11,0.962103,NORMAL,False
E5 E5 E22 E11 E9 E11 E9 E11 E9 E26 E26 E26 E23 E23 E23 E21 E21 E21 E5 E22,E5,E5,0.985457,NORMAL,False
E26 E26 E26 E4 E3 E3 E2 E3 E4 E3 E23 E23 E23 E21 E21 E21 E5 E22 E5 E5,E11,E11,0.870988,NORMAL,False
E5 E11 E9 E11 E9 E11 E9 E26 E26 E26 E2 E4 E4 E3 E2 E2 E23 E23 E23 E21,E21,E21,0.999491,NORMAL,False
E5 E22 E11 E9 E11 E9 E11 E9 E26 E26 E26 E5 E5 E5 E22 E11 E9 E11 E9 E26,E26,E26,0.777302,NORMAL,False
E5 E5 E11 E9 E11 E9 E11 E9 E26 E26 E26 E22 E5 E5 E5 E11 E9 E11 E9 E11,E9,E9,0.997081,NORMAL,False
E21 E21 E5 E5 E22 E5 E11 E9 E11 E9 E26 E11 E9 E26 E26 E23 E23 E23 E21 E21,E21,E21,0.993224,NORMAL,False
E21 E5 E5 E5 E22 E11 E9 E11 E9 E11 E9 E26 E26 E26 E23 E23 E23 E21 E21 E21,E5,E5,0.833877,NORMAL,False
E9 E26 E26 E26 E4 E3 E4 E2 E23 E23 E23 E21 E21 E21 E5 E5 E22 E5 E11 E9,E11,E11,0.962081,NORMAL,False
E22 E5 E11 E9 E11 E9 E11 E9 E26 E26 E26 E23 E23 E23 E21 E21 E21 E5 E5 E5,E22,E22,0.943585,NORMAL,False
E23 E23 E23 E21 E21 E21 E5 E5 E22 E5 E11 E9 E11 E9 E26 E26 E26 E11 E9 E23,E23,E23,0.993792,NORMAL,False
E4 E4 E3 E4 E4 E4 E4 E23 E23 E23 E21 E21 E21 E22 E5 E5 E5 E26 E11 E9,E11,E26,0.849109,NORMAL,False
E23 E23 E23 E21 E21 E20 E21 E5 E5 E5 E22 E11 E9 E11 E9 E26 E26 E11 E9 E26,E23,E23,0.457024,UNCERTAIN,True
E9 E11 E9 E26 E26 E26 E23 E23 E23 E21 E21 E21 E5 E5 E22 E5 E11 E9 E11 E9,E11,E11,0.86529,NORMAL,False
E26 E11 E9 E26 E4 E3 E4 E2 E23 E23 E23 E21 E21 E21 E5 E5 E5 E22 E11 E9,E11,E26,0.956209,NORMAL,False
E23 E23 E21 E21 E21 E5 E5 E5 E22 E11 E9 E11 E9 E11 E9 E26 E26 E26 E3 E3,E4,E4,0.864483,NORMAL,False
E23 E23 E23 E21 E21 E21 E5 E22 E5 E5 E11 E9 E26 E11 E9 E11 E9 E26 E26 E23,E23,E23,0.989751,NORMAL,False
E11 E9 E11 E9 E11 E9 E26 E26 E26 E3 E4 E3 E3 E4 E3 E2 E23 E23 E23 E21,E21,E21,0.999276,NORMAL,False
E3 E4 E2 E23 E23 E23 E21 E21 E21 E5 E5 E22 E5 E11 E9 E11 E9 E26 E26 E26,E11,E11,0.904291,NORMAL,False
E9 E11 E9 E2 E4 E3 E4 E2 E2 E23 E23 E23 E21 E21 E21 E22 E5 E5 E5 E26,E26,E26,0.970781,NORMAL,False
E9 E26 E26 E26 E5 E5 E5 E22 E11 E9 E11 E9 E11 E9 E26 E26 E26 E5 E22 E5,E5,E5,0.974149,NORMAL,False
E21 E21 E5 E22 E5 E5 E11 E9 E11 E9 E26 E26 E11 E9 E26 E4 E4 E3 E2 E2,E23,E23,0.606596,UNCERTAIN,True
E26 E5 E5 E22 E5 E11 E9 E11 E9 E11 E9 E26 E26 E26 E5 E5 E5 E22 E11 E9,E11,E11,0.976282,NORMAL,False
E23 E23 E23 E21 E21 E21 E5 E5 E22 E5 E11 E9 E11 E9 E11 E9 E26 E26 E26 E23,E23,E23,0.994097,NORMAL,False
E23 E23 E23 E21 E21 E21 E5 E22 E5 E5 E11 E9 E11 E9 E11 E9 E26 E26 E26 E23,E23,E23,0.992552,NORMAL,False
E5 E5 E11 E9 E11 E9 E11 E9 E26 E26 E26 E23 E23 E23 E21 E21 E21 E5 E5 E22,E5,E5,0.924354,NORMAL,False
E9 E23 E23 E23 E21 E21 E21 E22 E5 E5 E5 E26 E26 E26 E11 E9 E11 E9 E11 E9,E2,E23,0.402068,UNCERTAIN,True
E5 E26 E26 E26 E11 E9 E11 E9 E11 E9 E3 E4 E3 E3 E3 E4 E3 E3 E4 E23,E23,E23,0.972048,NORMAL,False
E11 E9 E11 E9 E26 E26 E26 E23 E23 E23 E21 E21 E21 E5 E22 E5 E5 E11 E9 E11,E9,E9,0.997471,NORMAL,False
E21 E21 E21 E22 E5 E5 E5 E11 E9 E11 E9 E11 E9 E26 E26 E26 E23 E23 E23 E21,E21,E21,0.998561,NORMAL,False
E9 E11 E9 E11 E9 E26 E26 E23 E23 E23 E21 E21 E21 E5 E5 E22 E5 E11 E9 E11,E9,E9,0.997092,NORMAL,False
E9 E26 E26 E11 E9 E26 E23 E23 E23 E21 E21 E21 E5 E5 E22 E5 E11 E9 E11 E11,E9,E9,0.999657,NORMAL,False
E21 E22 E5 E5 E5 E26 E26 E26 E11 E9 E11 E9 E11 E9 E3 E3 E4 E3 E4 E3,E3,E3,0.646841,UNCERTAIN,True
E11 E9 E11 E9 E26 E26 E26 E5 E22 E5 E5 E11 E9 E26 E11 E9 E11 E9 E26 E26,E5,E5,0.687378,UNCERTAIN,True
E4 E3 E3 E3 E4 E23 E23 E23 E21 E21 E21 E22 E5 E5 E5 E26 E26 E26 E11 E9,E11,E11,0.996124,NORMAL,False
E9 E11 E9 E26 E11 E9 E11 E26 E26 E4 E3 E4 E23 E23 E23 E21 E21 E21 E5 E22,E5,E5,0.981286,NORMAL,False
E11 E9 E11 E9 E26 E26 E23 E23 E23 E21 E21 E21 E22 E5 E5 E5 E11 E9 E11 E9,E11,E11,0.843338,NORMAL,False
E23 E23 E21 E20 E21 E21 E5 E5 E22 E5 E11 E9 E11 E9 E11 E9 E26 E26 E26 E23,E23,E23,0.995888,NORMAL,False
E9 E26 E26 E23 E23 E23 E21 E21 E21 E5 E5 E22 E7 E5 E5 E22 E5 E11 E9 E11,E9,E9,0.99719,NORMAL,False
E21 E21 E21 E5 E5 E22 E5 E11 E9 E11 E9 E11 E9 E26 E26 E26 E23 E23 E23 E21,E21,E21,0.998075,NORMAL,False
E26 E26 E2 E5 E5 E22 E5 E11 E9 E11 E9 E26 E11 E9 E26 E26 E5 E5 E22 E5,E11,E11,0.891264,NORMAL,False
E26 E11 E9 E11 E9 E11 E9 E3 E3 E4 E3 E3 E4 E3 E3 E4 E23 E23 E23 E21,E21,E21,0.999573,NORMAL,False
E21 E21 E5 E5 E5 E22 E11 E9 E11 E9 E11 E9 E26 E26 E26 E23 E23 E23 E21 E21,E21,E21,0.990995,NORMAL,False
E9 E26 E23 E23 E23 E21 E21 E21 E5 E5 E22 E5 E11 E9 E11 E9 E11 E9 E26 E26,E26,E26,0.997613,NORMAL,False
E11 E9 E11 E9 E26 E26 E5 E22 E5 E5 E11 E9 E11 E9 E11 E9 E26 E26 E26 E5,E5,E5,0.559842,UNCERTAIN,True
E9 E26 E26 E26 E23 E23 E23 E21 E21 E21 E5 E22 E5 E5 E11 E9 E11 E9 E11 E9,E26,E26,0.988476,NORMAL,False
E26 E26 E23 E23 E23 E21 E21 E21 E5 E22 E5 E5 E11 E9 E11 E9 E11 E9 E26 E26,E26,E26,0.997512,NORMAL,False
E23 E21 E21 E21 E5 E22 E5 E5 E26 E26 E11 E9 E11 E9 E11 E9 E26 E23 E23 E23,E21,E21,0.998035,NORMAL,False
E26 E26 E11 E9 E11 E9 E23 E23 E23 E21 E21 E21 E22 E5 E5 E5 E26 E26 E26 E11,E9,E9,0.996316,NORMAL,False
E5 E5 E11 E9 E11 E9 E11 E9 E26 E26 E26 E23 E23 E23 E21 E20 E21 E21 E5 E22,E5,E5,0.982861,NORMAL,False
E9 E11 E9 E11 E9 E26 E26 E26 E23 E23 E23 E21 E21 E21 E5 E5 E5 E22 E11 E9,E11,E11,0.975304,NORMAL,False
E21 E21 E5 E5 E5 E22 E11 E9 E9 E11 E9 E26 E26 E26 E11 E23 E23 E23 E21 E21,E21,E21,0.995811,NORMAL,False
E26 E11 E9 E11 E9 E11 E9 E26 E26 E23 E23 E23 E21 E21 E21 E5 E22 E5 E5 E11,E9,E9,0.997755,NORMAL,False
E5 E22 E11 E9 E11 E9 E11 E9 E26 E26 E26 E23 E23 E23 E21 E21 E21 E5 E5 E5,E22,E22,0.940906,NORMAL,False
E9 E11 E9 E11 E9 E3 E3 E4 E3 E3 E4 E3 E4 E3 E3 E4 E3 E23 E23 E23,E21,E21,0.987995,NORMAL,False
E9 E26 E26 E26 E23 E23 E23 E21 E21 E21 E5 E22 E5 E5 E11 E9 E11 E9 E26 E11,E9,E9,0.967709,NORMAL,False
E21 E21 E5 E5 E5 E22 E11 E9 E11 E9 E11 E9 E26 E26 E26 E2 E23 E23 E23 E21,E21,E21,0.999089,NORMAL,False
E13 E11 E9 E13 E5 E11 E9 E26 E26 E26 E23 E23 E23 E21 E21 E21 E5 E22 E5 E5,E11,E11,0.934465,NORMAL,False
E26 E26 E26 E5 E5 E22 E5 E11 E9 E11 E9 E26 E26 E26 E11 E9 E5 E5 E22 E5,E11,E11,0.935243,NORMAL,False
E9 E26 E11 E9 E11 E9 E26 E26 E5 E5 E5 E22 E11 E9 E11 E9 E11 E9 E26 E26,E26,E26,0.887931,NORMAL,False
E23 E23 E23 E21 E21 E21 E5 E22 E5 E5 E11 E9 E11 E9 E11 E9 E26 E26 E26 E23,E23,E23,0.992552,NORMAL,False
E11 E9 E26 E11 E9 E26 E26 E23 E23 E23 E21 E21 E21 E5 E5 E22 E5 E11 E9 E11,E9,E9,0.996818,NORMAL,False
E4 E4 E3 E2 E23 E23 E23 E21 E21 E21 E22 E5 E5 E5 E26 E26 E26 E11 E9 E11,E9,E9,0.998689,NORMAL,False
E11 E9 E26 E4 E3 E4 E2 E23 E23 E23 E21 E21 E21 E5 E22 E5 E5 E11 E9 E11,E9,E9,0.998169,NORMAL,False
E26 E26 E11 E9 E11 E9 E11 E9 E23 E23 E23 E21 E21 E21 E22 E5 E5 E5 E26 E26,E26,E26,0.883035,NORMAL,False
E23 E23 E21 E21 E21 E5 E22 E5 E5 E11 E9 E11 E9 E11 E9 E26 E26 E26 E23 E23,E23,E23,0.996665,NORMAL,False
E22 E11 E9 E11 E9 E11 E9 E26 E26 E26 E23 E23 E23 E21 E21 E21 E5 E22 E5 E5,E11,E11,0.946236,NORMAL,False
E23 E21 E21 E21 E5 E5 E5 E22 E11 E9 E11 E9 E11 E9 E26 E26 E26 E23 E23 E23,E21,E21,0.996387,NORMAL,False
E11 E9 E26 E26 E22 E5 E5 E5 E11 E9 E11 E9 E11 E9 E26 E26 E26 E5 E5 E22,E5,E5,0.978968,NORMAL,False
E23 E23 E23 E21 E21 E21 E5 E5 E5 E22 E11 E9 E11 E9 E11 E9 E26 E26 E26 E2,E2,E23,0.509156,UNCERTAIN,True
E26 E26 E26 E23 E23 E23 E21 E21 E21 E5 E22 E5 E5 E11 E9 E11 E9 E26 E26 E11,E9,E9,0.963718,NORMAL,False
E21 E21 E5 E22 E5 E5 E11 E9 E11 E9 E11 E9 E26 E26 E26 E23 E23 E23 E21 E21,E21,E21,0.994372,NORMAL,False
E21 E5 E22 E5 E5 E11 E9 E11 E9 E11 E9 E26 E26 E26 E4 E4 E3 E23 E23 E23,E21,E21,0.992366,NORMAL,False
E22 E5 E11 E9 E11 E9 E11 E9 E26 E26 E26 E23 E23 E23 E21 E21 E21 E5 E5 E22,E5,E5,0.927675,NORMAL,False
E9 E11 E9 E4 E3 E4 E23 E23 E23 E21 E21 E21 E5 E22 E5 E5 E11 E9 E26 E26,E11,E11,0.793988,NORMAL,False
E9 E11 E9 E11 E9 E26 E26 E26 E23 E23 E23 E21 E21 E21 E5 E5 E5 E22 E11 E9,E11,E11,0.975304,NORMAL,False
E9 E26 E26 E26 E5 E22 E5 E5 E11 E9 E11 E9 E11 E9 E26 E26 E26 E5 E5 E22,E5,E5,0.978617,NORMAL,False
E9 E11 E9 E26 E26 E26 E23 E23 E23 E21 E21 E21 E5 E22 E5 E5 E11 E9 E11 E9,E11,E11,0.910406,NORMAL,False
E5 E26 E11 E9 E11 E9 E26 E26 E11 E9 E4 E3 E4 E2 E2 E23 E23 E23 E21 E21,E21,E21,0.99932,NORMAL,False
E22 E5 E11 E9 E11 E9 E11 E9 E26 E26 E26 E23 E23 E23 E21 E21 E21 E5 E5 E22,E5,E5,0.927675,NORMAL,False
E26 E26 E26 E23 E23 E23 E21 E21 E21 E5 E22 E5 E5 E11 E9 E11 E9 E11 E9 E26,E26,E26,0.999437,NORMAL,False
E11 E9 E11 E9 E26 E26 E26 E23 E23 E23 E21 E21 E21 E5 E5 E5 E22 E11 E9 E11,E9,E9,0.996249,NORMAL,False
E26 E26 E11 E9 E26 E2 E4 E3 E4 E2 E23 E23 E23 E21 E21 E21 E5 E5 E22 E5,E11,E11,0.938849,NORMAL,False
E5 E22 E11 E9 E11 E9 E11 E9 E26 E26 E26 E25 E18 E5 E6 E16 E26 E26 E21 E23,E23,E23,0.994862,NORMAL,False
E11 E9 E11 E9 E11 E9 E26 E26 E26 E5 E5 E22 E5 E11 E9 E11 E9 E11 E9 E26,E26,E26,0.996971,NORMAL,False
E5 E5 E5 E22 E11 E9 E11 E9 E11 E9 E26 E26 E26 E2 E2 E23 E23 E23 E21 E21,E21,E21,0.998592,NORMAL,False
E5 E5 E11 E9 E11 E9 E11 E9 E26 E26 E26 E22 E5 E5 E5 E11 E9 E11 E9 E11,E9,E9,0.997081,NORMAL,False
E11 E9 E11 E9 E11 E9 E23 E23 E23 E21 E21 E21 E22 E5 E22 E5 E5 E5 E26 E26,E26,E26,0.810499,NORMAL,False
E26 E26 E11 E9 E11 E9 E11 E9 E3 E3 E4 E3 E3 E4 E3 E4 E3 E23 E23 E23,E21,E21,0.987437,NORMAL,False
E9 E26 E26 E26 E11 E11 E23 E23 E23 E21 E21 E21 E5 E22 E5 E5 E11 E9 E11 E9,E11,E11,0.890378,NORMAL,False
E11 E9 E11 E26 E26 E23 E23 E23 E21 E21 E21 E5 E5 E22 E5 E11 E9 E11 E9 E11,E9,E9,0.995454,NORMAL,False
E9 E11 E9 E26 E26 E26 E23 E23 E23 E21 E21 E21 E5 E5 E5 E22 E11 E9 E11 E9,E11,E26,0.848735,NORMAL,False
E5 E22 E11 E9 E11 E9 E11 E9 E26 E26 E26 E23 E23 E23 E21 E21 E21 E5 E5 E5,E22,E22,0.940906,NORMAL,False
E26 E26 E23 E23 E23 E21 E21 E21 E5 E5 E5 E22 E11 E9 E11 E9 E11 E9 E26 E26,E26,E26,0.993802,NORMAL,False
E5 E11 E9 E11 E9 E11 E9 E26 E26 E26 E5 E22 E5 E5 E11 E9 E11 E9 E11 E9,E26,E26,0.99394,NORMAL,False
E11 E9 E11 E9 E26 E26 E26 E5 E5 E5 E22 E11 E9 E26 E26 E11 E9 E11 E9 E26,E5,E5,0.662889,UNCERTAIN,True
E23 E21 E21 E21 E5 E5 E5 E22 E11 E9 E11 E9 E11 E9 E26 E26 E26 E23 E23 E23,E21,E21,0.996387,NORMAL,False
E26 E26 E5 E5 E5 E22 E11 E9 E11 E9 E26 E11 E9 E26 E26 E2 E5 E5 E5 E22,E11,E11,0.96726,NORMAL,False
E11 E9 E11 E9 E11 E9 E26 E26 E26 E23 E23 E23 E21 E21 E21 E5 E5 E5 E22 E11,E9,E9,0.996729,NORMAL,False
E26 E26 E11 E9 E26 E23 E23 E23 E21 E21 E21 E5 E5 E22 E5 E11 E9 E11 E9 E11,E9,E9,0.994988,NORMAL,False
E5 E5 E5 E26 E26 E26 E11 E9 E11 E9 E11 E9 E3 E4 E3 E3 E4 E3 E3 E4,E3,E3,0.914794,NORMAL,False
E11 E9 E26 E26 E26 E23 E23 E23 E21 E21 E21 E5 E5 E5 E22 E11 E9 E11 E9 E11,E9,E9,0.993244,NORMAL,False
E21 E5 E5 E22 E5 E26 E11 E9 E11 E9 E11 E9 E26 E26 E23 E23 E23 E21 E21 E21,E5,E5,0.606318,UNCERTAIN,True
E11 E9 E11 E9 E11 E9 E26 E26 E26 E23 E23 E23 E21 E21 E21 E5 E5 E5 E22 E11,E9,E9,0.996729,NORMAL,False
E11 E9 E11 E9 E26 E26 E26 E23 E23 E23 E21 E21 E21 E5 E5 E22 E5 E11 E9 E11,E9,E9,0.996771,NORMAL,False
E21 E21 E21 E5 E22 E5 E5 E11 E9 E11 E9 E11 E9 E26 E26 E26 E23 E23 E23 E21,E21,E21,0.998484,NORMAL,False
E11 E9 E26 E26 E23 E23 E23 E21 E21 E21 E5 E5 E22 E5 E11 E9 E11 E9 E11 E9,E26,E26,0.990428,NORMAL,False
E23 E23 E21 E21 E21 E5 E22 E5 E5 E11 E9 E11 E9 E11 E9 E26 E26 E26 E2 E2,E2,E2,0.525106,UNCERTAIN,True
E4 E4 E4 E3 E4 E2 E23 E23 E23 E21 E21 E21 E5 E22 E5 E5 E11 E9 E11 E9,E11,E11,0.770432,NORMAL,False
E4 E3 E4 E3 E3 E3 E4 E3 E23 E23 E23 E21 E21 E21 E22 E5 E5 E5 E26 E26,E26,E26,0.842551,NORMAL,False
E26 E11 E9 E11 E9 E11 E9 E4 E3 E4 E23 E23 E23 E21 E21 E21 E5 E22 E5 E5,E26,E11,0.471635,UNCERTAIN,True
E9 E4 E4 E3 E23 E23 E23 E21 E21 E21 E22 E5 E5 E5 E26 E26 E26 E11 E9 E11,E9,E11,0.99875,NORMAL,False
E5 E22 E5 E5 E11 E9 E11 E9 E26 E26 E11 E9 E26 E5 E22 E5 E5 E11 E9 E11,E9,E9,0.998856,NORMAL,False
E26 E26 E23 E23 E23 E21 E21 E21 E5 E5 E5 E22 E11 E9 E11 E9 E11 E9 E26 E26,E26,E26,0.993802,NORMAL,False
E23 E23 E23 E21 E21 E21 E5 E5 E22 E5 E11 E9 E11 E9 E11 E9 E26 E26 E26 E2,E2,E4,0.452619,UNCERTAIN,True
E22 E11 E9 E26 E11 E9 E11 E9 E26 E26 E5 E5 E5 E22 E11 E9 E11 E9 E11 E9,E26,E26,0.995306,NORMAL,False
E5 E5 E26 E26 E11 E9 E11 E9 E26 E11 E9 E3 E4 E3 E3 E4 E3 E3 E3 E4,E3,E23,0.860787,NORMAL,False
E21 E5 E5 E5 E22 E11 E9 E11 E9 E11 E9 E26 E26 E26 E23 E23 E23 E21 E21 E21,E5,E5,0.833877,NORMAL,False
E9 E26 E26 E26 E2 E23 E23 E23 E21 E21 E21 E5 E22 E5 E5 E11 E9 E11 E9 E11,E9,E9,0.997168,NORMAL,False
E21 E21 E22 E5 E5 E5 E26 E26 E26 E11 E9 E11 E9 E11 E9 E23 E23 E23 E21 E21,E21,E21,0.993795,NORMAL,False
E5 E5 E5 E22 E11 E9 E11 E9 E11 E9 E26 E26 E26 E3 E3 E4 E3 E4 E3 E23,E23,E23,0.990452,NORMAL,False
E11 E9 E26 E26 E26 E23 E23 E23 E21 E21 E21 E5 E22 E5 E5 E11 E9 E11 E9 E11,E9,E9,0.997509,NORMAL,False
E9 E11 E9 E4 E4 E3 E2 E2 E2 E23 E23 E23 E21 E21 E21 E22 E5 E5 E5 E26,E26,E26,0.980553,NORMAL,False
E11 E9 E11 E9 E11 E9 E26 E26 E26 E23 E23 E23 E21 E21 E21 E5 E22 E5 E5 E11,E9,E9,0.997469,NORMAL,False
E4 E23 E23 E23 E21 E21 E21 E22 E5 E5 E5 E26 E26 E26 E11 E9 E11 E9 E11 E9,E2,E3,0.409554,UNCERTAIN,True
E11 E9 E11 E9 E11 E9 E26 E26 E26 E23 E23 E23 E21 E21 E21 E5 E5 E5 E22 E11,E9,E9,0.996729,NORMAL,False
E9 E26 E26 E2 E23 E23 E23 E21 E21 E21 E5 E5 E5 E22 E11 E9 E11 E9 E11 E9,E26,E26,0.989083,NORMAL,False
E22 E5 E5 E5 E11 E9 E11 E9 E26 E26 E11 E9 E26 E23 E23 E23 E21 E21 E21 E5,E5,E5,0.585761,UNCERTAIN,True
E5 E5 E22 E5 E11 E9 E11 E9 E11 E9 E26 E26 E26 E5 E22 E5 E5 E11 E9 E11,E9,E9,0.99876,NORMAL,False
E9 E26 E26 E26 E23 E23 E23 E21 E21 E21 E5 E5 E22 E5 E11 E9 E26 E26 E11 E9,E11,E11,0.942532,NORMAL,False
E4 E3 E4 E2 E23 E23 E23 E21 E21 E21 E5 E22 E5 E5 E11 E9 E11 E9 E11 E9,E26,E26,0.990226,NORMAL,False
E11 E9 E26 E26 E26 E23 E23 E23 E21 E21 E21 E5 E5 E5 E22 E11 E9 E11 E9 E26,E26,E11,0.682307,UNCERTAIN,True
E11 E9 E11 E9 E26 E26 E26 E23 E23 E23 E21 E21 E21 E5 E22 E5 E5 E11 E9 E11,E9,E9,0.997471,NORMAL,False
E11 E9 E11 E9 E11 E9 E26 E26 E26 E4 E4 E3 E23 E23 E23 E21 E21 E21 E5 E22,E5,E5,0.984416,NORMAL,False
E9 E11 E9 E11 E9 E26 E26 E26 E4 E4 E3 E2 E23 E23 E23 E21 E21 E21 E5 E5,E5,E5,0.654028,UNCERTAIN,True
E5 E5 E26 E26 E26 E11 E9 E11 E9 E11 E9 E23 E23 E23 E21 E21 E21 E22 E5 E5,E5,E5,0.92694,NORMAL,False
E23 E23 E23 E21 E21 E21 E5 E22 E5 E5 E11 E9 E26 E26 E26 E11 E9 E11 E9 E3,E4,E23,0.476641,UNCERTAIN,True
E9 E9 E11 E9 E26 E26 E26 E4 E3 E4 E2 E2 E2 E23 E23 E23 E21 E21 E21 E5,E5,E5,0.563011,UNCERTAIN,True
E9 E11 E9 E26 E26 E11 E9 E26 E2 E3 E3 E4 E2 E25 E5 E18 E6 E16 E26 E26,E21,E21,0.592612,UNCERTAIN,True
E26 E26 E23 E23 E23 E21 E21 E21 E5 E5 E22 E5 E9 E11 E9 E26 E26 E11 E9 E11,E26,E26,0.764408,NORMAL,False
E9 E5 E11 E9 E11 E9 E26 E26 E26 E22 E23 E23 E23 E21 E21 E21 E5 E5 E5 E22,E11,E11,0.96216,NORMAL,False
E26 E26 E2 E3 E3 E3 E3 E23 E23 E23 E21 E21 E21 E5 E5 E22 E5 E11 E9 E11,E9,E9,0.996967,NORMAL,False
E26 E11 E9 E11 E9 E11 E9 E3 E4 E3 E3 E3 E4 E3 E4 E3 E4 E3 E3 E23,E23,E23,0.992229,NORMAL,False
E9 E26 E11 E9 E11 E9 E26 E26 E23 E23 E23 E21 E21 E21 E5 E22 E5 E5 E11 E9,E11,E11,0.974018,NORMAL,False
E21 E5 E5 E22 E5 E11 E9 E11 E9 E26 E26 E11 E9 E26 E23 E23 E23 E21 E21 E21,E5,E5,0.638454,UNCERTAIN,True
E21 E21 E5 E22 E5 E5 E11 E9 E11 E9 E11 E9 E26 E26 E26 E23 E23 E23 E21 E21,E21,E21,0.994372,NORMAL,False
E5 E5 E11 E9 E11 E9 E11 E9 E26 E26 E26 E22 E5 E5 E5 E11 E9 E11 E9 E11,E9,E9,0.997081,NORMAL,False
E11 E9 E11 E9 E26 E26 E11 E9 E26 E23 E23 E23 E21 E21 E21 E22 E5 E5 E5 E11,E9,E9,0.998808,NORMAL,False
E26 E23 E23 E23 E21 E21 E21 E22 E5 E5 E5 E11 E9 E11 E9 E11 E9 E26 E26 E26,E23,E23,0.719825,NORMAL,False
E11 E9 E11 E9 E11 E9 E26 E26 E26 E23 E23 E23 E21 E21 E21 E5 E5 E5 E22 E11,E9,E9,0.996729,NORMAL,False
E26 E26 E26 E5 E5 E22 E5 E11 E9 E11 E9 E11 E9 E26 E26 E26 E2 E5 E5 E5,E22,E22,0.969194,NORMAL,False
E3 E3 E23 E23 E23 E21 E21 E21 E22 E5 E5 E5 E26 E11 E9 E11 E9 E26 E11 E9,E26,E26,0.818985,NORMAL,False
E23 E23 E23 E21 E21 E21 E5 E5 E5 E22 E11 E9 E11 E9 E26 E26 E11 E9 E26 E3,E3,E3,0.494596,UNCERTAIN,True
E22 E11 E9 E11 E9 E11 E9 E26 E26 E26 E23 E23 E23 E21 E21 E21 E5 E5 E22 E5,E11,E11,0.965017,NORMAL,False
E9 E3 E4 E3 E3 E3 E4 E3 E3 E4 E23 E23 E23 E21 E21 E21 E22 E5 E5 E5,E26,E26,0.913564,NORMAL,False
E4 E4 E3 E4 E4 E4 E4 E4 E4 E4 E4 E4 E4 E4 E4 E4 E23 E23 E23 E21,E21,E21,0.99581,NORMAL,False
E21 E5 E22 E5 E5 E11 E9 E11 E9 E11 E9 E26 E26 E26 E23 E23 E23 E21 E21 E21,E5,E22,0.765197,NORMAL,False
E4 E3 E23 E23 E23 E21 E21 E21 E5 E5 E22 E5 E11 E9 E11 E9 E11 E9 E26 E26,E26,E26,0.994328,NORMAL,False
E3 E3 E3 E4 E23 E23 E23 E21 E21 E21 E5 E5 E5 E22 E11 E9 E11 E9 E11 E9,E26,E26,0.981295,NORMAL,False
E22 E11 E9 E11 E9 E26 E26 E11 E9 E26 E23 E23 E23 E21 E21 E21 E5 E5 E5 E22,E11,E11,0.950882,NORMAL,False
E23 E21 E21 E21 E5 E5 E5 E22 E11 E9 E11 E9 E11 E9 E26 E26 E26 E2 E5 E22,E5,E5,0.970919,NORMAL,False
E26 E26 E26 E11 E9 E11 E9 E4 E3 E4 E23 E23 E23 E21 E21 E21 E22 E5 E5 E5,E26,E26,0.743998,NORMAL,False
E9 E26 E26 E26 E5 E5 E5 E22 E11 E9 E11 E9 E26 E11 E9 E26 E26 E5 E5 E5,E22,E22,0.889436,NORMAL,False
E11 E9 E26 E26 E3 E3 E4 E3 E3 E4 E3 E4 E3 E3 E3 E4 E23 E23 E23 E21,E21,E21,0.999042,NORMAL,False
E5 E11 E9 E11 E9 E11 E9 E26 E26 E26 E23 E23 E23 E21 E21 E21 E5 E5 E5 E22,E11,E11,0.961275,NORMAL,False
E5 E22 E11 E9 E11 E9 E11 E9 E26 E26 E26 E23 E23 E23 E21 E21 E21 E5 E22 E5,E5,E5,0.890014,NORMAL,False
E9 E11 E9 E11 E9 E26 E26 E26 E5 E5 E5 E22 E11 E9 E26 E11 E9 E11 E9 E26,E26,E26,0.972911,NORMAL,False
E26 E5 E5 E22 E5 E11 E9 E11 E9 E11 E9 E26 E26 E26 E5 E5 E5 E22 E11 E9,E11,E26,0.976282,NORMAL,False
E21 E21 E22 E5 E5 E5 E26 E26 E26 E11 E9 E11 E9 E11 E9 E2 E4 E3 E4 E2,E2,E2,0.850597,NORMAL,False
E11 E9 E26 E26 E26 E3 E3 E4 E3 E3 E4 E23 E23 E23 E21 E21 E21 E5 E5 E22,E5,E5,0.911149,NORMAL,False
E23 E21 E21 E21 E5 E5 E22 E5 E11 E9 E11 E9 E26 E26 E11 E9 E26 E23 E23 E23,E21,E21,0.997609,NORMAL,False
E3 E3 E4 E3 E3 E4 E23 E23 E23 E21 E21 E21 E22 E5 E5 E5 E26 E26 E26 E11,E9,E9,0.99603,NORMAL,False
E26 E26 E23 E23 E23 E21 E21 E21 E5 E5 E5 E22 E11 E9 E11 E9 E11 E9 E26 E26,E26,E26,0.993802,NORMAL,False
E9 E26 E26 E26 E23 E23 E23 E21 E21 E21 E5 E5 E5 E22 E11 E9 E11 E9 E11 E9,E26,E26,0.991192,NORMAL,False
E9 E11 E9 E26 E26 E26 E5 E22 E5 E5 E11 E9 E11 E9 E26 E26 E11 E9 E26 E5,E5,E5,0.744954,NORMAL,False
E26 E23 E23 E23 E21 E21 E21 E5 E22 E5 E5 E11 E9 E11 E9 E11 E9 E26 E26 E26,E23,E23,0.862253,NORMAL,False
E21 E5 E5 E5 E22 E11 E9 E11 E9 E11 E9 E26 E26 E26 E23 E23 E23 E21 E21 E21,E5,E5,0.833877,NORMAL,False
E21 E21 E21 E5 E5 E5 E22 E11 E9 E11 E9 E11 E9 E26 E26 E26 E23 E23 E23 E21,E21,E21,0.997397,NORMAL,False
E11 E9 E26 E11 E9 E2 E4 E3 E4 E2 E2 E23 E23 E23 E21 E21 E21 E22 E5 E5,E5,E5,0.918192,NORMAL,False
E26 E26 E23 E23 E23 E21 E21 E21 E5 E5 E5 E22 E11 E9 E11 E9 E26 E26 E11 E9,E26,E26,0.984182,NORMAL,False
E9 E11 E9 E26 E26 E26 E3 E3 E4 E23 E23 E23 E21 E21 E21 E5 E5 E5 E22 E11,E9,E9,0.997365,NORMAL,False
E4 E4 E3 E3 E23 E23 E23 E21 E21 E21 E22 E5 E5 E5 E11 E9 E11 E9 E26 E26,E26,E11,0.883029,NORMAL,False
E21 E21 E5 E5 E5 E22 E11 E9 E11 E9 E11 E9 E26 E26 E26 E23 E23 E23 E21 E21,E21,E21,0.990995,NORMAL,False
E9 E26 E26 E11 E9 E11 E9 E26 E4 E3 E4 E2 E2 E23 E23 E23 E21 E21 E21 E22,E5,E5,0.989145,NORMAL,False
E9 E11 E9 E11 E9 E26 E26 E26 E23 E23 E23 E21 E21 E21 E22 E5 E5 E5 E11 E9,E11,E11,0.962114,NORMAL,False
E21 E21 E5 E5 E5 E22 E11 E9 E11 E9 E11 E9 E26 E26 E26 E23 E23 E23 E21 E21,E21,E21,0.990995,NORMAL,False
E9 E23 E23 E23 E21 E21 E21 E22 E5 E5 E5 E26 E26 E26 E11 E9 E11 E9 E11 E9,E2,E23,0.402068,UNCERTAIN,True
E9 E26 E26 E26 E23 E23 E23 E21 E21 E21 E5 E5 E5 E22 E11 E9 E11 E9 E26 E11,E9,E9,0.932072,NORMAL,False
E9 E11 E9 E11 E9 E26 E26 E26 E23 E23 E23 E21 E21 E21 E5 E5 E22 E5 E11 E9,E11,E11,0.976374,NORMAL,False
E23 E23 E21 E21 E21 E22 E5 E5 E5 E11 E9 E26 E11 E9 E11 E9 E26 E26 E3 E23,E23,E23,0.975918,NORMAL,False
E5 E22 E11 E9 E11 E9 E11 E9 E26 E26 E26 E23 E23 E23 E21 E21 E21 E5 E5 E22,E5,E5,0.928913,NORMAL,False
E26 E23 E23 E23 E21 E21 E21 E5 E5 E5 E22 E11 E9 E26 E11 E9 E11 E9 E26 E26,E23,E23,0.77922,NORMAL,False
E5 E22 E11 E9 E11 E9 E11 E9 E26 E26 E26 E3 E4 E3 E3 E4 E3 E23 E23 E23,E21,E21,0.987266,NORMAL,False
E21 E21 E5 E22 E5 E5 E11 E9 E11 E9 E11 E9 E26 E26 E26 E4 E3 E4 E23 E23,E23,E23,0.993597,NORMAL,False
E23 E21 E21 E21 E22 E5 E5 E5 E26 E11 E9 E26 E26 E11 E9 E11 E9 E3 E4 E3,E3,E4,0.61888,UNCERTAIN,True
E9 E26 E11 E9 E26 E26 E23 E23 E23 E21 E21 E21 E5 E22 E5 E5 E11 E9 E11 E9,E11,E11,0.902901,NORMAL,False
E11 E9 E26 E26 E26 E23 E23 E23 E21 E21 E21 E5 E5 E5 E22 E11 E9 E11 E9 E11,E9,E9,0.993244,NORMAL,False
E26 E11 E9 E11 E9 E11 E9 E26 E3 E4 E3 E3 E4 E3 E3 E4 E3 E23 E23 E23,E21,E21,0.988144,NORMAL,False
E9 E11 E9 E11 E9 E26 E26 E26 E23 E23 E23 E21 E21 E21 E5 E5 E22 E5 E11 E9,E11,E11,0.976374,NORMAL,False
E11 E9 E26 E26 E26 E23 E23 E23 E21 E21 E21 E5 E5 E5 E22 E11 E9 E11 E9 E11,E9,E9,0.993244,NORMAL,False
E21 E22 E5 E5 E5 E26 E26 E26 E11 E9 E11 E9 E11 E9 E2 E23 E23 E23 E21 E21,E21,E21,0.996092,NORMAL,False
E21 E21 E21 E5 E5 E5 E22 E11 E9 E11 E9 E26 E26 E11 E9 E26 E23 E23 E23 E21,E21,E21,0.997683,NORMAL,False
E23 E21 E21 E21 E22 E5 E5 E5 E11 E9 E26 E11 E9 E11 E9 E26 E26 E23 E23 E23,E21,E21,0.99814,NORMAL,False
E3 E3 E3 E4 E3 E4 E3 E23 E23 E23 E21 E21 E21 E22 E5 E5 E5 E26 E26 E26,E11,E11,0.97808,NORMAL,False
E11 E9 E26 E26 E26 E3 E4 E3 E23 E23 E23 E21 E21 E21 E5 E5 E5 E22 E11 E9,E11,E11,0.960732,NORMAL,False
E9 E26 E26 E23 E23 E23 E21 E21 E21 E5 E5 E5 E22 E11 E9 E11 E9 E11 E9 E26,E26,E26,0.999085,NORMAL,False
E21 E22 E5 E5 E5 E26 E26 E26 E11 E9 E11 E9 E11 E9 E4 E3 E4 E2 E23 E23,E23,E23,0.985063,NORMAL,False
E4 E3 E3 E3 E4 E23 E23 E23 E21 E21 E21 E22 E5 E5 E5 E11 E9 E11 E9 E11,E9,E9,0.986245,NORMAL,False
E23 E23 E21 E21 E21 E22 E5 E5 E5 E26 E26 E26 E11 E9 E11 E9 E11 E9 E23 E23,E23,E23,0.973546,NORMAL,False
E23 E21 E21 E21 E5 E5 E5 E22 E11 E9 E11 E9 E11 E9 E26 E26 E26 E23 E23 E23,E21,E21,0.996387,NORMAL,False
E11 E9 E26 E26 E26 E5 E5 E5 E22 E11 E9 E11 E9 E11 E9 E26 E26 E26 E5 E5,E5,E5,0.708083,NORMAL,False
E23 E21 E21 E21 E22 E5 E5 E5 E26 E26 E26 E11 E9 E11 E9 E11 E9 E3 E3 E4,E3,E3,0.910634,NORMAL,False
E9 E11 E9 E11 E9 E26 E26 E26 E23 E23 E23 E21 E21 E21 E5 E5 E22 E5 E11 E9,E11,E11,0.976374,NORMAL,False
E2 E23 E23 E23 E21 E21 E21 E5 E22 E5 E5 E11 E9 E11 E9 E11 E9 E26 E26 E26,E4,E4,0.342704,ANOMALY,False
E11 E9 E11 E9 E26 E26 E26 E23 E23 E23 E21 E21 E21 E5 E5 E22 E5 E11 E9 E11,E9,E9,0.996771,NORMAL,False
E9 E26 E26 E2 E2 E4 E4 E3 E23 E23 E23 E21 E21 E21 E22 E5 E5 E5 E26 E26,E11,E26,0.500315,UNCERTAIN,True
E5 E5 E26 E11 E9 E26 E26 E11 E9 E11 E9 E23 E23 E23 E21 E21 E21 E22 E5 E5,E5,E5,0.941261,NORMAL,False
E26 E23 E23 E23 E21 E21 E21 E5 E5 E5 E22 E11 E9 E11 E9 E11 E9 E26 E26 E26,E23,E23,0.879381,NORMAL,False
E5 E5 E22 E5 E11 E9 E11 E9 E11 E9 E26 E26 E26 E23 E23 E23 E21 E21 E21 E5,E5,E5,0.664844,UNCERTAIN,True
E26 E26 E23 E23 E23 E21 E21 E21 E5 E5 E22 E5 E11 E9 E11 E9 E11 E9 E26 E26,E26,E26,0.996796,NORMAL,False
E9 E11 E9 E11 E9 E26 E26 E26 E23 E23 E23 E21 E21 E21 E5 E5 E5 E22 E11 E9,E11,E11,0.975304,NORMAL,False
E5 E22 E11 E9 E11 E9 E26 E26 E26 E11 E9 E3 E3 E4 E3 E4 E3 E23 E23 E23,E21,E21,0.982971,NORMAL,False
E23 E23 E23 E21 E21 E21 E22 E5 E5 E5 E26 E26 E26 E11 E9 E11 E9 E11 E9 E2,E2,E4,0.492385,UNCERTAIN,True
E9 E26 E26 E26 E5 E5 E5 E22 E11 E9 E11 E9 E11 E9 E26 E26 E26 E2 E5 E5,E5,E5,0.661373,UNCERTAIN,True
E11 E9 E11 E9 E11 E9 E26 E26 E26 E23 E23 E23 E21 E21 E21 E5 E5 E22 E5 E11,E9,E9,0.996744,NORMAL,False
E4 E3 E4 E2 E23 E23 E23 E21 E21 E21 E22 E5 E5 E5 E11 E9 E26 E26 E26 E11,E9,E9,0.973458,NORMAL,False
E9 E23 E23 E23 E21 E21 E21 E22 E5 E5 E5 E26 E26 E26 E11 E9 E11 E9 E11 E9,E2,E2,0.402068,UNCERTAIN,True
E11 E9 E11 E9 E11 E9 E26 E26 E26 E23 E23 E23 E21 E21 E21 E5 E5 E22 E5 E11,E9,E9,0.996744,NORMAL,False
E21 E21 E21 E22 E5 E5 E5 E26 E26 E26 E11 E9 E11 E9 E11 E9 E23 E23 E23 E21,E21,E21,0.998422,NORMAL,False
E26 E11 E9 E11 E9 E11 E9 E26 E2 E4 E4 E3 E2 E2 E23 E23 E23 E21 E21 E21,E22,E22,0.563853,UNCERTAIN,True
E5 E5 E5 E22 E11 E9 E11 E9 E11 E9 E26 E26 E26 E23 E23 E23 E21 E21 E21 E5,E5,E5,0.701612,NORMAL,False
E9 E11 E9 E11 E9 E26 E26 E26 E23 E23 E23 E21 E21 E21 E5 E22 E5 E5 E11 E9,E11,E11,0.979322,NORMAL,False
E22 E5 E5 E5 E26 E9 E26 E26 E11 E11 E9 E11 E9 E4 E4 E3 E2 E2 E2 E23,E23,E23,0.992713,NORMAL,False
E26 E26 E5 E5 E5 E22 E11 E9 E26 E11 E9 E11 E9 E26 E26 E5 E5 E5 E22 E11,E9,E9,0.99744,NORMAL,False
E23 E21 E21 E21 E5 E22 E5 E5 E11 E9 E11 E9 E26 E26 E11 E9 E26 E2 E3 E3,E4,E4,0.884502,NORMAL,False
E21 E5 E22 E5 E5 E11 E9 E11 E9 E11 E9 E26 E26 E26 E23 E23 E23 E21 E21 E21,E5,E22,0.765197,NORMAL,False
E5 E5 E26 E26 E26 E11 E9 E11 E9 E11 E9 E3 E3 E4 E3 E3 E4 E3 E4 E3,E3,E3,0.59018,UNCERTAIN,True
E11 E9 E26 E23 E23 E23 E21 E21 E21 E5 E5 E22 E5 E11 E9 E11 E9 E26 E11 E9,E26,E26,0.994271,NORMAL,False
E26 E11 E9 E11 E9 E11 E9 E3 E3 E4 E4 E3 E3 E3 E4 E3 E23 E23 E23 E21,E21,E21,0.998289,NORMAL,False
E11 E9 E11 E9 E11 E9 E5 E22 E5 E5 E11 E9 E11 E9 E11 E9 E26 E26 E26 E5,E22,E5,0.528505,UNCERTAIN,True
E4 E4 E4 E4 E4 E4 E4 E4 E23 E23 E23 E21 E21 E21 E5 E5 E22 E5 E11 E9,E11,E26,0.954813,NORMAL,False
E23 E23 E23 E21 E21 E21 E5 E5 E5 E22 E11 E9 E11 E9 E11 E9 E26 E26 E26 E23,E23,E23,0.994407,NORMAL,False
E5 E5 E26 E11 E9 E11 E9 E11 E9 E26 E26 E23 E23 E23 E21 E21 E21 E5 E5 E22,E5,E5,0.918941,NORMAL,False
E11 E9 E26 E26 E26 E23 E23 E23 E21 E21 E21 E5 E5 E5 E22 E11 E9 E11 E9 E11,E9,E9,0.993244,NORMAL,False
E9 E11 E9 E26 E26 E26 E23 E23 E23 E21 E21 E21 E5 E5 E22 E5 E11 E9 E11 E9,E11,E26,0.86529,NORMAL,False
E26 E23 E23 E23 E21 E21 E21 E5 E5 E5 E22 E11 E9 E11 E9 E11 E9 E26 E26 E26,E23,E23,0.879381,NORMAL,False
E9 E11 E9 E26 E26 E26 E23 E23 E23 E21 E21 E21 E5 E5 E5 E22 E11 E9 E11 E9,E11,E11,0.848735,NORMAL,False
E26 E26 E26 E11 E9 E11 E9 E11 E9 E23 E23 E23 E21 E21 E21 E22 E5 E22 E5 E5,E26,E5,0.725,NORMAL,False
E11 E9 E11 E9 E26 E26 E26 E3 E4 E3 E3 E4 E3 E23 E23 E23 E21 E21 E21 E5,E5,E22,0.672841,UNCERTAIN,True
E11 E9 E3 E23 E23 E23 E21 E21 E21 E22 E5 E5 E5 E26 E26 E11 E9 E11 E9 E11,E9,E9,0.991992,NORMAL,False
E4 E4 E4 E4 E4 E4 E4 E4 E4 E4 E4 E3 E23 E23 E23 E21 E21 E21 E5 E22,E5,E5,0.983643,NORMAL,False
E21 E5 E22 E5 E5 E11 E9 E26 E11 E9 E11 E9 E26 E26 E23 E23 E23 E21 E21 E21,E5,E5,0.663177,UNCERTAIN,True
E26 E2 E23 E23 E23 E21 E21 E21 E5 E5 E5 E22 E11 E9 E26 E11 E9 E11 E9 E26,E26,E26,0.994639,NORMAL,False
E21 E21 E21 E22 E5 E5 E5 E11 E9 E11 E9 E11 E9 E26 E26 E26 E2 E2 E2 E4,E3,E4,0.585178,UNCERTAIN,True
E22 E5 E11 E9 E11 E9 E11 E9 E26 E26 E26 E23 E23 E23 E21 E21 E21 E5 E5 E22,E5,E5,0.927675,NORMAL,False
E9 E11 E9 E11 E9 E26 E4 E4 E3 E2 E23 E23 E23 E21 E21 E21 E22 E5 E5 E5,E26,E26,0.888693,NORMAL,False
E26 E26 E11 E9 E26 E23 E23 E23 E21 E21 E21 E5 E5 E22 E5 E11 E9 E11 E9 E11,E9,E9,0.994988,NORMAL,False
E21 E5 E5 E22 E5 E11 E9 E11 E9 E11 E9 E26 E26 E26 E4 E3 E4 E2 E23 E23,E23,E23,0.993454,NORMAL,False
E26 E26 E26 E23 E23 E23 E21 E21 E21 E5 E22 E5 E5 E11 E9 E9 E26 E26 E11 E9,E26,E11,0.865922,NORMAL,False
E11 E9 E3 E4 E3 E3 E3 E4 E3 E3 E4 E23 E23 E23 E21 E21 E21 E22 E5 E5,E5,E5,0.866032,NORMAL,False
E22 E5 E5 E5 E26 E26 E11 E9 E11 E9 E26 E11 E9 E4 E3 E3 E4 E3 E3 E4,E3,E3,0.893553,NORMAL,False
E5 E11 E9 E11 E9 E26 E11 E9 E26 E26 E23 E23 E23 E21 E21 E21 E5 E5 E22 E5,E11,E11,0.953823,NORMAL,False
E23 E23 E21 E21 E21 E5 E5 E5 E22 E11 E9 E11 E9 E11 E9 E26 E26 E26 E23 E23,E23,E23,0.997699,NORMAL,False
E9 E11 E9 E26 E26 E26 E23 E23 E23 E21 E21 E21 E5 E5 E22 E5 E11 E9 E11 E9,E11,E11,0.86529,NORMAL,False
E9 E11 E9 E26 E26 E26 E5 E22 E5 E5 E11 E9 E11 E9 E26 E26 E11 E9 E26 E22,E5,E5,0.967447,NORMAL,False
E26 E26 E26 E23 E23 E23 E21 E21 E21 E5 E22 E5 E5 E11 E9 E11 E9 E11 E9 E26,E26,E26,0.999437,NORMAL,False
E23 E21 E21 E21 E5 E5 E5 E22 E11 E9 E11 E9 E11 E9 E26 E26 E26 E2 E23 E23,E23,E23,0.997419,NORMAL,False
E9 E11 E9 E11 E9 E26 E26 E26 E5 E5 E5 E22 E11 E9 E11 E9 E11 E9 E26 E26,E26,E26,0.91461,NORMAL,False
E4 E23 E23 E23 E21 E21 E21 E22 E5 E5 E5 E26 E11 E9 E11 E9 E26 E26 E11 E9,E3,E4,0.389142,ANOMALY,False
E4 E3 E4 E2 E2 E23 E23 E23 E21 E21 E21 E22 E5 E5 E5 E26 E26 E26 E11 E9,E11,E11,0.996276,NORMAL,False
E26 E26 E26 E11 E9 E11 E9 E11 E9 E3 E3 E4 E3 E3 E4 E3 E3 E4 E3 E3,E4,E4,0.787899,NORMAL,False
E21 E21 E21 E5 E5 E5 E22 E11 E9 E11 E9 E11 E9 E26 E26 E26 E23 E23 E23 E21,E21,E21,0.997397,NORMAL,False
E21 E5 E5 E5 E22 E11 E9 E11 E9 E11 E9 E26 E26 E26 E23 E23 E23 E21 E21 E21,E5,E5,0.833877,NORMAL,False
E21 E21 E5 E5 E5 E22 E11 E9 E26 E11 E9 E11 E9 E26 E26 E23 E23 E23 E21 E21,E21,E21,0.992301,NORMAL,False
E26 E4 E4 E3 E2 E23 E23 E23 E21 E21 E21 E5 E5 E22 E5 E11 E9 E11 E9 E11,E9,E9,0.993735,NORMAL,False
E23 E21 E21 E21 E5 E22 E5 E5 E11 E9 E11 E9 E26 E26 E11 E9 E26 E23 E23 E23,E21,E21,0.998045,NORMAL,False
E21 E5 E5 E5 E22 E11 E9 E11 E9 E26 E26 E11 E9 E26 E23 E23 E23 E21 E21 E21,E5,E5,0.705324,NORMAL,False
E21 E22 E5 E5 E5 E26 E26 E26 E11 E9 E11 E9 E11 E9 E3 E4 E3 E3 E4 E3,E3,E3,0.730601,NORMAL,False
E5 E5 E5 E22 E11 E9 E11 E9 E11 E9 E26 E26 E26 E23 E23 E23 E21 E21 E21 E5,E5,E5,0.701612,NORMAL,False
E21 E22 E5 E5 E5 E11 E9 E11 E9 E11 E9 E26 E26 E26 E23 E23 E23 E21 E21 E21,E5,E5,0.719782,NORMAL,False
E23 E23 E23 E21 E21 E21 E22 E5 E5 E5 E11 E9 E11 E9 E11 E9 E26 E26 E26 E23,E23,E23,0.983943,NORMAL,False
E11 E9 E11 E9 E26 E26 E26 E5 E5 E5 E22 E11 E9 E11 E9 E11 E9 E26 E26 E26,E5,E5,0.669591,UNCERTAIN,True
E23 E21 E21 E21 E5 E5 E5 E22 E11 E9 E11 E9 E26 E11 E9 E26 E26 E23 E23 E23,E21,E21,0.996241,NORMAL,False
E9 E11 E9 E3 E3 E4 E4 E3 E3 E4 E3 E3 E23 E23 E23 E21 E21 E21 E22 E5,E5,E5,0.972736,NORMAL,False
E26 E26 E11 E9 E11 E9 E9 E11 E2 E23 E23 E23 E21 E21 E21 E5 E5 E22 E5 E26,E26,E26,0.602364,UNCERTAIN,True
E5 E5 E5 E22 E11 E9 E11 E9 E11 E9 E26 E26 E26 E23 E23 E23 E21 E21 E21 E5,E5,E5,0.701612,NORMAL,False
E4 E3 E4 E2 E23 E23 E23 E21 E21 E21 E5 E22 E5 E5 E11 E9 E11 E9 E26 E26,E26,E11,0.628845,UNCERTAIN,True
E9 E11 E9 E11 E9 E26 E26 E26 E5 E22 E5 E5 E11 E9 E11 E9 E11 E9 E26 E26,E26,E26,0.960131,NORMAL,False
E9 E11 E9 E11 E9 E4 E3 E3 E4 E3 E3 E3 E4 E3 E4 E3 E3 E23 E23 E23,E21,E21,0.979315,NORMAL,False
E9 E11 E9 E11 E9 E23 E23 E23 E21 E21 E21 E22 E5 E5 E5 E26 E26 E26 E11 E9,E11,E11,0.994625,NORMAL,False
E11 E9 E11 E9 E26 E26 E11 E9 E26 E23 E23 E23 E21 E21 E21 E5 E5 E5 E22 E11,E9,E9,0.997241,NORMAL,False
E5 E5 E26 E26 E26 E11 E9 E11 E9 E11 E9 E23 E23 E23 E21 E21 E21 E22 E5 E5,E5,E5,0.92694,NORMAL,False
E11 E9 E26 E11 E9 E11 E9 E26 E26 E5 E5 E22 E5 E11 E9 E11 E9 E11 E9 E26,E26,E26,0.996249,NORMAL,False
E5 E5 E5 E26 E11 E9 E11 E9 E26 E26 E11 E9 E4 E3 E3 E3 E3 E4 E4 E3,E3,E3,0.644361,UNCERTAIN,True
E22 E5 E5 E11 E9 E11 E9 E11 E9 E26 E26 E26 E23 E23 E23 E21 E21 E21 E5 E5,E5,E5,0.651517,UNCERTAIN,True
E9 E11 E9 E11 E9 E23 E23 E23 E21 E21 E21 E22 E5 E5 E5 E26 E26 E26 E11 E9,E11,E11,0.994625,NORMAL,False
E11 E9 E11 E9 E26 E26 E26 E5 E5 E5 E22 E11 E9 E11 E9 E11 E9 E26 E26 E26,E5,E5,0.669591,UNCERTAIN,True
E21 E22 E5 E5 E5 E11 E9 E11 E9 E11 E9 E26 E26 E26 E23 E23 E23 E21 E21 E21,E5,E5,0.719782,NORMAL,False
E9 E11 E9 E11 E9 E26 E26 E26 E23 E23 E23 E21 E21 E21 E5 E22 E5 E5 E11 E9,E11,E11,0.979322,NORMAL,False
E9 E11 E9 E26 E26 E11 E9 E26 E23 E23 E23 E21 E21 E21 E5 E22 E5 E5 E11 E9,E11,E11,0.969953,NORMAL,False
E9 E26 E26 E26 E11 E4 E4 E3 E2 E23 E23 E23 E21 E21 E21 E5 E5 E5 E22 E11,E9,E9,0.998103,NORMAL,False
E26 E11 E9 E11 E9 E26 E11 E9 E3 E4 E3 E3 E4 E3 E3 E3 E4 E3 E3 E4,E3,E23,0.711969,NORMAL,False
E11 E9 E26 E26 E26 E5 E22 E5 E5 E11 E9 E11 E9 E11 E9 E26 E26 E26 E5 E5,E5,E22,0.65759,UNCERTAIN,True
E11 E9 E2 E23 E23 E23 E21 E21 E21 E22 E5 E5 E5 E26 E26 E9 E11 E9 E11 E9,E25,E26,0.440106,UNCERTAIN,True
E9 E4 E3 E4 E2 E23 E23 E23 E21 E21 E21 E22 E5 E5 E5 E26 E26 E26 E11 E9,E11,E11,0.995834,NORMAL,False
E5 E26 E26 E26 E11 E9 E11 E9 E11 E9 E3 E4 E3 E3 E4 E3 E3 E3 E4 E3,E3,E4,0.779654,NORMAL,False
E3 E23 E23 E23 E21 E21 E21 E22 E5 E5 E5 E26 E26 E26 E11 E9 E11 E9 E11 E9,E2,E4,0.403271,UNCERTAIN,True
E9 E26 E26 E26 E23 E23 E23 E21 E21 E21 E5 E5 E5 E22 E11 E9 E11 E9 E11 E9,E26,E26,0.991192,NORMAL,False
E9 E11 E9 E11 E9 E3 E4 E3 E3 E4 E3 E3 E4 E3 E3 E4 E3 E23 E23 E23,E21,E21,0.987227,NORMAL,False
E23 E23 E21 E21 E21 E5 E22 E5 E5 E11 E9 E11 E9 E26 E26 E11 E9 E26 E23 E23,E23,E23,0.996541,NORMAL,False
E9 E26 E11 E9 E11 E9 E26 E26 E4 E3 E4 E2 E2 E2 E23 E23 E23 E21 E21 E21,E21,E5,0.572736,UNCERTAIN,True
E23 E23 E23 E21 E21 E21 E5 E22 E5 E5 E11 E9 E11 E9 E26 E26 E11 E9 E26 E23,E23,E23,0.992867,NORMAL,False
E11 E9 E11 E9 E11 E9 E26 E26 E26 E23 E23 E23 E21 E21 E21 E5 E5 E5 E22 E11,E9,E9,0.996729,NORMAL,False
E5 E5 E22 E11 E9 E11 E9 E11 E9 E26 E26 E26 E23 E23 E23 E21 E21 E21 E5 E22,E5,E5,0.985457,NORMAL,False
E26 E23 E23 E23 E21 E21 E21 E22 E5 E5 E5 E11 E9 E11 E9 E11 E9 E26 E26 E26,E23,E23,0.719825,NORMAL,False
E9 E26 E26 E26 E2 E4 E3 E4 E2 E23 E23 E23 E21 E21 E21 E5 E22 E5 E5 E11,E9,E9,0.998137,NORMAL,False
E4 E3 E4 E3 E23 E23 E23 E21 E21 E21 E22 E5 E5 E5 E26 E26 E26 E11 E9 E11,E9,E9,0.998681,NORMAL,False
E3 E4 E3 E3 E3 E4 E23 E23 E23 E21 E21 E21 E5 E22 E5 E5 E11 E9 E26 E11,E9,E9,0.989402,NORMAL,False
E5 E22 E11 E9 E11 E9 E26 E26 E11 E9 E26 E23 E23 E23 E21 E21 E21 E5 E5 E22,E5,E5,0.929995,NORMAL,False
E26 E26 E2 E23 E23 E23 E21 E21 E21 E5 E22 E5 E5 E11 E9 E11 E9 E11 E9 E26,E26,E26,0.999433,NORMAL,False
E11 E9 E11 E9 E26 E26 E26 E25 E18 E5 E6 E16 E26 E26 E21 E5 E5 E5 E22 E11,E9,E9,0.996507,NORMAL,False
E3 E3 E23 E23 E23 E21 E21 E21 E22 E5 E5 E5 E26 E26 E26 E11 E9 E11 E9 E11,E9,E9,0.995333,NORMAL,False
E23 E23 E23 E21 E21 E21 E22 E5 E5 E5 E26 E26 E26 E11 E9 E11 E9 E11 E9 E23,E23,E23,0.979164,NORMAL,False
E5 E5 E26 E26 E26 E11 E9 E11 E9 E11 E9 E23 E23 E23 E21 E21 E21 E22 E5 E5,E5,E5,0.92694,NORMAL,False
E23 E23 E21 E21 E21 E5 E5 E22 E5 E11 E9 E11 E9 E11 E9 E26 E26 E26 E23 E23,E23,E23,0.997432,NORMAL,False
E23 E23 E21 E21 E21 E5 E5 E5 E22 E11 E9 E11 E9 E11 E9 E26 E26 E26 E23 E23,E23,E23,0.997699,NORMAL,False
E23 E23 E23 E21 E21 E21 E22 E5 E5 E5 E11 E9 E11 E9 E11 E9 E26 E26 E26 E23,E23,E23,0.983943,NORMAL,False
E23 E21 E21 E21 E5 E5 E5 E22 E11 E9 E11 E9 E11 E9 E26 E26 E26 E23 E23 E23,E21,E21,0.996387,NORMAL,False
E11 E9 E11 E9 E11 E9 E26 E26 E26 E3 E4 E3 E3 E3 E4 E23 E23 E23 E21 E21,E21,E21,0.996676,NORMAL,False
E21 E21 E22 E5 E5 E5 E26 E26 E11 E9 E11 E9 E11 E9 E26 E2 E4 E3 E4 E2,E2,E2,0.875721,NORMAL,False
E9 E9 E26 E26 E11 E9 E11 E26 E23 E23 E23 E21 E21 E21 E22 E5 E5 E5 E11 E9,E11,E11,0.924477,NORMAL,False
E22 E5 E5 E5 E11 E9 E11 E9 E11 E9 E26 E26 E26 E4 E3 E4 E2 E23 E23 E23,E21,E21,0.991867,NORMAL,False
E11 E9 E26 E26 E26 E23 E23 E23 E21 E21 E21 E5 E5 E5 E22 E11 E9 E11 E9 E11,E9,E9,0.993244,NORMAL,False
E11 E9 E26 E4 E3 E4 E2 E23 E23 E23 E21 E21 E21 E5 E22 E5 E5 E11 E9 E11,E9,E9,0.998169,NORMAL,False
E9 E3 E4 E3 E3 E3 E4 E3 E3 E4 E23 E23 E23 E21 E21 E21 E22 E5 E5 E5,E26,E26,0.913564,NORMAL,False
E26 E26 E26 E11 E11 E5 E5 E5 E22 E11 E9 E11 E9 E11 E9 E26 E26 E26 E5 E5,E5,E5,0.68202,UNCERTAIN,True
E26 E26 E23 E23 E23 E21 E21 E21 E5 E5 E22 E5 E11 E9 E11 E9 E11 E9 E26 E26,E26,E26,0.996796,NORMAL,False
E22 E5 E11 E9 E11 E9 E11 E9 E26 E26 E26 E5 E5 E5 E22 E11 E9 E11 E9 E11,E9,E9,0.991841,NORMAL,False
E11 E11 E9 E3 E3 E3 E3 E3 E3 E23 E23 E23 E21 E21 E21 E22 E5 E5 E5 E26,E26,E26,0.985181,NORMAL,False
E21 E21 E21 E22 E5 E5 E5 E26 E26 E26 E11 E9 E11 E9 E11 E9 E4 E4 E3 E2,E2,E23,0.837474,NORMAL,False
E11 E9 E11 E9 E11 E9 E26 E26 E26 E23 E23 E23 E21 E21 E21 E5 E22 E5 E5 E11,E9,E9,0.997469,NORMAL,False
E5 E22 E11 E9 E11 E9 E11 E9 E26 E26 E26 E5 E5 E5 E22 E11 E9 E11 E9 E11,E9,E9,0.991879,NORMAL,False
E26 E5 E22 E5 E5 E11 E9 E11 E9 E11 E9 E26 E26 E26 E5 E5 E5 E22 E11 E9,E11,E11,0.976517,NORMAL,False
E22 E5 E26 E26 E26 E11 E9 E11 E9 E11 E9 E23 E23 E23 E21 E21 E21 E5 E5 E22,E5,E5,0.89158,NORMAL,False
E5 E5 E26 E26 E26 E11 E9 E11 E9 E11 E9 E23 E23 E23 E21 E21 E21 E22 E5 E5,E5,E5,0.92694,NORMAL,False
E2 E2 E23 E23 E23 E21 E21 E21 E22 E5 E5 E5 E26 E26 E11 E9 E11 E9 E11 E9,E25,E26,0.764737,NORMAL,False
E11 E9 E26 E26 E26 E5 E5 E22 E5 E11 E9 E11 E9 E11 E9 E26 E26 E26 E5 E22,E5,E5,0.99249,NORMAL,False
E9 E11 E9 E26 E26 E4 E3 E4 E2 E23 E23 E23 E21 E21 E21 E5 E5 E5 E22 E11,E9,E9,0.998034,NORMAL,False
E26 E26 E23 E23 E23 E21 E21 E21 E5 E5 E5 E22 E11 E9 E11 E9 E11 E9 E26 E26,E26,E26,0.993802,NORMAL,False
E26 E26 E26 E23 E23 E23 E21 E21 E21 E22 E5 E5 E5 E11 E9 E11 E9 E11 E9 E26,E26,E26,0.999464,NORMAL,False
E3 E4 E3 E3 E4 E3 E23 E23 E23 E21 E21 E21 E22 E5 E5 E5 E26 E26 E26 E11,E9,E9,0.996252,NORMAL,False
E11 E9 E11 E9 E26 E11 E9 E4 E3 E4 E2 E23 E23 E23 E21 E21 E21 E22 E5 E5,E5,E5,0.8933,NORMAL,False
E9 E11 E9 E11 E9 E26 E26 E26 E23 E23 E23 E21 E21 E21 E5 E5 E5 E22 E11 E9,E11,E11,0.975304,NORMAL,False
E5 E5 E11 E9 E11 E9 E11 E9 E26 E26 E26 E23 E23 E23 E21 E21 E21 E5 E5 E5,E22,E22,0.949628,NORMAL,False
E11 E9 E11 E9 E11 E9 E26 E26 E26 E2 E23 E23 E23 E21 E21 E21 E5 E5 E5 E22,E11,E11,0.958294,NORMAL,False
E2 E3 E3 E3 E3 E23 E23 E23 E21 E21 E21 E5 E5 E22 E5 E11 E9 E11 E9 E11,E9,E9,0.983024,NORMAL,False
E26 E23 E23 E23 E21 E21 E21 E5 E5 E5 E22 E11 E9 E11 E9 E26 E26 E11 E9 E26,E23,E23,0.80705,NORMAL,False
E9 E9 E11 E11 E9 E26 E26 E26 E2 E5 E22 E5 E5 E11 E9 E11 E9 E11 E9 E26,E26,E26,0.998863,NORMAL,False
E5 E11 E9 E11 E9 E11 E9 E26 E26 E26 E23 E23 E23 E21 E21 E21 E5 E5 E5 E22,E11,E11,0.961275,NORMAL,False
E9 E11 E9 E23 E23 E23 E21 E21 E21 E22 E5 E5 E5 E26 E26 E11 E9 E11 E9 E26,E11,E11,0.886241,NORMAL,False
E23 E23 E21 E21 E21 E22 E5 E5 E5 E26 E26 E26 E11 E9 E11 E9 E11 E9 E3 E3,E4,E4,0.784012,NORMAL,False
E11 E9 E11 E9 E11 E9 E3 E3 E4 E2 E3 E4 E3 E3 E3 E4 E3 E3 E4 E23,E23,E23,0.970613,NORMAL,False
E23 E23 E21 E21 E21 E22 E5 E5 E5 E11 E9 E11 E9 E26 E26 E11 E9 E26 E23 E23,E23,E23,0.994976,NORMAL,False
E5 E22 E11 E9 E11 E9 E11 E9 E26 E26 E26 E23 E23 E23 E21 E21 E21 E5 E5 E22,E5,E5,0.928913,NORMAL,False
E9 E11 E9 E11 E9 E3 E3 E4 E3 E3 E4 E3 E3 E4 E23 E23 E23 E21 E21 E21,E22,E22,0.709572,NORMAL,False
E9 E11 E9 E11 E9 E26 E26 E26 E5 E5 E5 E22 E11 E9 E11 E9 E11 E9 E26 E26,E26,E26,0.91461,NORMAL,False
E22 E5 E5 E11 E9 E11 E9 E11 E9 E26 E26 E26 E23 E23 E23 E21 E21 E21 E5 E5,E5,E5,0.651517,UNCERTAIN,True
E4 E3 E2 E2 E23 E23 E23 E21 E21 E21 E22 E5 E5 E5 E26 E26 E26 E11 E9 E11,E9,E9,0.998729,NORMAL,False
E5 E5 E11 E9 E11 E9 E11 E9 E26 E26 E26 E23 E23 E23 E21 E21 E21 E5 E5 E5,E22,E22,0.949628,NORMAL,False
E21 E21 E21 E22 E5 E5 E5 E11 E9 E11 E9 E11 E9 E26 E26 E26 E2 E23 E23 E23,E21,E21,0.997322,NORMAL,False
E5 E11 E9 E11 E9 E11 E9 E26 E26 E26 E23 E23 E23 E21 E21 E21 E5 E5 E22 E5,E11,E11,0.962103,NORMAL,False
E5 E5 E22 E5 E11 E9 E11 E9 E11 E9 E26 E26 E26 E4 E3 E4 E2 E2 E23 E23,E23,E23,0.990405,NORMAL,False
E9 E2 E4 E4 E3 E2 E2 E23 E23 E23 E21 E21 E21 E22 E5 E5 E5 E26 E26 E26,E11,E11,0.977807,NORMAL,False
E5 E5 E11 E9 E11 E9 E11 E9 E26 E26 E26 E23 E23 E23 E21 E21 E21 E22 E5 E5,E5,E5,0.96596,NORMAL,False
E11 E9 E11 E9 E26 E26 E11 E9 E26 E23 E23 E23 E21 E21 E21 E5 E22 E5 E5 E11,E9,E9,0.997827,NORMAL,False
E26 E26 E26 E23 E23 E23 E21 E21 E21 E5 E22 E5 E5 E11 E9 E11 E9 E11 E9 E26,E26,E26,0.999437,NORMAL,False
E4 E3 E23 E23 E23 E21 E21 E4 E21 E5 E22 E5 E5 E11 E9 E11 E9 E11 E9 E26,E26,E26,0.998717,NORMAL,False
E26 E11 E9 E11 E9 E11 E9 E4 E4 E3 E23 E23 E23 E21 E21 E21 E22 E5 E5 E5,E26,E26,0.954952,NORMAL,False
E26 E26 E11 E9 E11 E9 E11 E9 E4 E3 E4 E23 E23 E23 E21 E21 E21 E22 E5 E5,E5,E5,0.883569,NORMAL,False
E11 E9 E11 E9 E11 E9 E26 E26 E26 E23 E23 E23 E21 E21 E21 E5 E5 E22 E5 E11,E9,E9,0.996744,NORMAL,False
E5 E5 E5 E22 E11 E9 E11 E9 E11 E9 E26 E26 E26 E23 E23 E23 E21 E21 E21 E5,E5,E5,0.701612,NORMAL,False
E23 E23 E21 E21 E21 E5 E5 E5 E22 E11 E9 E11 E9 E26 E26 E11 E9 E26 E23 E23,E23,E23,0.997521,NORMAL,False
E11 E9 E3 E4 E3 E3 E3 E4 E3 E3 E4 E4 E3 E3 E23 E23 E23 E21 E21 E21,E22,E22,0.856608,NORMAL,False
E5 E11 E9 E11 E9 E11 E9 E26 E26 E26 E5 E22 E5 E5 E11 E9 E11 E9 E11 E9,E26,E26,0.99394,NORMAL,False
E23 E23 E23 E21 E21 E21 E22 E5 E5 E5 E26 E26 E26 E11 E9 E11 E9 E11 E9 E23,E23,E23,0.979164,NORMAL,False
E26 E23 E23 E23 E21 E21 E21 E5 E5 E5 E22 E11 E9 E11 E9 E11 E9 E26 E26 E26,E23,E23,0.879381,NORMAL,False
E11 E9 E11 E9 E26 E26 E26 E11 E9 E23 E23 E23 E21 E21 E21 E22 E5 E5 E5 E11,E9,E9,0.99903,NORMAL,False
E22 E11 E9 E11 E9 E11 E9 E26 E26 E26 E5 E5 E5 E22 E11 E9 E11 E9 E11 E9,E26,E26,0.99455,NORMAL,False
E5 E5 E11 E9 E11 E9 E11 E9 E26 E26 E26 E23 E23 E23 E21 E21 E21 E5 E22 E5,E5,E5,0.876173,NORMAL,False
E23 E23 E23 E21 E21 E21 E5 E5 E5 E22 E9 E11 E9 E11 E9 E26 E26 E26 E11 E23,E23,E23,0.986893,NORMAL,False
E9 E11 E9 E11 E9 E26 E26 E26 E23 E23 E23 E21 E21 E21 E5 E5 E5 E22 E11 E9,E11,E11,0.975304,NORMAL,False
E26 E4 E3 E3 E4 E3 E3 E23 E23 E23 E21 E21 E21 E22 E5 E5 E5 E11 E9 E11,E9,E9,0.99821,NORMAL,False
E23 E23 E23 E21 E21 E21 E5 E5 E5 E22 E11 E9 E11 E9 E11 E9 E26 E26 E26 E23,E23,E23,0.994407,NORMAL,False
E26 E26 E5 E22 E5 E5 E11 E9 E11 E9 E11 E9 E26 E26 E26 E5 E5 E22 E5 E11,E9,E9,0.997297,NORMAL,False
E5 E22 E5 E11 E9 E11 E9 E11 E9 E26 E26 E26 E23 E23 E23 E21 E21 E21 E5 E22,E5,E5,0.985045,NORMAL,False
E5 E5 E11 E9 E11 E9 E26 E26 E11 E9 E26 E5 E5 E22 E5 E11 E9 E11 E9 E11,E9,E9,0.979862,NORMAL,False
E22 E5 E5 E5 E22 E11 E9 E11 E9 E11 E9 E26 E26 E26 E4 E4 E3 E2 E23 E23,E23,E23,0.98932,NORMAL,False
E5 E5 E5 E22 E11 E9 E11 E9 E11 E9 E26 E26 E26 E5 E5 E5 E22 E11 E9 E11,E9,E9,0.997396,NORMAL,False
E21 E21 E21 E5 E22 E5 E5 E5 E22 E11 E9 E11 E9 E11 E9 E26 E26 E26 E23 E23,E23,E23,0.996822,NORMAL,False
E21 E21 E5 E22 E5 E5 E11 E9 E11 E9 E26 E11 E9 E26 E26 E23 E23 E23 E21 E21,E21,E21,0.994677,NORMAL,False
E5 E11 E9 E11 E9 E11 E9 E26 E26 E26 E23 E23 E23 E21 E21 E21 E5 E22 E5 E5,E11,E11,0.941066,NORMAL,False
E23 E23 E23 E21 E21 E21 E22 E5 E5 E5 E26 E11 E9 E11 E9 E11 E9 E26 E26 E23,E23,E23,0.955227,NORMAL,False
E5 E11 E9 E11 E9 E11 E9 E26 E26 E26 E23 E23 E23 E21 E21 E21 E5 E5 E5 E22,E11,E11,0.961275,NORMAL,False
E9 E23 E23 E23 E21 E21 E21 E22 E5 E5 E5 E11 E9 E11 E9 E11 E9 E26 E26 E26,E4,E4,0.422427,UNCERTAIN,True
E23 E23 E23 E21 E21 E21 E5 E5 E5 E22 E11 E9 E11 E9 E11 E9 E26 E26 E26 E23,E23,E23,0.994407,NORMAL,False
E11 E9 E11 E9 E11 E9 E26 E26 E26 E4 E3 E4 E2 E23 E23 E23 E21 E21 E21 E5,E5,E5,0.672948,UNCERTAIN,True
E9 E11 E9 E26 E26 E26 E23 E23 E23 E21 E21 E21 E5 E5 E22 E5 E11 E9 E11 E9,E11,E11,0.86529,NORMAL,False
E22 E5 E5 E11 E9 E11 E9 E11 E9 E26 E26 E26 E23 E23 E23 E21 E21 E21 E5 E5,E5,E5,0.651517,UNCERTAIN,True
E26 E26 E23 E23 E23 E21 E21 E21 E5 E5 E22 E5 E11 E9 E11 E9 E11 E9 E26 E26,E26,E26,0.996796,NORMAL,False
E22 E11 E9 E11 E9 E11 E9 E26 E26 E26 E23 E23 E23 E21 E21 E21 E5 E5 E5 E22,E11,E11,0.966328,NORMAL,False
E11 E9 E26 E26 E26 E11 E9 E4 E4 E3 E23 E23 E23 E21 E21 E21 E5 E22 E5 E5,E11,E11,0.739867,NORMAL,False
E4 E3 E3 E4 E3 E3 E4 E3 E3 E4 E3 E3 E23 E23 E23 E21 E21 E21 E22 E5,E5,E5,0.981074,NORMAL,False
E21 E21 E21 E5 E5 E22 E5 E11 E9 E11 E9 E11 E9 E26 E26 E26 E23 E23 E23 E21,E21,E21,0.998075,NORMAL,False
E3 E4 E3 E23 E23 E23 E21 E21 E21 E22 E5 E5 E5 E26 E26 E26 E11 E9 E11 E9,E11,E11,0.983497,NORMAL,False
E5 E22 E5 E11 E9 E11 E9 E11 E9 E26 E26 E26 E23 E23 E23 E21 E21 E21 E5 E22,E5,E5,0.985045,NORMAL,False
E21 E5 E5 E22 E5 E11 E9 E11 E9 E11 E9 E26 E26 E26 E23 E23 E23 E21 E21 E21,E5,E5,0.798109,NORMAL,False
E23 E23 E23 E21 E21 E21 E5 E5 E5 E22 E11 E9 E11 E9 E11 E9 E26 E26 E26 E23,E23,E23,0.994407,NORMAL,False
E11 E9 E26 E26 E11 E9 E26 E5 E5 E5 E22 E11 E9 E11 E9 E11 E9 E26 E26 E26,E5,E2,0.665185,UNCERTAIN,True
E11 E9 E11 E9 E26 E26 E26 E5 E5 E5 E22 E11 E9 E9 E26 E26 E11 E9 E11 E26,E5,E5,0.728995,NORMAL,False
E4 E2 E2 E2 E23 E23 E23 E21 E21 E21 E22 E5 E5 E5 E26 E26 E26 E11 E9 E11,E9,E9,0.998726,NORMAL,False
E9 E11 E9 E11 E9 E26 E26 E26 E23 E23 E23 E21 E21 E21 E5 E5 E5 E22 E11 E9,E11,E11,0.975304,NORMAL,False
E26 E4 E3 E4 E23 E23 E23 E21 E21 E21 E5 E22 E5 E5 E11 E9 E11 E9 E11 E9,E26,E26,0.986103,NORMAL,False
E4 E3 E23 E23 E23 E21 E21 E21 E22 E5 E5 E5 E26 E26 E26 E11 E9 E11 E9 E11,E9,E9,0.995267,NORMAL,False
E22 E5 E11 E9 E11 E9 E26 E26 E26 E11 E9 E4 E3 E4 E23 E23 E23 E21 E21 E21,E5,E5,0.545089,UNCERTAIN,True
E26 E26 E26 E23 E23 E23 E21 E21 E21 E5 E22 E5 E5 E11 E9 E11 E9 E11 E9 E26,E26,E26,0.999437,NORMAL,False
E23 E23 E21 E21 E21 E5 E5 E5 E22 E11 E9 E11 E9 E26 E11 E9 E26 E26 E23 E23,E23,E23,0.997735,NORMAL,False
E26 E26 E5 E22 E5 E5 E9 E11 E9 E26 E11 E11 E9 E26 E26 E5 E5 E5 E22 E11,E9,E9,0.9974,NORMAL,False
E21 E21 E5 E5 E5 E22 E11 E9 E11 E9 E11 E9 E26 E26 E26 E23 E23 E23 E21 E21,E21,E21,0.990995,NORMAL,False
E22 E5 E11 E9 E11 E9 E11 E9 E26 E26 E26 E23 E23 E23 E21 E21 E21 E22 E5 E5,E5,E5,0.968672,NORMAL,False
E5 E11 E9 E11 E9 E11 E9 E26 E26 E26 E23 E23 E23 E21 E21 E21 E5 E22 E5 E5,E11,E9,0.941066,NORMAL,False
E11 E9 E26 E26 E26 E5 E5 E5 E22 E11 E9 E11 E9 E11 E9 E26 E26 E26 E5 E5,E5,E5,0.708083,NORMAL,False
E26 E26 E4 E3 E4 E23 E23 E23 E21 E21 E21 E5 E22 E5 E5 E11 E9 E11 E9 E11,E9,E9,0.997144,NORMAL,False
E3 E3 E23 E23 E23 E21 E21 E21 E22 E5 E5 E5 E26 E26 E26 E11 E9 E11 E9 E11,E9,E9,0.995333,NORMAL,False
E26 E26 E11 E9 E11 E9 E11 E9 E4 E4 E3 E23 E23 E23 E21 E21 E21 E22 E5 E5,E5,E5,0.887104,NORMAL,False
E11 E9 E26 E26 E26 E23 E23 E23 E21 E21 E21 E5 E22 E5 E5 E11 E9 E11 E9 E26,E26,E11,0.627691,UNCERTAIN,True
E3 E23 E23 E23 E21 E21 E21 E22 E5 E5 E5 E26 E26 E26 E11 E9 E11 E9 E11 E9,E2,E3,0.403271,UNCERTAIN,True
E23 E23 E21 E21 E21 E22 E5 E5 E5 E11 E9 E11 E9 E11 E9 E26 E26 E26 E23 E23,E23,E23,0.994918,NORMAL,False
E5 E5 E11 E9 E11 E9 E11 E9 E26 E26 E26 E3 E3 E4 E23 E23 E23 E21 E21 E21,E5,E5,0.741462,NORMAL,False
E11 E9 E11 E9 E11 E9 E26 E26 E26 E23 E23 E23 E21 E21 E21 E5 E5 E22 E5 E11,E9,E9,0.996744,NORMAL,False
E11 E9 E11 E9 E11 E9 E26 E26 E26 E5 E5 E22 E5 E11 E9 E11 E9 E11 E9 E26,E26,E26,0.996971,NORMAL,False
E23 E23 E23 E21 E21 E21 E5 E5 E5 E22 E11 E9 E11 E9 E11 E9 E26 E26 E26 E23,E23,E23,0.994407,NORMAL,False
E9 E26 E26 E26 E23 E23 E23 E21 E21 E21 E22 E5 E5 E5 E11 E9 E11 E9 E11 E9,E26,E26,0.991068,NORMAL,False
E9 E26 E26 E26 E4 E4 E3 E2 E23 E23 E23 E21 E21 E21 E22 E5 E5 E5 E11 E9,E11,E11,0.873531,NORMAL,False
E11 E9 E26 E11 E9 E11 E9 E26 E26 E23 E23 E23 E21 E21 E21 E5 E5 E22 E5 E11,E9,E9,0.997056,NORMAL,False
E21 E21 E5 E5 E22 E5 E11 E9 E11 E9 E11 E9 E26 E26 E26 E23 E23 E23 E21 E21,E21,E21,0.993015,NORMAL,False
E26 E26 E11 E9 E26 E23 E23 E23 E21 E21 E21 E5 E5 E22 E5 E11 E9 E11 E9 E11,E9,E9,0.994988,NORMAL,False
E4 E3 E4 E23 E23 E23 E21 E21 E21 E5 E22 E5 E5 E11 E9 E11 E9 E11 E9 E26,E26,E26,0.999163,NORMAL,False
E3 E23 E23 E23 E21 E21 E21 E5 E22 E5 E5 E11 E9 E11 E9 E26 E26 E11 E9 E26,E4,E2,0.414338,UNCERTAIN,True
E11 E9 E26 E26 E26 E5 E5 E5 E22 E11 E9 E11 E9 E26 E26 E26 E11 E9 E25 E18,E18,E5,0.565316,UNCERTAIN,True
E26 E26 E23 E23 E23 E21 E21 E21 E5 E5 E5 E22 E11 E9 E11 E9 E11 E9 E26 E26,E26,E26,0.993802,NORMAL,False
E23 E21 E21 E21 E5 E5 E22 E5 E11 E9 E11 E9 E26 E26 E26 E11 E9 E2 E3 E3,E4,E4,0.88035,NORMAL,False
E23 E23 E21 E21 E21 E22 E5 E5 E5 E26 E26 E26 E11 E9 E11 E9 E11 E9 E4 E3,E4,E4,0.771649,NORMAL,False
E21 E21 E21 E5 E5 E5 E22 E11 E9 E11 E9 E11 E9 E26 E26 E26 E23 E23 E23 E21,E21,E21,0.997397,NORMAL,False
E5 E5 E22 E11 E9 E11 E9 E11 E9 E26 E26 E26 E5 E22 E5 E5 E11 E9 E11 E9,E11,E11,0.894485,NORMAL,False
E23 E23 E21 E21 E21 E5 E5 E22 E5 E11 E9 E11 E9 E11 E9 E26 E26 E26 E23 E23,E23,E23,0.997432,NORMAL,False
E26 E26 E11 E9 E11 E9 E11 E9 E4 E3 E4 E2 E23 E23 E23 E21 E21 E21 E22 E5,E5,E5,0.974784,NORMAL,False
E5 E5 E5 E22 E11 E9 E11 E9 E11 E9 E26 E26 E26 E4 E3 E4 E23 E23 E23 E21,E21,E21,0.999114,NORMAL,False
E21 E21 E22 E5 E5 E5 E26 E26 E26 E11 E9 E11 E9 E11 E9 E3 E23 E23 E23 E21,E21,E21,0.997346,NORMAL,False
E9 E11 E9 E26 E26 E2 E23 E23 E23 E21 E21 E21 E22 E5 E5 E5 E11 E9 E11 E9,E11,E11,0.781569,NORMAL,False
E23 E23 E21 E21 E21 E5 E5 E5 E22 E11 E9 E11 E9 E11 E9 E26 E26 E26 E23 E23,E23,E23,0.997699,NORMAL,False
E9 E26 E26 E26 E5 E5 E5 E22 E11 E9 E11 E9 E11 E9 E26 E26 E26 E5 E5 E22,E5,E5,0.979283,NORMAL,False
E21 E5 E22 E5 E5 E11 E9 E26 E11 E9 E11 E9 E26 E26 E3 E2 E23 E23 E23 E21,E21,E21,0.999598,NORMAL,False
E5 E5 E11 E9 E11 E9 E11 E9 E26 E26 E26 E5 E22 E5 E5 E11 E9 E11 E9 E11,E9,E9,0.997622,NORMAL,False
E11 E9 E11 E9 E11 E9 E26 E26 E26 E22 E5 E5 E5 E11 E9 E11 E9 E11 E9 E26,E26,E26,0.997767,NORMAL,False
E26 E26 E23 E23 E23 E21 E21 E21 E5 E5 E22 E5 E11 E9 E11 E9 E26 E26 E11 E9,E26,E26,0.989115,NORMAL,False
E26 E26 E26 E11 E9 E11 E9 E11 E9 E3 E4 E3 E3 E4 E3 E3 E3 E4 E23 E23,E23,E23,0.986344,NORMAL,False
E2 E23 E23 E23 E21 E21 E21 E5 E5 E22 E5 E11 E9 E11 E9 E11 E9 E26 E26 E26,E23,E2,0.370518,ANOMALY,False
E22 E5 E11 E9 E11 E9 E11 E9 E26 E26 E26 E23 E23 E23 E21 E21 E21 E22 E5 E5,E5,E5,0.968672,NORMAL,False
E23 E23 E23 E21 E21 E21 E5 E5 E5 E22 E11 E9 E11 E9 E11 E9 E26 E26 E26 E23,E23,E23,0.994407,NORMAL,False
E11 E9 E11 E9 E11 E9 E26 E3 E3 E4 E3 E3 E4 E3 E4 E3 E3 E3 E4 E23,E23,E23,0.984169,NORMAL,False
E21 E5 E5 E22 E5 E11 E9 E11 E9 E11 E9 E26 E26 E26 E23 E23 E23 E21 E21 E21,E5,E5,0.798109,NORMAL,False
E23 E23 E23 E21 E21 E21 E5 E5 E22 E5 E11 E9 E11 E9 E11 E9 E26 E26 E26 E23,E23,E23,0.994097,NORMAL,False
E9 E26 E26 E26 E5 E5 E22 E5 E11 E9 E11 E9 E11 E9 E26 E26 E26 E22 E5 E5,E5,E5,0.980641,NORMAL,False
E9 E3 E4 E3 E3 E4 E3 E3 E4 E3 E3 E4 E3 E23 E23 E23 E21 E21 E21 E22,E5,E5,0.954505,NORMAL,False
E26 E26 E26 E23 E23 E23 E21 E21 E21 E5 E5 E22 E5 E11 E9 E11 E9 E11 E9 E26,E26,E26,0.999357,NORMAL,False
E26 E26 E21 E5 E5 E5 E22 E11 E9 E11 E9 E11 E9 E26 E26 E26 E5 E5 E22 E5,E11,E11,0.936975,NORMAL,False
E11 E9 E3 E4 E3 E4 E3 E3 E4 E3 E3 E23 E23 E23 E21 E21 E21 E22 E5 E5,E5,E5,0.878656,NORMAL,False
E21 E21 E21 E5 E22 E5 E5 E11 E9 E26 E26 E26 E11 E9 E11 E9 E4 E4 E3 E23,E23,E23,0.954448,NORMAL,False
E5 E5 E5 E26 E26 E26 E11 E9 E11 E9 E11 E9 E23 E23 E23 E21 E21 E21 E22 E5,E5,E5,0.975537,NORMAL,False
E9 E26 E26 E26 E23 E23 E23 E21 E21 E21 E5 E5 E22 E5 E11 E9 E11 E9 E11 E9,E26,E26,0.991719,NORMAL,False
E23 E21 E21 E21 E22 E5 E5 E5 E11 E9 E11 E9 E11 E9 E26 E26 E26 E23 E23 E23,E21,E21,0.998056,NORMAL,False
E9 E26 E26 E5 E22 E5 E5 E11 E9 E11 E9 E26 E26 E11 E9 E26 E5 E5 E5 E22,E11,E11,0.928722,NORMAL,False
E11 E9 E11 E9 E26 E26 E11 E9 E26 E5 E5 E5 E22 E11 E9 E11 E9 E11 E9 E26,E26,E26,0.987802,NORMAL,False
E26 E26 E26 E23 E23 E23 E21 E21 E21 E5 E22 E5 E5 E11 E9 E11 E9 E11 E9 E26,E26,E26,0.999437,NORMAL,False
E23 E23 E23 E21 E21 E21 E5 E5 E22 E5 E11 E9 E11 E9 E11 E9 E26 E26 E26 E23,E23,E23,0.994097,NORMAL,False
E21 E21 E21 E22 E5 E5 E5 E26 E26 E26 E11 E9 E11 E9 E11 E9 E23 E23 E23 E21,E21,E21,0.998422,NORMAL,False
E23 E23 E23 E21 E21 E21 E22 E5 E5 E5 E26 E26 E11 E9 E11 E9 E11 E9 E26 E4,E4,E3,0.52304,UNCERTAIN,True
E11 E9 E11 E9 E11 E9 E2 E23 E23 E23 E21 E21 E21 E22 E5 E5 E5 E26 E11 E9,E26,E26,0.566504,UNCERTAIN,True
E22 E11 E9 E11 E9 E11 E9 E26 E26 E26 E23 E23 E23 E21 E21 E21 E22 E5 E5 E5,E11,E11,0.873789,NORMAL,False
E5 E5 E5 E22 E11 E9 E11 E9 E11 E9 E26 E26 E26 E23 E23 E23 E21 E21 E21 E5,E5,E5,0.701612,NORMAL,False
E11 E9 E11 E9 E11 E9 E26 E26 E26 E23 E23 E23 E21 E21 E21 E5 E22 E5 E5 E11,E9,E9,0.997469,NORMAL,False
E9 E11 E9 E26 E26 E23 E23 E23 E21 E21 E21 E5 E5 E5 E22 E11 E9 E11 E9 E11,E9,E9,0.993405,NORMAL,False
E22 E5 E5 E5 E26 E26 E26 E11 E9 E11 E9 E11 E9 E3 E3 E4 E4 E3 E3 E3,E4,E3,0.925008,NORMAL,False
E11 E9 E26 E26 E4 E3 E4 E23 E23 E23 E21 E21 E21 E5 E5 E22 E5 E11 E9 E11,E9,E9,0.996892,NORMAL,False
E11 E9 E11 E9 E11 E9 E26 E26 E26 E5 E22 E5 E5 E11 E9 E11 E9 E26 E26 E11,E9,E9,0.950658,NORMAL,False
E11 E9 E11 E9 E11 E9 E26 E26 E26 E3 E3 E4 E3 E3 E4 E23 E23 E23 E21 E21,E21,E21,0.997064,NORMAL,False
E5 E5 E26 E26 E26 E11 E9 E11 E9 E11 E9 E23 E23 E23 E21 E21 E21 E22 E5 E5,E5,E5,0.92694,NORMAL,False
E11 E9 E11 E9 E11 E9 E26 E26 E26 E23 E23 E23 E21 E21 E21 E22 E5 E5 E5 E11,E9,E9,0.998511,NORMAL,False
E9 E26 E26 E26 E5 E5 E22 E5 E11 E9 E11 E9 E11 E9 E26 E26 E26 E5 E5 E22,E5,E5,0.978884,NORMAL,False
E5 E26 E11 E9 E11 E9 E26 E26 E11 E9 E4 E4 E3 E2 E2 E2 E23 E23 E23 E21,E21,E21,0.999575,NORMAL,False
E22 E11 E9 E11 E9 E11 E9 E26 E26 E26 E23 E23 E23 E21 E21 E21 E5 E5 E5 E22,E11,E11,0.966328,NORMAL,False
E26 E26 E11 E9 E11 E9 E11 E9 E4 E3 E4 E2 E23 E23 E23 E21 E21 E21 E22 E5,E5,E5,0.974784,NORMAL,False
E21 E21 E21 E5 E5 E5 E22 E11 E9 E11 E9 E11 E9 E26 E26 E26 E23 E23 E23 E21,E21,E21,0.997397,NORMAL,False
E21 E5 E22 E5 E5 E11 E9 E11 E9 E11 E9 E26 E26 E26 E23 E23 E23 E21 E21 E21,E5,E5,0.765197,NORMAL,False
E21 E22 E5 E5 E5 E26 E26 E26 E11 E9 E11 E9 E11 E9 E4 E4 E4 E4 E4 E4,E4,E4,0.946592,NORMAL,False
E23 E23 E23 E21 E21 E21 E5 E22 E5 E5 E11 E9 E11 E9 E11 E9 E26 E26 E26 E23,E23,E23,0.992552,NORMAL,False
E9 E11 E9 E11 E9 E26 E26 E26 E5 E5 E5 E22 E11 E9 E11 E9 E11 E9 E26 E26,E26,E26,0.91461,NORMAL,False
E5 E22 E11 E9 E11 E9 E11 E9 E26 E26 E26 E23 E23 E23 E21 E21 E21 E5 E5 E5,E22,E22,0.940906,NORMAL,False
E5 E5 E22 E11 E9 E11 E9 E11 E9 E26 E26 E26 E23 E23 E23 E21 E21 E21 E5 E5,E5,E22,0.681922,UNCERTAIN,True
E26 E2 E5 E5 E22 E5 E11 E9 E11 E9 E11 E9 E26 E26 E26 E5 E5 E5 E22 E11,E9,E9,0.997234,NORMAL,False
E26 E23 E23 E23 E21 E21 E21 E5 E5 E5 E22 E11 E9 E11 E9 E11 E9 E26 E26 E26,E23,E23,0.879381,NORMAL,False
E22 E11 E9 E11 E9 E11 E9 E26 E26 E26 E5 E22 E5 E5 E11 E9 E11 E9 E11 E9,E26,E26,0.99182,NORMAL,False
E23 E21 E21 E21 E22 E5 E5 E5 E26 E26 E26 E11 E9 E11 E9 E11 E9 E23 E23 E23,E21,E21,0.996867,NORMAL,False
E23 E23 E21 E21 E21 E5 E5 E5 E22 E11 E9 E11 E9 E26 E26 E11 E9 E26 E2 E3,E4,E3,0.58654,UNCERTAIN,True
E21 E21 E5 E5 E22 E5 E11 E9 E11 E9 E26 E26 E11 E9 E26 E23 E23 E23 E21 E21,E21,E21,0.994639,NORMAL,False
E11 E9 E26 E26 E26 E23 E23 E23 E21 E21 E21 E5 E5 E22 E5 E11 E9 E11 E9 E11,E9,E9,0.995243,NORMAL,False
E21 E21 E21 E5 E5 E5 E22 E11 E9 E11 E9 E26 E26 E11 E9 E26 E4 E4 E3 E2,E2,E23,0.776238,NORMAL,False
E26 E11 E9 E11 E9 E11 E9 E23 E23 E23 E21 E21 E21 E22 E5 E5 E5 E26 E11 E9,E26,E26,0.528658,UNCERTAIN,True
E11 E9 E11 E9 E26 E26 E26 E23 E23 E23 E21 E21 E21 E5 E22 E5 E5 E11 E9 E26,E11,E26,0.909437,NORMAL,False
E11 E9 E11 E9 E26 E26 E26 E23 E23 E23 E21 E21 E21 E5 E22 E5 E5 E11 E9 E11,E9,E9,0.997471,NORMAL,False
E26 E26 E23 E23 E23 E21 E21 E21 E5 E5 E5 E22 E11 E9 E11 E9 E11 E9 E26 E26,E26,E26,0.993802,NORMAL,False
E11 E9 E26 E26 E26 E23 E23 E23 E21 E21 E21 E5 E22 E5 E5 E11 E9 E11 E9 E11,E9,E9,0.997509,NORMAL,False
E9 E26 E26 E26 E23 E23 E23 E21 E21 E21 E5 E5 E5 E22 E11 E9 E11 E9 E11 E9,E26,E26,0.991192,NORMAL,False
E5 E22 E5 E11 E9 E11 E9 E11 E9 E26 E26 E26 E23 E23 E23 E21 E21 E21 E22 E5,E5,E5,0.9894,NORMAL,False
E3 E4 E3 E3 E4 E3 E3 E4 E23 E23 E23 E21 E21 E21 E22 E5 E5 E5 E26 E26,E26,E26,0.649218,UNCERTAIN,True
E21 E5 E22 E5 E5 E11 E9 E11 E9 E11 E9 E26 E26 E26 E23 E23 E23 E21 E21 E21,E5,E5,0.765197,NORMAL,False
E23 E23 E21 E21 E21 E22 E5 E5 E5 E26 E26 E26 E11 E9 E11 E9 E11 E9 E4 E4,E3,E3,0.568937,UNCERTAIN,True
E11 E9 E11 E9 E11 E9 E26 E26 E26 E23 E23 E23 E21 E21 E21 E5 E5 E5 E22 E11,E9,E9,0.996729,NORMAL,False
E9 E26 E26 E23 E23 E23 E21 E21 E21 E5 E5 E5 E22 E11 E9 E11 E9 E11 E9 E26,E26,E26,0.999085,NORMAL,False
E9 E11 E9 E26 E26 E26 E23 E23 E23 E21 E21 E21 E5 E5 E5 E22 E11 E9 E11 E9,E11,E11,0.848735,NORMAL,False
E22 E5 E5 E11 E9 E11 E9 E11 E9 E26 E26 E26 E23 E23 E23 E21 E21 E21 E5 E5,E5,E22,0.651517,UNCERTAIN,True
E23 E21 E21 E21 E5 E5 E5 E22 E11 E9 E11 E9 E11 E9 E26 E26 E26 E23 E23 E23,E21,E21,0.996387,NORMAL,False
E22 E11 E9 E11 E9 E11 E9 E26 E26 E26 E23 E23 E23 E21 E21 E21 E5 E5 E5 E22,E11,E11,0.966328,NORMAL,False
E9 E26 E26 E26 E23 E23 E23 E21 E21 E21 E5 E5 E5 E22 E11 E9 E11 E9 E26 E11,E9,E9,0.932072,NORMAL,False
E9 E11 E9 E26 E26 E26 E5 E5 E5 E22 E11 E9 E11 E9 E11 E9 E26 E26 E26 E5,E5,E5,0.74062,NORMAL,False
E21 E20 E21 E5 E5 E22 E5 E11 E9 E11 E9 E11 E9 E26 E26 E26 E3 E4 E3 E3,E4,E3,0.808164,NORMAL,False
E22 E11 E9 E11 E9 E11 E9 E26 E26 E26 E3 E3 E4 E3 E4 E3 E23 E23 E23 E21,E21,E21,0.998777,NORMAL,False
E9 E26 E26 E26 E23 E23 E23 E21 E21 E21 E5 E5 E5 E22 E11 E9 E11 E9 E11 E9,E26,E26,0.991192,NORMAL,False
E23 E23 E21 E21 E21 E22 E5 E5 E5 E26 E26 E11 E9 E11 E9 E26 E11 E9 E4 E4,E3,E3,0.617443,UNCERTAIN,True
E9 E4 E4 E3 E2 E23 E23 E23 E21 E21 E21 E22 E5 E5 E5 E11 E9 E26 E26 E26,E11,E11,0.995005,NORMAL,False
E5 E5 E22 E11 E9 E11 E9 E11 E9 E26 E26 E26 E23 E23 E23 E21 E21 E21 E5 E5,E5,E22,0.681922,UNCERTAIN,True
E26 E23 E23 E23 E21 E21 E21 E5 E22 E5 E5 E11 E9 E11 E9 E26 E26 E11 E9 E26,E23,E23,0.755151,NORMAL,False
E26 E11 E9 E11 E9 E11 E9 E26 E3 E3 E4 E3 E3 E4 E3 E4 E3 E3 E3 E4,E3,E23,0.668089,UNCERTAIN,True
E21 E5 E5 E5 E22 E11 E9 E11 E9 E11 E9 E26 E26 E26 E23 E23 E23 E21 E21 E21,E5,E5,0.833877,NORMAL,False
E2 E23 E23 E23 E21 E21 E21 E22 E5 E5 E5 E26 E26 E26 E11 E9 E11 E9 E11 E9,E2,E23,0.421777,UNCERTAIN,True
E9 E11 E9 E11 E9 E26 E26 E26 E23 E23 E23 E21 E21 E21 E5 E5 E22 E5 E11 E9,E11,E11,0.976374,NORMAL,False
E21 E21 E5 E5 E22 E7 E5 E5 E22 E5 E11 E9 E11 E9 E11 E9 E26 E26 E26 E23,E23,E23,0.992157,NORMAL,False
E21 E21 E5 E5 E5 E22 E11 E9 E11 E9 E11 E9 E26 E26 E26 E23 E23 E23 E21 E21,E21,E21,0.990995,NORMAL,False
E5 E5 E22 E5 E11 E9 E11 E9 E11 E9 E26 E26 E26 E23 E23 E23 E21 E21 E21 E5,E5,E5,0.664844,UNCERTAIN,True
E26 E2 E3 E3 E3 E3 E23 E23 E23 E21 E21 E21 E5 E22 E5 E5 E11 E9 E11 E9,E11,E11,0.767643,NORMAL,False
E4 E4 E3 E2 E2 E2 E23 E23 E23 E21 E21 E21 E22 E5 E5 E5 E26 E26 E26 E11,E9,E9,0.996297,NORMAL,False
E9 E26 E26 E26 E23 E23 E23 E21 E21 E21 E5 E5 E22 E5 E11 E9 E11 E9 E11 E9,E26,E26,0.991719,NORMAL,False
E9 E26 E26 E26 E23 E23 E23 E21 E21 E21 E5 E22 E5 E5 E11 E9 E11 E9 E26 E26,E11,E11,0.692393,UNCERTAIN,True
E11 E9 E11 E9 E26 E26 E26 E23 E23 E23 E21 E21 E21 E5 E5 E22 E5 E11 E9 E11,E9,E9,0.996771,NORMAL,False
E26 E23 E23 E23 E21 E21 E21 E5 E22 E5 E5 E11 E9 E11 E9 E11 E9 E26 E26 E26,E23,E23,0.862253,NORMAL,False
E9 E26 E26 E26 E23 E23 E23 E21 E21 E21 E5 E5 E22 E5 E11 E9 E11 E9 E11 E9,E26,E26,0.991719,NORMAL,False
E11 E9 E11 E9 E11 E9 E26 E26 E26 E23 E23 E23 E21 E21 E21 E5 E22 E5 E5 E11,E9,E9,0.997469,NORMAL,False
E5 E5 E22 E11 E9 E11 E9 E11 E9 E26 E26 E26 E23 E23 E23 E21 E21 E21 E5 E22,E5,E5,0.985457,NORMAL,False
E21 E22 E5 E5 E5 E26 E26 E26 E11 E9 E11 E9 E11 E9 E2 E23 E23 E23 E21 E21,E21,E21,0.996092,NORMAL,False
E5 E11 E9 E11 E9 E26 E26 E11 E9 E26 E23 E23 E23 E21 E21 E21 E5 E22 E5 E5,E11,E11,0.900974,NORMAL,False
E3 E3 E2 E4 E3 E3 E23 E23 E23 E21 E21 E21 E5 E22 E5 E5 E11 E9 E11 E9,E11,E11,0.505211,UNCERTAIN,True
E5 E11 E9 E11 E9 E26 E26 E11 E9 E26 E4 E3 E4 E2 E23 E23 E23 E21 E21 E21,E5,E5,0.495953,UNCERTAIN,True
E9 E11 E9 E23 E23 E23 E21 E21 E21 E22 E5 E5 E5 E26 E26 E26 E11 E9 E11 E9,E11,E11,0.97518,NORMAL,False
E11 E9 E11 E9 E11 E9 E26 E26 E26 E23 E23 E23 E21 E21 E21 E22 E5 E5 E5 E11,E9,E9,0.998511,NORMAL,False
E26 E26 E11 E9 E11 E9 E11 E9 E4 E3 E4 E3 E4 E3 E4 E23 E23 E23 E21 E21,E21,E21,0.998509,NORMAL,False
E21 E21 E21 E5 E22 E5 E5 E11 E9 E11 E9 E11 E9 E26 E26 E26 E23 E23 E23 E21,E21,E21,0.998484,NORMAL,False
E21 E5 E22 E5 E5 E26 E11 E9 E11 E9 E11 E9 E26 E26 E23 E23 E23 E21 E21 E21,E5,E22,0.541901,UNCERTAIN,True
E23 E21 E21 E21 E5 E5 E22 E5 E11 E9 E11 E9 E11 E9 E26 E26 E26 E23 E23 E23,E21,E21,0.997322,NORMAL,False
E26 E26 E26 E23 E23 E23 E21 E21 E21 E5 E22 E5 E5 E11 E9 E11 E9 E11 E9 E26,E26,E26,0.999437,NORMAL,False
E5 E5 E5 E22 E11 E9 E11 E9 E11 E9 E26 E26 E26 E3 E4 E3 E23 E23 E23 E21,E21,E21,0.999213,NORMAL,False
E3 E4 E3 E3 E4 E3 E23 E23 E23 E21 E21 E21 E22 E5 E5 E5 E26 E26 E26 E11,E9,E9,0.996252,NORMAL,False
E23 E23 E21 E21 E21 E5 E5 E22 E5 E11 E9 E11 E9 E11 E9 E26 E26 E26 E23 E23,E23,E23,0.997432,NORMAL,False
E3 E23 E23 E23 E21 E21 E21 E22 E5 E5 E5 E26 E26 E26 E11 E9 E11 E9 E11 E9,E2,E3,0.403271,UNCERTAIN,True
E23 E23 E21 E21 E21 E5 E22 E5 E5 E11 E9 E11 E9 E26 E26 E11 E9 E26 E23 E23,E23,E23,0.996541,NORMAL,False
E26 E11 E9 E11 E9 E26 E26 E4 E3 E4 E23 E23 E23 E21 E21 E21 E5 E22 E5 E5,E11,E11,0.932799,NORMAL,False
E21 E21 E21 E5 E5 E5 E22 E11 E9 E11 E9 E11 E9 E26 E26 E26 E4 E3 E4 E2,E2,E23,0.774337,NORMAL,False
E5 E11 E9 E11 E9 E11 E9 E26 E26 E26 E23 E23 E23 E21 E21 E21 E22 E5 E5 E5,E11,E11,0.840605,NORMAL,False
E22 E5 E5 E11 E9 E11 E9 E26 E26 E11 E9 E26 E3 E4 E3 E2 E3 E4 E3 E2,E23,E23,0.596065,UNCERTAIN,True
E23 E21 E21 E21 E5 E5 E22 E5 E11 E9 E11 E9 E11 E9 E26 E26 E26 E23 E23 E23,E21,E21,0.997322,NORMAL,False
E21 E21 E5 E22 E5 E5 E11 E9 E11 E9 E11 E9 E26 E26 E26 E23 E23 E23 E21 E21,E21,E21,0.994372,NORMAL,False
E26 E26 E26 E23 E23 E23 E21 E21 E21 E5 E5 E5 E22 E11 E9 E11 E9 E11 E9 E26,E26,E26,0.999035,NORMAL,False
E3 E23 E23 E23 E21 E21 E21 E22 E5 E5 E5 E11 E9 E26 E26 E26 E11 E9 E11 E9,E4,E2,0.400389,UNCERTAIN,True
E5 E11 E9 E11 E9 E11 E9 E26 E26 E26 E4 E3 E4 E23 E23 E23 E21 E21 E21 E5,E5,E22,0.708382,NORMAL,False
E23 E23 E23 E21 E21 E21 E5 E5 E5 E22 E11 E9 E11 E9 E11 E9 E26 E26 E26 E23,E23,E23,0.994407,NORMAL,False
E9 E11 E9 E11 E9 E26 E26 E26 E3 E3 E4 E3 E3 E4 E23 E23 E23 E21 E21 E21,E5,E5,0.846983,NORMAL,False
E23 E21 E21 E21 E5 E5 E5 E22 E11 E9 E11 E9 E9 E26 E11 E26 E26 E23 E23 E23,E21,E21,0.99732,NORMAL,False
E23 E23 E23 E21 E21 E21 E5 E5 E5 E22 E11 E9 E11 E9 E26 E26 E11 E9 E26 E23,E23,E23,0.995729,NORMAL,False
E9 E26 E26 E23 E23 E23 E21 E21 E21 E5 E22 E5 E5 E11 E9 E11 E9 E11 E9 E26,E26,E26,0.999471,NORMAL,False
E11 E9 E4 E3 E4 E2 E2 E23 E23 E23 E21 E21 E21 E22 E5 E5 E5 E26 E26 E26,E11,E11,0.980503,NORMAL,False
E5 E5 E22 E5 E11 E9 E11 E9 E11 E9 E26 E26 E26 E23 E23 E23 E21 E21 E21 E5,E5,E5,0.664844,UNCERTAIN,True
E5 E22 E5 E5 E9 E11 E9 E26 E11 E11 E9 E26 E26 E4 E3 E4 E23 E23 E23 E21,E21,E21,0.999257,NORMAL,False
E21 E21 E5 E5 E5 E22 E11 E9 E11 E9 E11 E9 E26 E26 E26 E23 E23 E23 E21 E21,E21,E21,0.990995,NORMAL,False
E26 E23 E23 E23 E21 E21 E21 E5 E5 E22 E5 E26 E11 E9 E11 E9 E11 E9 E26 E26,E23,E23,0.666254,UNCERTAIN,True
E21 E5 E22 E5 E5 E11 E9 E11 E9 E26 E26 E11 E9 E26 E23 E23 E23 E21 E21 E21,E5,E22,0.578602,UNCERTAIN,True
E5 E22 E11 E9 E11 E9 E11 E9 E26 E26 E26 E23 E23 E23 E21 E21 E21 E5 E5 E5,E22,E22,0.940906,NORMAL,False
E23 E23 E21 E21 E21 E5 E22 E5 E5 E11 E9 E11 E9 E11 E9 E26 E26 E26 E23 E23,E23,E23,0.996665,NORMAL,False
E11 E9 E26 E11 E9 E11 E9 E26 E26 E23 E23 E23 E21 E21 E21 E5 E5 E22 E5 E11,E9,E9,0.997056,NORMAL,False
E9 E11 E9 E26 E26 E26 E5 E5 E5 E22 E11 E9 E11 E9 E26 E26 E11 E9 E26 E5,E5,E22,0.808919,NORMAL,False
E26 E11 E9 E11 E9 E11 E9 E23 E23 E23 E21 E21 E21 E22 E5 E5 E5 E26 E9 E26,E26,E26,0.805055,NORMAL,False
E9 E26 E2 E23 E23 E23 E21 E21 E21 E5 E5 E5 E22 E11 E9 E11 E9 E11 E9 E26,E26,E26,0.998887,NORMAL,False
E9 E26 E11 E9 E11 E9 E26 E26 E23 E23 E23 E21 E21 E21 E5 E22 E5 E5 E11 E9,E11,E11,0.974018,NORMAL,False
E3 E23 E23 E23 E21 E21 E21 E22 E5 E5 E5 E26 E26 E26 E11 E9 E11 E9 E11 E9,E2,E4,0.403271,UNCERTAIN,True
E23 E21 E21 E21 E22 E5 E5 E5 E26 E11 E9 E11 E9 E11 E9 E26 E26 E2 E2 E4,E4,E3,0.532425,UNCERTAIN,True
E23 E23 E23 E21 E21 E21 E5 E5 E5 E22 E11 E9 E11 E9 E11 E9 E26 E26 E26 E23,E23,E23,0.994407,NORMAL,False
E3 E2 E2 E2 E23 E23 E23 E21 E21 E21 E22 E5 E5 E5 E26 E26 E11 E9 E11 E9,E11,E26,0.909232,NORMAL,False
E5 E5 E5 E22 E11 E9 E11 E9 E11 E9 E26 E26 E26 E23 E23 E23 E21 E21 E21 E5,E5,E5,0.701612,NORMAL,False
E5 E5 E22 E11 E9 E11 E9 E11 E9 E26 E26 E26 E23 E23 E23 E21 E21 E21 E5 E5,E5,E5,0.681922,UNCERTAIN,True
E21 E5 E5 E5 E22 E11 E9 E11 E9 E11 E9 E26 E26 E26 E23 E23 E23 E21 E21 E21,E5,E5,0.833877,NORMAL,False
E3 E23 E23 E23 E21 E21 E21 E5 E5 E5 E22 E11 E9 E11 E9 E26 E11 E9 E26 E26,E23,E4,0.285432,ANOMALY,False
E5 E5 E11 E9 E11 E9 E11 E9 E26 E26 E26 E5 E5 E5 E22 E11 E9 E11 E9 E11,E9,E9,0.990288,NORMAL,False
E22 E11 E9 E11 E9 E11 E9 E26 E26 E26 E2 E23 E23 E23 E21 E21 E21 E5 E5 E5,E22,E22,0.945317,NORMAL,False
E26 E26 E5 E18 E6 E16 E26 E21 E3 E2 E23 E23 E23 E21 E21 E21 E5 E5 E5 E22,E11,E11,0.907582,NORMAL,False
E26 E3 E3 E4 E3 E3 E4 E23 E23 E23 E21 E21 E21 E5 E5 E22 E5 E11 E9 E11,E9,E9,0.997132,NORMAL,False
E23 E21 E21 E21 E5 E22 E5 E5 E11 E9 E11 E9 E11 E9 E26 E26 E26 E23 E23 E23,E21,E21,0.997857,NORMAL,False
E23 E23 E21 E21 E21 E5 E22 E5 E5 E11 E9 E11 E9 E11 E9 E26 E26 E26 E23 E23,E23,E23,0.996665,NORMAL,False
E26 E4 E4 E3 E23 E23 E23 E21 E21 E21 E5 E22 E5 E5 E11 E9 E11 E9 E26 E11,E9,E9,0.956852,NORMAL,False
E5 E5 E5 E22 E26 E11 E9 E11 E9 E11 E9 E26 E26 E23 E23 E23 E21 E21 E21 E5,E5,E5,0.604549,UNCERTAIN,True
E26 E23 E23 E23 E21 E21 E21 E5 E5 E5 E22 E11 E9 E11 E9 E11 E9 E26 E26 E26,E23,E23,0.879381,NORMAL,False
E5 E5 E5 E22 E11 E9 E11 E9 E11 E9 E26 E26 E26 E23 E23 E23 E21 E21 E21 E5,E5,E5,0.701612,NORMAL,False
E5 E26 E9 E11 E9 E26 E26 E11 E11 E9 E3 E3 E3 E3 E3 E3 E3 E3 E23 E23,E23,E23,0.97791,NORMAL,False
E22 E5 E5 E5 E11 E9 E26 E26 E26 E11 E9 E11 E9 E23 E23 E23 E21 E21 E21 E22,E5,E5,0.970887,NORMAL,False
E5 E5 E22 E5 E11 E9 E11 E9 E11 E9 E26 E26 E26 E4 E4 E3 E2 E23 E23 E23,E21,E21,0.99211,NORMAL,False
E23 E23 E23 E21 E21 E21 E22 E5 E5 E5 E26 E26 E11 E9 E11 E9 E11 E9 E27 E26,E4,E4,0.257625,ANOMALY,False
E23 E23 E23 E21 E21 E21 E5 E22 E5 E5 E11 E9 E11 E9 E11 E9 E26 E26 E26 E23,E23,E23,0.992552,NORMAL,False
E21 E21 E22 E5 E5 E5 E26 E26 E26 E11 E9 E11 E9 E11 E9 E4 E3 E4 E2 E23,E23,E23,0.97671,NORMAL,False
E9 E11 E9 E11 E9 E26 E26 E26 E22 E5 E5 E5 E11 E9 E11 E9 E11 E9 E26 E26,E26,E26,0.966613,NORMAL,False
E9 E11 E9 E26 E26 E26 E23 E23 E23 E21 E21 E21 E5 E5 E5 E22 E11 E9 E11 E9,E11,E11,0.848735,NORMAL,False
E26 E23 E23 E23 E21 E21 E21 E5 E5 E5 E22 E11 E9 E11 E9 E11 E9 E26 E26 E26,E23,E23,0.879381,NORMAL,False
E23 E21 E21 E21 E22 E5 E5 E5 E11 E9 E11 E9 E11 E9 E26 E26 E26 E23 E23 E23,E21,E21,0.998056,NORMAL,False
E23 E23 E23 E21 E21 E21 E22 E5 E5 E5 E26 E26 E11 E9 E11 E9 E26 E11 E9 E3,E3,E4,0.479587,UNCERTAIN,True
E11 E9 E26 E26 E26 E23 E23 E23 E21 E21 E21 E5 E5 E5 E22 E11 E9 E11 E9 E11,E9,E9,0.993244,NORMAL,False
E9 E26 E23 E23 E23 E21 E21 E21 E5 E5 E22 E5 E11 E9 E11 E9 E11 E9 E26 E26,E26,E26,0.997613,NORMAL,False
E3 E23 E23 E23 E21 E21 E21 E5 E22 E5 E5 E26 E26 E26 E11 E9 E11 E9 E11 E9,E2,E3,0.409155,UNCERTAIN,True
E23 E23 E21 E21 E21 E5 E5 E5 E22 E11 E9 E11 E9 E11 E9 E26 E26 E26 E23 E23,E23,E23,0.997699,NORMAL,False
E11 E9 E11 E9 E26 E26 E26 E5 E5 E22 E5 E11 E9 E11 E9 E26 E26 E11 E9 E26,E5,E5,0.723419,NORMAL,False
E5 E11 E9 E11 E9 E11 E9 E26 E26 E26 E23 E23 E23 E21 E21 E21 E5 E5 E5 E22,E11,E11,0.961275,NORMAL,False
E9 E11 E9 E3 E2 E23 E23 E23 E21 E21 E21 E22 E5 E5 E5 E11 E9 E26 E26 E26,E11,E11,0.993795,NORMAL,False
E5 E22 E5 E5 E11 E9 E11 E9 E11 E9 E26 E26 E26 E23 E23 E23 E21 E21 E21 E5,E5,E5,0.645901,UNCERTAIN,True
E23 E23 E23 E21 E21 E21 E22 E5 E5 E5 E26 E9 E26 E26 E11 E11 E9 E11 E9 E23,E23,E23,0.982839,NORMAL,False
E21 E21 E21 E22 E5 E5 E5 E11 E9 E11 E9 E11 E9 E26 E26 E26 E23 E23 E23 E21,E21,E21,0.998561,NORMAL,False
E26 E11 E9 E11 E9 E11 E9 E26 E4 E3 E3 E3 E3 E4 E4 E3 E3 E4 E3 E3,E4,E23,0.776011,NORMAL,False
E9 E11 E9 E11 E9 E26 E26 E26 E4 E4 E3 E23 E23 E23 E21 E21 E21 E5 E5 E22,E5,E5,0.917539,NORMAL,False
E26 E26 E11 E9 E11 E9 E26 E23 E23 E23 E21 E21 E21 E5 E22 E5 E5 E11 E9 E11,E9,E9,0.997706,NORMAL,False
E26 E26 E23 E23 E23 E21 E21 E21 E5 E5 E22 E5 E11 E9 E11 E9 E11 E9 E26 E26,E26,E26,0.996796,NORMAL,False
E26 E26 E26 E22 E5 E5 E5 E11 E9 E11 E9 E11 E9 E26 E26 E26 E5 E5 E22 E5,E11,E11,0.945266,NORMAL,False
E4 E3 E3 E4 E3 E23 E23 E23 E21 E21 E21 E22 E5 E5 E5 E26 E26 E26 E11 E9,E11,E11,0.995866,NORMAL,False
E5 E11 E9 E11 E9 E11 E9 E26 E26 E26 E23 E23 E23 E21 E21 E21 E5 E5 E5 E22,E11,E11,0.961275,NORMAL,False
E9 E11 E9 E26 E4 E3 E4 E2 E2 E2 E23 E23 E23 E21 E21 E21 E22 E5 E5 E5,E26,E26,0.821108,NORMAL,False
E23 E21 E21 E21 E5 E5 E22 E5 E11 E9 E11 E9 E11 E9 E26 E26 E26 E23 E23 E23,E21,E21,0.997322,NORMAL,False
E21 E22 E5 E5 E5 E26 E26 E26 E11 E9 E11 E9 E11 E9 E23 E23 E23 E21 E21 E21,E21,E22,0.575786,UNCERTAIN,True
E11 E9 E26 E26 E26 E23 E23 E23 E21 E21 E21 E5 E5 E5 E22 E11 E9 E11 E9 E26,E26,E26,0.682307,UNCERTAIN,True
E11 E9 E26 E26 E11 E9 E26 E23 E23 E23 E21 E21 E21 E5 E22 E5 E5 E11 E9 E11,E9,E9,0.997611,NORMAL,False
E4 E4 E4 E4 E4 E4 E4 E4 E4 E3 E2 E23 E23 E23 E21 E21 E21 E5 E5 E5,E22,E22,0.966749,NORMAL,False
E11 E9 E26 E26 E26 E5 E5 E5 E22 E11 E9 E11 E9 E11 E9 E26 E26 E26 E5 E5,E5,E22,0.708083,NORMAL,False
E11 E9 E11 E9 E11 E9 E26 E26 E26 E23 E23 E23 E21 E21 E21 E5 E5 E5 E22 E11,E9,E9,0.996729,NORMAL,False
E9 E11 E9 E11 E9 E26 E26 E26 E2 E3 E3 E4 E3 E3 E4 E23 E23 E23 E21 E21,E21,E21,0.997443,NORMAL,False
E26 E26 E23 E23 E23 E21 E21 E21 E5 E5 E22 E5 E11 E9 E11 E9 E9 E26 E26 E11,E26,E26,0.875769,NORMAL,False
E11 E9 E26 E26 E26 E5 E5 E5 E22 E11 E9 E11 E9 E11 E9 E26 E26 E26 E5 E22,E5,E5,0.992473,NORMAL,False
E9 E26 E11 E9 E3 E4 E3 E3 E4 E3 E3 E4 E3 E23 E23 E23 E21 E21 E21 E22,E5,E5,0.980514,NORMAL,False
E3 E4 E3 E3 E4 E4 E3 E3 E23 E23 E23 E21 E21 E21 E22 E5 E5 E5 E26 E26,E26,E26,0.816727,NORMAL,False
E11 E9 E11 E9 E11 E9 E26 E26 E26 E5 E22 E5 E5 E11 E9 E11 E9 E11 E9 E26,E26,E26,0.997789,NORMAL,False
E22 E5 E5 E11 E9 E11 E9 E11 E9 E26 E26 E26 E5 E5 E5 E22 E11 E9 E11 E9,E11,E26,0.815674,NORMAL,False
E5 E22 E5 E11 E9 E11 E9 E26 E26 E11 E9 E26 E23 E23 E23 E21 E21 E21 E5 E22,E5,E5,0.985562,NORMAL,False
E9 E26 E11 E11 E9 E26 E26 E5 E5 E22 E5 E11 E9 E11 E9 E26 E26 E11 E9 E26,E5,E5,0.72397,NORMAL,False
E21 E5 E5 E22 E5 E11 E9 E11 E9 E11 E9 E26 E26 E26 E23 E23 E23 E21 E21 E21,E5,E5,0.798109,NORMAL,False
E9 E26 E26 E26 E23 E23 E23 E21 E21 E21 E5 E22 E5 E5 E11 E9 E11 E9 E11 E9,E26,E26,0.988476,NORMAL,False
E21 E21 E21 E5 E5 E22 E5 E11 E9 E26 E11 E9 E11 E9 E26 E26 E23 E23 E23 E21,E21,E21,0.99828,NORMAL,False
E22 E11 E9 E11 E9 E11 E9 E26 E26 E26 E23 E23 E23 E21 E21 E21 E5 E5 E5 E22,E11,E11,0.966328,NORMAL,False
E11 E9 E11 E9 E26 E26 E26 E23 E23 E23 E21 E21 E21 E5 E5 E22 E5 E11 E9 E11,E9,E9,0.996771,NORMAL,False
E11 E9 E26 E26 E26 E11 E9 E3 E3 E4 E25 E18 E5 E6 E16 E26 E26 E21 E25 E18,E18,E5,0.763559,NORMAL,False
E11 E9 E11 E9 E26 E26 E26 E23 E23 E23 E21 E21 E21 E5 E5 E5 E22 E11 E9 E11,E9,E9,0.996249,NORMAL,False
E23 E21 E21 E21 E5 E22 E5 E5 E11 E9 E11 E9 E11 E9 E26 E26 E26 E4 E4 E3,E2,E2,0.898395,NORMAL,False
E11 E4 E3 E3 E3 E3 E4 E4 E3 E3 E23 E23 E23 E21 E21 E21 E22 E5 E5 E5,E26,E26,0.938548,NORMAL,False
E26 E26 E26 E5 E5 E5 E22 E11 E9 E11 E9 E26 E26 E11 E9 E26 E5 E5 E5 E22,E11,E11,0.940402,NORMAL,False
E21 E22 E5 E5 E5 E26 E26 E26 E11 E9 E11 E9 E11 E9 E23 E23 E23 E21 E21 E21,E21,E22,0.575786,UNCERTAIN,True
E11 E9 E11 E9 E26 E11 E9 E23 E23 E23 E21 E21 E21 E22 E5 E5 E5 E26 E26 E26,E11,E11,0.975583,NORMAL,False
E5 E11 E9 E9 E26 E26 E26 E11 E9 E11 E4 E3 E4 E3 E4 E3 E23 E23 E23 E21,E21,E21,0.999156,NORMAL,False
E9 E11 E9 E11 E9 E26 E26 E26 E23 E23 E23 E21 E21 E21 E5 E5 E22 E5 E11 E9,E11,E11,0.976374,NORMAL,False
E26 E11 E9 E11 E9 E26 E26 E11 E9 E4 E3 E4 E2 E23 E23 E23 E21 E21 E21 E5,E22,E22,0.599068,UNCERTAIN,True
E11 E9 E11 E9 E11 E9 E26 E26 E26 E2 E23 E23 E23 E21 E21 E21 E5 E22 E5 E5,E11,E11,0.937033,NORMAL,False
E11 E9 E11 E9 E11 E9 E26 E26 E26 E23 E23 E23 E21 E21 E21 E22 E5 E5 E5 E11,E9,E9,0.998511,NORMAL,False
E23 E23 E21 E21 E21 E5 E5 E5 E22 E11 E9 E11 E9 E11 E9 E26 E26 E26 E2 E4,E3,E3,0.590203,UNCERTAIN,True
E5 E26 E26 E26 E11 E9 E11 E9 E11 E9 E4 E3 E4 E23 E23 E23 E21 E21 E21 E22,E5,E5,0.967962,NORMAL,False
E5 E5 E26 E11 E9 E11 E9 E11 E9 E26 E26 E2 E4 E3 E4 E2 E2 E23 E23 E23,E21,E21,0.993921,NORMAL,False
E26 E3 E3 E4 E3 E3 E4 E23 E23 E23 E21 E21 E21 E5 E5 E5 E22 E11 E9 E11,E9,E9,0.996909,NORMAL,False
E9 E11 E9 E26 E26 E26 E23 E23 E23 E21 E21 E21 E5 E5 E5 E22 E11 E9 E11 E9,E11,E11,0.848735,NORMAL,False
E22 E5 E5 E5 E11 E9 E11 E9 E11 E9 E26 E26 E26 E22 E5 E5 E5 E11 E9 E11,E9,E9,0.998784,NORMAL,False
E5 E5 E22 E5 E11 E9 E11 E9 E11 E9 E26 E26 E26 E23 E23 E23 E21 E21 E21 E5,E5,E5,0.664844,UNCERTAIN,True
E9 E3 E3 E4 E3 E3 E4 E3 E3 E4 E23 E23 E23 E21 E21 E21 E22 E5 E5 E5,E26,E26,0.898617,NORMAL,False
E3 E4 E3 E3 E4 E3 E3 E3 E4 E3 E23 E23 E23 E21 E21 E21 E22 E5 E5 E5,E26,E26,0.935473,NORMAL,False
E5 E5 E5 E22 E11 E9 E11 E9 E11 E9 E26 E26 E26 E23 E23 E23 E21 E21 E21 E5,E5,E22,0.701612,NORMAL,False
E21 E21 E21 E5 E5 E22 E5 E11 E9 E11 E9 E11 E9 E26 E26 E26 E4 E3 E4 E23,E23,E23,0.979271,NORMAL,False
E23 E23 E23 E21 E21 E21 E5 E5 E5 E22 E11 E9 E26 E11 E9 E11 E9 E26 E26 E3,E4,E3,0.495655,UNCERTAIN,True
E26 E26 E4 E4 E3 E23 E23 E23 E21 E21 E21 E5 E5 E5 E22 E11 E9 E11 E9 E11,E9,E9,0.992653,NORMAL,False
E11 E9 E11 E9 E26 E26 E26 E22 E5 E5 E5 E11 E9 E11 E9 E11 E9 E26 E26 E26,E5,E22,0.530939,UNCERTAIN,True
E25 E18 E5 E6 E16 E26 E26 E5 E5 E5 E22 E11 E9 E11 E9 E11 E9 E26 E26 E26,E5,E5,0.586751,UNCERTAIN,True
E5 E5 E5 E22 E11 E9 E11 E9 E11 E9 E26 E26 E26 E23 E23 E23 E21 E21 E21 E5,E5,E5,0.701612,NORMAL,False
E11 E9 E11 E9 E26 E23 E23 E23 E21 E21 E21 E5 E5 E5 E22 E11 E9 E26 E11 E9,E11,E11,0.780875,NORMAL,False
E23 E21 E21 E21 E5 E5 E5 E22 E11 E9 E11 E9 E11 E9 E26 E26 E26 E23 E23 E23,E21,E21,0.996387,NORMAL,False
E11 E9 E11 E9 E4 E3 E4 E2 E2 E2 E23 E23 E23 E21 E21 E21 E22 E5 E5 E5,E26,E26,0.927432,NORMAL,False
E5 E5 E22 E11 E9 E11 E9 E11 E9 E26 E26 E26 E5 E5 E5 E22 E11 E9 E11 E9,E11,E11,0.821839,NORMAL,False
E3 E3 E3 E23 E23 E23 E21 E21 E21 E22 E5 E5 E5 E26 E26 E26 E11 E9 E11 E9,E11,E11,0.983024,NORMAL,False
E26 E26 E26 E5 E5 E22 E5 E11 E9 E11 E9 E11 E9 E26 E26 E26 E5 E22 E5 E5,E11,E11,0.825138,NORMAL,False
E9 E11 E9 E26 E11 E9 E26 E26 E23 E23 E23 E21 E21 E21 E5 E5 E22 E5 E11 E9,E11,E11,0.973279,NORMAL,False
E5 E11 E9 E11 E9 E11 E9 E26 E26 E26 E23 E23 E23 E21 E21 E21 E5 E5 E22 E5,E11,E11,0.962103,NORMAL,False
E26 E26 E23 E23 E23 E21 E21 E21 E5 E5 E22 E5 E11 E9 E11 E9 E11 E9 E26 E26,E26,E26,0.996796,NORMAL,False
E11 E9 E11 E9 E11 E2 E2 E23 E23 E23 E21 E21 E21 E22 E5 E5 E5 E26 E26 E26,E11,E11,0.97203,NORMAL,False
E5 E5 E11 E9 E11 E9 E11 E9 E26 E26 E26 E23 E23 E23 E21 E21 E21 E5 E22 E5,E5,E7,0.876173,NORMAL,False
E26 E26 E11 E9 E26 E23 E23 E23 E21 E21 E21 E5 E22 E5 E5 E11 E9 E11 E9 E11,E9,E9,0.997397,NORMAL,False
E26 E23 E23 E23 E21 E21 E21 E5 E22 E5 E5 E11 E9 E11 E9 E11 E9 E26 E26 E26,E23,E23,0.862253,NORMAL,False
E3 E3 E23 E23 E23 E21 E21 E21 E22 E5 E5 E5 E26 E26 E26 E11 E9 E11 E9 E11,E9,E9,0.995333,NORMAL,False
E9 E23 E23 E23 E21 E21 E21 E22 E5 E5 E5 E26 E26 E26 E11 E9 E11 E9 E11 E9,E2,E23,0.402068,UNCERTAIN,True
E23 E23 E23 E21 E21 E21 E5 E22 E5 E5 E26 E26 E26 E11 E9 E11 E9 E11 E9 E2,E2,E2,0.49919,UNCERTAIN,True
E21 E21 E21 E22 E5 E5 E5 E26 E26 E11 E9 E11 E9 E26 E11 E9 E4 E4 E3 E23,E23,E23,0.926154,NORMAL,False
E26 E26 E23 E23 E23 E21 E21 E21 E5 E5 E5 E22 E11 E9 E26 E11 E9 E11 E9 E26,E26,E26,0.996345,NORMAL,False
E23 E23 E21 E21 E21 E22 E5 E5 E5 E26 E26 E26 E11 E9 E11 E9 E11 E9 E23 E23,E23,E23,0.973546,NORMAL,False
E23 E21 E21 E21 E5 E22 E5 E5 E11 E9 E11 E9 E11 E9 E26 E26 E26 E23 E23 E23,E21,E21,0.997857,NORMAL,False
E26 E26 E26 E5 E5 E5 E22 E11 E9 E11 E9 E11 E9 E26 E26 E26 E23 E23 E23 E21,E21,E21,0.99171,NORMAL,False
E26 E4 E4 E3 E23 E23 E23 E21 E21 E21 E5 E5 E22 E5 E11 E9 E26 E11 E9 E26,E11,E26,0.753732,NORMAL,False
E26 E26 E5 E22 E5 E5 E11 E9 E11 E9 E11 E9 E26 E26 E26 E5 E5 E5 E22 E11,E9,E9,0.997174,NORMAL,False
E23 E23 E23 E21 E21 E21 E22 E5 E5 E5 E11 E9 E11 E9 E11 E9 E26 E26 E26 E23,E23,E23,0.983943,NORMAL,False
E11 E9 E26 E23 E23 E23 E21 E21 E21 E5 E5 E5 E22 E11 E9 E11 E9 E11 E9 E26,E26,E26,0.998962,NORMAL,False
E23 E23 E21 E21 E21 E5 E5 E5 E22 E11 E9 E11 E9 E11 E9 E26 E26 E26 E23 E23,E23,E23,0.997699,NORMAL,False
E5 E22 E5 E5 E11 E9 E11 E9 E11 E9 E26 E26 E26 E5 E5 E5 E22 E11 E9 E11,E9,E9,0.997459,NORMAL,False
E9 E11 E9 E11 E9 E26 E26 E26 E23 E23 E23 E21 E21 E21 E5 E5 E5 E22 E11 E9,E11,E11,0.975304,NORMAL,False
E11 E9 E26 E26 E26 E5 E5 E5 E22 E11 E9 E11 E9 E26 E26 E11 E9 E26 E2 E5,E5,E5,0.815055,NORMAL,False
E5 E5 E22 E5 E11 E9 E11 E9 E11 E9 E26 E26 E26 E5 E5 E22 E5 E11 E9 E11,E9,E9,0.998002,NORMAL,False
E21 E21 E22 E5 E5 E5 E26 E26 E26 E11 E9 E11 E9 E11 E9 E3 E3 E4 E3 E4,E3,E3,0.93344,NORMAL,False
E9 E11 E9 E11 E9 E2 E23 E23 E23 E21 E21 E21 E22 E5 E5 E5 E11 E9 E11 E9,E26,E26,0.790727,NORMAL,False
E9 E11 E9 E26 E26 E26 E23 E23 E23 E21 E21 E21 E22 E5 E5 E5 E11 E9 E11 E9,E11,E11,0.874693,NORMAL,False
E11 E9 E11 E9 E26 E26 E11 E9 E26 E23 E23 E23 E21 E21 E21 E5 E5 E22 E5 E11,E9,E9,0.997177,NORMAL,False
E23 E21 E21 E21 E22 E5 E5 E5 E11 E9 E11 E9 E11 E9 E26 E26 E26 E3 E4 E3,E3,E3,0.535366,UNCERTAIN,True
E3 E23 E23 E23 E21 E21 E21 E22 E5 E5 E5 E26 E26 E26 E11 E9 E11 E9 E11 E9,E2,E3,0.403271,UNCERTAIN,True
E9 E26 E26 E26 E23 E23 E23 E21 E21 E21 E5 E22 E5 E5 E11 E9 E11 E9 E11 E9,E26,E26,0.988476,NORMAL,False
E26 E26 E26 E23 E23 E23 E21 E21 E21 E5 E22 E5 E5 E11 E9 E11 E9 E26 E26 E11,E9,E9,0.963718,NORMAL,False
E11 E9 E26 E11 E9 E11 E9 E26 E26 E23 E23 E23 E21 E21 E21 E5 E22 E5 E5 E11,E9,E9,0.997728,NORMAL,False
E26 E5 E5 E5 E22 E11 E9 E11 E9 E11 E9 E26 E26 E26 E5 E5 E22 E5 E11 E9,E11,E26,0.975393,NORMAL,False
E22 E11 E9 E11 E9 E11 E9 E26 E26 E26 E23 E23 E23 E21 E21 E21 E5 E22 E5 E5,E11,E11,0.946236,NORMAL,False
E23 E23 E23 E21 E21 E21 E5 E5 E22 E5 E11 E9 E11 E9 E11 E9 E26 E26 E26 E23,E23,E23,0.994097,NORMAL,False
E11 E9 E11 E9 E26 E26 E26 E2 E5 E5 E5 E22 E11 E9 E11 E9 E11 E9 E26 E26,E26,E26,0.93391,NORMAL,False
E11 E9 E11 E9 E26 E26 E26 E23 E23 E23 E21 E21 E21 E22 E5 E5 E5 E11 E9 E11,E9,E9,0.997944,NORMAL,False
E21 E5 E5 E5 E22 E11 E9 E26 E11 E9 E11 E9 E26 E26 E23 E23 E23 E21 E21 E21,E5,E5,0.76404,NORMAL,False
E21 E5 E22 E5 E5 E11 E9 E11 E9 E11 E9 E26 E26 E26 E23 E23 E23 E21 E21 E21,E5,E5,0.765197,NORMAL,False
E26 E26 E26 E23 E23 E23 E21 E21 E21 E22 E5 E5 E5 E11 E9 E11 E9 E11 E9 E26,E26,E26,0.999464,NORMAL,False
E21 E21 E21 E5 E22 E5 E5 E11 E9 E11 E9 E11 E9 E26 E26 E26 E23 E23 E23 E21,E21,E21,0.998484,NORMAL,False
E3 E23 E23 E23 E21 E21 E21 E22 E5 E5 E5 E11 E9 E11 E9 E26 E26 E26 E11 E9,E3,E3,0.427108,UNCERTAIN,True
E26 E26 E11 E9 E26 E5 E5 E5 E22 E11 E9 E11 E9 E26 E26 E11 E9 E26 E5 E5,E5,E5,0.775781,NORMAL,False
E26 E26 E23 E23 E23 E21 E21 E21 E5 E22 E5 E5 E11 E9 E11 E9 E11 E9 E26 E26,E26,E26,0.997512,NORMAL,False
E9 E11 E9 E11 E9 E26 E26 E26 E23 E23 E23 E21 E21 E21 E5 E5 E22 E5 E11 E9,E11,E11,0.976374,NORMAL,False
E4 E4 E3 E23 E23 E23 E21 E21 E21 E22 E5 E5 E5 E26 E26 E11 E9 E11 E9 E26,E11,E11,0.94425,NORMAL,False
E23 E23 E21 E21 E21 E22 E5 E5 E5 E26 E26 E26 E11 E9 E11 E9 E11 E9 E4 E3,E4,E4,0.771649,NORMAL,False
E21 E21 E22 E5 E5 E5 E26 E26 E26 E11 E9 E11 E9 E11 E9 E4 E4 E3 E23 E23,E23,E23,0.96942,NORMAL,False
E23 E23 E21 E21 E21 E5 E5 E22 E5 E11 E9 E11 E9 E11 E9 E26 E26 E26 E23 E23,E23,E23,0.997432,NORMAL,False
E5 E5 E22 E11 E9 E11 E9 E11 E9 E26 E26 E26 E2 E5 E5 E5 E22 E11 E9 E11,E9,E9,0.997227,NORMAL,False
E23 E23 E21 E21 E21 E22 E5 E5 E5 E26 E26 E26 E11 E9 E11 E9 E11 E9 E3 E4,E3,E3,0.84626,NORMAL,False
E11 E9 E11 E9 E26 E26 E26 E3 E3 E4 E23 E23 E23 E4 E21 E21 E21 E5 E22 E5,E5,E5,0.844125,NORMAL,False
E22 E5 E5 E11 E9 E11 E9 E26 E26 E11 E9 E26 E23 E23 E23 E21 E21 E21 E5 E5,E5,E22,0.6612,UNCERTAIN,True
E26 E23 E23 E23 E21 E21 E21 E5 E5 E22 E5 E11 E9 E11 E9 E11 E9 E26 E26 E26,E23,E23,0.896408,NORMAL,False
E5 E22 E5 E5 E26 E11 E9 E11 E9 E11 E9 E26 E26 E23 E23 E23 E21 E21 E21 E22,E5,E5,0.991574,NORMAL,False
E3 E4 E23 E23 E23 E21 E21 E21 E20 E22 E5 E5 E5 E26 E26 E26 E11 E9 E11 E9,E11,E11,0.986637,NORMAL,False
E26 E26 E11 E9 E11 E9 E11 E9 E26 E5 E22 E5 E5 E11 E9 E11 E9 E11 E9 E26,E26,E26,0.998117,NORMAL,False
E21 E21 E21 E5 E5 E22 E5 E11 E9 E11 E9 E11 E9 E26 E26 E26 E23 E23 E23 E21,E21,E21,0.998075,NORMAL,False
E3 E4 E23 E23 E23 E21 E21 E21 E5 E22 E5 E5 E11 E9 E26 E26 E26 E11 E9 E11,E9,E9,0.963897,NORMAL,False
E5 E5 E22 E5 E11 E9 E11 E9 E11 E9 E26 E26 E26 E23 E23 E23 E21 E21 E21 E5,E5,E22,0.664844,UNCERTAIN,True
E26 E5 E22 E5 E5 E11 E9 E11 E9 E11 E9 E26 E26 E26 E5 E5 E5 E22 E11 E9,E11,E11,0.976517,NORMAL,False
E23 E23 E21 E21 E21 E5 E22 E5 E5 E11 E9 E11 E9 E11 E9 E26 E26 E26 E23 E23,E23,E23,0.996665,NORMAL,False
E23 E23 E23 E21 E21 E21 E5 E5 E5 E22 E11 E9 E11 E9 E26 E11 E9 E26 E26 E23,E23,E23,0.995369,NORMAL,False
E11 E9 E26 E26 E26 E23 E23 E23 E21 E21 E21 E5 E5 E5 E22 E11 E9 E11 E9 E11,E9,E9,0.993244,NORMAL,False
E26 E26 E5 E5 E5 E22 E11 E9 E11 E9 E11 E9 E26 E26 E26 E5 E22 E5 E5 E11,E9,E9,0.998214,NORMAL,False
E9 E26 E26 E26 E2 E3 E3 E4 E3 E3 E4 E23 E23 E23 E21 E21 E21 E5 E5 E22,E5,E5,0.910273,NORMAL,False
E3 E4 E2 E23 E23 E23 E2 E21 E21 E21 E22 E5 E5 E5 E26 E26 E11 E9 E11 E11,E9,E9,0.999862,NORMAL,False
E9 E26 E26 E26 E5 E5 E5 E22 E11 E9 E11 E9 E26 E26 E11 E9 E26 E5 E22 E5,E5,E5,0.978182,NORMAL,False
E9 E26 E26 E26 E5 E5 E22 E5 E11 E9 E11 E9 E11 E9 E26 E26 E26 E22 E5 E5,E5,E5,0.980641,NORMAL,False
E21 E21 E21 E22 E5 E5 E5 E11 E9 E11 E9 E11 E9 E26 E26 E26 E23 E23 E23 E21,E21,E21,0.998561,NORMAL,False
E26 E23 E23 E23 E21 E21 E21 E5 E5 E22 E5 E11 E9 E26 E11 E9 E11 E9 E26 E26,E23,E23,0.79583,NORMAL,False
E26 E26 E26 E2 E4 E3 E3 E4 E3 E3 E23 E23 E23 E21 E21 E21 E5 E5 E22 E5,E11,E11,0.92773,NORMAL,False
E21 E21 E21 E5 E5 E5 E22 E11 E9 E11 E9 E11 E9 E26 E26 E26 E23 E23 E23 E21,E21,E21,0.997397,NORMAL,False
E9 E11 E9 E11 E9 E23 E23 E23 E21 E21 E21 E22 E5 E5 E5 E26 E26 E26 E11 E9,E11,E11,0.994625,NORMAL,False
E11 E9 E26 E26 E26 E23 E23 E23 E21 E21 E21 E22 E5 E5 E5 E11 E9 E11 E9 E11,E9,E9,0.99719,NORMAL,False
E21 E22 E5 E5 E5 E11 E9 E26 E26 E26 E11 E9 E11 E9 E3 E4 E3 E4 E3 E3,E4,E3,0.845266,NORMAL,False
E11 E9 E11 E9 E3 E3 E4 E2 E3 E4 E3 E3 E3 E4 E23 E23 E23 E21 E21 E21,E22,E22,0.679387,UNCERTAIN,True
E11 E9 E11 E9 E11 E9 E26 E26 E26 E23 E23 E23 E21 E21 E21 E5 E22 E5 E5 E11,E9,E9,0.997469,NORMAL,False
E23 E21 E21 E21 E5 E5 E5 E22 E11 E9 E11 E9 E11 E9 E26 E26 E26 E23 E23 E23,E21,E21,0.996387,NORMAL,False
E26 E26 E26 E23 E23 E23 E21 E21 E21 E5 E5 E5 E22 E11 E9 E11 E9 E11 E9 E26,E26,E26,0.999035,NORMAL,False
E11 E9 E26 E26 E26 E23 E23 E23 E21 E21 E21 E5 E5 E5 E22 E11 E9 E11 E9 E26,E26,E26,0.682307,UNCERTAIN,True
E23 E21 E21 E21 E22 E5 E5 E5 E26 E26 E26 E11 E9 E9 E11 E9 E11 E23 E23 E23,E21,E21,0.993154,NORMAL,False
E9 E9 E11 E9 E26 E11 E3 E3 E4 E3 E4 E3 E3 E4 E3 E23 E23 E23 E21 E21,E21,E21,0.996136,NORMAL,False
E3 E3 E23 E23 E23 E21 E21 E21 E5 E5 E5 E22 E11 E9 E11 E9 E11 E9 E26 E26,E26,E26,0.989039,NORMAL,False
E9 E11 E9 E26 E26 E26 E23 E23 E23 E21 E21 E21 E22 E5 E5 E5 E11 E9 E11 E9,E11,E26,0.874693,NORMAL,False
E23 E23 E21 E21 E21 E5 E5 E5 E22 E26 E26 E11 E9 E11 E9 E11 E9 E26 E23 E23,E23,E23,0.994399,NORMAL,False
E21 E21 E21 E22 E5 E22 E5 E5 E5 E26 E26 E26 E13 E11 E9 E13 E11 E9 E13 E11,E9,E9,0.99943,NORMAL,False
E5 E11 E9 E11 E9 E11 E9 E26 E26 E26 E23 E23 E23 E21 E21 E21 E5 E5 E5 E22,E11,E11,0.961275,NORMAL,False
E5 E5 E22 E11 E9 E11 E9 E11 E9 E26 E26 E26 E5 E5 E22 E5 E11 E9 E11 E9,E11,E11,0.84602,NORMAL,False
E22 E5 E5 E5 E26 E26 E26 E11 E9 E11 E9 E11 E9 E4 E3 E4 E2 E23 E23 E23,E21,E2,0.989468,NORMAL,False
E3 E4 E23 E23 E23 E21 E21 E21 E22 E5 E5 E5 E26 E26 E26 E11 E9 E11 E9 E11,E9,E9,0.996068,NORMAL,False
E5 E5 E5 E26 E26 E26 E11 E9 E11 E9 E11 E9 E3 E4 E3 E4 E3 E3 E4 E3,E3,E3,0.697103,UNCERTAIN,True
E5 E5 E5 E22 E11 E9 E11 E9 E26 E26 E11 E9 E26 E4 E3 E4 E2 E23 E23 E23,E21,E21,0.992421,NORMAL,False
E26 E26 E26 E23 E23 E23 E21 E21 E21 E5 E22 E5 E5 E11 E9 E11 E9 E11 E9 E26,E26,E26,0.999437,NORMAL,False
E21 E21 E5 E5 E5 E22 E11 E9 E11 E9 E11 E9 E26 E26 E26 E23 E23 E23 E21 E21,E21,E21,0.990995,NORMAL,False
E26 E11 E9 E26 E3 E23 E23 E23 E21 E21 E21 E5 E5 E22 E5 E11 E9 E11 E9 E11,E9,E9,0.993552,NORMAL,False
E11 E9 E11 E9 E26 E26 E11 E9 E26 E23 E23 E23 E21 E21 E21 E5 E22 E5 E5 E11,E9,E9,0.997827,NORMAL,False
E4 E3 E3 E4 E3 E4 E3 E3 E23 E23 E23 E21 E21 E21 E22 E5 E5 E5 E26 E26,E26,E26,0.821353,NORMAL,False
E26 E26 E26 E23 E23 E23 E21 E21 E21 E5 E5 E5 E22 E11 E9 E11 E9 E26 E11 E9,E26,E26,0.99622,NORMAL,False
E4 E3 E2 E23 E23 E23 E21 E21 E21 E22 E5 E5 E5 E26 E26 E26 E11 E9 E11 E9,E11,E11,0.983574,NORMAL,False
E23 E23 E21 E21 E21 E22 E5 E5 E5 E26 E26 E26 E11 E9 E11 E9 E11 E9 E23 E23,E23,E23,0.973546,NORMAL,False
E11 E9 E26 E26 E26 E23 E23 E23 E21 E21 E21 E5 E5 E22 E5 E11 E9 E11 E9 E11,E9,E9,0.995243,NORMAL,False
E9 E11 E9 E26 E26 E26 E5 E22 E5 E5 E11 E9 E11 E9 E26 E11 E9 E26 E26 E5,E5,E5,0.726122,NORMAL,False
E5 E5 E11 E9 E11 E9 E11 E9 E26 E26 E26 E23 E23 E23 E21 E21 E21 E5 E5 E5,E22,E22,0.949628,NORMAL,False
E21 E5 E5 E22 E5 E11 E9 E11 E9 E11 E9 E26 E26 E26 E23 E23 E23 E21 E21 E21,E5,E5,0.798109,NORMAL,False
E5 E11 E9 E11 E9 E11 E9 E26 E26 E26 E23 E23 E23 E21 E21 E21 E5 E22 E5 E5,E11,E11,0.941066,NORMAL,False
E21 E5 E22 E5 E5 E11 E9 E11 E9 E11 E9 E26 E26 E26 E23 E23 E23 E21 E21 E21,E5,E22,0.765197,NORMAL,False
E9 E3 E3 E4 E3 E4 E3 E3 E4 E3 E3 E4 E3 E23 E23 E23 E21 E21 E21 E22,E5,E5,0.956188,NORMAL,False
E9 E26 E26 E26 E5 E5 E22 E5 E11 E9 E11 E9 E11 E9 E26 E26 E26 E5 E22 E5,E5,E5,0.973017,NORMAL,False
E4 E3 E3 E4 E3 E23 E23 E23 E21 E21 E21 E5 E22 E5 E5 E11 E9 E11 E9 E11,E9,E9,0.989754,NORMAL,False
E9 E11 E9 E11 E9 E26 E26 E26 E5 E22 E5 E5 E11 E9 E11 E9 E11 E9 E26 E26,E26,E26,0.960131,NORMAL,False
E5 E5 E22 E5 E11 E9 E11 E9 E11 E9 E26 E26 E26 E5 E5 E5 E22 E11 E9 E11,E9,E9,0.997443,NORMAL,False
E5 E5 E26 E26 E26 E11 E9 E11 E9 E11 E9 E23 E23 E23 E21 E21 E21 E22 E5 E5,E5,E5,0.92694,NORMAL,False
E9 E11 E9 E11 E9 E26 E26 E26 E23 E23 E23 E21 E21 E21 E5 E5 E5 E22 E9 E11,E9,E9,0.928314,NORMAL,False
E11 E9 E3 E3 E4 E3 E4 E3 E3 E4 E3 E3 E4 E3 E23 E23 E23 E21 E21 E21,E22,E22,0.828082,NORMAL,False
E26 E26 E26 E3 E4 E3 E2 E3 E3 E4 E23 E23 E23 E21 E21 E21 E5 E5 E22 E5,E11,E11,0.954213,NORMAL,False
E3 E3 E4 E3 E2 E23 E23 E23 E21 E21 E21 E5 E5 E5 E22 E11 E9 E11 E9 E11,E9,E9,0.987709,NORMAL,False
E11 E9 E26 E23 E23 E23 E21 E21 E21 E5 E5 E5 E22 E11 E9 E11 E9 E11 E9 E26,E26,E26,0.998962,NORMAL,False
E9 E26 E26 E26 E23 E23 E23 E21 E21 E21 E22 E5 E5 E5 E11 E9 E11 E9 E11 E9,E26,E26,0.991068,NORMAL,False
E9 E26 E26 E26 E3 E3 E4 E3 E3 E4 E23 E23 E23 E21 E21 E21 E5 E22 E5 E5,E11,E11,0.928284,NORMAL,False
E5 E26 E26 E26 E11 E9 E11 E9 E11 E9 E2 E3 E4 E3 E3 E4 E3 E3 E3 E4,E3,E23,0.83262,NORMAL,False
E23 E23 E23 E21 E21 E21 E22 E5 E5 E5 E11 E9 E11 E9 E11 E9 E26 E26 E26 E23,E23,E23,0.983943,NORMAL,False
E26 E26 E26 E3 E3 E4 E3 E4 E3 E23 E23 E23 E21 E21 E21 E5 E5 E5 E22 E11,E9,E9,0.997468,NORMAL,False
E22 E5 E11 E9 E11 E9 E26 E26 E11 E9 E26 E23 E23 E23 E21 E21 E21 E5 E5 E5,E22,E22,0.939569,NORMAL,False
E23 E21 E21 E21 E5 E22 E5 E5 E11 E9 E11 E9 E11 E9 E26 E26 E26 E23 E23 E23,E21,E21,0.997857,NORMAL,False
E26 E26 E11 E9 E5 E5 E5 E22 E11 E9 E11 E9 E11 E9 E26 E26 E26 E23 E23 E23,E21,E21,0.992377,NORMAL,False
E26 E26 E23 E23 E23 E21 E21 E21 E5 E5 E5 E22 E11 E9 E11 E9 E11 E9 E26 E26,E26,E26,0.993802,NORMAL,False
E26 E11 E9 E26 E23 E23 E23 E21 E21 E21 E5 E5 E5 E22 E11 E9 E26 E11 E9 E11,E9,E9,0.984221,NORMAL,False
E26 E23 E23 E23 E21 E21 E21 E5 E5 E22 E5 E11 E9 E11 E9 E11 E9 E26 E26 E26,E23,E2,0.896408,NORMAL,False
E5 E22 E5 E5 E11 E9 E11 E9 E11 E9 E26 E26 E26 E23 E23 E23 E21 E21 E21 E5,E5,E5,0.645901,UNCERTAIN,True
E9 E26 E26 E26 E23 E23 E23 E21 E21 E21 E5 E5 E5 E22 E11 E9 E11 E9 E11 E9,E26,E26,0.991192,NORMAL,False
E23 E21 E21 E21 E5 E22 E5 E5 E11 E9 E11 E9 E11 E9 E26 E26 E26 E23 E23 E23,E21,E21,0.997857,NORMAL,False
E4 E3 E4 E23 E23 E23 E21 E21 E21 E22 E5 E5 E5 E26 E26 E11 E9 E11 E9 E11,E9,E9,0.997153,NORMAL,False
E26 E26 E3 E3 E3 E3 E23 E23 E23 E21 E21 E21 E5 E5 E22 E7 E22 E5 E5 E5,E11,E11,0.840659,NORMAL,False
E21 E21 E21 E5 E5 E22 E5 E11 E9 E11 E9 E26 E26 E11 E9 E26 E23 E23 E23 E21,E21,E21,0.998338,NORMAL,False
E5 E5 E11 E9 E11 E9 E11 E9 E26 E26 E26 E2 E4 E3 E4 E2 E23 E23 E23 E21,E21,E21,0.999565,NORMAL,False
E5 E22 E5 E11 E9 E11 E9 E11 E9 E26 E26 E26 E23 E23 E23 E21 E21 E21 E5 E5,E5,E5,0.664325,UNCERTAIN,True
E11 E9 E11 E9 E4 E3 E4 E2 E23 E23 E23 E21 E21 E21 E22 E5 E5 E5 E26 E26,E26,E11,0.840014,NORMAL,False
E11 E9 E11 E9 E11 E9 E26 E26 E26 E4 E3 E4 E2 E23 E23 E23 E21 E21 E21 E22,E5,E5,0.993761,NORMAL,False
E9 E26 E26 E26 E23 E23 E23 E21 E21 E21 E5 E5 E22 E5 E11 E9 E11 E9 E11 E9,E26,E26,0.991719,NORMAL,False
E26 E26 E23 E23 E23 E21 E21 E21 E5 E22 E5 E5 E11 E9 E11 E9 E11 E9 E26 E26,E26,E26,0.997512,NORMAL,False
E11 E9 E11 E9 E11 E9 E26 E26 E26 E23 E23 E23 E21 E21 E21 E5 E5 E5 E22 E11,E9,E9,0.996729,NORMAL,False
E5 E22 E5 E11 E9 E11 E9 E26 E26 E11 E9 E26 E23 E23 E23 E21 E21 E21 E5 E5,E5,E5,0.67892,UNCERTAIN,True
E9 E26 E4 E4 E3 E2 E23 E23 E23 E21 E21 E21 E5 E5 E5 E22 E9 E26 E11 E9,E11,E11,0.865926,NORMAL,False
E2 E23 E23 E23 E21 E21 E21 E5 E5 E22 E5 E11 E9 E11 E9 E11 E9 E26 E26 E26,E23,E23,0.370518,ANOMALY,False
E23 E21 E21 E21 E5 E5 E5 E22 E11 E9 E11 E9 E11 E9 E26 E26 E26 E23 E23 E23,E21,E21,0.996387,NORMAL,False
E21 E21 E21 E5 E22 E5 E5 E11 E9 E11 E9 E11 E9 E26 E26 E26 E23 E23 E23 E21,E21,E21,0.998484,NORMAL,False
E3 E3 E3 E3 E3 E3 E3 E3 E3 E3 E3 E3 E3 E3 E3 E3 E3 E3 E3 E3,E3,E3,0.858938,NORMAL,False
E5 E16 E6 E26 E26 E21 E23 E23 E23 E21 E21 E21 E5 E22 E5 E5 E11 E9 E11 E9,E11,E11,0.896919,NORMAL,False
E26 E26 E5 E22 E5 E5 E11 E9 E11 E9 E11 E9 E26 E26 E26 E5 E5 E5 E22 E11,E9,E9,0.997174,NORMAL,False
E9 E11 E9 E26 E26 E26 E4 E4 E3 E2 E23 E23 E23 E21 E21 E21 E5 E5 E22 E5,E11,E11,0.934717,NORMAL,False
E11 E9 E11 E9 E26 E26 E26 E5 E5 E5 E22 E11 E9 E11 E9 E26 E26 E11 E9 E26,E5,E5,0.719639,NORMAL,False
E23 E23 E23 E21 E21 E21 E5 E5 E5 E22 E11 E9 E11 E9 E11 E9 E26 E26 E26 E23,E23,E23,0.994407,NORMAL,False
E11 E9 E11 E9 E2 E23 E23 E23 E21 E21 E21 E22 E5 E5 E5 E26 E26 E26 E11 E9,E11,E11,0.994964,NORMAL,False
E9 E11 E9 E11 E9 E3 E3 E4 E3 E4 E3 E3 E3 E4 E23 E23 E23 E21 E21 E21,E22,E5,0.679414,UNCERTAIN,True
E23 E23 E21 E21 E21 E5 E22 E5 E5 E26 E11 E9 E11 E9 E11 E9 E26 E26 E5 E22,E5,E5,0.951185,NORMAL,False
E26 E26 E23 E23 E23 E21 E21 E21 E5 E22 E5 E5 E11 E9 E26 E11 E9 E11 E9 E26,E26,E26,0.998044,NORMAL,False
E11 E9 E11 E9 E26 E26 E11 E9 E26 E23 E23 E23 E21 E21 E21 E22 E5 E5 E5 E11,E9,E9,0.998808,NORMAL,False
E21 E21 E21 E5 E5 E5 E22 E11 E9 E11 E9 E11 E9 E26 E26 E26 E23 E23 E23 E21,E21,E21,0.997397,NORMAL,False
E26 E26 E23 E23 E23 E21 E21 E21 E5 E5 E5 E22 E11 E9 E11 E9 E11 E9 E26 E26,E26,E26,0.993802,NORMAL,False
E22 E5 E5 E5 E11 E9 E11 E9 E11 E9 E26 E26 E26 E3 E4 E3 E3 E4 E3 E23,E23,E23,0.991591,NORMAL,False
E26 E23 E23 E23 E21 E21 E21 E5 E5 E5 E22 E11 E9 E11 E9 E11 E9 E26 E26 E26,E23,E23,0.879381,NORMAL,False
E21 E21 E21 E5 E22 E5 E5 E11 E9 E11 E9 E11 E9 E26 E26 E26 E23 E23 E23 E21,E21,E21,0.998484,NORMAL,False
E9 E23 E23 E23 E21 E21 E21 E22 E5 E5 E5 E26 E26 E26 E11 E9 E11 E9 E11 E9,E2,E23,0.402068,UNCERTAIN,True
E5 E5 E5 E26 E26 E26 E11 E9 E11 E9 E11 E9 E23 E23 E23 E21 E21 E21 E22 E5,E5,E5,0.975537,NORMAL,False
E21 E5 E22 E5 E5 E11 E9 E11 E9 E11 E9 E26 E26 E26 E23 E23 E23 E21 E21 E21,E5,E22,0.765197,NORMAL,False
E7 E22 E5 E5 E5 E11 E9 E9 E26 E11 E9 E11 E26 E26 E23 E23 E23 E21 E21 E21,E5,E22,0.565016,UNCERTAIN,True
E23 E21 E21 E21 E5 E22 E5 E5 E11 E9 E11 E9 E11 E9 E26 E26 E26 E23 E23 E23,E21,E21,0.997857,NORMAL,False
E5 E22 E5 E11 E9 E11 E9 E11 E9 E26 E26 E26 E2 E23 E23 E23 E21 E21 E21 E5,E5,E5,0.688165,UNCERTAIN,True
E4 E3 E3 E4 E23 E23 E23 E21 E21 E21 E22 E5 E5 E5 E26 E26 E26 E11 E9 E11,E9,E9,0.998654,NORMAL,False
E26 E26 E5 E5 E5 E22 E11 E9 E26 E11 E9 E11 E9 E26 E26 E5 E5 E22 E5 E11,E9,E9,0.997593,NORMAL,False
E22 E5 E11 E9 E11 E9 E11 E9 E26 E26 E26 E22 E5 E5 E5 E11 E9 E11 E9 E26,E26,E26,0.734701,NORMAL,False
E9 E26 E26 E26 E23 E23 E23 E21 E21 E21 E5 E22 E5 E5 E11 E9 E26 E11 E9 E11,E9,E9,0.991669,NORMAL,False
E22 E5 E5 E5 E26 E26 E26 E11 E9 E11 E9 E11 E9 E23 E23 E23 E21 E21 E21 E22,E5,E5,0.909093,NORMAL,False
E23 E23 E21 E21 E21 E5 E5 E22 E5 E11 E9 E11 E9 E11 E9 E26 E26 E26 E23 E23,E23,E23,0.997432,NORMAL,False
E21 E21 E21 E5 E22 E5 E5 E11 E9 E11 E9 E11 E9 E26 E26 E26 E4 E4 E3 E2,E2,E23,0.759385,NORMAL,False
E9 E11 E9 E11 E9 E26 E26 E26 E23 E23 E23 E21 E21 E21 E5 E5 E5 E22 E11 E9,E11,E11,0.975304,NORMAL,False
E23 E21 E21 E21 E5 E5 E5 E22 E11 E9 E11 E9 E11 E9 E26 E26 E26 E23 E23 E23,E21,E21,0.996387,NORMAL,False
E11 E9 E11 E9 E11 E9 E26 E26 E26 E5 E5 E5 E22 E11 E9 E11 E9 E11 E9 E26,E26,E26,0.995671,NORMAL,False
E4 E3 E2 E2 E23 E23 E23 E21 E21 E21 E22 E5 E5 E5 E11 E9 E26 E26 E26 E11,E9,E9,0.97461,NORMAL,False
E5 E11 E9 E11 E9 E11 E9 E26 E26 E26 E23 E23 E23 E21 E21 E21 E5 E22 E5 E5,E11,E11,0.941066,NORMAL,False
E26 E23 E23 E23 E21 E21 E21 E5 E5 E5 E22 E11 E9 E11 E9 E26 E26 E11 E9 E26,E23,E23,0.80705,NORMAL,False
E26 E26 E26 E22 E5 E5 E5 E11 E9 E26 E26 E11 E9 E11 E9 E26 E5 E5 E22 E5,E11,E11,0.8585,NORMAL,False
E11 E9 E11 E9 E11 E9 E26 E26 E26 E23 E23 E23 E21 E21 E21 E5 E5 E5 E22 E11,E9,E9,0.996729,NORMAL,False
E26 E26 E11 E9 E11 E11 E9 E9 E3 E4 E3 E4 E3 E3 E3 E4 E3 E23 E23 E23,E21,E21,0.983596,NORMAL,False
E21 E21 E21 E5 E5 E22 E5 E11 E9 E9 E11 E9 E26 E26 E11 E26 E2 E23 E23 E23,E21,E21,0.997293,NORMAL,False
E5 E5 E11 E9 E11 E9 E11 E9 E26 E26 E26 E23 E23 E23 E21 E21 E21 E5 E5 E5,E22,E22,0.949628,NORMAL,False
E9 E11 E9 E11 E9 E26 E26 E26 E2 E23 E23 E23 E21 E21 E21 E5 E5 E5 E22 E11,E9,E9,0.997165,NORMAL,False
E9 E11 E9 E26 E5 E22 E5 E5 E11 E9 E11 E9 E11 E9 E26 E26 E26 E5 E5 E22,E5,E5,0.978409,NORMAL,False
E5 E5 E22 E5 E11 E9 E11 E9 E11 E9 E26 E26 E26 E23 E23 E23 E21 E21 E21 E22,E5,E5,0.993436,NORMAL,False
E5 E11 E9 E11 E9 E26 E26 E11 E9 E26 E23 E23 E23 E21 E21 E21 E5 E5 E5 E22,E11,E11,0.939188,NORMAL,False
E26 E23 E23 E23 E21 E21 E21 E5 E5 E5 E22 E11 E9 E11 E9 E11 E9 E26 E26 E26,E23,E23,0.879381,NORMAL,False
E11 E9 E26 E26 E11 E9 E26 E23 E23 E23 E21 E21 E21 E5 E22 E5 E5 E11 E9 E26,E11,E11,0.877428,NORMAL,False
E26 E23 E23 E23 E21 E21 E21 E5 E22 E5 E5 E11 E9 E11 E9 E11 E9 E26 E26 E26,E23,E23,0.862253,NORMAL,False
E23 E23 E21 E21 E21 E5 E5 E22 E5 E11 E9 E11 E9 E11 E9 E26 E26 E26 E23 E23,E23,E23,0.997432,NORMAL,False
E5 E11 E9 E11 E9 E26 E11 E9 E26 E26 E23 E23 E23 E21 E21 E21 E5 E5 E5 E22,E11,E11,0.952539,NORMAL,False
E9 E26 E26 E26 E23 E23 E23 E21 E21 E21 E5 E22 E5 E5 E11 E9 E11 E9 E11 E9,E26,E26,0.988476,NORMAL,False
E11 E9 E11 E9 E26 E26 E11 E9 E26 E23 E23 E23 E21 E21 E21 E5 E22 E5 E5 E11,E9,E9,0.997827,NORMAL,False
E23 E21 E21 E21 E5 E5 E22 E5 E11 E9 E11 E9 E11 E9 E26 E26 E26 E23 E23 E23,E21,E21,0.997322,NORMAL,False
E26 E21 E22 E5 E5 E5 E26 E26 E26 E11 E9 E11 E9 E11 E9 E3 E3 E4 E3 E3,E4,E4,0.802187,NORMAL,False
E26 E11 E9 E11 E9 E11 E9 E2 E4 E2 E4 E3 E2 E23 E23 E23 E21 E21 E21 E22,E5,E5,0.922341,NORMAL,False
E5 E22 E5 E5 E11 E9 E11 E9 E11 E9 E26 E26 E26 E23 E23 E23 E21 E21 E21 E5,E5,E5,0.645901,UNCERTAIN,True
E11 E9 E26 E26 E26 E23 E23 E23 E21 E21 E21 E5 E5 E5 E22 E11 E9 E11 E9 E11,E9,E9,0.993244,NORMAL,False
E11 E26 E26 E4 E4 E3 E2 E2 E23 E23 E23 E21 E21 E21 E5 E22 E5 E5 E11 E9,E11,E11,0.950346,NORMAL,False
E21 E22 E5 E5 E5 E11 E9 E11 E9 E11 E9 E26 E26 E26 E23 E23 E23 E21 E21 E21,E5,E22,0.719782,NORMAL,False
E21 E5 E22 E5 E5 E11 E9 E11 E9 E11 E9 E26 E26 E26 E4 E4 E3 E2 E23 E23,E23,E23,0.989824,NORMAL,False
E11 E9 E11 E9 E11 E9 E3 E3 E4 E3 E3 E4 E3 E3 E4 E3 E4 E3 E23 E23,E23,E23,0.966127,NORMAL,False
E26 E26 E11 E9 E23 E23 E23 E21 E21 E21 E5 E5 E5 E22 E11 E9 E11 E9 E26 E26,E11,E11,0.699968,UNCERTAIN,True
E21 E21 E21 E5 E22 E5 E5 E11 E9 E11 E9 E11 E9 E26 E26 E26 E23 E23 E23 E21,E21,E21,0.998484,NORMAL,False
E20 E5 E5 E5 E22 E11 E9 E11 E9 E11 E9 E26 E26 E26 E2 E23 E23 E23 E21 E21,E21,E20,0.996935,NORMAL,False
E21 E21 E21 E5 E5 E22 E5 E11 E9 E11 E9 E26 E26 E26 E11 E9 E23 E23 E23 E21,E21,E21,0.998846,NORMAL,False
E26 E26 E26 E11 E9 E11 E9 E11 E9 E23 E23 E23 E21 E21 E21 E22 E5 E5 E5 E26,E26,E26,0.980857,NORMAL,False
E22 E26 E11 E9 E11 E9 E11 E9 E26 E26 E23 E23 E23 E21 E21 E21 E22 E5 E5 E5,E11,E11,0.783934,NORMAL,False
E9 E2 E23 E23 E23 E21 E21 E21 E22 E5 E5 E5 E26 E11 E9 E26 E26 E11 E9 E11,E9,E9,0.982815,NORMAL,False
E11 E9 E26 E26 E11 E9 E11 E9 E25 E5 E18 E6 E16 E26 E26 E21 E23 E23 E23 E21,E21,E21,0.960123,NORMAL,False
E26 E26 E11 E9 E11 E9 E11 E9 E4 E3 E4 E2 E2 E2 E23 E23 E23 E21 E21 E21,E21,E22,0.546636,UNCERTAIN,True
E11 E9 E11 E9 E11 E9 E26 E26 E26 E23 E23 E23 E21 E21 E21 E22 E5 E5 E5 E11,E9,E9,0.998511,NORMAL,False
E22 E11 E9 E11 E9 E11 E9 E26 E26 E26 E23 E23 E23 E21 E21 E21 E5 E5 E5 E22,E11,E11,0.966328,NORMAL,False
E21 E22 E5 E5 E5 E11 E9 E11 E9 E11 E9 E26 E26 E26 E4 E4 E3 E23 E23 E23,E21,E21,0.992189,NORMAL,False
E5 E5 E11 E9 E11 E9 E11 E9 E26 E26 E26 E23 E23 E23 E21 E21 E21 E5 E5 E5,E22,E22,0.949628,NORMAL,False
E5 E5 E11 E9 E26 E26 E26 E11 E9 E11 E9 E4 E3 E4 E23 E23 E23 E21 E21 E21,E22,E22,0.668842,UNCERTAIN,True
E11 E9 E26 E26 E26 E5 E5 E5 E22 E11 E9 E11 E9 E11 E9 E26 E26 E26 E5 E5,E5,E22,0.708083,NORMAL,False
E26 E11 E9 E11 E9 E11 E9 E3 E4 E3 E3 E4 E3 E3 E4 E3 E3 E3 E4 E23,E23,E23,0.976136,NORMAL,False
E9 E26 E26 E26 E5 E22 E5 E5 E11 E9 E11 E9 E11 E9 E26 E26 E26 E5 E5 E22,E5,E5,0.978617,NORMAL,False
E23 E23 E23 E21 E21 E21 E5 E22 E5 E5 E11 E9 E11 E9 E11 E9 E26 E26 E26 E23,E23,E23,0.992552,NORMAL,False
E11 E9 E11 E9 E26 E26 E26 E23 E23 E23 E21 E21 E21 E5 E5 E5 E22 E11 E9 E26,E11,E11,0.920462,NORMAL,False
E23 E21 E21 E21 E22 E5 E5 E5 E11 E9 E11 E9 E11 E9 E26 E26 E26 E23 E23 E23,E21,E21,0.998056,NORMAL,False
E23 E23 E21 E21 E21 E22 E5 E5 E5 E26 E26 E26 E11 E9 E11 E9 E11 E9 E23 E23,E23,E23,0.973546,NORMAL,False
E11 E9 E11 E9 E26 E26 E26 E23 E23 E23 E21 E21 E21 E5 E5 E5 E22 E11 E9 E11,E9,E9,0.996249,NORMAL,False
E9 E11 E9 E11 E9 E26 E26 E26 E2 E4 E4 E3 E2 E2 E23 E23 E23 E21 E21 E21,E5,E5,0.388038,ANOMALY,False
E5 E5 E11 E9 E11 E9 E11 E9 E26 E26 E26 E23 E23 E23 E21 E21 E21 E5 E22 E5,E5,E5,0.876173,NORMAL,False
E26 E23 E23 E23 E21 E21 E21 E5 E5 E22 E5 E11 E9 E11 E9 E11 E9 E26 E26 E26,E23,E23,0.896408,NORMAL,False
E11 E9 E26 E26 E5 E5 E22 E5 E11 E9 E11 E9 E11 E9 E26 E26 E26 E5 E5 E5,E22,E22,0.93472,NORMAL,False
E23 E23 E21 E21 E21 E5 E5 E5 E22 E11 E9 E11 E9 E11 E9 E26 E26 E26 E23 E23,E23,E23,0.997699,NORMAL,False
E5 E5 E22 E11 E9 E11 E9 E11 E9 E26 E26 E26 E23 E23 E23 E21 E21 E21 E5 E22,E5,E5,0.985457,NORMAL,False
E9 E26 E26 E26 E5 E5 E22 E5 E11 E9 E11 E9 E26 E26 E11 E9 E26 E5 E5 E5,E22,E22,0.913319,NORMAL,False
E5 E22 E5 E11 E9 E26 E11 E9 E11 E9 E26 E26 E5 E5 E22 E5 E11 E9 E11 E9,E11,E11,0.781227,NORMAL,False
E21 E5 E5 E22 E5 E11 E9 E11 E9 E26 E26 E11 E9 E26 E23 E23 E23 E21 E21 E21,E5,E5,0.638454,UNCERTAIN,True
E5 E11 E9 E11 E9 E11 E9 E26 E26 E26 E3 E4 E3 E3 E3 E4 E23 E23 E23 E21,E21,E21,0.999054,NORMAL,False
E5 E5 E22 E5 E11 E9 E11 E9 E11 E9 E26 E26 E26 E23 E23 E23 E21 E21 E21 E5,E5,E5,0.664844,UNCERTAIN,True
E22 E5 E5 E11 E9 E11 E9 E11 E9 E26 E26 E26 E5 E22 E5 E5 E11 E9 E11 E9,E11,E11,0.891593,NORMAL,False
E21 E21 E5 E22 E5 E5 E11 E9 E11 E9 E11 E9 E26 E26 E26 E23 E23 E23 E21 E21,E21,E21,0.994372,NORMAL,False
E3 E2 E23 E23 E23 E21 E21 E21 E22 E5 E5 E5 E11 E9 E11 E9 E11 E9 E26 E26,E26,E26,0.993672,NORMAL,False
E4 E23 E23 E23 E21 E21 E21 E22 E5 E5 E5 E26 E26 E26 E11 E9 E11 E9 E11 E9,E2,E3,0.409554,UNCERTAIN,True
E23 E23 E21 E21 E21 E5 E22 E5 E5 E11 E9 E11 E9 E11 E9 E26 E26 E26 E23 E23,E23,E23,0.996665,NORMAL,False
E5 E22 E5 E5 E11 E9 E11 E9 E11 E9 E26 E26 E26 E5 E5 E22 E5 E11 E9 E11,E9,E9,0.998008,NORMAL,False
E5 E5 E5 E22 E11 E9 E11 E9 E11 E9 E26 E26 E26 E23 E23 E23 E21 E21 E21 E5,E5,E5,0.701612,NORMAL,False
E22 E5 E5 E11 E9 E11 E9 E11 E9 E26 E26 E26 E25 E18 E5 E16 E6 E26 E26 E21,E25,E5,0.897434,NORMAL,False
E9 E11 E9 E3 E4 E3 E4 E3 E3 E3 E3 E4 E4 E3 E3 E23 E23 E23 E21 E21,E21,E21,0.922055,NORMAL,False
E11 E9 E26 E26 E26 E23 E23 E23 E21 E21 E21 E5 E5 E5 E22 E11 E9 E11 E9 E11,E9,E9,0.993244,NORMAL,False
E11 E9 E11 E9 E11 E9 E26 E26 E26 E2 E23 E23 E23 E21 E21 E21 E5 E5 E22 E5,E11,E11,0.960023,NORMAL,False
E11 E9 E26 E26 E26 E23 E23 E23 E21 E20 E21 E21 E5 E22 E5 E5 E11 E9 E11 E9,E11,E11,0.909533,NORMAL,False
E4 E4 E3 E2 E2 E23 E23 E23 E21 E21 E21 E22 E5 E5 E5 E26 E26 E11 E9 E11,E9,E9,0.998003,NORMAL,False
E5 E5 E5 E22 E11 E9 E11 E9 E11 E9 E26 E26 E26 E23 E23 E23 E21 E21 E21 E5,E5,E5,0.701612,NORMAL,False
E23 E21 E21 E21 E5 E5 E22 E5 E11 E9 E11 E9 E11 E9 E26 E26 E26 E23 E23 E23,E21,E21,0.997322,NORMAL,False
E5 E5 E11 E9 E11 E9 E11 E9 E26 E26 E26 E5 E5 E5 E22 E11 E9 E11 E9 E11,E9,E9,0.990288,NORMAL,False
E26 E5 E5 E5 E22 E11 E9 E11 E9 E11 E9 E26 E26 E26 E5 E5 E5 E22 E11 E9,E11,E11,0.977138,NORMAL,False
E23 E23 E23 E21 E21 E21 E22 E5 E5 E5 E13 E13 E11 E9 E13 E26 E11 E9 E11 E9,E26,E26,0.827519,NORMAL,False
E21 E21 E5 E5 E22 E5 E11 E9 E11 E9 E11 E9 E26 E26 E26 E23 E23 E23 E21 E21,E21,E21,0.993015,NORMAL,False
E26 E26 E26 E5 E5 E22 E5 E11 E9 E11 E9 E26 E26 E11 E9 E26 E2 E5 E5 E22,E5,E5,0.974108,NORMAL,False
E26 E26 E23 E23 E23 E21 E21 E21 E22 E5 E5 E5 E11 E9 E26 E11 E9 E11 E9 E26,E26,E26,0.998684,NORMAL,False
E22 E5 E11 E9 E11 E9 E11 E9 E26 E26 E26 E23 E23 E23 E21 E21 E21 E22 E5 E5,E5,E5,0.968672,NORMAL,False
E9 E11 E9 E11 E9 E23 E23 E23 E21 E21 E21 E22 E5 E5 E5 E26 E26 E26 E11 E9,E11,E11,0.994625,NORMAL,False
E22 E5 E5 E11 E9 E11 E9 E26 E26 E11 E9 E26 E23 E23 E23 E21 E21 E21 E5 E22,E5,E5,0.985181,NORMAL,False
E23 E21 E21 E21 E22 E5 E5 E5 E11 E9 E26 E26 E26 E11 E9 E11 E9 E4 E3 E3,E4,E3,0.782852,NORMAL,False
E5 E5 E11 E9 E11 E9 E11 E9 E26 E26 E26 E5 E5 E5 E22 E26 E11 E9 E11 E9,E11,E11,0.87074,NORMAL,False
E9 E26 E26 E11 E26 E2 E22 E5 E5 E5 E11 E9 E11 E9 E11 E9 E26 E26 E26 E22,E5,E5,0.941847,NORMAL,False
E23 E23 E23 E21 E21 E21 E5 E22 E5 E5 E26 E26 E26 E11 E9 E11 E9 E11 E9 E4,E3,E4,0.543203,UNCERTAIN,True
E21 E21 E21 E5 E5 E5 E22 E11 E9 E11 E9 E11 E9 E26 E26 E26 E23 E23 E23 E21,E21,E21,0.997397,NORMAL,False
E5 E5 E11 E9 E11 E9 E26 E26 E11 E9 E26 E4 E3 E4 E23 E23 E23 E21 E21 E21,E5,E5,0.648626,UNCERTAIN,True
E11 E9 E11 E9 E11 E9 E26 E26 E26 E5 E5 E5 E22 E11 E9 E26 E11 E9 E11 E9,E26,E26,0.996589,NORMAL,False
E5 E11 E9 E11 E9 E11 E9 E26 E26 E26 E23 E23 E23 E21 E21 E21 E5 E5 E22 E5,E11,E11,0.962103,NORMAL,False
E11 E9 E11 E9 E11 E9 E26 E26 E26 E23 E23 E23 E21 E21 E21 E5 E5 E5 E22 E11,E9,E9,0.996729,NORMAL,False
E11 E9 E11 E9 E26 E11 E9 E26 E26 E23 E23 E23 E21 E21 E21 E5 E22 E5 E5 E11,E9,E9,0.997642,NORMAL,False
E23 E23 E21 E21 E21 E5 E5 E5 E22 E11 E9 E11 E9 E11 E9 E26 E26 E26 E23 E23,E23,E23,0.997699,NORMAL,False
E9 E11 E9 E11 E9 E26 E26 E26 E23 E23 E23 E21 E21 E21 E5 E5 E5 E22 E11 E9,E11,E11,0.975304,NORMAL,False
E26 E26 E23 E23 E23 E21 E21 E21 E5 E22 E5 E5 E11 E9 E11 E9 E11 E9 E26 E26,E26,E26,0.997512,NORMAL,False
E11 E9 E11 E9 E23 E23 E23 E21 E21 E21 E22 E5 E5 E5 E26 E26 E26 E11 E9 E11,E9,E9,0.998893,NORMAL,False
E26 E11 E9 E11 E9 E11 E9 E4 E4 E3 E2 E2 E23 E23 E23 E21 E21 E21 E22 E5,E5,E5,0.96785,NORMAL,False
E22 E5 E5 E5 E26 E11 E9 E11 E9 E11 E9 E26 E26 E2 E2 E4 E3 E4 E2 E23,E23,E23,0.986088,NORMAL,False
E11 E9 E11 E9 E11 E9 E26 E26 E26 E23 E23 E23 E21 E21 E21 E5 E5 E22 E5 E11,E9,E9,0.996744,NORMAL,False
E9 E26 E26 E26 E23 E23 E23 E21 E21 E21 E5 E22 E5 E5 E11 E9 E11 E9 E11 E9,E26,E26,0.988476,NORMAL,False
E5 E5 E22 E11 E9 E11 E9 E11 E9 E26 E26 E26 E23 E23 E23 E21 E21 E21 E5 E5,E5,E5,0.681922,UNCERTAIN,True
E2 E2 E23 E23 E23 E21 E21 E21 E22 E5 E5 E5 E26 E26 E26 E9 E11 E9 E11 E9,E2,E11,0.342517,ANOMALY,False
E26 E26 E5 E5 E22 E5 E11 E9 E11 E9 E11 E9 E26 E26 E26 E2 E5 E5 E5 E22,E11,E11,0.97683,NORMAL,False
E23 E23 E21 E21 E21 E5 E5 E5 E22 E11 E9 E11 E9 E11 E9 E26 E26 E26 E2 E23,E23,E23,0.992247,NORMAL,False
E22 E11 E9 E11 E9 E11 E9 E26 E26 E26 E23 E23 E23 E21 E21 E21 E5 E5 E22 E5,E11,E11,0.965017,NORMAL,False
E5 E22 E11 E9 E11 E9 E11 E9 E26 E26 E26 E23 E23 E23 E21 E21 E21 E5 E5 E5,E22,E22,0.940906,NORMAL,False
E3 E3 E3 E4 E23 E23 E23 E21 E21 E21 E5 E5 E5 E22 E11 E9 E11 E9 E26 E26,E26,E26,0.5517,UNCERTAIN,True
E9 E11 E9 E11 E9 E26 E26 E26 E4 E3 E3 E4 E23 E23 E23 E21 E21 E21 E5 E5,E5,E5,0.71992,NORMAL,False
E21 E5 E5 E22 E5 E11 E9 E11 E9 E11 E9 E26 E26 E26 E3 E23 E23 E23 E21 E21,E21,E21,0.993377,NORMAL,False
E11 E9 E11 E9 E11 E9 E26 E26 E26 E23 E23 E23 E21 E21 E21 E5 E5 E5 E22 E11,E9,E9,0.996729,NORMAL,False
E5 E26 E26 E26 E11 E9 E11 E9 E11 E9 E4 E3 E4 E23 E23 E23 E21 E21 E21 E22,E5,E5,0.967962,NORMAL,False
E21 E21 E5 E5 E5 E22 E11 E9 E11 E9 E11 E9 E26 E26 E26 E23 E23 E23 E21 E21,E21,E21,0.990995,NORMAL,False
E11 E9 E26 E26 E26 E23 E23 E23 E21 E21 E21 E5 E5 E5 E22 E11 E9 E11 E9 E11,E9,E9,0.993244,NORMAL,False
E11 E9 E26 E26 E23 E23 E23 E21 E21 E21 E5 E22 E5 E5 E25 E11 E9 E11 E9 E11,E9,E9,0.977881,NORMAL,False
E22 E11 E9 E11 E9 E11 E9 E26 E26 E26 E23 E23 E23 E21 E21 E21 E5 E5 E5 E22,E11,E11,0.966328,NORMAL,False
E26 E26 E26 E23 E23 E23 E21 E21 E21 E5 E22 E5 E5 E11 E9 E11 E9 E11 E9 E26,E26,E26,0.999437,NORMAL,False
E9 E26 E26 E11 E9 E26 E23 E23 E23 E21 E21 E21 E5 E5 E5 E22 E11 E9 E26 E11,E9,E9,0.981731,NORMAL,False
E22 E11 E9 E11 E9 E11 E9 E26 E26 E26 E23 E23 E23 E21 E21 E21 E5 E22 E5 E5,E11,E11,0.946236,NORMAL,False
E9 E11 E9 E26 E26 E26 E23 E23 E23 E21 E21 E21 E5 E5 E22 E5 E11 E9 E11 E9,E11,E11,0.86529,NORMAL,False
E26 E11 E9 E11 E9 E26 E26 E22 E5 E5 E5 E11 E9 E11 E9 E26 E11 E9 E26 E26,E5,E5,0.576329,UNCERTAIN,True
E22 E5 E11 E9 E11 E9 E11 E9 E26 E26 E26 E23 E23 E23 E21 E21 E21 E5 E22 E5,E5,E5,0.887371,NORMAL,False
E11 E9 E11 E9 E26 E26 E26 E23 E23 E23 E21 E21 E21 E5 E5 E22 E5 E11 E9 E11,E9,E9,0.996771,NORMAL,False
E5 E5 E22 E5 E11 E9 E11 E9 E11 E9 E26 E26 E26 E23 E23 E23 E21 E21 E21 E5,E5,E5,0.664844,UNCERTAIN,True
E4 E3 E3 E4 E3 E23 E23 E23 E21 E21 E21 E22 E5 E5 E5 E9 E26 E26 E26 E11,E9,E9,0.909475,NORMAL,False
E9 E11 E9 E11 E9 E26 E26 E26 E23 E23 E23 E21 E21 E21 E5 E5 E5 E22 E11 E9,E11,E11,0.975304,NORMAL,False
E11 E9 E26 E26 E4 E4 E3 E2 E2 E23 E23 E23 E21 E21 E20 E21 E5 E5 E5 E22,E11,E11,0.89631,NORMAL,False
E11 E9 E26 E11 E11 E9 E23 E23 E23 E21 E21 E21 E22 E5 E5 E5 E26 E26 E26 E11,E9,E9,0.996518,NORMAL,False
E3 E4 E23 E23 E23 E21 E21 E21 E22 E5 E5 E5 E11 E9 E11 E9 E11 E9 E26 E26,E26,E26,0.9949,NORMAL,False
E21 E5 E5 E22 E5 E11 E9 E11 E9 E26 E26 E11 E9 E26 E2 E2 E3 E3 E4 E3,E3,E3,0.66206,UNCERTAIN,True
E5 E5 E5 E26 E26 E26 E11 E9 E11 E9 E11 E9 E23 E23 E23 E21 E21 E21 E22 E5,E5,E5,0.975537,NORMAL,False
E5 E11 E9 E11 E9 E11 E9 E26 E26 E26 E23 E23 E23 E21 E21 E21 E5 E5 E22 E5,E11,E9,0.962103,NORMAL,False
E5 E5 E26 E26 E26 E11 E9 E11 E9 E11 E9 E4 E4 E3 E2 E23 E23 E23 E21 E21,E21,E21,0.990341,NORMAL,False
E5 E22 E11 E9 E11 E9 E11 E9 E26 E26 E26 E23 E23 E23 E21 E21 E21 E5 E5 E5,E22,E22,0.940906,NORMAL,False
E5 E22 E5 E5 E11 E9 E11 E9 E11 E9 E26 E26 E26 E23 E23 E23 E21 E21 E21 E5,E5,E5,0.645901,UNCERTAIN,True
E23 E23 E21 E21 E21 E5 E5 E5 E22 E11 E9 E9 E26 E11 E11 E9 E26 E26 E23 E23,E23,E23,0.997298,NORMAL,False
E21 E21 E5 E5 E5 E22 E11 E9 E11 E9 E11 E9 E26 E26 E26 E23 E23 E23 E21 E21,E21,E21,0.990995,NORMAL,False
E11 E9 E3 E4 E3 E4 E3 E3 E3 E4 E3 E23 E23 E23 E21 E21 E21 E22 E5 E5,E5,E5,0.858434,NORMAL,False
E23 E21 E21 E21 E5 E5 E22 E5 E11 E9 E11 E9 E11 E9 E26 E26 E26 E23 E23 E23,E21,E21,0.997322,NORMAL,False
E3 E3 E3 E23 E23 E23 E21 E21 E21 E22 E5 E5 E5 E26 E26 E26 E11 E9 E11 E9,E11,E11,0.983024,NORMAL,False
E23 E23 E23 E21 E21 E21 E5 E5 E5 E22 E11 E9 E11 E9 E11 E9 E26 E26 E26 E23,E23,E23,0.994407,NORMAL,False
E26 E26 E11 E9 E11 E9 E3 E3 E4 E4 E3 E3 E3 E3 E4 E23 E23 E23 E21 E21,E21,E21,0.997534,NORMAL,False
E3 E3 E4 E3 E3 E4 E23 E23 E23 E21 E21 E21 E22 E5 E5 E5 E26 E11 E9 E26,E11,E26,0.684638,UNCERTAIN,True
E5 E5 E22 E5 E11 E9 E11 E9 E26 E11 E9 E26 E26 E23 E23 E23 E21 E21 E21 E5,E5,E5,0.672567,UNCERTAIN,True
E11 E9 E11 E9 E26 E26 E26 E3 E3 E4 E3 E3 E4 E23 E23 E23 E21 E21 E21 E5,E5,E5,0.727861,NORMAL,False
E22 E5 E11 E9 E11 E9 E26 E26 E26 E11 E9 E4 E4 E3 E23 E23 E23 E21 E21 E21,E22,E5,0.554535,UNCERTAIN,True
E26 E26 E5 E22 E5 E5 E11 E9 E11 E9 E11 E9 E26 E26 E26 E5 E5 E5 E22 E11,E9,E9,0.997174,NORMAL,False
E23 E23 E23 E21 E21 E21 E5 E5 E5 E22 E11 E9 E11 E9 E26 E26 E11 E9 E26 E23,E23,E23,0.995729,NORMAL,False
E23 E23 E21 E21 E21 E22 E5 E5 E5 E26 E26 E11 E9 E9 E26 E11 E9 E11 E4 E4,E3,E3,0.7308,NORMAL,False
E5 E5 E22 E11 E9 E11 E9 E11 E9 E26 E26 E26 E23 E23 E23 E21 E21 E21 E5 E5,E5,E22,0.681922,UNCERTAIN,True
E21 E21 E22 E5 E5 E5 E11 E9 E11 E9 E26 E26 E11 E9 E26 E23 E23 E23 E21 E21,E21,E21,0.996163,NORMAL,False
E26 E26 E26 E23 E23 E23 E21 E21 E21 E22 E5 E5 E5 E11 E9 E11 E9 E11 E9 E26,E26,E26,0.999464,NORMAL,False
E11 E9 E26 E26 E26 E23 E23 E23 E21 E21 E21 E5 E5 E5 E22 E11 E9 E11 E9 E11,E9,E9,0.993244,NORMAL,False
E26 E26 E26 E23 E23 E23 E21 E21 E21 E5 E22 E5 E5 E11 E9 E11 E9 E11 E9 E26,E26,E26,0.999437,NORMAL,False
E4 E23 E23 E23 E21 E21 E21 E5 E5 E5 E22 E11 E9 E11 E9 E26 E26 E11 E9 E26,E23,E3,0.31809,ANOMALY,False
E26 E26 E5 E5 E5 E22 E11 E9 E11 E9 E11 E9 E26 E26 E26 E5 E22 E5 E5 E11,E9,E9,0.998214,NORMAL,False
E9 E11 E9 E11 E9 E26 E26 E26 E4 E4 E4 E4 E4 E4 E4 E4 E4 E4 E4 E4,E4,E4,0.916844,NORMAL,False
E11 E9 E11 E9 E2 E23 E23 E23 E21 E21 E21 E22 E5 E5 E5 E26 E26 E26 E11 E9,E11,E11,0.994964,NORMAL,False
E23 E23 E21 E21 E21 E22 E5 E5 E5 E26 E26 E26 E11 E9 E11 E9 E11 E9 E23 E23,E23,E23,0.973546,NORMAL,False
E23 E23 E23 E21 E21 E21 E22 E5 E5 E5 E26 E11 E9 E11 E9 E11 E9 E26 E26 E4,E3,E3,0.52371,UNCERTAIN,True
E26 E26 E23 E23 E23 E21 E21 E21 E5 E5 E5 E22 E11 E9 E11 E9 E11 E9 E26 E26,E26,E26,0.993802,NORMAL,False
E3 E4 E3 E3 E4 E23 E23 E23 E21 E21 E21 E22 E5 E5 E5 E26 E26 E26 E11 E9,E11,E11,0.996354,NORMAL,False
E9 E11 E9 E26 E26 E26 E23 E23 E23 E21 E21 E21 E5 E5 E5 E22 E11 E9 E11 E9,E11,E11,0.848735,NORMAL,False
E22 E5 E5 E11 E9 E11 E9 E11 E9 E26 E26 E26 E5 E5 E5 E22 E11 E9 E11 E9,E11,E11,0.815674,NORMAL,False
E26 E26 E26 E11 E9 E11 E9 E11 E9 E2 E4 E3 E4 E23 E23 E23 E21 E21 E21 E22,E5,E5,0.97366,NORMAL,False
E9 E11 E9 E26 E26 E26 E23 E23 E23 E21 E21 E21 E5 E22 E5 E5 E11 E9 E26 E26,E11,E11,0.982006,NORMAL,False
E21 E21 E21 E5 E5 E22 E5 E11 E9 E11 E9 E11 E9 E26 E26 E26 E3 E4 E3 E3,E4,E3,0.804616,NORMAL,False
E11 E9 E26 E26 E25 E18 E5 E16 E6 E26 E26 E23 E23 E23 E23 E21 E21 E21 E21 E5,E5,E5,0.664698,UNCERTAIN,True
E21 E21 E21 E5 E5 E5 E22 E11 E9 E11 E9 E11 E9 E26 E26 E26 E23 E23 E23 E21,E21,E21,0.997397,NORMAL,False
E23 E23 E23 E21 E21 E21 E5 E5 E5 E22 E11 E9 E11 E9 E11 E9 E26 E26 E26 E23,E23,E23,0.994407,NORMAL,False
E22 E5 E11 E9 E11 E9 E11 E9 E26 E26 E26 E3 E3 E4 E3 E4 E3 E23 E23 E23,E21,E21,0.988309,NORMAL,False
E9 E11 E9 E11 E9 E26 E26 E26 E5 E5 E22 E5 E11 E9 E26 E11 E9 E11 E9 E26,E26,E26,0.984794,NORMAL,False
E23 E23 E21 E21 E21 E22 E5 E5 E5 E26 E26 E11 E9 E11 E9 E26 E11 E9 E4 E3,E4,E4,0.804447,NORMAL,False
E9 E11 E9 E26 E3 E4 E3 E3 E3 E4 E3 E4 E3 E23 E23 E23 E21 E21 E21 E22,E5,E5,0.981124,NORMAL,False
E23 E23 E21 E21 E21 E22 E5 E5 E5 E26 E26 E11 E9 E11 E9 E11 E9 E26 E4 E4,E3,E3,0.497746,UNCERTAIN,True
E21 E5 E22 E22 E5 E5 E5 E11 E9 E26 E11 E9 E11 E9 E26 E26 E23 E23 E23 E21,E21,E21,0.998017,NORMAL,False
E26 E26 E23 E23 E23 E21 E21 E21 E5 E5 E22 E5 E11 E9 E11 E9 E26 E26 E11 E9,E26,E26,0.989115,NORMAL,False
E11 E9 E11 E9 E11 E9 E26 E26 E26 E5 E5 E22 E5 E11 E9 E11 E9 E11 E9 E26,E26,E26,0.996971,NORMAL,False
E21 E21 E21 E22 E5 E5 E5 E26 E26 E26 E11 E9 E11 E9 E11 E9 E2 E2 E23 E23,E23,E23,0.978742,NORMAL,False
E26 E26 E22 E5 E5 E5 E11 E9 E11 E9 E11 E9 E26 E26 E26 E22 E5 E5 E5 E11,E9,E9,0.998783,NORMAL,False
E11 E9 E11 E9 E11 E9 E26 E26 E26 E23 E23 E23 E21 E21 E21 E5 E5 E5 E22 E11,E9,E9,0.996729,NORMAL,False
E5 E11 E9 E11 E9 E11 E9 E26 E26 E26 E23 E23 E23 E21 E21 E21 E5 E22 E5 E5,E11,E11,0.941066,NORMAL,False
E21 E21 E21 E5 E5 E5 E22 E11 E9 E11 E9 E11 E9 E26 E26 E26 E23 E23 E23 E21,E21,E21,0.997397,NORMAL,False
E3 E3 E4 E3 E3 E4 E3 E4 E3 E3 E23 E23 E23 E21 E21 E21 E22 E5 E5 E5,E26,E26,0.909018,NORMAL,False
E21 E21 E22 E5 E5 E5 E26 E26 E26 E11 E9 E11 E9 E11 E9 E3 E3 E4 E3 E4,E3,E3,0.93344,NORMAL,False
E26 E26 E5 E5 E5 E22 E11 E9 E11 E9 E11 E9 E26 E26 E26 E5 E22 E5 E5 E11,E9,E9,0.998214,NORMAL,False
E4 E3 E4 E2 E23 E23 E23 E21 E21 E21 E22 E5 E5 E5 E26 E26 E26 E11 E9 E11,E9,E9,0.998637,NORMAL,False
E11 E9 E26 E26 E3 E3 E4 E3 E3 E4 E23 E23 E23 E21 E21 E21 E5 E5 E5 E22,E11,E11,0.93815,NORMAL,False
E5 E5 E5 E22 E11 E9 E11 E9 E11 E9 E26 E26 E26 E23 E23 E23 E21 E21 E21 E5,E5,E22,0.701612,NORMAL,False
E5 E5 E11 E9 E26 E26 E26 E11 E9 E11 E9 E3 E23 E23 E23 E21 E21 E21 E5 E22,E5,E5,0.980093,NORMAL,False
E9 E11 E9 E11 E9 E26 E26 E26 E23 E23 E23 E21 E21 E21 E5 E5 E22 E5 E11 E9,E11,E11,0.976374,NORMAL,False
E11 E9 E11 E9 E11 E9 E26 E26 E26 E23 E23 E23 E21 E21 E21 E5 E22 E5 E5 E9,E11,E26,0.968639,NORMAL,False
E3 E4 E3 E3 E4 E3 E4 E3 E3 E3 E4 E23 E23 E23 E21 E21 E21 E22 E5 E5,E5,E5,0.904307,NORMAL,False
E23 E23 E23 E21 E21 E21 E5 E5 E5 E22 E11 E9 E11 E9 E11 E9 E26 E26 E26 E23,E23,E23,0.994407,NORMAL,False
E11 E9 E26 E26 E26 E23 E23 E23 E21 E21 E21 E5 E5 E22 E5 E11 E9 E11 E9 E11,E9,E9,0.995243,NORMAL,False
E5 E5 E5 E22 E11 E9 E11 E9 E11 E9 E26 E26 E26 E5 E5 E22 E5 E11 E9 E11,E9,E9,0.997972,NORMAL,False
E11 E9 E11 E9 E26 E26 E26 E23 E23 E23 E21 E21 E21 E5 E5 E5 E22 E11 E9 E11,E9,E9,0.996249,NORMAL,False
E5 E5 E22 E11 E9 E11 E9 E11 E9 E26 E26 E26 E23 E23 E23 E21 E21 E21 E5 E22,E5,E5,0.985457,NORMAL,False
E26 E11 E9 E4 E3 E4 E23 E23 E23 E21 E21 E21 E22 E5 E5 E5 E26 E26 E26 E11,E9,E9,0.995512,NORMAL,False
E26 E26 E26 E23 E23 E23 E21 E21 E21 E5 E22 E5 E5 E9 E11 E9 E11 E9 E26 E26,E26,E11,0.989308,NORMAL,False
E26 E26 E5 E5 E5 E22 E11 E9 E11 E9 E11 E9 E26 E26 E26 E2 E5 E22 E5 E5,E11,E11,0.919864,NORMAL,False
E11 E9 E11 E9 E26 E26 E26 E23 E23 E23 E21 E21 E21 E5 E5 E5 E22 E11 E9 E11,E9,E9,0.996249,NORMAL,False
E11 E9 E11 E9 E26 E11 E9 E4 E3 E3 E4 E3 E3 E4 E3 E3 E4 E3 E3 E23,E23,E23,0.992544,NORMAL,False
E23 E23 E21 E21 E21 E22 E5 E5 E5 E26 E26 E11 E9 E11 E9 E26 E11 E9 E4 E3,E4,E4,0.804447,NORMAL,False
E9 E26 E23 E23 E23 E21 E21 E21 E5 E5 E22 E5 E11 E9 E11 E9 E11 E9 E26 E26,E26,E26,0.997613,NORMAL,False
E9 E11 E9 E26 E26 E26 E23 E23 E23 E21 E21 E21 E5 E22 E5 E5 E11 E9 E11 E9,E11,E11,0.910406,NORMAL,False
E9 E11 E9 E26 E26 E26 E23 E23 E23 E21 E21 E21 E5 E22 E5 E5 E11 E9 E11 E9,E11,E26,0.910406,NORMAL,False
E5 E11 E9 E11 E9 E11 E9 E26 E26 E26 E23 E23 E23 E21 E21 E21 E22 E5 E5 E5,E11,E11,0.840605,NORMAL,False
E9 E26 E5 E5 E5 E22 E11 E9 E26 E11 E9 E11 E9 E26 E26 E5 E22 E5 E5 E11,E9,E9,0.998654,NORMAL,False
E9 E11 E9 E4 E3 E4 E3 E4 E3 E4 E23 E23 E23 E21 E21 E21 E22 E5 E5 E5,E26,E26,0.892286,NORMAL,False
E9 E11 E9 E11 E9 E26 E26 E26 E3 E3 E4 E3 E4 E3 E23 E23 E23 E21 E21 E21,E5,E5,0.754956,NORMAL,False
E5 E5 E26 E26 E26 E11 E9 E11 E9 E11 E9 E23 E23 E23 E21 E21 E21 E22 E5 E5,E5,E5,0.92694,NORMAL,False
E11 E9 E11 E9 E11 E9 E23 E23 E23 E21 E21 E21 E22 E5 E5 E5 E26 E11 E9 E26,E26,E26,0.628447,UNCERTAIN,True
E9 E11 E9 E23 E23 E23 E21 E21 E21 E22 E5 E5 E5 E26 E26 E26 E11 E9 E11 E9,E11,E11,0.97518,NORMAL,False
E21 E21 E5 E5 E5 E22 E11 E9 E11 E9 E26 E11 E9 E26 E26 E23 E23 E23 E21 E21,E21,E21,0.99104,NORMAL,False
E22 E5 E5 E5 E26 E26 E26 E11 E9 E11 E9 E11 E9 E23 E23 E23 E21 E21 E21 E22,E5,E5,0.909093,NORMAL,False
E5 E22 E11 E9 E11 E9 E11 E9 E26 E26 E26 E23 E23 E23 E21 E21 E21 E5 E5 E5,E22,E22,0.940906,NORMAL,False
E23 E23 E21 E21 E21 E5 E22 E5 E5 E11 E9 E11 E9 E26 E26 E11 E9 E26 E3 E4,E3,E3,0.89817,NORMAL,False
E9 E11 E9 E11 E9 E26 E26 E26 E5 E5 E5 E22 E11 E9 E11 E9 E11 E9 E26 E26,E26,E26,0.91461,NORMAL,False
E5 E5 E22 E5 E11 E9 E11 E9 E11 E9 E26 E26 E26 E23 E23 E23 E21 E21 E21 E5,E5,E5,0.664844,UNCERTAIN,True
E21 E21 E21 E5 E22 E5 E5 E11 E9 E26 E11 E9 E11 E9 E26 E26 E23 E23 E23 E21,E21,E21,0.998686,NORMAL,False
E9 E11 E9 E11 E9 E26 E26 E26 E23 E23 E23 E21 E21 E21 E5 E5 E22 E5 E11 E9,E11,E11,0.976374,NORMAL,False
E4 E3 E23 E23 E23 E21 E21 E21 E5 E5 E5 E22 E11 E9 E11 E9 E11 E9 E26 E26,E26,E26,0.989568,NORMAL,False
E4 E3 E23 E23 E23 E21 E21 E21 E5 E5 E5 E22 E11 E9 E11 E9 E11 E9 E26 E26,E26,E26,0.989568,NORMAL,False
E26 E26 E5 E5 E5 E22 E11 E9 E11 E9 E11 E9 E26 E26 E26 E5 E5 E22 E5 E11,E9,E9,0.997204,NORMAL,False
E21 E21 E5 E22 E5 E5 E11 E9 E11 E9 E11 E9 E26 E26 E26 E23 E23 E23 E21 E21,E21,E21,0.994372,NORMAL,False
E5 E5 E5 E22 E11 E9 E11 E9 E26 E11 E9 E26 E26 E5 E5 E22 E5 E11 E9 E11,E9,E9,0.998034,NORMAL,False
E11 E9 E11 E9 E26 E26 E11 E9 E26 E23 E23 E23 E21 E21 E21 E5 E5 E5 E22 E11,E9,E9,0.997241,NORMAL,False
E21 E21 E5 E22 E5 E5 E11 E9 E11 E9 E11 E9 E26 E26 E26 E2 E23 E23 E23 E21,E21,E21,0.999345,NORMAL,False
E9 E11 E9 E11 E9 E26 E26 E26 E23 E23 E23 E21 E21 E21 E5 E5 E5 E22 E11 E9,E11,E11,0.975304,NORMAL,False
E11 E9 E2 E23 E23 E23 E21 E21 E21 E22 E5 E5 E5 E26 E11 E9 E11 E9 E26 E26,E11,E11,0.818919,NORMAL,False
E26 E26 E5 E5 E22 E5 E11 E9 E11 E9 E11 E9 E26 E26 E26 E5 E5 E22 E5 E11,E9,E9,0.997342,NORMAL,False
E22 E11 E9 E26 E26 E11 E9 E11 E9 E26 E23 E23 E23 E21 E21 E21 E5 E5 E22 E5,E11,E11,0.933234,NORMAL,False
E23 E21 E21 E21 E5 E5 E22 E5 E11 E9 E11 E9 E11 E9 E26 E26 E26 E4 E4 E3,E2,E23,0.895349,NORMAL,False
E26 E26 E23 E23 E23 E21 E21 E21 E5 E5 E22 E5 E11 E9 E11 E9 E11 E9 E26 E26,E26,E26,0.996796,NORMAL,False
E9 E11 E9 E11 E9 E23 E23 E23 E21 E21 E21 E22 E5 E5 E5 E26 E26 E26 E11 E9,E11,E11,0.994625,NORMAL,False
E23 E21 E21 E21 E5 E22 E5 E5 E11 E9 E26 E26 E26 E11 E9 E11 E9 E4 E4 E3,E2,E2,0.882164,NORMAL,False
E21 E21 E22 E5 E5 E5 E11 E9 E11 E9 E11 E9 E26 E26 E26 E23 E23 E23 E21 E21,E21,E21,0.9947,NORMAL,False
E3 E4 E3 E3 E4 E23 E23 E23 E21 E21 E21 E22 E5 E5 E5 E26 E26 E26 E11 E9,E11,E11,0.996354,NORMAL,False
E22 E5 E11 E9 E11 E9 E11 E9 E26 E26 E26 E23 E23 E23 E21 E21 E21 E5 E5 E5,E22,E22,0.943585,NORMAL,False
E26 E23 E23 E23 E21 E21 E21 E5 E22 E5 E5 E11 E9 E11 E9 E11 E9 E26 E26 E26,E23,E2,0.862253,NORMAL,False
E5 E22 E5 E5 E11 E9 E11 E9 E11 E9 E26 E26 E26 E23 E23 E23 E21 E21 E21 E5,E5,E5,0.645901,UNCERTAIN,True
E9 E11 E9 E26 E26 E11 E9 E26 E2 E23 E23 E23 E21 E21 E21 E5 E5 E22 E5 E11,E9,E9,0.997626,NORMAL,False
E4 E23 E23 E23 E21 E21 E21 E5 E5 E22 E5 E11 E9 E11 E9 E26 E26 E26 E11 E9,E3,E3,0.350941,ANOMALY,False
E26 E26 E23 E23 E23 E21 E21 E21 E22 E5 E5 E5 E11 E9 E11 E9 E11 E9 E26 E26,E26,E26,0.998348,NORMAL,False
E3 E3 E3 E23 E23 E23 E21 E21 E21 E22 E5 E5 E5 E26 E26 E26 E11 E9 E11 E9,E11,E11,0.983024,NORMAL,False
E5 E26 E26 E11 E9 E11 E9 E11 E9 E26 E4 E3 E4 E2 E2 E2 E23 E23 E23 E21,E21,E21,0.999738,NORMAL,False
E23 E21 E21 E21 E5 E5 E5 E22 E11 E9 E11 E9 E11 E9 E26 E26 E26 E23 E23 E23,E21,E21,0.996387,NORMAL,False
E11 E9 E11 E9 E11 E9 E26 E26 E26 E23 E23 E23 E21 E21 E21 E5 E22 E5 E5 E11,E9,E9,0.997469,NORMAL,False
E11 E9 E11 E9 E26 E26 E11 E9 E26 E23 E23 E23 E21 E21 E21 E5 E5 E5 E22 E11,E9,E9,0.997241,NORMAL,False
E11 E9 E26 E26 E26 E23 E23 E23 E21 E21 E21 E5 E5 E5 E22 E11 E9 E11 E9 E11,E9,E9,0.993244,NORMAL,False
E26 E11 E9 E11 E9 E11 E9 E3 E4 E3 E4 E3 E3 E4 E3 E3 E23 E23 E23 E21,E21,E21,0.998063,NORMAL,False
E5 E22 E9 E11 E9 E11 E9 E11 E26 E26 E26 E23 E23 E23 E21 E21 E21 E5 E5 E5,E22,E22,0.951172,NORMAL,False
E26 E11 E9 E11 E9 E11 E9 E23 E23 E23 E21 E21 E21 E22 E5 E5 E5 E26 E26 E26,E11,E11,0.967522,NORMAL,False
E23 E21 E21 E21 E5 E5 E5 E22 E11 E9 E11 E9 E11 E9 E26 E26 E26 E3 E3 E4,E3,E3,0.834478,NORMAL,False
E3 E3 E4 E3 E3 E4 E3 E3 E4 E23 E23 E23 E21 E21 E21 E22 E5 E5 E5 E26,E26,E26,0.932892,NORMAL,False
E21 E21 E21 E22 E5 E5 E5 E26 E26 E26 E11 E9 E11 E9 E11 E9 E3 E3 E4 E4,E3,E3,0.969846,NORMAL,False
E26 E11 E9 E11 E9 E4 E3 E4 E23 E23 E23 E21 E21 E21 E22 E5 E5 E5 E26 E26,E26,E26,0.739562,NORMAL,False
E9 E11 E9 E26 E26 E26 E5 E5 E5 E22 E11 E9 E11 E9 E26 E26 E11 E9 E26 E2,E5,E5,0.740696,NORMAL,False
E5 E5 E5 E22 E11 E9 E11 E9 E11 E9 E26 E26 E26 E23 E23 E23 E21 E21 E21 E5,E5,E5,0.701612,NORMAL,False
E11 E9 E11 E9 E26 E26 E26 E23 E23 E23 E21 E21 E21 E5 E5 E5 E22 E11 E9 E26,E11,E11,0.920462,NORMAL,False
E23 E21 E21 E21 E5 E5 E5 E22 E11 E9 E11 E9 E11 E9 E26 E26 E26 E23 E23 E23,E21,E21,0.996387,NORMAL,False
E11 E9 E11 E9 E4 E3 E3 E3 E4 E3 E4 E3 E3 E3 E4 E23 E23 E23 E21 E21,E21,E21,0.99556,NORMAL,False
E21 E21 E22 E5 E5 E5 E26 E26 E26 E11 E9 E11 E9 E11 E9 E23 E23 E23 E21 E21,E21,E21,0.993795,NORMAL,False
E21 E21 E21 E5 E22 E5 E5 E11 E9 E11 E9 E11 E9 E26 E26 E26 E23 E23 E23 E21,E21,E21,0.998484,NORMAL,False
E23 E23 E23 E21 E21 E21 E5 E5 E22 E5 E26 E26 E11 E9 E11 E9 E11 E9 E26 E23,E23,E23,0.987513,NORMAL,False
E22 E11 E9 E11 E9 E11 E9 E26 E26 E26 E5 E5 E22 E5 E11 E9 E11 E9 E26 E26,E26,E11,0.524853,UNCERTAIN,True
E3 E4 E4 E4 E4 E4 E23 E23 E23 E21 E21 E21 E22 E5 E5 E5 E26 E26 E26 E11,E9,E9,0.99535,NORMAL,False
E11 E9 E11 E9 E26 E26 E26 E5 E22 E5 E5 E11 E9 E11 E9 E11 E9 E26 E26 E26,E5,E5,0.669126,UNCERTAIN,True
E26 E11 E9 E11 E9 E11 E9 E3 E3 E4 E4 E3 E3 E4 E3 E3 E4 E3 E3 E23,E23,E23,0.992844,NORMAL,False
E11 E9 E11 E9 E26 E26 E23 E23 E23 E21 E21 E21 E5 E22 E5 E5 E11 E9 E11 E9,E11,E11,0.900911,NORMAL,False
E9 E11 E9 E11 E9 E26 E26 E26 E2 E4 E4 E3 E23 E23 E23 E21 E21 E21 E22 E5,E5,E5,0.989336,NORMAL,False
E23 E23 E21 E21 E21 E5 E5 E22 E5 E11 E9 E11 E9 E11 E9 E26 E26 E26 E23 E23,E23,E23,0.997432,NORMAL,False
E9 E11 E9 E11 E9 E26 E26 E26 E23 E23 E23 E21 E21 E21 E5 E5 E5 E22 E11 E9,E11,E11,0.975304,NORMAL,False
E6 E26 E26 E21 E5 E5 E22 E5 E11 E9 E11 E9 E11 E9 E26 E26 E26 E5 E5 E5,E22,E22,0.931926,NORMAL,False
E9 E26 E26 E26 E2 E4 E3 E3 E23 E23 E23 E3 E4 E21 E21 E21 E5 E5 E5 E22,E11,E11,0.886525,NORMAL,False
E2 E23 E23 E23 E21 E21 E21 E5 E5 E5 E22 E11 E9 E26 E26 E11 E9 E11 E9 E26,E23,E23,0.312031,ANOMALY,False
E5 E22 E5 E11 E9 E11 E9 E11 E9 E26 E26 E26 E23 E23 E23 E21 E21 E21 E5 E22,E5,E5,0.985045,NORMAL,False
E5 E22 E5 E5 E11 E9 E9 E26 E26 E11 E9 E11 E26 E23 E23 E23 E21 E21 E21 E5,E5,E5,0.51509,UNCERTAIN,True
E11 E9 E11 E9 E11 E9 E26 E26 E26 E5 E5 E22 E5 E11 E9 E11 E9 E26 E11 E9,E26,E26,0.997991,NORMAL,False
E22 E5 E5 E5 E11 E9 E11 E9 E11 E9 E26 E26 E26 E23 E23 E23 E21 E21 E21 E22,E5,E5,0.992853,NORMAL,False
E11 E9 E11 E9 E26 E26 E26 E11 E9 E4 E4 E3 E2 E23 E23 E23 E21 E21 E21 E22,E5,E5,0.98823,NORMAL,False
E4 E3 E3 E23 E23 E23 E21 E21 E21 E5 E5 E5 E22 E11 E9 E11 E9 E11 E9 E26,E26,E26,0.99776,NORMAL,False
E9 E11 E9 E25 E26 E26 E26 E5 E18 E6 E16 E26 E21 E4 E2 E3 E4 E23 E23 E23,E21,E21,0.991847,NORMAL,False
E21 E21 E21 E5 E5 E5 E22 E11 E9 E11 E9 E11 E9 E26 E26 E26 E23 E23 E23 E21,E21,E21,0.997397,NORMAL,False
E23 E21 E21 E21 E5 E22 E5 E5 E11 E9 E11 E9 E11 E9 E26 E26 E26 E23 E23 E23,E21,E21,0.997857,NORMAL,False
E11 E9 E11 E9 E26 E11 E9 E3 E3 E4 E3 E4 E3 E4 E3 E3 E23 E23 E23 E21,E21,E21,0.998285,NORMAL,False
E21 E21 E22 E5 E5 E5 E26 E26 E26 E11 E9 E11 E9 E11 E9 E23 E23 E23 E21 E21,E21,E20,0.993795,NORMAL,False
E22 E11 E9 E11 E9 E11 E9 E26 E26 E26 E5 E5 E5 E22 E11 E9 E11 E9 E11 E9,E26,E26,0.99455,NORMAL,False
E5 E22 E11 E9 E11 E9 E11 E9 E26 E26 E26 E23 E23 E23 E21 E21 E21 E5 E5 E5,E22,E22,0.940906,NORMAL,False
E9 E11 E9 E11 E9 E26 E26 E26 E23 E23 E23 E21 E21 E21 E5 E5 E22 E5 E11 E9,E11,E11,0.976374,NORMAL,False
E5 E22 E5 E5 E11 E9 E11 E9 E26 E26 E26 E11 E9 E3 E3 E4 E3 E3 E4 E23,E23,E23,0.96761,NORMAL,False
E23 E23 E23 E21 E21 E21 E5 E5 E5 E22 E11 E9 E11 E9 E11 E9 E26 E26 E26 E23,E23,E23,0.994407,NORMAL,False
E23 E23 E21 E21 E21 E22 E5 E5 E5 E11 E9 E11 E9 E11 E9 E26 E26 E26 E23 E23,E23,E23,0.994918,NORMAL,False
E5 E5 E5 E22 E11 E9 E11 E9 E26 E26 E11 E9 E26 E23 E23 E23 E21 E21 E20 E21,E5,E20,0.787722,NORMAL,False
E21 E22 E5 E5 E5 E11 E9 E11 E9 E11 E9 E26 E26 E26 E23 E23 E23 E21 E21 E21,E5,E5,0.719782,NORMAL,False
E22 E26 E26 E11 E9 E11 E9 E11 E9 E26 E23 E23 E23 E21 E21 E21 E5 E5 E5 E22,E11,E11,0.907916,NORMAL,False
E26 E26 E5 E5 E22 E5 E11 E9 E11 E9 E11 E9 E26 E26 E26 E5 E5 E22 E5 E11,E9,E9,0.997342,NORMAL,False
E11 E9 E26 E26 E26 E23 E23 E23 E21 E21 E21 E5 E5 E5 E22 E11 E9 E11 E9 E11,E9,E9,0.993244,NORMAL,False
E11 E9 E11 E9 E26 E26 E11 E9 E26 E23 E23 E23 E21 E21 E21 E5 E22 E5 E5 E11,E9,E9,0.997827,NORMAL,False
E5 E22 E11 E9 E11 E9 E11 E9 E26 E26 E26 E23 E23 E23 E21 E21 E21 E5 E5 E5,E22,E22,0.940906,NORMAL,False
E3 E3 E4 E3 E3 E4 E3 E3 E23 E23 E23 E21 E21 E21 E22 E5 E5 E5 E26 E26,E26,E26,0.834722,NORMAL,False
E3 E3 E4 E3 E3 E4 E3 E3 E4 E23 E23 E23 E21 E21 E21 E22 E5 E5 E5 E11,E9,E9,0.999059,NORMAL,False
E9 E11 E9 E11 E9 E26 E26 E26 E23 E23 E23 E21 E21 E21 E5 E5 E22 E5 E11 E9,E11,E11,0.976374,NORMAL,False
E9 E11 E9 E26 E26 E26 E23 E23 E23 E21 E21 E21 E5 E11 E9 E5 E9 E5 E11 E9,E26,E22,0.892393,NORMAL,False
E26 E26 E26 E2 E3 E4 E3 E3 E4 E3 E23 E23 E23 E21 E21 E21 E5 E5 E22 E5,E11,E11,0.941687,NORMAL,False
E5 E22 E11 E9 E11 E9 E11 E9 E26 E26 E26 E23 E23 E23 E21 E21 E21 E5 E22 E5,E5,E5,0.890014,NORMAL,False
E5 E5 E22 E5 E11 E9 E11 E9 E11 E9 E26 E26 E26 E2 E23 E23 E23 E21 E21 E21,E5,E5,0.655026,UNCERTAIN,True
E26 E26 E23 E23 E23 E21 E21 E21 E5 E5 E22 E5 E11 E9 E11 E9 E11 E9 E26 E26,E26,E26,0.996796,NORMAL,False
E3 E3 E4 E3 E3 E4 E3 E3 E4 E3 E3 E4 E23 E23 E23 E21 E21 E21 E22 E5,E5,E5,0.980231,NORMAL,False
E11 E9 E26 E26 E26 E5 E5 E5 E22 E11 E9 E11 E9 E11 E9 E26 E26 E26 E5 E5,E5,E5,0.708083,NORMAL,False
E5 E5 E22 E11 E9 E11 E9 E11 E9 E26 E26 E26 E23 E23 E23 E21 E21 E21 E5 E5,E5,E22,0.681922,UNCERTAIN,True
E11 E9 E26 E26 E26 E4 E4 E3 E2 E23 E23 E23 E21 E20 E21 E21 E5 E5 E5 E22,E11,E11,0.925565,NORMAL,False
E26 E26 E26 E11 E9 E11 E9 E11 E9 E3 E3 E3 E3 E3 E3 E23 E23 E23 E21 E21,E21,E21,0.988999,NORMAL,False
E11 E9 E11 E9 E11 E9 E26 E26 E26 E23 E23 E23 E21 E21 E21 E5 E5 E5 E22 E11,E9,E9,0.996729,NORMAL,False
E5 E26 E26 E26 E11 E9 E11 E9 E11 E9 E3 E4 E3 E4 E3 E3 E3 E4 E3 E4,E3,E3,0.863352,NORMAL,False
E9 E11 E9 E11 E9 E26 E26 E26 E23 E23 E23 E21 E21 E21 E5 E5 E5 E22 E11 E9,E11,E11,0.975304,NORMAL,False
E4 E2 E2 E23 E23 E23 E21 E21 E21 E22 E5 E5 E5 E26 E26 E26 E11 E9 E11 E9,E11,E11,0.983775,NORMAL,False
E21 E21 E21 E22 E5 E5 E5 E11 E9 E11 E9 E11 E9 E26 E26 E26 E3 E3 E4 E3,E3,E3,0.682621,UNCERTAIN,True
E11 E9 E26 E26 E11 E9 E26 E23 E23 E23 E21 E21 E21 E22 E5 E5 E5 E11 E9 E11,E9,E9,0.998112,NORMAL,False
E26 E26 E26 E23 E23 E23 E21 E21 E21 E5 E22 E5 E5 E11 E9 E11 E9 E11 E9 E26,E26,E26,0.999437,NORMAL,False
E9 E11 E9 E26 E26 E26 E23 E23 E23 E21 E21 E21 E5 E5 E22 E5 E11 E9 E11 E9,E11,E11,0.86529,NORMAL,False
E9 E11 E9 E11 E9 E4 E3 E4 E23 E23 E23 E21 E21 E21 E22 E5 E5 E5 E26 E26,E26,E26,0.865078,NORMAL,False
E5 E5 E5 E26 E26 E26 E11 E9 E11 E9 E11 E9 E4 E3 E4 E2 E2 E2 E23 E23,E23,E23,0.977301,NORMAL,False
E21 E5 E5 E5 E22 E11 E9 E11 E9 E11 E9 E26 E26 E26 E23 E23 E23 E21 E21 E21,E5,E5,0.833877,NORMAL,False
E11 E9 E11 E9 E11 E9 E2 E3 E2 E23 E23 E23 E21 E21 E21 E22 E5 E5 E5 E26,E26,E26,0.986413,NORMAL,False
E26 E5 E22 E5 E5 E11 E9 E11 E9 E11 E9 E26 E26 E26 E5 E5 E22 E5 E11 E9,E11,E11,0.974795,NORMAL,False
E9 E4 E4 E3 E2 E23 E23 E23 E21 E21 E21 E22 E5 E5 E5 E26 E26 E11 E9 E11,E9,E9,0.997903,NORMAL,False
E11 E9 E26 E26 E26 E23 E23 E23 E21 E21 E21 E5 E22 E5 E5 E11 E9 E11 E9 E11,E9,E9,0.997509,NORMAL,False
E21 E21 E5 E5 E22 E5 E11 E9 E11 E9 E26 E26 E11 E9 E26 E23 E23 E23 E21 E21,E21,E21,0.994639,NORMAL,False
E9 E26 E26 E26 E4 E3 E4 E23 E23 E23 E2 E21 E21 E21 E5 E5 E5 E22 E11 E9,E11,E11,0.961324,NORMAL,False
E26 E23 E23 E23 E21 E21 E21 E5 E22 E5 E5 E11 E9 E11 E9 E26 E11 E9 E26 E26,E23,E23,0.859938,NORMAL,False
E23 E21 E21 E21 E22 E5 E5 E5 E26 E26 E26 E11 E9 E11 E9 E11 E9 E3 E4 E3,E3,E3,0.562828,UNCERTAIN,True
E5 E5 E11 E9 E11 E9 E11 E9 E26 E26 E26 E23 E23 E23 E21 E21 E21 E22 E5 E5,E5,E5,0.96596,NORMAL,False
E26 E26 E11 E9 E11 E9 E11 E9 E3 E3 E4 E3 E3 E4 E3 E3 E4 E23 E23 E23,E21,E21,0.992682,NORMAL,False
E22 E5 E11 E9 E11 E9 E11 E9 E26 E26 E26 E23 E23 E23 E21 E21 E21 E5 E5 E5,E22,E22,0.943585,NORMAL,False
E26 E4 E4 E3 E2 E2 E23 E23 E23 E21 E21 E21 E5 E5 E22 E5 E11 E9 E11 E9,E11,E9,0.78184,NORMAL,False
E9 E26 E26 E26 E23 E23 E23 E21 E21 E21 E5 E5 E5 E22 E11 E9 E11 E9 E26 E26,E11,E11,0.728968,NORMAL,False
E22 E5 E5 E5 E26 E26 E26 E11 E9 E11 E9 E11 E9 E4 E4 E3 E2 E23 E23 E23,E21,E21,0.975507,NORMAL,False
E9 E11 E9 E26 E26 E26 E23 E23 E23 E21 E21 E21 E5 E22 E5 E5 E11 E9 E11 E9,E11,E26,0.910406,NORMAL,False
E5 E5 E22 E11 E9 E11 E9 E11 E9 E26 E26 E26 E23 E23 E23 E21 E21 E21 E5 E5,E5,E22,0.681922,UNCERTAIN,True
E11 E9 E11 E9 E26 E26 E26 E23 E23 E23 E21 E21 E21 E5 E5 E22 E5 E11 E9 E11,E9,E9,0.996771,NORMAL,False
E26 E26 E11 E9 E26 E5 E5 E22 E5 E11 E9 E11 E9 E11 E9 E26 E26 E26 E5 E5,E5,E22,0.674645,UNCERTAIN,True
E2 E23 E23 E23 E21 E21 E21 E22 E5 E5 E5 E26 E26 E26 E11 E9 E11 E9 E11 E9,E2,E4,0.421777,UNCERTAIN,True
E9 E26 E2 E2 E23 E23 E23 E21 E21 E21 E22 E5 E5 E5 E26 E26 E11 E9 E11 E9,E11,E26,0.94908,NORMAL,False
E9 E11 E9 E4 E4 E3 E2 E2 E2 E23 E23 E23 E21 E21 E21 E22 E5 E5 E5 E26,E26,E11,0.980553,NORMAL,False
E26 E23 E23 E23 E21 E21 E21 E5 E5 E5 E22 E11 E9 E11 E9 E11 E9 E26 E26 E26,E23,E23,0.879381,NORMAL,False
E4 E3 E4 E3 E3 E4 E3 E3 E4 E3 E23 E23 E23 E21 E21 E21 E22 E5 E5 E5,E26,E26,0.915493,NORMAL,False
E23 E21 E21 E21 E5 E5 E5 E22 E11 E9 E11 E9 E9 E26 E26 E26 E11 E23 E23 E23,E21,E21,0.992681,NORMAL,False
E26 E4 E3 E4 E23 E23 E23 E21 E21 E21 E5 E5 E5 E22 E11 E9 E11 E9 E11 E9,E26,E26,0.986353,NORMAL,False
E3 E4 E3 E4 E3 E23 E23 E23 E21 E21 E21 E22 E5 E5 E5 E26 E26 E26 E11 E9,E11,E11,0.996075,NORMAL,False
E26 E26 E23 E23 E23 E21 E21 E21 E5 E5 E5 E22 E11 E9 E11 E9 E11 E9 E26 E26,E26,E26,0.993802,NORMAL,False
E21 E21 E5 E5 E5 E22 E11 E9 E9 E26 E26 E11 E9 E11 E26 E5 E5 E22 E5 E11,E9,E9,0.998622,NORMAL,False
E26 E26 E4 E4 E3 E2 E2 E23 E23 E23 E21 E21 E21 E22 E5 E5 E5 E11 E9 E11,E9,E9,0.998304,NORMAL,False
E22 E11 E9 E11 E9 E11 E9 E26 E26 E26 E23 E23 E23 E21 E21 E21 E5 E5 E5 E22,E11,E11,0.966328,NORMAL,False
E21 E5 E5 E5 E22 E11 E9 E11 E9 E11 E9 E26 E26 E26 E23 E23 E23 E21 E21 E21,E5,E5,0.833877,NORMAL,False
E23 E23 E21 E21 E21 E22 E5 E5 E5 E11 E9 E11 E9 E11 E9 E26 E26 E26 E23 E23,E23,E23,0.994918,NORMAL,False
E21 E21 E5 E5 E5 E22 E11 E9 E11 E9 E11 E9 E26 E26 E26 E23 E23 E23 E21 E21,E21,E21,0.990995,NORMAL,False
E11 E9 E11 E9 E11 E9 E26 E26 E26 E23 E23 E23 E21 E21 E21 E5 E5 E5 E22 E11,E9,E9,0.996729,NORMAL,False
E5 E5 E22 E11 E9 E11 E9 E11 E9 E26 E26 E26 E5 E5 E5 E22 E11 E9 E11 E9,E11,E26,0.821839,NORMAL,False
E11 E9 E11 E9 E26 E26 E11 E9 E26 E23 E23 E23 E21 E21 E21 E5 E5 E22 E5 E11,E9,E9,0.997177,NORMAL,False
E21 E21 E21 E5 E22 E5 E5 E11 E9 E11 E9 E11 E9 E26 E26 E26 E23 E23 E23 E21,E21,E21,0.998484,NORMAL,False
E3 E3 E4 E3 E4 E3 E3 E23 E23 E23 E21 E21 E21 E22 E5 E5 E5 E11 E9 E26,E26,E26,0.82726,NORMAL,False
E26 E5 E22 E5 E5 E11 E9 E11 E9 E11 E9 E26 E26 E26 E5 E5 E5 E22 E11 E9,E11,E11,0.976517,NORMAL,False
E9 E11 E9 E26 E26 E26 E23 E23 E23 E21 E21 E21 E5 E5 E22 E5 E11 E9 E11 E9,E11,E11,0.86529,NORMAL,False
E23 E21 E21 E21 E5 E5 E5 E22 E11 E9 E11 E9 E11 E9 E26 E26 E26 E23 E23 E23,E21,E21,0.996387,NORMAL,False
E26 E9 E11 E9 E11 E26 E26 E23 E23 E23 E21 E21 E21 E5 E5 E22 E5 E11 E9 E11,E9,E9,0.996803,NORMAL,False
E23 E23 E23 E21 E21 E21 E22 E5 E5 E5 E26 E26 E26 E11 E9 E11 E9 E11 E9 E23,E23,E23,0.979164,NORMAL,False
E9 E26 E26 E26 E23 E23 E23 E21 E21 E21 E5 E5 E5 E22 E11 E9 E11 E9 E11 E9,E26,E26,0.991192,NORMAL,False
E21 E21 E22 E5 E5 E5 E26 E26 E26 E11 E9 E11 E9 E11 E9 E2 E4 E4 E3 E23,E23,E23,0.922093,NORMAL,False
E26 E26 E26 E11 E9 E11 E9 E11 E9 E3 E3 E4 E3 E3 E4 E3 E3 E4 E3 E3,E4,E4,0.787899,NORMAL,False
E22 E11 E9 E11 E9 E11 E9 E26 E26 E26 E23 E23 E23 E21 E21 E21 E5 E5 E22 E5,E11,E11,0.965017,NORMAL,False
E11 E9 E26 E26 E26 E23 E23 E23 E21 E21 E21 E5 E5 E5 E22 E11 E9 E11 E9 E11,E9,E9,0.993244,NORMAL,False
E11 E9 E11 E9 E11 E9 E26 E26 E26 E23 E23 E23 E21 E21 E21 E5 E5 E5 E22 E11,E9,E9,0.996729,NORMAL,False
E11 E9 E11 E9 E11 E9 E2 E23 E23 E23 E21 E21 E21 E22 E5 E5 E5 E26 E26 E26,E11,E11,0.966812,NORMAL,False
E5 E5 E22 E5 E11 E9 E11 E9 E26 E26 E11 E9 E26 E23 E23 E23 E21 E21 E21 E5,E5,E5,0.642938,UNCERTAIN,True
E11 E9 E11 E9 E26 E26 E26 E23 E23 E23 E21 E21 E21 E5 E5 E5 E22 E11 E9 E11,E9,E9,0.996249,NORMAL,False
E11 E9 E3 E4 E3 E3 E4 E3 E3 E4 E3 E4 E3 E3 E23 E23 E23 E21 E21 E21,E22,E22,0.863469,NORMAL,False
E5 E5 E5 E22 E11 E9 E26 E26 E11 E9 E11 E9 E26 E23 E23 E23 E21 E21 E21 E20,E5,E5,0.692478,UNCERTAIN,True
E9 E26 E26 E26 E23 E23 E23 E21 E21 E21 E5 E5 E22 E5 E11 E9 E11 E9 E11 E9,E26,E26,0.991719,NORMAL,False
E9 E9 E11 E26 E26 E26 E23 E23 E23 E21 E21 E21 E5 E5 E5 E22 E11 E9 E11 E9,E11,E11,0.85568,NORMAL,False
E26 E11 E9 E11 E9 E11 E9 E4 E4 E3 E2 E23 E23 E23 E21 E21 E21 E22 E5 E5,E5,E5,0.87675,NORMAL,False
E5 E5 E11 E11 E9 E9 E26 E11 E9 E26 E26 E5 E5 E22 E5 E11 E9 E11 E9 E26,E26,E11,0.909179,NORMAL,False
E5 E5 E22 E5 E11 E9 E11 E9 E11 E9 E26 E26 E26 E23 E23 E23 E21 E21 E21 E5,E5,E5,0.664844,UNCERTAIN,True
E11 E9 E23 E23 E23 E21 E21 E21 E22 E5 E5 E5 E26 E26 E26 E11 E9 E11 E9 E11,E9,E9,0.994467,NORMAL,False
E23 E23 E21 E21 E21 E22 E5 E5 E5 E26 E26 E26 E11 E9 E11 E9 E11 E9 E4 E3,E4,E3,0.771649,NORMAL,False
E21 E22 E5 E5 E5 E26 E26 E26 E11 E9 E11 E11 E9 E9 E4 E4 E3 E2 E23 E23,E23,E23,0.986239,NORMAL,False
E26 E23 E23 E23 E21 E21 E21 E5 E5 E5 E22 E11 E9 E26 E11 E9 E11 E9 E26 E26,E23,E23,0.77922,NORMAL,False
E21 E21 E5 E5 E5 E22 E11 E9 E11 E9 E11 E9 E26 E26 E26 E23 E23 E23 E21 E21,E21,E21,0.990995,NORMAL,False
E26 E26 E11 E9 E11 E9 E26 E3 E4 E3 E23 E23 E23 E21 E21 E21 E5 E22 E5 E5,E11,E11,0.834449,NORMAL,False
E5 E5 E26 E26 E26 E11 E9 E11 E9 E11 E9 E3 E3 E3 E3 E3 E3 E23 E23 E23,E21,E21,0.980942,NORMAL,False
E21 E21 E21 E5 E5 E22 E5 E11 E9 E11 E9 E11 E9 E26 E26 E26 E23 E23 E23 E21,E21,E21,0.998075,NORMAL,False
E23 E23 E21 E21 E21 E5 E22 E5 E5 E11 E9 E11 E9 E11 E9 E26 E26 E26 E23 E23,E23,E23,0.996665,NORMAL,False
E23 E23 E23 E21 E21 E21 E5 E5 E5 E22 E11 E9 E11 E9 E26 E11 E9 E26 E26 E3,E3,E3,0.477217,UNCERTAIN,True
E23 E21 E21 E21 E22 E5 E5 E5 E26 E26 E11 E9 E11 E9 E11 E9 E26 E27 E23 E23,E23,E23,0.970205,NORMAL,False
E26 E23 E23 E23 E21 E21 E21 E5 E22 E5 E5 E11 E9 E26 E11 E9 E11 E9 E26 E26,E23,E23,0.729801,NORMAL,False
E21 E5 E22 E5 E5 E11 E9 E26 E11 E9 E11 E9 E26 E26 E23 E23 E23 E21 E21 E21,E5,E5,0.663177,UNCERTAIN,True
E11 E9 E11 E9 E26 E26 E26 E2 E5 E5 E5 E22 E11 E9 E11 E9 E11 E9 E26 E26,E26,E26,0.93391,NORMAL,False
E9 E11 E9 E11 E9 E23 E23 E23 E21 E21 E21 E22 E5 E5 E5 E26 E26 E26 E11 E9,E11,E11,0.994625,NORMAL,False
E26 E23 E23 E23 E21 E21 E21 E5 E5 E22 E5 E11 E9 E11 E9 E11 E9 E26 E26 E26,E23,E23,0.896408,NORMAL,False
E11 E9 E11 E9 E11 E9 E26 E26 E26 E5 E5 E5 E22 E11 E9 E11 E9 E11 E9 E26,E26,E26,0.995671,NORMAL,False
E22 E5 E11 E9 E11 E9 E26 E26 E11 E9 E26 E4 E4 E3 E2 E23 E23 E23 E21 E21,E21,E21,0.997748,NORMAL,False
E22 E5 E5 E5 E26 E26 E26 E11 E9 E11 E9 E11 E9 E2 E4 E4 E3 E2 E2 E23,E23,E23,0.987427,NORMAL,False
E26 E26 E26 E23 E23 E23 E21 E21 E21 E5 E22 E5 E5 E11 E9 E11 E9 E11 E9 E26,E26,E26,0.999437,NORMAL,False
E11 E9 E26 E26 E26 E2 E5 E5 E22 E5 E11 E9 E11 E9 E11 E9 E26 E26 E26 E5,E5,E22,0.689969,UNCERTAIN,True
E9 E26 E26 E26 E23 E23 E23 E21 E21 E21 E5 E5 E5 E22 E11 E9 E11 E9 E11 E9,E26,E26,0.991192,NORMAL,False
E26 E23 E23 E23 E21 E21 E21 E5 E5 E5 E22 E11 E9 E11 E9 E11 E9 E26 E26 E26,E23,E23,0.879381,NORMAL,False
E21 E5 E5 E22 E5 E11 E9 E11 E9 E11 E9 E26 E26 E26 E2 E23 E23 E23 E21 E21,E21,E21,0.997341,NORMAL,False
E9 E26 E26 E26 E23 E23 E23 E21 E21 E21 E5 E22 E5 E5 E11 E9 E11 E9 E11 E9,E26,E26,0.988476,NORMAL,False
E9 E11 E9 E11 E9 E26 E26 E26 E5 E5 E22 E5 E11 E9 E11 E9 E26 E26 E11 E9,E26,E26,0.982113,NORMAL,False
E3 E4 E3 E23 E23 E23 E21 E21 E21 E22 E5 E5 E5 E26 E11 E9 E26 E26 E11 E9,E11,E11,0.98745,NORMAL,False
E22 E5 E11 E9 E11 E9 E11 E9 E26 E26 E26 E5 E22 E5 E5 E11 E9 E11 E9 E11,E9,E9,0.997879,NORMAL,False
E5 E5 E5 E26 E26 E26 E11 E9 E11 E9 E11 E9 E4 E3 E4 E2 E2 E23 E23 E23,E21,E21,0.991372,NORMAL,False
E23 E23 E23 E21 E21 E21 E5 E5 E5 E22 E11 E9 E26 E11 E9 E11 E9 E26 E26 E23,E23,E23,0.993889,NORMAL,False
E22 E5 E11 E9 E11 E9 E11 E9 E26 E26 E26 E2 E23 E23 E23 E21 E21 E21 E5 E22,E5,E5,0.985147,NORMAL,False
E26 E11 E9 E26 E26 E5 E22 E5 E5 E11 E9 E11 E9 E11 E9 E26 E26 E26 E23 E23,E23,E23,0.921181,NORMAL,False
E9 E26 E11 E9 E26 E26 E23 E23 E23 E21 E21 E21 E5 E5 E5 E22 E11 E9 E26 E11,E9,E9,0.98139,NORMAL,False
E11 E9 E26 E26 E26 E23 E23 E23 E21 E21 E21 E5 E5 E22 E5 E11 E9 E11 E9 E11,E9,E9,0.995243,NORMAL,False
E22 E5 E5 E11 E9 E11 E9 E11 E9 E26 E26 E26 E23 E23 E23 E21 E21 E21 E22 E5,E5,E5,0.989135,NORMAL,False
E9 E11 E9 E11 E9 E26 E26 E26 E23 E23 E23 E21 E21 E21 E5 E5 E5 E22 E11 E9,E11,E11,0.975304,NORMAL,False
E26 E23 E23 E23 E21 E21 E21 E5 E5 E5 E22 E11 E9 E11 E9 E11 E9 E26 E26 E26,E23,E23,0.879381,NORMAL,False
E9 E11 E9 E11 E9 E26 E26 E26 E25 E18 E5 E6 E16 E26 E26 E21 E23 E23 E23 E21,E21,E21,0.856656,NORMAL,False
E11 E9 E26 E26 E26 E23 E23 E23 E21 E21 E21 E5 E5 E5 E22 E11 E9 E11 E9 E11,E9,E9,0.993244,NORMAL,False
E23 E21 E21 E21 E5 E5 E5 E22 E11 E9 E11 E9 E11 E9 E26 E26 E26 E2 E23 E23,E23,E23,0.997419,NORMAL,False
E26 E26 E2 E23 E23 E23 E21 E21 E21 E5 E5 E5 E22 E11 E9 E9 E11 E9 E26 E26,E26,E26,0.968435,NORMAL,False
E26 E23 E23 E23 E21 E21 E21 E5 E5 E22 E7 E5 E5 E22 E5 E11 E9 E11 E9 E11,E9,E9,0.979991,NORMAL,False
E11 E9 E26 E26 E26 E23 E23 E23 E21 E21 E21 E5 E22 E5 E5 E11 E9 E11 E9 E11,E9,E9,0.997509,NORMAL,False
E26 E26 E26 E11 E9 E11 E9 E4 E3 E4 E2 E23 E23 E23 E21 E21 E21 E5 E22 E5,E5,E5,0.767265,NORMAL,False
E3 E4 E3 E3 E4 E23 E23 E23 E21 E21 E21 E22 E5 E5 E5 E26 E26 E26 E11 E9,E11,E11,0.996354,NORMAL,False
E21 E21 E21 E5 E5 E5 E22 E11 E9 E11 E9 E11 E9 E26 E26 E26 E23 E23 E23 E21,E21,E21,0.997397,NORMAL,False
E9 E26 E26 E26 E23 E23 E23 E21 E21 E21 E5 E5 E22 E5 E11 E9 E11 E9 E11 E9,E26,E26,0.991719,NORMAL,False
E26 E23 E23 E23 E21 E21 E21 E5 E22 E5 E5 E11 E9 E11 E9 E11 E9 E26 E26 E26,E23,E23,0.862253,NORMAL,False
E9 E11 E9 E26 E26 E26 E23 E23 E23 E21 E21 E21 E5 E5 E5 E22 E11 E9 E11 E9,E11,E11,0.848735,NORMAL,False
E5 E11 E9 E11 E9 E11 E9 E26 E26 E26 E2 E4 E3 E4 E2 E2 E23 E23 E23 E21,E21,E21,0.999591,NORMAL,False
E26 E26 E26 E11 E9 E11 E9 E11 E9 E23 E23 E23 E21 E21 E21 E22 E5 E5 E5 E11,E9,E9,0.998126,NORMAL,False
E26 E26 E5 E22 E5 E5 E11 E9 E11 E9 E11 E9 E26 E26 E26 E2 E22 E5 E5 E5,E11,E11,0.852908,NORMAL,False
E3 E3 E4 E23 E23 E23 E21 E21 E21 E5 E5 E5 E22 E11 E9 E11 E9 E11 E9 E26,E26,E26,0.998156,NORMAL,False
E22 E5 E11 E9 E11 E9 E11 E9 E26 E26 E26 E23 E23 E23 E21 E21 E21 E5 E5 E22,E5,E5,0.927675,NORMAL,False
E9 E11 E9 E2 E23 E23 E23 E21 E21 E21 E22 E5 E5 E5 E26 E11 E9 E26 E26 E11,E9,E9,0.984674,NORMAL,False
E5 E22 E5 E5 E11 E9 E11 E9 E11 E9 E26 E26 E26 E23 E23 E23 E21 E21 E21 E22,E5,E5,0.993162,NORMAL,False
E21 E5 E5 E22 E5 E11 E9 E11 E9 E11 E9 E26 E26 E26 E23 E23 E23 E21 E21 E21,E5,E5,0.798109,NORMAL,False
E26 E26 E5 E5 E5 E22 E11 E9 E11 E9 E26 E26 E11 E9 E26 E5 E5 E22 E5 E11,E9,E9,0.997198,NORMAL,False
E11 E9 E26 E26 E26 E2 E5 E22 E5 E5 E11 E9 E11 E9 E11 E9 E26 E26 E26 E5,E5,E22,0.656119,UNCERTAIN,True
E26 E26 E26 E4 E4 E3 E23 E23 E23 E21 E21 E21 E20 E5 E5 E22 E5 E11 E9 E11,E9,E9,0.996916,NORMAL,False
E3 E23 E23 E23 E21 E21 E21 E22 E5 E5 E5 E26 E26 E11 E9 E11 E9 E11 E9 E26,E25,E3,0.311373,ANOMALY,False
E21 E21 E21 E22 E5 E5 E5 E26 E26 E26 E11 E9 E11 E9 E11 E9 E3 E4 E3 E4,E3,E3,0.886307,NORMAL,False
E9 E26 E11 E9 E26 E11 E9 E26 E3 E4 E3 E4 E3 E3 E23 E23 E23 E21 E21 E21,E5,E5,0.596764,UNCERTAIN,True
E21 E21 E22 E5 E5 E5 E26 E26 E26 E11 E9 E11 E9 E11 E9 E4 E3 E3 E3 E3,E4,E4,0.858674,NORMAL,False
E26 E26 E26 E23 E23 E23 E21 E21 E21 E5 E5 E22 E5 E11 E9 E11 E9 E11 E9 E26,E26,E26,0.999357,NORMAL,False
E23 E23 E23 E21 E21 E21 E5 E5 E5 E22 E11 E9 E11 E9 E11 E9 E26 E26 E26 E23,E23,E23,0.994407,NORMAL,False
E11 E9 E11 E9 E26 E26 E26 E23 E23 E23 E21 E21 E21 E5 E22 E5 E5 E11 E9 E11,E9,E9,0.997471,NORMAL,False
E26 E26 E11 E9 E11 E9 E11 E9 E26 E2 E2 E23 E23 E23 E21 E21 E21 E22 E5 E5,E5,E5,0.953434,NORMAL,False
E9 E26 E26 E2 E23 E23 E23 E21 E21 E21 E5 E5 E5 E22 E11 E9 E11 E9 E11 E9,E26,E26,0.989083,NORMAL,False
E9 E11 E9 E26 E26 E11 E9 E26 E4 E3 E4 E23 E23 E23 E21 E21 E21 E5 E5 E5,E22,E22,0.962556,NORMAL,False
E22 E11 E9 E11 E9 E11 E9 E26 E26 E26 E5 E5 E5 E22 E11 E9 E11 E9 E11 E9,E26,E26,0.99455,NORMAL,False
E23 E23 E23 E21 E21 E21 E22 E5 E5 E5 E26 E26 E11 E9 E11 E9 E11 E9 E26 E4,E4,E4,0.52304,UNCERTAIN,True
E21 E5 E22 E5 E5 E11 E9 E11 E9 E11 E9 E26 E26 E26 E4 E3 E4 E23 E23 E23,E21,E21,0.993509,NORMAL,False
E26 E26 E23 E23 E23 E21 E21 E21 E22 E5 E5 E5 E11 E9 E11 E9 E26 E26 E11 E9,E26,E26,0.994267,NORMAL,False
E23 E23 E23 E21 E21 E21 E5 E22 E5 E5 E11 E9 E11 E9 E11 E9 E26 E26 E26 E3,E4,E3,0.568872,UNCERTAIN,True
E9 E11 E9 E11 E9 E26 E26 E26 E23 E23 E23 E21 E21 E21 E5 E22 E5 E5 E11 E9,E11,E26,0.979322,NORMAL,False
E26 E26 E26 E11 E9 E11 E9 E11 E9 E23 E23 E23 E21 E21 E21 E22 E5 E5 E5 E26,E26,E11,0.980857,NORMAL,False
E9 E11 E9 E23 E23 E23 E21 E21 E21 E22 E5 E5 E5 E26 E26 E26 E11 E9 E11 E9,E11,E11,0.97518,NORMAL,False
E23 E23 E21 E21 E21 E22 E5 E5 E5 E26 E26 E26 E11 E9 E11 E9 E11 E9 E23 E23,E23,E23,0.973546,NORMAL,False
E9 E11 E9 E11 E9 E26 E26 E26 E23 E23 E23 E21 E21 E21 E5 E5 E22 E5 E11 E9,E11,E11,0.976374,NORMAL,False
E26 E26 E26 E5 E5 E5 E22 E11 E9 E11 E9 E11 E9 E26 E26 E26 E5 E5 E5 E22,E11,E11,0.966061,NORMAL,False
E23 E21 E21 E21 E22 E5 E5 E5 E26 E26 E26 E11 E9 E11 E9 E11 E9 E23 E23 E23,E21,E21,0.996867,NORMAL,False
E21 E21 E21 E5 E5 E22 E5 E11 E9 E11 E9 E11 E9 E26 E26 E26 E23 E23 E23 E21,E21,E21,0.998075,NORMAL,False
E9 E11 E9 E26 E26 E26 E4 E3 E4 E2 E23 E23 E23 E21 E21 E21 E5 E5 E5 E22,E11,E11,0.94298,NORMAL,False
E21 E21 E21 E22 E5 E5 E5 E26 E26 E26 E11 E9 E11 E9 E11 E9 E3 E2 E23 E23,E23,E23,0.986562,NORMAL,False
E5 E5 E5 E22 E11 E9 E11 E9 E11 E9 E26 E26 E26 E23 E23 E23 E21 E21 E21 E5,E5,E5,0.701612,NORMAL,False
E23 E21 E21 E21 E5 E5 E22 E5 E11 E9 E26 E11 E9 E11 E9 E26 E26 E23 E23 E23,E21,E21,0.997609,NORMAL,False
E11 E9 E11 E9 E11 E9 E23 E23 E23 E21 E21 E21 E22 E5 E5 E5 E26 E26 E26 E11,E9,E9,0.997027,NORMAL,False
E5 E5 E22 E11 E9 E11 E9 E11 E9 E26 E26 E26 E23 E23 E23 E21 E21 E21 E5 E22,E5,E5,0.985457,NORMAL,False
E5 E22 E5 E5 E11 E9 E26 E11 E9 E11 E9 E26 E26 E23 E23 E23 E21 E21 E21 E5,E5,E22,0.611864,UNCERTAIN,True
E23 E21 E21 E21 E5 E5 E22 E5 E11 E9 E11 E9 E11 E9 E26 E26 E26 E23 E23 E23,E21,E21,0.997322,NORMAL,False
E21 E21 E21 E22 E5 E5 E5 E11 E9 E11 E9 E11 E9 E26 E26 E26 E23 E23 E23 E21,E21,E21,0.998561,NORMAL,False
E11 E9 E11 E9 E11 E9 E23 E23 E23 E21 E21 E21 E22 E5 E5 E5 E26 E26 E26 E11,E9,E9,0.997027,NORMAL,False
E9 E11 E9 E11 E9 E26 E26 E26 E5 E5 E22 E5 E11 E9 E11 E9 E11 E9 E26 E26,E26,E26,0.954804,NORMAL,False
E23 E23 E21 E21 E21 E22 E5 E5 E5 E26 E26 E26 E11 E9 E11 E9 E11 E9 E4 E4,E3,E3,0.568937,UNCERTAIN,True
E23 E23 E23 E21 E21 E21 E5 E22 E5 E5 E11 E9 E11 E9 E11 E9 E26 E26 E26 E3,E4,E3,0.568872,UNCERTAIN,True
E9 E26 E26 E26 E5 E22 E5 E5 E11 E9 E11 E9 E11 E9 E26 E26 E26 E5 E5 E5,E22,E22,0.936279,NORMAL,False
E9 E11 E9 E26 E26 E26 E23 E23 E23 E21 E21 E21 E5 E5 E22 E5 E11 E9 E11 E9,E11,E11,0.86529,NORMAL,False
E21 E21 E21 E5 E22 E5 E5 E11 E9 E11 E9 E11 E9 E26 E26 E26 E23 E23 E23 E21,E21,E21,0.998484,NORMAL,False
E22 E5 E5 E11 E9 E11 E9 E11 E9 E26 E26 E26 E5 E5 E5 E22 E11 E9 E11 E9,E11,E11,0.815674,NORMAL,False
E26 E5 E5 E22 E5 E11 E9 E26 E11 E9 E11 E9 E26 E26 E5 E22 E5 E5 E11 E9,E11,E11,0.954377,NORMAL,False
E5 E5 E11 E9 E11 E9 E11 E9 E26 E26 E26 E3 E4 E3 E3 E3 E4 E23 E23 E23,E21,E21,0.990554,NORMAL,False
E23 E23 E21 E21 E21 E5 E5 E22 E5 E11 E9 E11 E9 E11 E9 E26 E26 E26 E5 E22,E5,E5,0.958264,NORMAL,False
E23 E23 E21 E21 E21 E5 E22 E5 E5 E9 E11 E9 E26 E11 E11 E9 E26 E26 E23 E23,E23,E23,0.996342,NORMAL,False
E5 E22 E5 E5 E11 E9 E11 E9 E11 E9 E26 E26 E26 E23 E23 E23 E21 E21 E21 E5,E5,E5,0.645901,UNCERTAIN,True
E3 E2 E23 E23 E23 E21 E21 E21 E22 E5 E5 E5 E26 E26 E11 E9 E11 E9 E11 E9,E25,E26,0.767124,NORMAL,False
E21 E21 E5 E22 E5 E5 E9 E11 E9 E11 E9 E26 E26 E26 E11 E2 E3 E3 E4 E3,E3,E3,0.664552,UNCERTAIN,True
E5 E22 E11 E9 E11 E9 E11 E9 E26 E26 E26 E23 E23 E23 E21 E21 E21 E5 E5 E5,E22,E22,0.940906,NORMAL,False
E11 E9 E11 E26 E23 E23 E23 E21 E21 E21 E5 E5 E5 E22 E11 E9 E11 E9 E11 E9,E26,E26,0.985486,NORMAL,False
E23 E23 E23 E21 E21 E21 E5 E5 E5 E22 E11 E9 E11 E9 E11 E9 E26 E26 E26 E23,E23,E23,0.994407,NORMAL,False
E23 E23 E21 E21 E21 E22 E5 E5 E5 E26 E26 E26 E11 E9 E11 E9 E11 E9 E3 E4,E3,E3,0.84626,NORMAL,False
E21 E21 E21 E5 E22 E5 E5 E11 E9 E11 E9 E11 E9 E26 E26 E26 E23 E23 E23 E21,E21,E21,0.998484,NORMAL,False
E5 E11 E9 E11 E9 E11 E9 E26 E26 E26 E23 E23 E23 E21 E21 E21 E5 E5 E5 E22,E11,E11,0.961275,NORMAL,False
E5 E5 E22 E11 E9 E11 E9 E11 E9 E26 E26 E26 E23 E23 E23 E21 E21 E21 E5 E5,E5,E5,0.681922,UNCERTAIN,True
E9 E11 E9 E26 E26 E5 E5 E5 E22 E11 E9 E11 E9 E11 E9 E26 E26 E26 E5 E22,E5,E5,0.991798,NORMAL,False
E11 E9 E11 E9 E26 E11 E9 E26 E26 E2 E4 E4 E3 E2 E2 E23 E23 E23 E21 E21,E21,E21,0.998713,NORMAL,False
E23 E23 E21 E21 E21 E5 E22 E5 E5 E11 E9 E11 E9 E11 E9 E26 E26 E26 E23 E23,E23,E23,0.996665,NORMAL,False
E23 E21 E21 E21 E22 E5 E5 E5 E26 E26 E26 E11 E9 E11 E9 E11 E9 E23 E23 E23,E21,E21,0.996867,NORMAL,False
E3 E4 E23 E23 E23 E21 E21 E21 E5 E5 E5 E22 E11 E9 E11 E9 E11 E9 E26 E26,E26,E26,0.992169,NORMAL,False
E23 E21 E21 E21 E5 E5 E22 E5 E11 E9 E26 E11 E9 E11 E9 E26 E26 E23 E23 E23,E21,E21,0.997609,NORMAL,False
E9 E26 E26 E26 E23 E23 E23 E21 E21 E21 E5 E5 E22 E5 E11 E9 E11 E9 E11 E9,E26,E26,0.991719,NORMAL,False
E22 E5 E5 E5 E26 E26 E26 E11 E9 E11 E9 E11 E9 E3 E3 E3 E3 E3 E3 E23,E23,E23,0.804823,NORMAL,False
E23 E21 E21 E21 E5 E5 E22 E5 E11 E11 E9 E9 E11 E9 E26 E26 E26 E2 E2 E2,E2,E4,0.439429,UNCERTAIN,True
E22 E5 E5 E5 E26 E26 E26 E11 E9 E11 E9 E11 E9 E2 E4 E3 E4 E23 E23 E23,E21,E21,0.992078,NORMAL,False
E11 E9 E26 E26 E26 E5 E22 E5 E5 E9 E9 E26 E11 E11 E9 E11 E26 E26 E5 E5,E5,E5,0.678294,UNCERTAIN,True
E5 E5 E22 E11 E9 E11 E9 E11 E9 E26 E26 E26 E23 E23 E23 E21 E21 E21 E5 E5,E5,E5,0.681922,UNCERTAIN,True
E26 E26 E26 E23 E23 E23 E21 E21 E21 E5 E5 E5 E22 E11 E9 E11 E9 E11 E9 E26,E26,E26,0.999035,NORMAL,False
E26 E26 E26 E23 E23 E23 E21 E21 E21 E5 E5 E5 E22 E11 E9 E11 E9 E11 E9 E26,E26,E26,0.999035,NORMAL,False
E23 E23 E21 E21 E21 E5 E5 E22 E5 E26 E26 E11 E9 E11 E9 E11 E9 E26 E23 E23,E23,E23,0.992718,NORMAL,False
E4 E3 E3 E4 E3 E3 E4 E3 E23 E23 E23 E21 E21 E21 E22 E5 E5 E5 E26 E26,E26,E26,0.828499,NORMAL,False
E21 E21 E5 E5 E22 E5 E11 E9 E11 E9 E11 E9 E26 E26 E26 E23 E23 E23 E21 E21,E21,E21,0.993015,NORMAL,False
E11 E9 E26 E26 E26 E11 E23 E23 E23 E21 E21 E21 E5 E5 E5 E22 E11 E9 E11 E9,E11,E26,0.842537,NORMAL,False
E9 E26 E26 E23 E23 E23 E21 E21 E21 E5 E5 E5 E22 E11 E9 E11 E9 E11 E9 E26,E26,E26,0.999085,NORMAL,False
E21 E5 E5 E5 E22 E11 E9 E11 E9 E11 E9 E26 E26 E26 E23 E23 E23 E21 E21 E21,E5,E5,0.833877,NORMAL,False
E4 E4 E2 E23 E23 E23 E21 E21 E21 E5 E5 E22 E5 E11 E9 E11 E9 E11 E9 E26,E26,E26,0.998823,NORMAL,False
E4 E23 E23 E23 E21 E21 E21 E22 E5 E5 E5 E26 E26 E26 E11 E9 E11 E9 E11 E9,E2,E3,0.409554,UNCERTAIN,True
E23 E23 E21 E21 E21 E5 E22 E5 E5 E26 E26 E11 E9 E11 E9 E11 E9 E26 E4 E3,E4,E3,0.803933,NORMAL,False
E26 E26 E11 E9 E26 E23 E23 E23 E21 E21 E21 E5 E5 E5 E22 E11 E9 E11 E9 E11,E9,E9,0.992981,NORMAL,False
E11 E9 E11 E9 E26 E26 E26 E5 E5 E5 E22 E11 E9 E11 E9 E11 E9 E26 E26 E26,E5,E5,0.669591,UNCERTAIN,True
E4 E3 E2 E2 E2 E23 E23 E23 E21 E21 E21 E22 E5 E5 E5 E26 E26 E26 E11 E9,E11,E11,0.995872,NORMAL,False
E26 E26 E23 E23 E23 E21 E21 E21 E5 E5 E5 E22 E11 E9 E11 E9 E11 E9 E26 E26,E26,E26,0.993802,NORMAL,False
E26 E23 E23 E23 E21 E21 E21 E5 E5 E22 E5 E11 E9 E11 E9 E11 E9 E26 E26 E26,E23,E23,0.896408,NORMAL,False
E26 E26 E26 E23 E23 E23 E21 E21 E21 E5 E5 E5 E22 E11 E9 E11 E9 E11 E9 E26,E26,E26,0.999035,NORMAL,False
E26 E11 E9 E11 E9 E3 E3 E4 E3 E3 E4 E3 E4 E3 E23 E23 E23 E21 E21 E21,E22,E22,0.80604,NORMAL,False
E5 E5 E5 E22 E11 E9 E11 E9 E26 E26 E26 E11 E9 E23 E23 E23 E21 E21 E21 E5,E5,E22,0.603705,UNCERTAIN,True
E23 E21 E21 E21 E22 E5 E5 E5 E26 E26 E11 E9 E11 E9 E26 E11 E9 E4 E4 E3,E2,E23,0.913777,NORMAL,False
E11 E9 E26 E26 E26 E23 E23 E23 E21 E21 E21 E5 E5 E5 E22 E11 E9 E11 E9 E11,E9,E9,0.993244,NORMAL,False
E23 E21 E21 E21 E5 E5 E22 E5 E11 E9 E11 E9 E11 E9 E26 E26 E26 E4 E4 E3,E2,E2,0.895349,NORMAL,False
E9 E11 E9 E26 E26 E26 E23 E23 E23 E21 E21 E21 E5 E5 E5 E22 E11 E9 E26 E11,E9,E9,0.981129,NORMAL,False
E21 E21 E5 E5 E5 E22 E9 E26 E11 E11 E9 E11 E9 E26 E26 E2 E23 E23 E23 E21,E21,E21,0.999265,NORMAL,False
E23 E21 E21 E21 E5 E5 E5 E22 E11 E9 E11 E9 E11 E9 E26 E26 E26 E23 E23 E23,E21,E21,0.996387,NORMAL,False
E21 E5 E22 E5 E5 E11 E9 E11 E9 E11 E9 E26 E26 E26 E23 E23 E23 E21 E21 E21,E5,E22,0.765197,NORMAL,False
E5 E22 E5 E5 E11 E9 E11 E9 E11 E9 E26 E26 E26 E23 E23 E23 E21 E21 E21 E5,E5,E5,0.645901,UNCERTAIN,True
E4 E3 E3 E3 E4 E3 E3 E4 E23 E23 E23 E21 E21 E21 E22 E5 E5 E5 E26 E26,E26,E26,0.730057,NORMAL,False
E9 E3 E3 E4 E3 E3 E4 E4 E3 E3 E23 E23 E23 E21 E21 E21 E22 E5 E5 E5,E26,E26,0.943491,NORMAL,False
E26 E11 E9 E11 E9 E26 E26 E23 E23 E23 E21 E21 E21 E22 E5 E5 E5 E11 E9 E11,E9,E9,0.998043,NORMAL,False
E26 E11 E9 E11 E9 E26 E26 E23 E23 E23 E21 E21 E21 E5 E22 E5 E5 E11 E9 E11,E9,E9,0.997553,NORMAL,False
E11 E9 E26 E26 E26 E23 E23 E23 E21 E21 E21 E5 E5 E5 E22 E11 E9 E9 E26 E26,E11,E11,0.956494,NORMAL,False
E5 E5 E5 E26 E26 E11 E9 E11 E9 E11 E9 E26 E3 E4 E3 E4 E3 E3 E4 E3,E3,E3,0.634943,UNCERTAIN,True
E5 E22 E11 E9 E11 E9 E26 E26 E11 E9 E26 E23 E23 E23 E21 E21 E21 E5 E5 E5,E22,E22,0.935999,NORMAL,False
E9 E26 E26 E26 E5 E5 E5 E22 E11 E9 E11 E9 E11 E9 E26 E26 E26 E23 E23 E23,E21,E21,0.988454,NORMAL,False
E11 E9 E11 E9 E11 E9 E26 E26 E26 E23 E23 E23 E21 E21 E21 E5 E5 E5 E22 E11,E9,E9,0.996729,NORMAL,False
E26 E26 E26 E11 E9 E11 E9 E11 E9 E3 E4 E3 E3 E4 E3 E3 E3 E4 E23 E23,E23,E23,0.986344,NORMAL,False
E11 E9 E11 E9 E11 E9 E26 E26 E26 E23 E23 E23 E21 E21 E21 E5 E5 E22 E5 E11,E9,E9,0.996744,NORMAL,False
E23 E23 E23 E21 E21 E21 E22 E5 E5 E5 E26 E26 E26 E11 E9 E11 E9 E11 E9 E23,E23,E23,0.979164,NORMAL,False
E11 E9 E3 E3 E4 E3 E3 E4 E3 E3 E4 E23 E23 E23 E21 E21 E21 E22 E5 E5,E5,E5,0.874908,NORMAL,False
E2 E2 E23 E23 E23 E21 E21 E21 E5 E5 E22 E5 E11 E9 E11 E9 E11 E9 E26 E26,E26,E26,0.995862,NORMAL,False
E3 E3 E3 E4 E23 E23 E23 E21 E21 E21 E5 E5 E5 E22 E11 E9 E11 E9 E11 E9,E26,E26,0.981295,NORMAL,False
E23 E23 E21 E21 E21 E22 E5 E5 E5 E26 E26 E26 E11 E9 E11 E9 E11 E9 E4 E3,E4,E4,0.771649,NORMAL,False
E23 E23 E21 E21 E21 E5 E5 E5 E22 E11 E9 E11 E9 E11 E9 E26 E26 E26 E23 E23,E23,E23,0.997699,NORMAL,False
E11 E9 E11 E9 E11 E9 E2 E4 E3 E4 E23 E23 E23 E21 E21 E21 E22 E5 E5 E5,E26,E26,0.945156,NORMAL,False
E11 E9 E26 E26 E26 E23 E23 E23 E21 E21 E21 E5 E5 E22 E5 E11 E9 E11 E9 E26,E26,E26,0.699301,UNCERTAIN,True
E26 E3 E3 E4 E3 E3 E4 E4 E3 E3 E23 E23 E23 E21 E21 E21 E22 E5 E5 E5,E26,E26,0.746714,NORMAL,False
E11 E9 E11 E9 E11 E9 E26 E26 E26 E23 E23 E23 E21 E21 E21 E5 E22 E5 E5 E11,E9,E9,0.997469,NORMAL,False
E3 E4 E3 E4 E3 E3 E23 E23 E23 E21 E21 E21 E22 E5 E5 E5 E26 E26 E26 E11,E9,E9,0.996193,NORMAL,False
E11 E9 E11 E9 E26 E26 E26 E23 E23 E23 E21 E21 E21 E5 E5 E5 E22 E11 E9 E11,E9,E9,0.996249,NORMAL,False
E22 E5 E5 E11 E9 E11 E11 E9 E9 E26 E26 E26 E4 E3 E4 E2 E2 E23 E23 E23,E21,E21,0.994128,NORMAL,False
E22 E5 E11 E9 E11 E9 E11 E9 E26 E26 E26 E23 E23 E23 E21 E21 E21 E5 E5 E5,E22,E22,0.943585,NORMAL,False
E26 E4 E4 E3 E2 E2 E23 E23 E23 E21 E21 E21 E5 E5 E22 E5 E11 E9 E11 E9,E11,E11,0.78184,NORMAL,False
E21 E21 E21 E5 E5 E22 E5 E11 E9 E11 E9 E11 E9 E26 E26 E26 E23 E23 E23 E21,E21,E21,0.998075,NORMAL,False
E26 E11 E9 E26 E26 E23 E23 E23 E21 E21 E21 E5 E5 E22 E5 E11 E9 E11 E9 E11,E9,E9,0.995171,NORMAL,False
E11 E9 E26 E26 E23 E23 E23 E21 E21 E21 E5 E22 E5 E5 E11 E9 E11 E9 E26 E26,E11,E11,0.700461,NORMAL,False
E9 E26 E11 E9 E11 E9 E26 E26 E23 E23 E23 E21 E21 E21 E5 E22 E5 E5 E11 E9,E11,E26,0.974018,NORMAL,False
E21 E22 E5 E5 E5 E26 E26 E26 E11 E9 E11 E9 E11 E9 E3 E3 E4 E3 E3 E4,E3,E4,0.944554,NORMAL,False
E11 E9 E11 E9 E11 E9 E26 E26 E26 E5 E5 E22 E5 E11 E9 E11 E9 E11 E9 E26,E26,E26,0.996971,NORMAL,False
E16 E6 E26 E26 E21 E18 E25 E5 E16 E6 E26 E26 E21 E3 E4 E3 E23 E23 E23 E21,E21,E21,0.995129,NORMAL,False
E23 E23 E21 E21 E21 E22 E5 E5 E5 E11 E9 E26 E26 E26 E11 E9 E11 E9 E4 E4,E3,E3,0.675412,UNCERTAIN,True
E26 E23 E23 E23 E21 E21 E21 E5 E5 E5 E22 E11 E9 E11 E9 E11 E9 E26 E26 E26,E23,E23,0.879381,NORMAL,False
E9 E11 E9 E11 E9 E26 E26 E26 E23 E23 E23 E21 E21 E21 E5 E5 E22 E5 E11 E9,E11,E11,0.976374,NORMAL,False
E23 E23 E21 E21 E21 E5 E22 E5 E5 E11 E9 E11 E9 E11 E9 E26 E26 E26 E23 E23,E23,E23,0.996665,NORMAL,False
E9 E11 E9 E26 E26 E11 E9 E26 E23 E23 E23 E21 E21 E21 E5 E5 E22 E5 E11 E9,E11,E26,0.968822,NORMAL,False
E22 E5 E11 E9 E11 E9 E11 E9 E26 E26 E26 E23 E23 E23 E21 E21 E21 E5 E5 E5,E22,E22,0.943585,NORMAL,False
E21 E21 E5 E22 E5 E5 E11 E9 E11 E9 E11 E9 E26 E26 E26 E4 E3 E4 E2 E23,E23,E23,0.988525,NORMAL,False
E23 E23 E21 E21 E21 E5 E5 E5 E22 E11 E9 E11 E9 E11 E9 E26 E26 E26 E23 E23,E23,E23,0.997699,NORMAL,False
E23 E21 E21 E21 E5 E5 E5 E22 E11 E9 E11 E9 E26 E26 E11 E9 E26 E23 E23 E23,E21,E21,0.996758,NORMAL,False
E21 E5 E5 E5 E22 E11 E9 E11 E9 E11 E9 E26 E26 E26 E23 E23 E23 E21 E21 E21,E5,E5,0.833877,NORMAL,False
E5 E22 E11 E9 E11 E9 E11 E9 E26 E26 E26 E23 E23 E23 E21 E21 E21 E5 E5 E5,E22,E22,0.940906,NORMAL,False
E21 E5 E5 E5 E22 E11 E9 E11 E9 E11 E9 E26 E26 E26 E23 E23 E23 E21 E21 E21,E5,E5,0.833877,NORMAL,False
E26 E26 E11 E9 E11 E9 E9 E26 E11 E3 E3 E4 E3 E4 E3 E3 E3 E4 E3 E4,E3,E3,0.757858,NORMAL,False
E20 E21 E5 E5 E22 E5 E11 E9 E11 E9 E11 E9 E26 E26 E26 E23 E23 E23 E21 E21,E21,E21,0.992355,NORMAL,False
E11 E9 E11 E9 E26 E27 E23 E23 E23 E21 E21 E21 E22 E5 E5 E5 E26 E26 E26 E11,E9,E9,0.996639,NORMAL,False
E11 E9 E26 E26 E26 E23 E23 E23 E21 E21 E21 E5 E5 E5 E22 E11 E9 E11 E9 E11,E9,E9,0.993244,NORMAL,False
E26 E26 E26 E5 E22 E5 E5 E11 E9 E11 E9 E11 E9 E26 E26 E26 E5 E22 E5 E5,E11,E11,0.835371,NORMAL,False
E21 E22 E5 E5 E5 E26 E26 E26 E11 E9 E11 E9 E11 E9 E3 E4 E3 E2 E4 E3,E4,E3,0.662335,UNCERTAIN,True
E4 E3 E23 E23 E23 E21 E21 E21 E22 E5 E5 E5 E26 E26 E11 E9 E11 E9 E11 E9,E25,E26,0.766258,NORMAL,False
E11 E9 E11 E9 E11 E9 E26 E26 E26 E23 E23 E23 E21 E21 E21 E5 E5 E5 E22 E11,E9,E9,0.996729,NORMAL,False
E26 E26 E3 E4 E3 E3 E4 E3 E23 E23 E23 E21 E21 E21 E5 E5 E5 E22 E11 E9,E11,E11,0.954858,NORMAL,False
E11 E9 E26 E26 E23 E23 E23 E21 E21 E21 E5 E5 E5 E22 E11 E9 E11 E9 E11 E9,E26,E26,0.989529,NORMAL,False
E9 E26 E5 E22 E5 E5 E11 E9 E11 E9 E11 E9 E26 E26 E26 E5 E5 E5 E22 E11,E9,E9,0.997455,NORMAL,False
E23 E21 E21 E21 E5 E22 E5 E5 E11 E9 E11 E9 E11 E9 E26 E26 E26 E4 E3 E4,E2,E23,0.791929,NORMAL,False
E21 E5 E5 E5 E22 E11 E9 E26 E11 E9 E11 E9 E26 E26 E23 E23 E23 E21 E21 E21,E5,E5,0.76404,NORMAL,False
E9 E11 E9 E26 E26 E23 E23 E23 E21 E21 E21 E5 E5 E22 E5 E11 E9 E11 E9 E11,E9,E9,0.995142,NORMAL,False
E23 E23 E21 E21 E21 E21 E22 E5 E5 E5 E26 E26 E26 E11 E9 E11 E9 E11 E9 E2,E2,E2,0.50615,UNCERTAIN,True
E9 E26 E26 E26 E23 E23 E23 E21 E21 E21 E5 E5 E5 E22 E11 E9 E11 E9 E11 E9,E26,E26,0.991192,NORMAL,False
E26 E23 E23 E23 E21 E21 E21 E22 E5 E5 E5 E11 E9 E11 E9 E11 E9 E26 E26 E26,E23,E23,0.719825,NORMAL,False
E26 E26 E23 E23 E23 E21 E21 E21 E5 E22 E5 E5 E11 E9 E11 E9 E11 E9 E26 E26,E26,E26,0.997512,NORMAL,False
E11 E9 E11 E9 E26 E26 E26 E23 E23 E23 E21 E21 E21 E5 E5 E22 E5 E11 E9 E11,E9,E9,0.996771,NORMAL,False
E23 E23 E21 E21 E21 E22 E5 E5 E5 E26 E26 E26 E11 E9 E11 E9 E11 E9 E2 E4,E4,E3,0.664358,UNCERTAIN,True
E26 E26 E2 E3 E3 E4 E3 E4 E3 E23 E23 E23 E21 E21 E21 E5 E5 E22 E5 E11,E9,E9,0.997665,NORMAL,False
E5 E22 E11 E9 E11 E9 E11 E9 E26 E26 E26 E3 E4 E3 E23 E23 E23 E21 E21 E21,E5,E5,0.778959,NORMAL,False
E21 E21 E22 E5 E5 E5 E26 E26 E26 E11 E9 E11 E9 E11 E9 E3 E4 E3 E4 E3,E3,E3,0.566497,UNCERTAIN,True
E5 E26 E26 E26 E11 E9 E11 E9 E11 E9 E4 E3 E4 E2 E2 E2 E23 E23 E23 E21,E21,E21,0.999651,NORMAL,False
E11 E9 E11 E9 E11 E9 E26 E26 E26 E23 E23 E23 E21 E21 E21 E5 E5 E5 E22 E11,E9,E9,0.996729,NORMAL,False
E9 E11 E9 E11 E9 E26 E26 E26 E4 E3 E4 E23 E23 E23 E21 E21 E21 E22 E5 E5,E5,E5,0.957908,NORMAL,False
E3 E3 E4 E3 E3 E4 E3 E3 E4 E23 E23 E23 E21 E21 E21 E22 E5 E5 E5 E26,E26,E26,0.932892,NORMAL,False
E9 E11 E9 E11 E9 E26 E26 E26 E23 E23 E23 E21 E21 E21 E5 E5 E5 E22 E11 E9,E11,E11,0.975304,NORMAL,False
E26 E5 E5 E5 E22 E11 E9 E11 E9 E11 E9 E26 E26 E26 E5 E5 E22 E5 E11 E9,E11,E11,0.975393,NORMAL,False
E5 E5 E22 E11 E9 E11 E9 E11 E9 E26 E26 E26 E23 E23 E23 E21 E21 E21 E5 E5,E5,E22,0.681922,UNCERTAIN,True
E21 E21 E5 E22 E5 E5 E11 E9 E11 E9 E11 E9 E26 E26 E26 E4 E4 E3 E23 E23,E23,E23,0.985691,NORMAL,False
E5 E11 E9 E26 E26 E26 E11 E9 E11 E9 E4 E3 E3 E4 E3 E3 E23 E23 E23 E21,E21,E21,0.997579,NORMAL,False
E23 E23 E23 E21 E21 E21 E5 E5 E5 E22 E11 E9 E11 E9 E11 E9 E26 E26 E26 E2,E2,E23,0.509156,UNCERTAIN,True
E21 E21 E5 E22 E5 E5 E11 E9 E11 E9 E11 E9 E26 E26 E26 E2 E23 E23 E23 E21,E21,E21,0.999345,NORMAL,False
E9 E26 E26 E26 E23 E23 E23 E21 E21 E21 E5 E5 E22 E5 E11 E9 E11 E9 E11 E9,E26,E26,0.991719,NORMAL,False
E11 E9 E26 E26 E26 E3 E3 E4 E3 E3 E4 E23 E23 E23 E21 E21 E21 E22 E5 E5,E5,E5,0.957239,NORMAL,False
E9 E26 E26 E23 E23 E23 E21 E21 E21 E5 E5 E5 E22 E11 E9 E11 E9 E26 E26 E11,E9,E9,0.93373,NORMAL,False
E11 E9 E11 E9 E11 E9 E3 E4 E3 E4 E3 E3 E4 E3 E3 E23 E23 E23 E21 E21,E21,E21,0.972667,NORMAL,False
E9 E26 E3 E3 E4 E3 E3 E4 E23 E23 E23 E21 E21 E21 E5 E5 E5 E22 E11 E9,E11,E11,0.934547,NORMAL,False
E4 E4 E3 E23 E23 E23 E21 E21 E21 E22 E5 E5 E5 E26 E26 E11 E9 E11 E9 E26,E11,E11,0.94425,NORMAL,False
E21 E5 E5 E5 E22 E11 E9 E11 E9 E11 E9 E26 E26 E26 E23 E23 E23 E21 E21 E21,E5,E5,0.833877,NORMAL,False
E11 E9 E26 E26 E26 E5 E5 E5 E22 E11 E9 E11 E9 E11 E9 E26 E26 E26 E5 E5,E5,E5,0.708083,NORMAL,False
E21 E21 E5 E5 E5 E22 E11 E9 E11 E9 E11 E9 E26 E26 E26 E23 E23 E23 E21 E21,E21,E21,0.990995,NORMAL,False
E21 E21 E21 E22 E5 E5 E5 E26 E26 E26 E11 E9 E11 E9 E11 E9 E23 E23 E23 E21,E21,E21,0.998422,NORMAL,False
E21 E21 E5 E5 E22 E5 E11 E9 E11 E9 E26 E26 E11 E9 E26 E23 E23 E23 E21 E21,E21,E21,0.994639,NORMAL,False
E22 E11 E9 E11 E9 E11 E9 E26 E26 E26 E23 E23 E23 E21 E21 E21 E5 E22 E5 E5,E11,E11,0.946236,NORMAL,False
E11 E9 E23 E23 E23 E21 E21 E21 E22 E5 E5 E5 E26 E26 E11 E9 E11 E9 E26 E11,E9,E9,0.97765,NORMAL,False
E9 E26 E26 E26 E23 E23 E23 E21 E21 E21 E5 E22 E5 E5 E11 E9 E11 E9 E11 E9,E26,E26,0.988476,NORMAL,False
E26 E26 E26 E22 E5 E5 E5 E11 E9 E11 E9 E11 E9 E26 E26 E26 E5 E5 E22 E5,E11,E11,0.945266,NORMAL,False
E23 E21 E21 E21 E5 E5 E5 E22 E11 E9 E11 E9 E11 E9 E26 E26 E26 E23 E23 E23,E21,E21,0.996387,NORMAL,False
E26 E26 E11 E9 E11 E9 E11 E9 E3 E3 E4 E3 E4 E3 E3 E4 E3 E3 E3 E4,E3,E23,0.741804,NORMAL,False
E21 E21 E5 E22 E5 E5 E11 E9 E11 E9 E11 E9 E26 E26 E26 E23 E23 E23 E21 E21,E21,E21,0.994372,NORMAL,False
E2 E3 E4 E3 E23 E23 E23 E21 E21 E21 E22 E5 E5 E5 E9 E11 E9 E26 E26 E11,E9,E11,0.818754,NORMAL,False
E9 E11 E9 E11 E9 E26 E26 E26 E4 E3 E4 E2 E23 E23 E23 E21 E21 E21 E5 E5,E5,E22,0.660093,UNCERTAIN,True
E9 E11 E9 E11 E9 E26 E26 E26 E23 E23 E23 E21 E21 E21 E22 E5 E5 E5 E11 E9,E11,E11,0.962114,NORMAL,False
E23 E21 E21 E21 E5 E5 E5 E22 E11 E9 E11 E9 E11 E9 E26 E26 E26 E23 E23 E23,E21,E21,0.996387,NORMAL,False
E22 E5 E5 E5 E26 E26 E26 E11 E9 E11 E9 E11 E9 E23 E23 E23 E21 E21 E21 E22,E5,E5,0.909093,NORMAL,False
E11 E9 E26 E26 E11 E9 E11 E9 E3 E4 E3 E3 E3 E4 E4 E3 E3 E4 E3 E3,E4,E23,0.779891,NORMAL,False
E9 E11 E9 E11 E9 E26 E26 E26 E5 E22 E5 E5 E11 E9 E11 E9 E11 E9 E26 E26,E26,E26,0.960131,NORMAL,False
E26 E23 E23 E23 E21 E21 E21 E22 E5 E5 E5 E26 E26 E26 E11 E9 E11 E9 E11 E9,E2,E23,0.54522,UNCERTAIN,True
E5 E5 E26 E26 E26 E11 E9 E11 E9 E11 E9 E3 E3 E3 E3 E3 E3 E23 E23 E23,E21,E21,0.980942,NORMAL,False
E11 E9 E11 E9 E26 E26 E26 E11 E9 E3 E4 E3 E25 E18 E5 E6 E16 E26 E26 E21,E25,E25,0.955155,NORMAL,False
E11 E9 E11 E9 E11 E9 E26 E26 E26 E5 E5 E5 E22 E11 E9 E11 E9 E11 E9 E26,E26,E26,0.995671,NORMAL,False
E5 E26 E11 E9 E11 E9 E26 E26 E11 E9 E4 E3 E3 E4 E3 E3 E3 E3 E4 E4,E3,E3,0.977044,NORMAL,False
E23 E21 E21 E21 E5 E5 E22 E5 E11 E9 E11 E9 E11 E9 E26 E26 E26 E23 E23 E23,E21,E21,0.997322,NORMAL,False
E9 E26 E26 E26 E3 E3 E4 E3 E4 E3 E23 E23 E23 E21 E21 E21 E5 E22 E5 E5,E11,E11,0.89322,NORMAL,False
E5 E11 E9 E26 E26 E11 E9 E11 E9 E26 E4 E3 E4 E23 E23 E23 E21 E21 E21 E5,E5,E22,0.510835,UNCERTAIN,True
E5 E5 E22 E11 E9 E26 E11 E9 E11 E9 E26 E26 E23 E23 E23 E21 E21 E21 E5 E5,E5,E22,0.683189,UNCERTAIN,True
E9 E11 E9 E26 E26 E11 E9 E26 E23 E23 E23 E21 E21 E21 E5 E5 E22 E5 E11 E9,E11,E11,0.968822,NORMAL,False
E23 E23 E23 E21 E21 E21 E22 E5 E5 E5 E26 E26 E11 E9 E11 E9 E11 E9 E26 E4,E4,E4,0.52304,UNCERTAIN,True
E11 E9 E11 E9 E23 E23 E23 E21 E21 E21 E22 E5 E5 E5 E26 E26 E26 E11 E9 E11,E9,E9,0.998893,NORMAL,False
E5 E22 E11 E9 E11 E9 E11 E9 E26 E26 E26 E5 E5 E5 E22 E11 E9 E11 E9 E11,E9,E9,0.991879,NORMAL,False
E26 E26 E26 E23 E23 E23 E21 E21 E21 E5 E22 E5 E5 E11 E9 E11 E9 E11 E9 E26,E26,E26,0.999437,NORMAL,False
E21 E22 E5 E5 E5 E26 E26 E26 E11 E9 E11 E9 E11 E9 E3 E3 E4 E3 E4 E3,E3,E3,0.646841,UNCERTAIN,True
E5 E5 E26 E26 E26 E11 E9 E11 E9 E11 E9 E23 E23 E23 E21 E21 E21 E22 E5 E5,E5,E5,0.92694,NORMAL,False
E23 E23 E23 E21 E21 E21 E5 E22 E5 E5 E11 E9 E11 E9 E26 E11 E9 E26 E26 E23,E23,E23,0.993016,NORMAL,False
E4 E3 E3 E4 E23 E23 E23 E21 E21 E21 E22 E5 E5 E5 E26 E26 E26 E11 E9 E11,E9,E9,0.998654,NORMAL,False
E21 E21 E5 E22 E5 E5 E11 E9 E11 E9 E11 E9 E26 E26 E26 E23 E23 E23 E21 E21,E21,E21,0.994372,NORMAL,False
E2 E4 E4 E3 E2 E2 E23 E23 E23 E21 E21 E21 E5 E22 E5 E5 E11 E9 E9 E26,E26,E26,0.715457,NORMAL,False
E9 E26 E26 E26 E23 E23 E23 E21 E21 E21 E5 E5 E5 E22 E11 E9 E11 E9 E11 E9,E26,E26,0.991192,NORMAL,False
E11 E9 E11 E9 E11 E9 E26 E26 E26 E5 E5 E5 E22 E11 E9 E11 E9 E26 E26 E11,E9,E9,0.857453,NORMAL,False
E23 E23 E21 E21 E21 E5 E22 E5 E5 E11 E9 E11 E9 E26 E26 E26 E11 E9 E23 E23,E23,E23,0.995178,NORMAL,False
E5 E22 E11 E9 E11 E9 E11 E9 E26 E26 E26 E23 E23 E23 E21 E21 E21 E5 E5 E5,E22,E22,0.940906,NORMAL,False
E26 E26 E23 E23 E23 E21 E21 E21 E22 E5 E5 E5 E11 E9 E26 E11 E9 E11 E9 E26,E26,E26,0.998684,NORMAL,False
E26 E26 E26 E23 E23 E23 E21 E21 E21 E5 E22 E5 E5 E11 E9 E11 E9 E11 E9 E26,E26,E26,0.999437,NORMAL,False
E5 E5 E22 E5 E11 E9 E11 E9 E26 E26 E11 E9 E26 E2 E5 E22 E5 E5 E5 E22,E11,E11,0.939248,NORMAL,False
E9 E26 E26 E5 E5 E22 E5 E11 E9 E11 E9 E26 E26 E11 E9 E26 E5 E5 E22 E5,E11,E11,0.879145,NORMAL,False
E23 E21 E21 E21 E5 E22 E5 E5 E26 E11 E9 E11 E9 E26 E26 E11 E9 E3 E2 E23,E23,E23,0.986622,NORMAL,False
E23 E23 E21 E21 E21 E5 E5 E5 E22 E11 E9 E11 E9 E26 E11 E9 E26 E26 E23 E23,E23,E23,0.997735,NORMAL,False
E9 E26 E26 E5 E22 E5 E5 E11 E9 E26 E11 E9 E11 E9 E26 E26 E5 E22 E5 E5,E11,E11,0.604739,UNCERTAIN,True
